Country,Year,FDI_Inflows_USD,Remittances_Pct_GDP,Inflation_CPI_Pct,Lending_Interest_Rate_Pct,Exports_USD,Imports_USD,GDP_Growth_Pct,Unemployment_Pct,Population,GNI_USD,GDP_Current_USD,Labor_Force_Total,Trade_Balance_USD,GDP_Per_Capita_USD,GDP_GNI_Gap_Pct,Economic_Openness_Pct,FDI_to_GDP_Pct,Labor_Participation_Rate_Pct
BRA,1990,989000000.0,0.146650222526177,2947.73277248299,48.852380952380926,32028703568.9999,27188105814.8072,-4.35000000000022,9.344117647058823,149143223.0,380339036380.184,390725626002.866,62225754.0,4840597754.192699,2619.801410640469,2.6582821630966738,15.155599081021814,0.25311879594832243,41.72214650343181
BRA,1991,1103000000.0,0.323984265003483,432.786661926461,48.852380952380926,29730384050.1383,27115606036.3239,1.0321895854696,6.887,151724256.0,334931411093.569,342609231342.783,63803243.0,2614778013.8144035,2258.1045402706277,2.240984639883312,16.592077762664655,0.32194112098994804,42.05210470763488
BRA,1992,2061000000.0,0.545723857524072,951.962053052817,48.852380952380926,35668490420.1102,27518767695.3196,-0.544072051030298,7.086,154275079.0,321997047142.546,328187960871.951,65654226.0,8149722724.7906,2127.290830114895,1.8863926979394823,19.253374787895876,0.6279937857940315,42.55659852878766
BRA,1993,1292000000.0,0.338586558320567,1927.38079016026,48.852380952380926,38683106084.5045,33500364056.5262,4.92469000463774,6.03,156794577.0,359329728432.148,368295778245.09,67538482.0,5182742027.978302,2348.9063543638376,2.4344698860423466,19.599320547463545,0.35080499867696335,43.07450123099602
BRA,1994,3072000000.0,0.393627459716483,2075.88839757325,48.852380952380926,49978835483.8031,48132722297.6479,5.8528703643893,6.579,159265006.0,505179284391.702,525369851353.742,69427335.0,1846113186.1551971,3298.714918917857,3.84311488563992,18.674759796102293,0.5847309266194571,43.59233502932842
BRA,1995,4859000000.0,0.383708840278732,66.0070335542481,48.852380952380926,57922145075.9927,72744966688.2403,4.2237936336472,7.092,161735073.0,758586196666.96,769333330411.575,71346700.0,-14822821612.247597,4756.750135523016,1.3969411332881587,16.98445999919557,0.6315857909601488,44.113313628640086
BRA,1996,12552000000.0,0.242113829026541,15.7576656002606,48.852380952380926,57235482155.3958,75733720733.3057,2.20886405051482,8.035,164202549.0,839052100885.484,850426433004.077,71163065.0,-18498238577.909897,5179.130520099764,1.3374857221234195,15.635591478382944,1.475965411336153,43.338587271260934
BRA,1997,18992934310.6468,0.177987830028304,6.92671251629154,78.1933333333333,61680043707.1935,84722106135.423,3.39484598531597,9.003,166661659.0,868630774082.402,883206452795.124,73815138.0,-23042062428.229507,5299.397942481324,1.6503138837577247,16.57620926333712,2.1504523942888993,44.29041354976552
BRA,1998,28855609916.42,0.143103421111572,3.19507629280051,86.3633333333333,60723205260.3554,81258662213.1179,0.338097901952338,10.15,169159655.0,845870879382.865,863711007325.493,75725311.0,-20535456952.762505,5105.892461920031,2.0655205029597274,16.438584928206993,3.3408871337384314,44.765586096755754
BRA,1999,28385675614.9902,0.250315990583017,4.85844749902666,80.4433333333333,57355154395.7223,68462744029.1499,0.467937566679467,11.125,171641543.0,581160970747.041,599642075004.471,78290799.0,-11107589633.427605,3493.571920432287,3.0820225977792064,20.982166473880955,4.7337698267384845,45.6129662036422
BRA,2000,32994718699.75,0.205903536568475,7.04414105947265,56.83,66777376073.331,81614529580.3146,4.38794944364869,10.889,174018282.0,636572488761.719,655448188259.351,80295093.0,-14837153506.983604,3766.5478633983466,2.8798156491605296,22.63976135897551,5.033917141089798,46.14175710572755
BRA,2001,23225846372.251,0.258742172210844,6.84035902487523,57.6166666666666,69279563683.047,81559242944.9922,1.3898964044581,10.649,176301203.0,541802025604.252,559983704094.17,82302317.0,-12279679261.945206,3176.289750525242,3.246822783768096,26.936285024943025,4.147593260739818,46.68278809192243
BRA,2002,16586600193.114,0.393057981355301,8.45016437708331,62.875,72546876208.0285,68250203697.4473,3.05346185683619,10.641,178503484.0,492692609449.771,509795270685.19,85201661.0,4296672510.5812,2855.940171370493,3.3548097086958424,27.61835740771733,3.2535806326372527,47.73109134385299
BRA,2003,10123013670.99,0.409627706284062,14.7149197228147,67.0833333333333,84744254237.9749,72344863387.4048,1.14082899877101,11.168,180622688.0,540518512990.096,558233724164.711,86792831.0,12399390850.570099,3090.6068907839035,3.173439799095342,28.140384721548884,1.8134005941932536,48.05200939097972
BRA,2004,18161380459.7533,0.420223946174532,6.59718509985963,54.925,110739015046.921,87894359743.7903,5.75996463685998,10.072,182675143.0,649516039101.083,669289321944.512,89058034.0,22844655303.130707,3663.822624978112,2.954369985461725,29.678252480349478,2.713532080115718,48.75213591594123
BRA,2005,15459981604.1196,0.314631176636436,6.86953720898964,55.3833333333333,135919138201.251,105595890397.488,3.20213206216255,10.551,184688101.0,865859652973.965,891633826625.407,91599988.0,30323247803.763,4827.7816589029035,2.890667994168671,27.08679520524789,1.7338935718299802,49.59712483047297
BRA,2006,19418085598.0793,0.29677525531574,4.18356812896909,50.8083333333333,159213766909.526,129231057090.313,3.96198870899485,9.692,186653106.0,1079909686695.35,1107626711163.23,92726865.0,29982709819.212997,5934.145618574545,2.5023795642100013,26.04169988794457,1.7531254349839955,49.67871523123757
BRA,2007,44579492463.6336,0.236608710178951,3.64127299102652,43.7166666666666,186202847701.222,167163829315.927,6.06987060733128,9.28,188552320.0,1367438369100.13,1397114247188.89,93712199.0,19039018385.294983,7409.690038228593,2.124083849869139,25.29261137578062,3.1908265593405294,49.70089946387294
BRA,2008,50716402711.4787,0.214793373167509,5.67859390284168,47.25,229517077426.892,232731883186.608,5.09419544811998,8.268,190367302.0,1654272376257.72,1695855391757.96,95054971.0,-3214805759.7160034,8908.333384679476,2.45203781539027,27.257569416595295,2.990608925617472,49.9324043579711
BRA,2009,31480931700.0,0.173315292299207,4.88803479876798,44.65,180891954696.632,187613839464.85,-0.12581200299141,9.419,192079951.0,1630109870571.85,1666996294252.12,96857149.0,-6721884768.218018,8678.658473065312,2.212747791189225,22.105975606071045,1.8884824044629074,50.425434042306684
BRA,2010,82389932468.07,0.139566673278077,5.03872690108074,39.9916666666666,240003177242.351,262997371054.402,7.52822581812151,8.42,193701929.0,2140606612730.03,2208838108484.35,96467543.0,-22994193812.050995,11403.28400386942,3.0890220289226553,22.772178113220782,3.7300122698717804,49.802055920671805
BRA,2011,102427228231.42,0.122874992837042,6.6364496221309,43.8833333333333,303016670666.47,323144851604.241,3.97442307944702,7.578,195284734.0,2548929316371.71,2616156606579.21,95987652.0,-20128180937.771057,13396.626315804133,2.569696708462875,23.934405176510314,3.9151795413864794,49.1526654612951
BRA,2012,92568388321.34,0.112933640369011,5.40349914036997,36.6366666666666,292808453766.78,326315725034.084,1.92117598509462,7.251,196876111.0,2403719887646.8,2465228293706.86,96690220.0,-33507271267.303955,12521.72384544339,2.4950389469841943,25.114273610332173,3.754962108687663,49.1122155496052
BRA,2013,75211029129.4,0.109901884075103,6.204310666401,27.3916666666666,290364152968.201,347275992530.51,3.0048226702888,7.071,198478299.0,2438459112454.59,2472819362043.74,97945820.0,-56911839562.30902,12458.890339662476,1.389517168805742,25.785957328145187,3.041509229660813,49.348377376007235
BRA,2014,87713983217.24,0.107811943323696,6.32904015516138,32.0083333333333,270458135123.049,335826235474.104,0.503955740273241,6.755,200085127.0,2410277002770.43,2456043766032.38,98900006.0,-65368100351.05499,12274.994163021322,1.8634343530402027,24.685405813292007,3.571352613106635,49.42896430277899
BRA,2015,64738153494.44,0.160741907865654,9.02990102416136,43.9583333333333,232488797699.731,253272683229.75,-3.54576339347278,8.538,201675532.0,1768299908716.93,1802211999456.42,100587656.0,-20783885530.019012,8936.195588944423,1.8816926504605727,26.95362593723688,3.592149731217316,49.87598396418262
BRA,2016,74294627801.19,0.152575419113448,8.73914352329393,52.1,223863316065.497,216686360894.163,-3.2759169063211,11.58,203218114.0,1757596906197.49,1795693265999.04,101885554.0,7176955171.334015,8836.285460256953,2.121540494854783,24.533682077075603,4.137378538302639,50.13605922944448
BRA,2017,68885491315.23,0.130785143710407,3.44637335032669,46.9166666666666,258330740894.672,243510550194.841,1.32286905390815,12.792,204703445.0,2024937157803.49,2063514688805.78,103476109.0,14820190699.830994,10080.507872282169,1.869506004079673,24.31973437416838,3.3382602842093734,50.54927580725376
BRA,2018,78183840044.98,0.153030293312066,3.66485028376728,39.0833333333333,280543238553.765,272994437656.194,1.78366676137003,12.329,206107261.0,1863630803587.87,1916933708352.71,104554923.0,7548800897.571014,9300.66072904006,2.7806337033243027,28.876203376152944,4.078588618078305,50.72840349860357
BRA,2019,69174411753.45,0.171549777942457,3.73297621216893,37.475,264562972885.655,276634806846.042,1.22077782271943,11.936,207455459.0,1822994350926.29,1873288158838.63,106262669.0,-12071833960.386993,9029.833044010811,2.6847875846031166,28.890257869735315,3.6926733042681272,51.221919882089004
BRA,2020,38270116307.45,0.241596221185315,3.21176803803376,29.0416666666666,242872081037.195,233941255872.595,-3.27675879612903,13.697,208660842.0,1445311200183.95,1476107292151.95,100001874.0,8930825164.600006,7074.194074957054,2.0863044395034303,32.30207854434927,2.592637846240684,47.9255585482589
BRA,2021,46440503520.19,0.245534634681336,8.30165975585673,30.0166666666666,319251213851.504,309853321037.194,4.7626043797061,13.158,209550294.0,1618525188671.9,1670647464062.96,104085430.0,9397892814.310059,7972.536960806936,3.1198847460193897,37.656330759257635,2.7797907409650757,49.67085849089766
BRA,2022,75501038733.31,0.254813156784915,9.28010608956872,39.4,383177580523.381,374482461947.998,3.01669435408112,9.231,210306415.0,1895345782501.95,1951923832083.87,106610573.0,8695118575.382996,9281.332821368622,2.898578758655636,38.81606597643221,3.8680320149944185,50.692972442138775
BRA,2023,62750364285.48,0.202347517951754,4.59356282283203,43.6,393731591579.688,343939899556.732,3.24165532813583,7.947,211140729.0,2121606070844.73,2191131869706.02,106356432.0,49791692022.95599,10377.589771919467,3.173054065003317,33.66622983012847,2.8638333070249713,50.37229553185828
BRA,2024,74090786050.19,0.224281814146123,4.36746407652336,40.225,392105352908.42,385708875013.773,3.41931516597739,6.801,211998573.0,2112836240407.16,2185821648943.86,107871864.0,6396477894.646973,10310.54887781655,3.339037682784646,35.58452393853887,3.3896080261621075,50.88329721917515
CHN,1990,3487000000.0,0.0541929073063418,3.05229012075233,9.36,49129758920.0,38461758920.0,3.9416305983694,4.07,1135185000.0,362523900573.614,361560229445.507,639912098.0,10668000000.0,318.50335359039013,-0.266531285696132,24.225982479967826,0.9644312941574642,56.37073234759092
CHN,1991,4366000000.0,0.101380858959082,3.55668565220452,8.64,55542659170.0,43941659170.0,9.36170212784847,2.37,1150780000.0,385289198606.272,384510452961.672,646245556.0,11601000000.0,334.1302881190775,-0.20252912205681986,25.872981494710263,1.1354697814769688,56.15717652374911
CHN,1992,11156000000.0,0.144545296677853,6.35398134024868,8.64,66847400129.0,61849400129.0,14.2996108947926,2.37,1164970000.0,428715855572.998,428502354788.069,652547071.0,4998000000.0,367.82265190354167,-0.04982488020039248,30.034094053380773,2.6034862761763806,56.01406654248608
CHN,1993,27515000000.0,0.141388353168787,14.6100786356602,10.98,74280328750.0,86072328750.0,13.9290780143689,2.69,1178440000.0,445635994165.534,446557291212.148,658329022.0,-11792000000.0,378.93935305331456,0.2063110522981762,35.908641658214584,6.161583416388184,55.8644497810665
CHN,1994,33787000000.0,0.15116516961987,24.2569897243361,10.98,104607445198.0,97250445198.0,13.0727091631599,2.9,1191835000.0,565894585788.206,566929539493.172,664565882.0,7357000000.0,475.6778744483691,0.18255420345377985,35.60546352487797,5.959647124791761,55.75988974983953
CHN,1995,35849200000.0,0.0474132100231308,16.7912251650916,12.06,131858826000.0,119900826000.0,11.0328121562746,3.0,1204855000.0,726418043788.258,738190896227.55,671238114.0,11958000000.0,612.6802778986269,1.594824929358512,34.10495215893236,4.856358996460633,55.71111162754024
CHN,1996,40180000000.0,0.19251052615544,8.31316028893908,10.08,154811877000.001,137261876999.999,9.97619992053447,3.12,1217550000.0,856086142040.551,868523936530.083,678359927.0,17550000000.002014,713.337387811657,1.432061220928846,33.62875123130051,4.626239797204287,55.7151597059669
CHN,1997,45439000000.0,0.474190965571829,2.78646505531881,8.64,187447040000.0,144623820000.0,9.2876465280865,3.23,1230075000.0,956749708708.89,967753570434.667,686473251.0,42823220000.0,786.743548510999,1.1370520411342515,34.31357632200212,4.695306882679963,55.80743052252911
CHN,1998,45644000000.0,0.0331683227992206,-0.773186011549318,6.39,188750394176.0,144913704696.0,7.92079207933551,3.24,1241935000.0,1020490742917.16,1037134141760.35,694011207.0,43836689480.0,835.0953485974306,1.604748910776454,32.171739935748796,4.400973621650085,55.88144363432869
CHN,1999,41014000000.0,0.0480140656103324,-1.40147268276464,5.85,198699399635.0,168058444268.42,7.7370030581299,3.25,1252735000.0,1089372753903.3,1103843203575.64,700431310.0,30640955366.579987,881.1466140689291,1.3109153207145936,33.225538076005215,3.7155639376267224,55.91216897428427
CHN,2000,42095300000.0,0.0619472075354708,0.347811226864586,5.85,253092089737.0,224306238158.48,8.58643201808462,3.26,1262645000.0,1209090434696.9,1223754919971.05,706837950.0,28785851578.51999,969.1995136962884,1.1983188001807632,39.010942477499796,3.439847253157179,55.98073488589429
CHN,2001,47053000000.0,0.0892226828926873,0.719125609120113,5.85,272060010515.89,243973790217.759,8.31263887091522,3.8,1271850000.0,1335863134143.64,1355036590251.52,715928584.0,28086220298.131012,1065.40597574519,1.4149770010506637,38.082646951833496,3.4724523557896014,56.29033172150804
CHN,2002,53073618897.4036,0.157943091440011,-0.731970902350243,5.31,333002310923.451,295619639659.43,9.24339326638321,4.24,1280400000.0,1474876576017.01,1489821682050.54,725938760.0,37382671264.020996,1163.559576734255,1.00314730370685,42.194442338741304,3.5624141826392854,56.69624804748516
CHN,2003,57900937467.3864,0.274679180387674,1.12760348729637,5.31,447958253781.62,412137124715.32,10.1181928640117,4.58,1288400000.0,1673684677258.3,1683903309843.85,735682023.0,35821129066.29999,1306.9724540855714,0.6068420036835507,51.07748013018024,3.4384953773121096,57.10043643278485
CHN,2004,68117272181.2194,0.33470576160415,3.82463743108159,5.58,607356934124.72,556182551584.76,10.1314073631003,4.49,1296075000.0,1979064133594.61,1984196551300.44,744936890.0,51174382539.95996,1530.9272621572363,0.2586647831065957,58.64033404084377,3.432990150929122,57.4763721235268
CHN,2005,104108693867.085,0.143990850692326,1.7764140766757,5.58,773339005396.99,648712207879.781,11.458238455067,4.52,1303720000.0,2301443793302.11,2317551298052.05,754465388.0,124626797517.20898,1777.6449682846392,0.6950225767808736,61.360074940823736,4.492185090124673,57.870201270211396
CHN,2006,124082035618.505,0.154737416153914,1.64943099455859,6.12,991731387760.501,782812463259.9,12.6746751655235,4.43,1311020000.0,2786356399836.56,2791498472804.33,761959276.0,208918924500.60095,2129.2569699961327,0.18420475661605182,63.569579862162705,4.4449974387359275,58.119576818050064
CHN,2007,156249335203.201,0.189595556743322,4.81676767378834,7.47,1258056795940.68,950020767157.33,14.1499854947127,4.35,1317885000.0,3612096538009.96,3604055822571.63,766486940.0,308036028783.35,2734.7270987769266,-0.22310185619135955,61.266464000617596,4.33537500236917,58.160381216874
CHN,2008,171534650311.568,0.195754634183571,5.92525137041091,5.31,1497868782939.59,1149036249785.66,9.67024588602851,4.59,1324655000.0,4695911654845.43,4667346414521.95,769779554.0,348832533153.9302,3523.4430206521324,-0.612023145198775,56.71113300032086,3.6752071750632482,58.11170108443331
CHN,2009,131057052869.5,0.177461277719091,-0.728165250932898,5.31,1262664161019.72,1042533759652.94,9.40269972778044,4.72,1331260000.0,5181045920787.14,5189577094997.58,772141043.0,220130401366.78003,3898.2445915881044,0.16439054771272085,44.419764433111965,2.5253898433425452,58.00076942145036
CHN,2010,243703434558.177,0.220200211357557,3.17532475269199,5.81,1654823329663.86,1432422435977.06,10.5962719761682,4.53,1337705000.0,6166492055190.13,6192564874453.29,773873234.0,222400893686.80005,4629.245517100773,0.42103425303981157,49.8540722338977,3.935419967315116,57.85081419296482
CHN,2011,280072219149.934,0.215965795112023,5.55389892257493,6.56,2006308960976.47,1825413639206.37,9.4613358870736,4.55,1345035000.0,7601379935590.42,7671757207851.29,778275581.0,180895321770.09985,5703.760279733457,0.9173553118814277,49.94582722536433,3.6506919022842332,57.86284973996959
CHN,2012,241213868161.42,0.196752167063247,2.6195243264554,6.0,2175069254663.85,1943205232867.15,7.85617427055587,4.58,1354190000.0,8653847951304.22,8673664713189.24,779022561.0,231864021796.7002,6405.0574241349,0.22847046248959785,47.48021307843178,2.780991381816136,57.52682865772159
CHN,2013,290928431467.003,0.182591382060942,2.62105001748114,6.0,2354264539609.2,2119392421427.69,7.77872409446717,4.6,1363240000.0,9665296804684.75,9743124247267.24,779251311.0,234872118181.51025,7147.035186223438,0.798793493825344,45.91604137955713,2.9859870826198573,57.161711144039195
CHN,2014,268097181064.335,0.28020429672732,1.9216416278852,5.6,2462825804851.16,2241276198979.27,7.46190028229434,4.63,1371860000.0,10687833547166.0,10674533168257.4,780370287.0,221549605871.89014,7781.0659748497665,-0.12459916231419489,44.068456481253,2.5115588367046255,56.88410530229032
CHN,2015,242489331627.398,0.293459971514147,1.43702380935654,4.35,2362097053274.6,2003260696068.67,6.97878002657477,4.65,1379860000.0,11228032678981.8,11280814787468.9,781077009.0,358836357205.9302,8175.33285077392,0.46789269641880576,38.69718483626247,2.149572847315631,56.6055258504486
CHN,2016,174749584584.05,0.234664999780238,2.00000182191943,4.35,2199974853570.14,1944490534275.23,6.77555562837017,4.56,1387790000.0,11400323697361.9,11456024084962.0,780932880.0,255484319294.91016,8254.868593203582,0.4862104617361615,36.17717069297797,1.52539470315394,56.271689520748815
CHN,2017,166083755721.648,0.22872062217092,1.59313600071435,4.35,2424216052098.35,2208518918632.2,6.8912663621211,4.47,1396215000.0,12521428872625.2,12537559062282.9,779166682.0,215697133466.1499,8979.676527098549,0.12865494453562404,36.95085261585998,1.3246897174848216,55.80563752717167
CHN,2018,235365050036.341,0.171798187789183,2.07479039965576,4.35,2655609176087.45,2564121910994.89,6.75671800166833,4.31,1402760000.0,14086737564950.9,14147765772963.8,776868988.0,91487265092.56006,10085.663814881947,0.43136286670454016,36.89438439147176,1.6636199228440764,55.38146140465938
CHN,2019,187169822364.755,0.125646312827257,2.89923416358226,4.35,2628941104657.6,2496153305902.9,6.06850235053705,4.56,1407745000.0,14520157750328.0,14560167101283.4,775928449.0,132787798754.7002,10342.90095243343,0.2747863446695868,35.19942027388374,1.2854922684799202,55.11853702197486
CHN,2020,253095616058.58,0.125871762145022,2.41942189457782,4.35,2729884575163.89,2374737462777.69,2.34018843078414,5.0,1411100000.0,14878808399124.3,14996414166715.1,760877838.0,355147112386.2002,10627.463798961873,0.7842259241667762,34.03895078645808,1.6877075629208198,53.92090128268726
CHN,2021,344074977062.48,0.123504401314794,0.981015135544881,4.35,3554107780957.44,3093278397249.18,8.57008513166322,4.55,1412360000.0,18077551859016.4,18201698719564.0,781187865.0,460829383708.25977,12887.43572429409,0.6820619463070386,36.52069117626759,1.8903454142587957,55.31081770936589
CHN,2022,190203789092.51,0.142457651070649,1.9735755573905,4.35,3717887818646.97,3140040863536.23,3.1341888719577,4.98,1412175000.0,18163546112470.6,18316765021690.2,770113477.0,577846955110.7402,12970.605641432683,0.8364954676121035,37.44071987636591,1.038413654743488,54.53385571901499
CHN,2023,51338076801.59,0.161377801607252,0.23483682889305,4.35,3490089712362.99,3106457704279.42,5.41484330099675,4.67,1410710000.0,18136282647171.8,18270356654533.2,774607590.0,383632008083.5703,12951.178239704263,0.7338335528777556,36.10519236911387,0.2809911036348166,54.90905926802816
CHN,2024,18556141172.84,0.16757857471,0.218128938439177,4.35,3753056083349.04,3219342570126.17,4.9773565917572,4.59,1408975000.0,18615022929518.1,18743803170827.2,768163717.0,533713513222.8701,13303.148154386841,0.6870550236545956,37.19842013880636,0.09899880511827355,54.51932908674746
DEU,1990,2556702845.61154,0.274219192340974,2.69646824292392,11.706797726329352,404361405398.862,408062314489.771,5.25500610110028,6.723382352941177,79433029.0,1795930906669.89,1778162195860.07,38773764.0,-3700909090.9089966,22385.677825027546,-0.9992739048883765,45.68895468479331,0.14378344402800114,48.8131505094688
DEU,1991,4741546058.51119,0.257118085279717,4.04703259753466,11.706797726329352,442049499116.087,451492044784.915,5.10826150190911,5.316,80013896.0,1881127145550.97,1875792575132.59,39933754.0,-9442545668.828003,23443.335081853656,-0.2843902086563494,47.635413197956716,0.2527756065020161,49.90852338948725
DEU,1992,-2137482962.91706,0.229768421605513,5.0569779673173,11.706797726329352,473020663744.521,483833437695.679,2.01361340926105,6.323,80624598.0,2143984092673.76,2141377582968.07,39856048.0,-10812773951.15802,26559.854387963213,-0.12172116334930397,44.68404400283047,-0.09981812548697684,49.434104465240246
DEU,1993,477658764.448412,0.211341656884365,4.47457650752808,11.706797726329352,413275760085.177,413095942269.017,-0.973033082340891,7.675,81156363.0,2080767342955.16,2078954217437.6,39750111.0,179817816.15997314,25616.65087724052,-0.08721334516902297,39.74939397043252,0.02297591550799742,48.979660411839795
DEU,1994,7517424677.09305,0.199022070717397,2.69305639854954,11.706797726329352,456474629384.115,453912257442.449,2.59685569693275,8.727,81438348.0,2210746584307.58,2215282632276.73,39987604.0,2562371941.6660156,27201.95935552045,0.20476159127777,41.09574433357629,0.33934381859740886,49.10168855586314
DEU,1995,12040789985.3198,0.173810179116019,1.70616041317076,11.706797726329352,557027432782.858,547772621809.745,1.50499384201356,8.158,81678051.0,2589546881397.57,2593053091306.13,39847771.0,9254810973.113037,31747.24493984473,0.135215507939869,42.60614864758174,0.46434799293888784,48.78638815708274
DEU,1996,15590587107.4243,0.172705729938223,1.44972701963238,11.706797726329352,558519625682.35,541957369378.737,1.0378755674358,8.822,81914831.0,2506874187678.71,2506576553158.31,39843177.0,16562256303.612976,30599.789104836338,-0.011874144439150684,43.90358609532494,0.6219872713554275,48.63975975241895
DEU,1997,18638428446.4635,0.172677564777868,1.93937198922729,11.706797726329352,548072411459.508,525385743288.969,1.85432238398302,9.861,82034771.0,2214459733814.57,2218790886532.82,40090327.0,22686668170.539,27046.95654642371,0.19520328592200276,48.38032106873803,0.8400263656927458,48.86992004890219
DEU,1998,29525738645.9539,0.173863187142687,0.911183535014403,11.706797726329352,576778926308.77,550595754140.269,2.09561231172233,9.787,82047195.0,2234846059797.71,2247760364565.97,40123592.0,26183172168.500977,27395.94406080513,0.5745409951987446,50.1554657792326,1.3135625626024041,48.9030636574474
DEU,1999,86035665071.2096,0.169665723502041,0.585433064230783,11.706797726329352,576268522696.14,564301984739.383,2.12957016297766,8.854,82100243.0,2197783441553.29,2213873468586.88,40339143.0,11966537956.756958,26965.492277372185,0.7267816910900577,51.51922743640591,3.886205164477008,49.13401169835758
DEU,2000,248007397121.859,0.183199701056683,1.44026838719741,11.706797726329352,583812721397.648,580553292712.158,2.8765231247659,7.917,82211508.0,1955278530149.02,1966980701145.1,40210993.0,3259428685.48999,23925.855990199085,0.5949306462065198,59.19559929754049,12.608532304230474,48.91163533942231
DEU,2001,56948542386.909,0.197471735665222,1.98385731334471,11.706797726329352,600934274699.607,570228511976.772,1.63614170690956,7.773,82349925.0,1952097101306.7,1966381496641.73,40298909.0,30705762722.835083,23878.36414716504,0.7264305201928276,59.55928636821189,2.8961085366277164,48.93618178765797
DEU,2002,51268214890.6254,0.221354270252291,1.42080615551526,11.706797726329352,655732684858.04,570622539400.393,-0.228255715793637,8.482,82488495.0,2080222481981.96,2102350798305.89,40394421.0,85110145457.6471,25486.5942008748,1.052551093840348,58.332568724812774,2.4386137143210447,48.96976360157862
DEU,2003,65401516009.2492,0.226786723237266,1.03422218628562,11.706797726329352,792550922245.881,700765174545.097,-0.529801394291297,9.779,82534176.0,2508651320592.94,2534715518349.01,40574932.0,91785747700.78394,30711.10225113303,1.028288877682288,58.914544294250874,2.5802310174772023,49.1613704364117
DEU,2004,-20408419557.1428,0.228429725246083,1.66573696655991,11.706797726329352,967940099859.462,826352918672.203,1.16208684507278,10.727,82516260.0,2869498546858.69,2852317768061.78,40416992.0,141587181187.25903,34566.73591437348,-0.6023444859225807,62.9064909465165,-0.7155030125206149,48.98063969452808
DEU,2005,59835195025.1916,0.27004434256117,1.54691114751328,11.706797726329352,1040265986689.49,896950519582.879,0.885485292551564,11.193,82469422.0,2917037122988.33,2893393187361.87,41133962.0,143315467106.61096,35084.43635462693,-0.8171698105095064,66.9531024934319,2.0679939140849353,49.8778347203646
DEU,2006,87444159239.0627,0.283746177205955,1.57742642840563,11.706797726329352,1187129764083.53,1029339915529.41,3.86668241523209,10.277,82376451.0,3097365168631.76,3046308753670.58,41693194.0,157789848554.12,36980.334994895326,-1.676009199647292,72.75919346462355,2.8704956164964845,50.613001038367145
DEU,2007,50847183837.0148,0.321323920482561,2.2983440070095,11.706797726329352,1415809341318.83,1193186147672.55,2.8891174138025,8.732,82266372.0,3534281960036.09,3484056680854.91,41795078.0,222623193646.28003,42350.921721148836,-1.4415746866912487,74.88384168167983,1.4594247021417008,50.80457176353905
DEU,2008,30954735498.0249,0.34692103467371,2.62837981637219,11.706797726329352,1559414079161.72,1339125795807.81,0.887902330743628,7.508,82110097.0,3844551853801.56,3808197720125.0,41800249.0,220288283353.9099,46379.16479534788,-0.9546283136624213,76.11316659457454,0.81284475683707,50.90756256200745
DEU,2009,56701916794.9699,0.395230743986828,0.312739007368446,11.706797726329352,1233301486982.42,1067378170076.17,-5.54455451920674,7.88,81902307.0,3556586382752.34,3478545516683.59,41823603.0,165923316906.24988,42471.886862522566,-2.243491301018058,66.13912757571259,1.630046711276871,51.06523189877912
DEU,2010,86037502102.1644,0.410552430546491,1.1038103778926,11.706797726329352,1369340699300.0,1192329684250.0,4.13463778522758,7.043,81776930.0,3536720409000.01,3467093769666.67,41860532.0,177011015050.0,42396.9665976293,-2.008213332517794,73.88523512002624,2.4815452888785337,51.188681208746765
DEU,2011,97535403952.5493,0.429105583143694,2.07517283735874,11.706797726329352,1592275709231.52,1406669611896.89,3.75796884489337,5.967,80274983.0,3921931361964.99,3823575803793.78,41522681.0,185606097334.63013,47630.97618835721,-2.5723449257530437,78.43300290144202,2.5508949987541496,51.7255556441538
DEU,2012,65443087632.2705,0.427527128813626,2.00848884782956,11.706797726329352,1535179851348.05,1317969624114.84,0.463512036709204,5.372,80425823.0,3683392763115.24,3596483233406.25,41764438.0,217210227233.20996,44718.01592140686,-2.4165142465206966,79.3316495670315,1.8196411156430992,51.92913972419032
DEU,2013,67199694458.9368,0.424797059853198,1.50472330251876,11.706797726329352,1586778324179.22,1366940257620.0,0.396995583779145,5.316,80645605.0,3896452625221.58,3807023797050.99,42179007.0,219838066559.21997,47206.835351424175,-2.349048310122556,77.58602885769297,1.765150365253594,52.3016809161516
DEU,2014,17356720097.6154,0.410256031524889,0.906794000434245,11.706797726329352,1653100023449.01,1393837781387.05,2.18018602168017,4.979,80982500.0,4048097324395.67,3964870735760.77,42451594.0,259262242061.95996,48959.59912031328,-2.0990996726386486,76.8483516336232,0.4377625717042458,52.42070076868459
DEU,2015,62418993509.2489,0.434667850022148,0.514426137125456,11.706797726329352,1458592274325.0,1204648073431.64,1.66300602334775,4.612,81686611.0,3492650052066.01,3425099578746.09,42693402.0,253944200893.3601,41929.754911072145,-1.97221925280928,77.7565815686923,1.8223993806364063,52.26487116719777
DEU,2016,58132711370.7803,0.431448396775245,0.491747008445174,11.706797726329352,1472560807845.53,1215609853746.31,2.22222216259371,4.104,82348669.0,3638261024242.42,3536787895179.0,43118037.0,256950954099.21997,42948.9381932694,-2.8690758979846676,76.00599021660554,1.6436584011730266,52.360332624198215
DEU,2017,108786501529.106,0.457020297790474,1.50949485109628,11.706797726329352,1589089750187.06,1327357307454.12,2.797906720551,3.781,82657002.0,3861080809000.01,3765351626105.89,43391708.0,261732442732.93994,45553.93414953388,-2.5423703388127477,77.45483947424471,2.889145884141836,52.496106742414874
DEU,2018,162250938125.842,0.459956403292382,1.73216879766941,11.706797726329352,1723433049609.41,1485437649157.65,1.13569604599849,3.384,82905782.0,4214947102850.19,4055433215301.96,43612526.0,237995400451.76,48916.16866121545,-3.9333377984465927,79.12522604636538,4.000828752736867,52.604926879526936
DEU,2019,75463438450.8916,0.463100143375706,1.44565976888253,11.706797726329352,1676629137011.76,1454588084839.21,0.977734697038784,3.163,83092962.0,4106477666878.42,3959894794039.21,43981829.0,222041052172.55005,47656.19973974703,-3.701686041251896,79.07324271756815,1.9056930139781987,52.93087157008556
DEU,2020,176781024357.228,0.477487831020722,0.144877925813981,11.706797726329352,1541867660412.46,1332733837256.03,-4.13191443239947,3.881,83160871.0,4041530721161.1,3941398957073.94,43372704.0,209133823156.42993,47394.8734504469,-2.54051328418418,72.93353271201374,4.4852354781275094,52.155182453536355
DEU,2021,127609826748.268,0.465094604231552,3.06666666666673,11.706797726329352,1851846071996.09,1628851031193.77,3.90999994204108,3.594,83196078.0,4500885133271.25,4355251953410.78,43283278.0,222995040802.32007,52349.24599944218,-3.3438520071478015,79.91953486098504,2.9300216867667417,52.02562313093654
DEU,2022,87215414562.4594,0.466478241668682,6.87257438551096,11.706797726329352,1916859170749.03,1813049636001.95,1.8092581243061,3.137,83177813.0,4326585119992.23,4201021706478.62,43561312.0,103809534747.08008,50506.51796385438,-2.9888779988918364,88.78575421304986,2.076052461903728,52.371312046879616
DEU,2023,77438957875.1405,0.460768626602933,5.94643667725823,11.706797726329352,1960255682615.72,1779045873341.21,-0.869647578573321,3.071,83287273.0,4709991003415.77,4562207532490.28,43771247.0,181209809274.51,54776.766823549144,-3.239297420668228,81.96254837876332,1.6974010349956714,52.55454455808633
DEU,2024,47599143488.7827,0.452984461006563,2.2564981433876,11.706797726329352,1941431210621.87,1764438191610.94,-0.495851897260366,3.4,83516593.0,4847009059489.84,4685592577804.69,43801773.0,176993019010.93018,56103.73231825549,-3.4449534184804604,79.09073058949348,1.015861765580225,52.44679102271329
IDN,1990,1093000000.0,0.156396139512222,7.81919756505635,20.825,28982531183.3725,27157275246.8897,7.24213163856464,5.01214705882353,183501098.0,100922880842.599,106140727333.636,78081179.0,1825255936.4827995,578.4201211353842,4.915970167262521,52.891861437689144,1.0297649426919164,42.550796617031686
IDN,1991,1482000000.0,0.111471252608263,9.41906784347004,25.5333333333333,33063806609.367,30891188671.1508,6.91198283591309,2.617,186778238.0,111033528397.059,116621996217.133,79624184.0,2172617938.216202,624.3874953844087,4.79195006203554,54.83956488057622,1.2707722797342056,42.63033255512347
IDN,1992,1777000000.0,0.178868566613245,7.52351006242677,24.0333333333333,38801726176.401,34720875699.535,6.49750651682714,2.734,190043744.0,121895296366.359,128026966579.964,82135691.0,4080850476.8659973,673.6710395474213,4.78935834957493,57.42743411015267,1.387988833501033,43.21936059100162
IDN,1993,2004000000.0,0.21897805557594,9.6719108926401,20.5866666666667,42274397859.4989,37555937063.1049,6.49640812045304,2.782,193305168.0,151992326577.915,158006700301.533,83361608.0,4718460796.394005,817.3951164178549,3.806404229782925,50.52338588823076,1.268300645590127,43.1243555785327
IDN,1994,2109000000.0,0.25382698746297,8.53199829189143,17.76,46896633113.5023,44869883142.4274,7.53997109551439,4.366,196591828.0,172149161170.89,176892143931.505,87006941.0,2026749971.0748978,899.7939829498152,2.681285135224285,51.87710104947504,1.1922519299764,44.25765907217669
IDN,1995,4346000000.0,0.322066722484517,9.42030300572996,18.8516666666667,53185312942.0389,55882279823.789,8.22000739903493,4.611,199888057.0,196187841493.025,202132028723.115,89218352.0,-2696966881.750099,1011.2261420556756,2.9407448525797353,53.95859006354266,2.150079840119375,44.63415840797332
IDN,1996,6194000000.0,0.350090655090054,7.97328096513346,19.2175,58717201041.7111,60116979037.698,7.81818707670867,4.861,203204348.0,221276437689.451,227369679374.973,91432137.0,-1399777995.9869003,1118.921330241285,2.6798831322945067,52.26474365714806,2.7241978864670844,44.99516762308649
IDN,1997,4677000000.0,0.336038639656343,6.22615154887214,21.8175,60106038403.5787,60700151259.0363,4.69987885390397,4.684,206536095.0,209439956603.811,215748998609.635,92859996.0,-594112855.4576035,1044.6067483247177,2.9242508871335513,55.99385880867768,2.167796851962368,44.96066220289485
IDN,1998,-240800000.0,1.00389177007795,58.4510413515526,32.1541666666667,50555726234.5501,41249712041.6119,-13.1267254923818,5.459,209826788.0,90063497246.2849,95445547872.715,95861387.0,9306014192.938202,454.87780079212286,5.638870273559051,96.1861923602687,-0.25229044766040626,45.68596217562078
IDN,1999,-1865620963.49086,0.792135211818957,20.4778324428892,27.6625,49720260589.8075,38402067922.3448,0.79112608199847,6.358,213004668.0,129337748220.438,140001351215.462,98429095.0,11318192667.4627,657.2689346670187,7.616785768454994,62.9439128601924,-1.33257354110795,46.20983001180049
IDN,2000,-4550355285.71428,0.721241486168322,3.68862037056682,18.455,67621169165.827,50264686469.7912,4.9200677470169,6.077,216077790.0,154077737575.381,165021012077.81,101308307.0,17356482696.035805,763.7111249509262,6.631443089967877,71.43687591737297,-2.7574399335090227,46.88510883048183
IDN,2001,-2977391857.14286,0.651928886426835,11.5001160550887,18.5475,62625875833.9076,49355195402.1429,3.64346644721492,6.082,219097902.0,154497031123.037,160446947784.909,102354432.0,13270680431.764702,732.3070934057096,3.708338951918433,69.79320752562363,-1.8556861930052255,46.71629945593911
IDN,2002,145085548.722222,0.643419007825212,11.9001200338414,18.945,63956798804.501,51638437160.6839,4.49947539085764,6.604,222088495.0,189806032770.414,195660611165.183,102498864.0,12318361643.8171,881.0029135691293,2.9922110331273513,59.07946176637242,0.07415163831811611,46.152261962061566
IDN,2003,-596923827.786241,0.634107308351031,6.75731256333564,16.935,71553141044.9888,54323622341.4892,4.78036912167654,6.657,225048008.0,225746848643.873,234772463823.808,103909546.0,17229518703.499603,1043.210583867101,3.844409618117979,53.61649374730163,-0.25425632038100526,46.17216874010278
IDN,2004,1896082770.0,0.726653829373429,6.06406189133648,14.1241666666667,82744351781.0167,70744690513.6428,5.03087394501685,7.303,227926649.0,245051229786.884,256836875295.452,105759801.0,11999661267.373886,1126.8400444717283,4.588766895334009,59.761294836691015,0.7382439798875623,46.40080546263811
IDN,2005,8336257207.64285,1.89584318278586,10.4532001873347,14.0508333333333,97387627565.9961,85533801154.4002,5.69257130383384,7.945,230871650.0,271957843285.474,285868619196.085,105482562.0,11853826411.595886,1238.2144762948808,4.866143037920943,63.98793586886343,2.9161148331306648,45.68883273455186
IDN,2006,4914201435.40071,1.56961610211313,13.108670985346,15.9791666666667,113143425287.798,93411754075.7803,5.50095178520348,7.551,233951652.0,349037816637.375,364570515618.357,106957017.0,19731671212.0177,1558.315628471634,4.260547223528651,56.65712681488655,1.3479426406893087,45.71757287698058
IDN,2007,6928480000.0,1.42852866637853,6.40656087966005,13.8616666666667,127226102177.005,109755093425.227,6.34502222667214,8.06,237062337.0,414441364730.336,432216737774.861,112145843.0,17471008751.778,1823.2197625507295,4.112606359493673,54.829249978207464,1.6030105718878942,47.3064782956223
IDN,2008,9318453649.82664,1.33159930027812,10.2266663272483,13.5983333333333,152090401421.802,146706628549.322,6.01370360009123,7.208,240157903.0,492096264957.834,510228634992.258,114200383.0,5383772872.480011,2124.5548392061783,3.553773502872716,58.56139963129624,1.8263290240399843,47.55220693278622
IDN,2009,4877369178.4365,1.2589247567833,4.38641311792074,14.4983333333333,130357798591.185,115216544854.096,4.62887118256153,6.106,243220028.0,520694549000.656,539580085612.401,115441860.0,15141253737.089005,2218.4854185297645,3.5000432957622394,45.51212136870551,0.9039194196540609,47.463961314896316
IDN,2010,15292009410.5099,0.915919028544745,5.13420639015885,13.2516666666667,183480562961.321,169158027610.42,6.22385418062366,5.614,246305322.0,734988311294.588,755094157621.936,118205102.0,14322535350.901001,3065.6834837776505,2.662693933517985,46.7012738758736,2.0251791456935586,47.99129025721986
IDN,2011,20564938226.7185,0.775387465928679,5.35604849112582,12.4033333333333,235095129132.988,212996885266.843,6.16978420771008,5.153,249470032.0,868239118620.982,892969104563.171,120648289.0,22098243866.14502,3579.4644246615203,2.7694111493685503,50.18001318411031,2.3029842938159213,48.36183650307144
IDN,2012,21200778607.8726,0.785753675199222,4.2795142691943,11.795,225744403267.742,229362102379.516,6.03005065305615,4.468,252698525.0,891961469646.657,917869913332.649,123448397.0,-3617699111.773987,3632.2725403033082,2.8226705451017957,49.58289829926269,2.3097803185307306,48.85204494169485
IDN,2013,23281742361.5305,0.834434842174634,6.41249457900391,11.6575,218308408827.835,225519356299.674,5.5572636889101,4.336,255852467.0,885249528973.057,912524136718.018,124097473.0,-7210947471.83902,3566.6028450607746,2.9889190485477704,48.63737267528932,2.551356334010578,48.50352801171153
IDN,2014,25120732059.5134,0.959926226606045,6.39492882396559,12.605,210820082831.806,217485215770.463,5.006668425755,4.049,258877399.0,860946502333.067,890814755533.537,125645513.0,-6665132938.657013,3441.0680846400846,3.352914061530215,48.08017558552266,2.8199726041210225,48.53475563542726
IDN,2015,19779127976.9576,1.12204462407113,6.36312061196646,12.6625,182158298802.029,178863652305.893,4.87632230022123,4.514,261799249.0,832298853324.924,860854232686.214,127299364.0,3294646496.1359863,3288.2226972553844,3.3170980959442673,41.93764024152931,2.2976163938044083,48.6248010589213
IDN,2016,4541713739.23769,0.955775529544706,3.52580452815451,11.8883333333333,177886012744.865,170835000830.242,5.03306918280177,4.301,264627418.0,902045435913.47,931877364037.698,128501300.0,7051011914.622986,3521.46943457574,3.2012718921479473,37.421341802331824,0.48737247136887857,48.55932955518615
IDN,2017,20510310832.4469,0.885128402978051,3.80879857691949,11.0733333333333,204924485909.157,194777319195.676,5.06978590134916,3.783,267346658.0,983437956196.751,1015618744159.73,130940742.0,10147166713.481018,3798.883261745243,3.1685894089719375,39.35549707046077,2.0194891981258243,48.97788623188998
IDN,2018,18909826043.5105,1.07604827122092,3.19834755924996,10.5366666666667,218905647886.556,230045612385.068,5.17429153955024,4.387,269951846.0,1011212626753.14,1042271532988.63,134532894.0,-11139964498.511993,3860.9535309072494,2.9799246407921234,43.074308955200216,1.8142897934944162,49.835885915742175
IDN,2019,24993551748.0098,1.04248024307831,3.03058460941661,10.3658333333333,208057763659.252,213034646334.827,5.01928768046282,3.59,272489381.0,1085078650166.28,1119099871350.2,137425585.0,-4976882675.574982,4106.94856160358,3.0400522826325713,37.6277775357108,2.233362042822411,50.43337266783251
IDN,2020,19175077747.8077,0.91127727787002,1.91983527270793,9.54416666666667,183546577017.375,165646843301.933,-2.06551182934165,4.255,274814866.0,1029975056927.45,1059054842698.48,137375390.0,17899733715.441986,3853.7028877414514,2.7458243519225602,32.97217540024277,1.8105840202712689,49.98834015041966
IDN,2021,21213080329.8582,0.792444188150129,1.56007882983334,8.9225,254109508154.492,222923845055.988,3.70288562827751,3.827,276758053.0,1154297486861.71,1186509691086.73,135672770.0,31185663098.503998,4287.173139950981,2.7148707226754047,40.20475827496721,1.7878556314554022,49.02215799299614
IDN,2022,24702029705.0926,0.99228904198387,4.20946463714784,8.52,323218198016.355,276506804558.242,5.30719722664799,3.462,278830529.0,1283471297572.5,1319101183380.15,139637843.0,46711393458.112976,4730.8348483610625,2.7010729924712513,45.46467019594531,1.8726410086142544,50.07982572812176
IDN,2023,21543358781.3828,1.05507286323115,3.66938654859761,8.92666666666667,298282074769.176,268508401209.029,5.04902331835997,3.308,281190067.0,1334920572755.07,1371169301563.62,143318723.0,29773673560.147034,4876.307745122519,2.643636257551392,41.33628687076516,1.5711669417347456,50.96862934351092
IDN,2024,24275445280.2272,1.14863323387459,2.18151273615189,8.79568784927158,309745619367.11,284696296710.895,5.03034469419038,3.301,283487931.0,1359439626672.22,1396300098190.97,145198137.0,25049322656.214966,4925.430487518603,2.639867430110905,42.57264730183411,1.7385550077435488,51.21845451685208
IND,1990,236690000.0,0.742646650962366,8.9712325027325,16.5,22639774911.5525,27132072318.021,5.53345456125301,7.267676470588235,864972221.0,316775332518.038,320979026420.035,307898649.0,-4492297406.468498,371.0859362037651,1.309647533323866,15.50626151019655,0.07374002053650264,35.596362695213074
IND,1991,73537638.388533,1.2177135602415,13.8702461773683,17.875,22943398073.2995,22941358805.152,1.05683143496063,7.641,883927600.0,265995400854.861,270105341879.226,315875620.0,2039268.1474990845,305.5740559285919,1.5216067167611687,16.987726551135097,0.027225540182546398,35.735462949680496
IND,1992,276512438.973893,1.00532422086761,11.7878170418134,18.9166666666667,25486029046.6975,27639649994.19,5.48239602040357,7.649,902957070.0,283798978165.926,288208070278.013,324021661.0,-2153620947.4925003,319.1824726263155,1.5298295109619415,18.433099041828036,0.09594194871335902,35.884503457069115
IND,1993,550370024.929383,1.26131148080304,6.32689048779867,16.25,27466541462.9135,27419354118.7633,4.75077621776924,7.662,922118387.0,275444141432.969,279295648982.529,332338730.0,47187344.15019989,302.88480624617347,1.3790073578270903,19.651539786468398,0.19705642638343096,36.040787678166105
IND,1994,973271468.722873,1.78953392020369,10.2479355556119,14.75,32361214431.4321,33349501147.7089,6.65892407028434,7.593,941163767.0,323107987156.158,327274843459.429,340802039.0,-988286716.2768021,347.73421473994017,1.2731978600083098,20.078144376925476,0.2973865813928731,36.21070540000931
IND,1995,2143628110.28391,1.72725749335087,10.2248861637544,15.4583333333333,39068855117.8518,43318425767.7707,7.57449183788519,7.57,960301044.0,356252288641.836,360281909643.489,351330547.0,-4249570649.9188995,375.17600537304946,1.1184633182499948,22.86744870624991,0.594986329567616,36.585459236468346
IND,1996,2426057021.91092,2.23104187398418,8.97715233826453,15.9583333333333,40803004618.1754,45357266003.2021,7.54952224920051,7.537,979678458.0,389211880588.551,392896866204.516,362330724.0,-4554261385.026703,401.04675467357885,0.9379015036599471,21.929487871386634,0.6174793516037046,36.984657674283575
IND,1997,3577330042.34585,2.48419591903833,7.16425211462724,13.8333333333333,44459225642.5392,49607467421.0891,4.04982084998183,7.574,999133762.0,412313850436.229,415867563592.829,373673862.0,-5148241778.549904,416.2281162037531,0.854530015733416,22.619386867047865,0.8602089596601411,37.39978331349792
IND,1998,2634651657.7714,2.24973791761798,13.2308389767977,13.5416666666667,46426465025.0477,53431564328.4224,6.18441582172117,7.596,1018665080.0,417792779082.3,421351317224.941,385347723.0,-7005099303.374702,413.6308640568507,0.8445537007165077,23.699470079064753,0.6252862041878643,37.828696650718605
IND,1999,2168591054.37924,2.42453583586909,4.66982038037594,12.5416666666667,52544483402.6936,61314704757.0345,8.84575555939531,7.583,1038225823.0,455260118903.94,458821052615.79,397354085.0,-8770221354.340897,441.9279914363968,0.7761051267261376,24.815598044292905,0.4726441914589273,38.27241397751286
IND,2000,3584217307.18755,2.75055276181012,4.0094359104519,12.2916666666667,60878472821.2004,65124245375.0531,3.84099115659129,7.589,1057922733.0,463419538385.564,468395521654.458,409617771.0,-4245772553.8526993,442.75021893726336,1.0623464655080188,26.900922910447356,0.7652116942808173,38.71906314352733
IND,2001,5128093561.62688,2.94022220760942,3.77929312235637,12.0833333333333,60963415576.6447,65218276482.1322,4.82396626555771,7.611,1077898575.0,481232454354.65,485440139204.171,418764922.0,-4254860905.487503,450.35790051412863,0.8667772830691465,25.99325475343649,1.056380209933579,38.85012298119051
IND,2002,5208967106.27894,3.05584389568309,4.29715203929563,11.9166666666667,73452895951.6331,78498759285.7313,3.80397532112175,7.681,1097600380.0,511491219784.627,514939140318.756,427829074.0,-5045863334.09819,469.1499289739276,0.669578259674463,29.508662935061363,1.0115694648991922,38.9785828973565
IND,2003,3681984671.43428,3.45550884243655,3.80585899528851,11.4583333333333,90838575243.7621,95071869378.5573,7.8603814759073,7.633,1116803006.0,603194284371.778,607700687237.318,436753652.0,-4233294134.7951965,544.1431335450023,0.7415497398936145,30.59243613290798,0.6058878570917922,39.1074925169032
IND,2004,5429250989.85717,2.64405343790174,3.76725173477515,10.9166666666667,126648472020.752,139310848797.436,7.92293661199932,7.598,1135991513.0,704172929910.938,709152728830.775,445825854.0,-12662376776.684006,624.2588265100666,0.7022181142907743,37.50381405944696,0.7655968551102834,39.245526828156855
IND,2005,7269407225.61438,2.69691947410043,4.24634362031922,10.75,160838260680.778,183736617243.328,7.92343062148318,7.551,1154676322.0,814484973025.502,820383763511.445,454832471.0,-22898356562.549988,710.4880804089486,0.7190281851379791,42.00166961486909,0.886098378458823,39.39047353220083
IND,2006,20029119267.1396,3.01338413110281,5.79652337561634,11.1875,199973922363.783,229955027127.372,8.06073257166651,7.553,1172878890.0,932915277251.682,940259888787.721,457611460.0,-29981104763.58902,801.6683536590218,0.7811256891441326,45.7244804992653,2.1301684253449524,39.016088012292556
IND,2007,25227740886.6819,3.05873598319171,6.37288135593231,13.0208333333333,253077526013.168,302803952552.5,7.6608150670107,7.562,1190676021.0,1211641639990.71,1216736438834.96,460225575.0,-49726426539.332,1021.8870770682632,0.41872657723050793,45.68626867934778,2.0733940466875285,38.65246018925244
IND,2008,43406277075.8108,4.16861118961249,8.34926704907581,13.3125,288902044820.698,350926955799.106,3.08669805921981,7.629,1207930964.0,1191736971828.07,1198895139005.92,462536166.0,-62024910978.40802,992.5195849238285,0.5970636584434853,53.36822043922263,3.6205232354016967,38.291606042479096
IND,2009,35581372929.6641,3.6667673744297,10.8823529411764,12.1875,273752124889.211,347177967968.316,7.86188883286074,7.636,1225524753.0,1333878515185.91,1341888016994.9,464953334.0,-73425843079.10498,1094.9497459843635,0.5968830265678147,46.27286964288369,2.651590332354785,37.939122230034634
IND,2010,27396885033.7838,3.19166058450459,11.9893899204244,8.33335,375353514026.267,449974370198.802,8.49758470221235,7.631,1243481564.0,1657660502177.3,1675615519484.96,467561989.0,-74620856172.53497,1347.5193907136688,1.071547565588245,49.25520649741613,1.635034094349095,37.601039093491536
IND,2011,36498654597.8589,3.42826651551382,8.91179336483371,10.1666666666667,447384417625.093,566667744819.908,5.24131619937695,7.609,1261224954.0,1807020595447.34,1823051829894.55,471891929.0,-119283327194.81494,1445.4612748603688,0.8793625164314306,55.623880013529636,2.002063462999298,37.415365712784656
IND,2012,23995685014.2141,3.76554510581057,9.47899691419801,10.6041666666667,448400477361.254,571306554042.386,5.45638755166587,7.645,1278674502.0,1806177396650.21,1827637590410.41,476101422.0,-122906076681.13196,1429.3219952003155,1.174204003725974,55.79372172875132,1.3129345303532354,37.233981068311
IND,2013,28153031270.3202,3.76848981172284,10.0178784746102,10.2916666666667,472180271340.149,527555307105.956,6.38610640094825,7.678,1295829511.0,1833600950822.72,1856721507621.58,484466830.0,-55375035765.80701,1432.8439751219557,1.245235578085,53.844131946677585,1.5162764665974933,37.386618061054484
IND,2014,34576643694.1382,3.45190175872427,6.66565671867899,10.25,468345815420.933,529239428328.665,7.41022760508854,7.656,1312277191.0,2015014420953.0,2039126479154.52,492680645.0,-60893612907.731995,1553.8839607511854,1.1824699668221446,48.92218574706681,1.69565958990806,37.54394638411421
IND,2015,44009492129.5319,3.27581644116736,4.90697344127256,10.0083333333333,416787940847.812,465097595426.184,7.99625378571471,7.629,1328024498.0,2079182865637.81,2103588360044.94,500640619.0,-48309654578.37201,1583.9981590798484,1.1601839442869182,41.92291386586471,2.0921152144325283,37.69814636356203
IND,2016,44458571545.798,2.73420120455754,4.94821634062141,9.6725,439642578076.358,480169055768.282,8.25630550179086,7.611,1343944296.0,2268496715258.31,2294796885663.16,508681288.0,-40526477691.92401,1707.5089291224315,1.1460783553072393,40.08248571327605,1.9373641224438984,37.84987886134829
IND,2017,39966091358.7384,2.60108787283474,3.32817337461298,9.50833333333333,498258808231.521,582018012521.568,6.79538341897911,7.626,1359657400.0,2622801076651.03,2651474262755.45,516713963.0,-83759204290.047,1950.1046828086621,1.0814054093296317,40.742496954522565,1.5073158325589426,38.0032472150705
IND,2018,42117450737.2644,2.91499156006937,3.9388264669163,9.45416666666667,538635186135.438,640300806738.542,6.45385134497769,7.652,1374659064.0,2673994276922.32,2702929641648.74,524292869.0,-101665620603.104,1966.2545517167887,1.0705186062027992,43.61696933238889,1.5582148380145582,38.13984737964089
IND,2019,50610647353.5911,2.93877465566923,3.72950573539129,9.46625,529245063167.215,602315056052.526,3.87143694070356,6.51,1389030312.0,2808367623254.15,2835606256558.19,531373378.0,-73069992885.31097,2041.42863698585,0.9605929328531607,39.90540353064424,1.7848263395716102,38.25498791562729
IND,2020,64362364994.3754,3.10855277353444,6.62343677628535,9.15,499728529072.629,510244747372.174,-5.77772470686801,7.859,1402617695.0,2638922006729.05,2674851578587.27,532528354.0,-10516218299.544983,1907.0425163766881,1.3432360937647432,37.75810532927674,2.4062032267363613,37.96675002021845
IND,2021,44727277562.881,2.82183503869842,5.13140747176369,8.69833333333333,677769255428.552,760902891806.013,9.68959249192875,6.38,1414203896.0,3129982849042.07,3167270623260.47,550352877.0,-83133636377.46094,2239.6138436748233,1.1772841242096135,45.423088784044566,1.4121710104088794,38.91609113485288
IND,2022,49940258404.2659,3.32391537862222,6.69903414079852,8.56714285714286,778021514754.531,897550749081.828,7.60936497768895,4.822,1425423212.0,3300028288219.33,3346107287730.93,569155867.0,-119529234327.297,2347.448294346234,1.3770927095062542,50.07527014988816,1.4924882590399993,39.92890407624427
IND,2023,28086193530.3979,3.28504639847322,5.64914318907925,12.088512409812411,780408530088.596,856651130547.122,9.19075493028345,4.172,1438069596.0,3588703952276.07,3638489096033.86,589486854.0,-76242600458.526,2530.1203127820386,1.3682916849210405,44.99284228775612,0.7719191342640904,40.991538632042676
IND,2024,27139853378.1402,3.52118550357421,4.95303550973656,12.088512409812411,827405227198.603,918333719557.771,6.49476552383821,4.173,1450935791.0,3853338936324.29,3909891533858.08,608500805.0,-90928492359.16797,2694.737808599609,1.4463981172896334,44.649293506967666,0.6941331528795631,41.93850677434974
IRL,1990,621911000.0,0.579393346247381,3.31732886680118,11.706797726329352,26973247362.2509,24812175328.9045,8.46652776398362,8.647382352941177,3513974.0,45844603360.6878,49305632408.4929,1549892.0,2161072033.346401,14031.302567546856,7.019540930193884,105.02942597332014,1.2613386536603388,44.106530099539725
IRL,1991,1361668000.0,0.557596574371012,3.21081037142378,11.706797726329352,27672807706.9337,25321115477.2468,1.9296401741083,15.771,3534235.0,46482886297.3761,49787501584.4847,1581106.0,2351692229.686901,14087.207439370812,6.637439481675905,106.44021390439687,2.734959491167432,44.73686667694706
IRL,1992,1458175000.0,0.57640114500178,3.06999853835904,11.706797726329352,32659481441.7794,28596731877.2612,3.34327412603812,15.021,3558430.0,51544038590.3792,55918538121.3989,1583700.0,4062749564.5182,15714.384748723145,7.8229862188505,109.54544839146838,2.6076772551426655,44.505582518133
IRL,1993,1077890000.0,0.567224369687004,1.46941522411422,11.706797726329352,33215365740.2024,27904818002.0933,2.69260841466448,15.571,3576261.0,48530386091.406,52417477613.676,1619467.0,5310547738.1091,14657.061554980468,7.415640162844923,116.60268010750123,2.0563561031001854,45.283803391307295
IRL,1994,856979000.0,0.566791398452757,2.30920192610951,11.706797726329352,38803585394.5819,33418612485.2768,5.75582797061618,14.544,3590386.0,53106473498.2332,57097656065.96,1653279.0,5384972909.305103,15902.929675516783,6.990098793400783,126.48890139452769,1.5009004905735641,46.0473887765828
IRL,1995,1442925000.0,0.501821982729332,2.52486446780802,11.706797726329352,50831584595.9596,43269875000.0,9.63442136559036,11.97,3608841.0,63228535353.5353,69139823232.3232,1688270.0,7561709595.959602,19158.45647739072,8.549758449518771,136.10312435969132,2.086966573737819,46.78150131856738
IRL,1996,2617483000.0,0.478167678735739,1.75574469607419,11.706797726329352,56772605846.7742,48476633064.5161,7.37962465765875,11.692,3637510.0,69681199596.7742,75790786290.3226,1749740.0,8295972782.258102,20835.897713084665,8.061120609232296,138.86811849150735,3.4535635901355137,48.102685628355665
IRL,1997,2028797820.0,0.379161659574498,1.5418020226137,11.706797726329352,63903008595.9885,53976683381.0888,11.0217650823433,10.191,3674171.0,74854345749.7612,82856648758.3572,1765358.0,9926325214.899704,22551.113913412628,9.658009500159581,142.26944215528337,2.4485636945283393,48.04779091664487
IRL,1998,8862216910.0,0.303399862759129,2.40768094534715,11.706797726329352,76059795895.4805,66249949534.5968,8.7661226571214,7.699,3712696.0,80793989009.7566,90199410115.5097,1821792.0,9809846360.883698,24294.854767400753,10.427364318356938,157.7723681871477,9.825138433445419,49.06924779190109
IRL,1999,18210641710.0,0.298486412401498,1.62988605221407,11.706797726329352,85503791297.4365,72598943755.9693,10.5298856427062,5.804,3754786.0,86255158364.3071,98893958262.6438,1863306.0,12904847541.467194,26338.107754381686,12.780153732718858,159.8709747601715,18.41431168285928,49.62482548938874
IRL,2000,25779436150.0,0.251386740507298,5.57763269940387,11.706797726329352,94585397045.1296,80732344853.2708,9.40352476399653,4.318,3805174.0,87356264075.3147,100207610429.909,1915533.0,13853052191.858795,26334.567205050018,12.82472089640664,174.95451807128737,25.72602623633225,50.340220972812276
IRL,2001,9650920350.0,0.223142899842199,4.85280279607477,11.706797726329352,104124679774.154,87057814273.256,5.30582133514299,3.684,3866243.0,93407453250.5072,109346669229.695,1958320.0,17066865500.89801,28282.409882072858,14.57677320349437,174.84071110187145,8.825984749226475,50.65175675714123
IRL,2002,29323796530.0,0.245813001303713,4.62820512820515,11.706797726329352,116314428261.102,94222138296.1217,5.89936506079005,4.216,3931947.0,107815207856.415,128596035288.401,1998009.0,22092289964.9803,32705.434556569813,16.159773032956313,163.7193293596148,22.80303312947077,50.814749028916204
IRL,2003,22781292820.0,0.204731348387573,3.49221909079765,11.706797726329352,133120814359.851,108173694049.047,3.01383869396012,4.478,3996521.0,141965782782.433,164670771259.602,2031456.0,24947120310.804,41203.52958475684,13.788110848995034,146.5314740212757,13.834448363690177,50.83060992298051
IRL,2004,-10607612700.0,0.212946193394332,2.17854605730523,11.706797726329352,156422059727.244,128503157353.008,6.78813990621356,4.491,4070262.0,167774483219.72,194372115041.065,2074720.0,27918902374.235992,47754.2023194244,13.683872203441178,146.58749637007128,-5.457373707004695,50.972640090490486
IRL,2005,47001243614.0877,0.241809292855695,2.45654692931639,11.706797726329352,168500867903.253,145449057041.93,5.73978202625278,4.237,4159914.0,183494835455.801,211876989655.907,2168734.0,23051810861.322998,50933.021609559,13.395581203130776,148.17556425312853,22.183269495389176,52.13410661855029
IRL,2006,22070063905.101,0.23229676116908,3.93576114001354,11.706797726329352,183503168969.259,164818339200.564,4.98785364537615,4.355,4273591.0,203609185934.329,232180617162.279,2248503.0,18684829768.695007,54329.1618599625,12.305691826109854,150.02178580926466,9.505558291145155,52.61390245346361
IRL,2007,59934755383.4485,0.218237795999476,4.88574537540802,11.706797726329352,218323414731.699,195969684481.856,5.31011830898613,4.98,4398942.0,233496355355.794,270079279419.5,2335586.0,22353730249.843018,61396.41746117589,13.545253875949385,153.39684706802527,22.19154150302474,53.09426675777949
IRL,2008,23287686335.9746,0.229945021288157,4.03568834941391,11.706797726329352,232293869047.102,208530667032.742,-4.48407081043062,6.774,4489544.0,238433636292.015,275447471451.063,2354963.0,23763202014.359985,61353.10656295227,13.437710995878206,160.03942013247433,8.454492689039615,52.45439180460198
IRL,2009,53974309647.0523,0.242441270378681,-4.44754686876746,11.706797726329352,221207094301.402,189237997748.641,-5.09578277913846,12.609,4535375.0,197524076527.478,236443115853.695,2303368.0,31969096552.761017,52133.09061625445,16.460212506376852,173.5914748746654,22.82760885305294,50.78671554171375
IRL,2010,37748455283.6937,0.296758014983447,-0.918388645376774,11.706797726329352,229110049418.5,192360308445.5,1.68297175486512,14.534,4560155.0,186354043029.834,221732824603.484,2252552.0,36749740973.0,48623.966642248786,15.955590534200997,190.0802727867192,17.024297305190498,49.3963911314418
IRL,2011,23699352432.596,0.313724822196494,2.5489783020855,11.706797726329352,246785523404.183,202164281999.903,1.60886648916944,15.354,4580084.0,196529152991.975,240975871046.644,2230580.0,44621241404.28,52613.85403556878,18.444468262162964,186.30487917903864,9.834740851713192,48.7017268678915
IRL,2012,58090414122.9928,0.306271258699088,1.69474116680366,11.706797726329352,235594088468.648,196364505336.258,-0.40502941658977,15.451,4599533.0,183776573763.854,226921827888.137,2224068.0,39229583132.390015,49335.84080995549,19.0132674876706,190.35568231798467,25.599306449985477,48.35421335165983
IRL,2013,72540330763.7405,0.29739090734291,0.515099484900573,11.706797726329352,266600810534.032,218622360430.84,2.1929375750029,13.735,4623816.0,204648875932.735,242924245718.756,2246922.0,47978450103.19202,52537.610864869195,15.75609288104329,199.74258622444628,29.86129710894465,48.59453749889702
IRL,2014,104903896347.793,0.272343740919214,0.190916398713745,11.706797726329352,306723211566.732,256055573293.823,9.38579335130922,11.858,4657740.0,224954564861.563,266490442124.309,2257992.0,50667638272.909,57214.53797857094,15.586254025339825,211.18160200208501,39.364975160669665,48.478274871504205
IRL,2015,226022972770.416,0.199804942203134,-0.330959783371788,11.706797726329352,382724762971.242,293084919845.965,24.6239856364006,9.908,4701957.0,234700143610.625,302101388556.271,2285573.0,89639843125.27698,64250.13851812575,22.31080276318938,223.70293829064184,74.81692614872432,48.6089728170632
IRL,2016,79795011377.5093,0.188417134327497,0.0201247735963237,11.706797726329352,394551308718.876,337593450586.6,1.22271661130947,8.374,4762722.0,248782924535.334,305431252708.748,2332726.0,56957858132.276,64129.55715423827,18.546997948318168,239.70852779876844,26.1253590357369,48.978840251436054
IRL,2017,71124020351.904,0.171284096503885,0.362173038229378,11.706797726329352,447623457263.236,365103478210.224,10.1088576065965,6.713,4827445.0,273266801596.073,348355212568.515,2363157.0,82519979053.01202,72161.40475313857,21.555127715413047,233.30408334671083,20.417096626023714,48.95254114754285
IRL,2018,80581468516.7593,0.157569499486687,0.471130713712916,11.706797726329352,498559384824.956,381868643805.341,7.68865937437435,5.741,4898022.0,299883857691.386,395780319816.603,2413701.0,116690741019.61499,80804.11231648266,24.229719701488346,222.45371600039897,20.360150437520286,49.27909674558424
IRL,2019,31252184929.3129,0.144073954242034,0.937842961189274,11.706797726329352,534361678398.431,514830799947.372,4.97288003766816,4.95,4976456.0,306843905042.156,407211793800.713,2467948.0,19530878451.05902,81827.66888739959,24.647588868134907,257.65277291042105,7.674675784220418,49.59248107488542
IRL,2020,35288206770.2389,0.06331314263944,-0.326183651280033,11.706797726329352,609592461958.134,518713605705.651,7.15369505735335,5.623,5039747.0,318339567773.399,436009027818.948,2459907.0,90878856252.48303,86514.07061087551,26.987849456734423,258.7804370262517,8.093457822825693,48.81012876241605
IRL,2021,77722796051.0396,0.0339096176869685,2.34034113447044,11.706797726329352,723445227902.702,501936785223.519,16.2581881158197,6.357,5110585.0,378406812399.506,530394123829.763,2604356.0,221508442679.18304,103783.44628447878,28.655542096284492,231.032350863586,14.653781510593387,50.960036864664225
IRL,2022,-35575910807.5925,0.0969814080083862,7.82945736434105,11.706797726329352,764969597258.952,538742737109.535,7.51113888415304,4.465,5212836.0,374797543571.11,548341794599.09,2705770.0,226226860149.41705,105190.68595273091,31.648919111639795,237.75541955937763,-6.4879079358893605,51.90591071731395
IRL,2023,-139972323560.253,0.100626960522158,6.29942487419125,11.706797726329352,774613383952.367,585093268387.854,-2.53637409313261,4.243,5311538.0,422771233581.904,567372737459.116,2846866.0,189520115564.51294,106818.91713080392,25.486156512345946,239.64962758511098,-24.6702589530642,53.59777149292728
IRL,2024,4818899599.81408,0.107757774289943,2.11344999577317,11.706797726329352,877092941905.469,622469214438.75,2.59946721553708,4.3,5395790.0,457660009009.536,609157459747.205,2857089.0,254623727466.719,112894.95324080532,24.869998440229075,246.16987485740128,0.791076186083953,52.95033720734128
JPN,1990,1806039010.0,0.04623932572546363,3.0785162869516,2.0260088888888883,320186473746.914,295830930469.465,4.84092905699353,3.652,123478000.0,3220342369079.89,3185904656663.85,64169210.0,24355543277.448975,25801.39503930943,-1.0809398311405154,19.335713732922798,0.056688419919358496,51.96813197492671
JPN,1991,1284268820.0,0.0139283220955321,3.25143848753308,2.0260088888888883,350804377213.606,297072083274.254,3.52335723553459,2.059,123964000.0,3670752570763.0,3648065760648.88,65324548.0,53732293939.35199,29428.42890394695,-0.6218859966516838,17.759451254316826,0.03520410278381516,52.69638604756219
JPN,1992,2755603980.0,0.0146204490635636,1.7602830605927,2.0260088888888883,378894650114.132,298544112851.585,0.900586066438109,2.158,124425000.0,4005686734632.81,3980702922117.66,66187368.0,80350537262.547,31992.790211916094,-0.6276231360128471,17.018068824018954,0.06922405499514316,53.19458951175407
JPN,1993,210435440.0,0.017116049604085,1.24304589707924,4.86355555555555,404418972317.798,308939565351.113,-0.459219716250544,2.539,124829000.0,4591568092120.53,4536940479038.25,66590365.0,95479406966.685,36345.244126270736,-1.204062811374161,15.723339130517536,0.004638267594037481,53.34526832707144
JPN,1994,888384470.0,0.0174871522711505,0.695458057869004,4.13341666666667,441885061609.779,348440138619.557,1.0833831743207,2.89,125178000.0,5040359933390.6,4998797547740.97,66893534.0,93444922990.22198,39933.51505648732,-0.8314476682179806,15.810306232275712,0.017771963387504544,53.438730447842275
JPN,1995,41463070.0,0.020754684334337,-0.127899045020446,3.50583333333333,488922980748.377,420000722945.877,2.6309996164206,3.15,125472000.0,5592682724570.38,5545563663889.7,67130016.0,68922257802.5,44197.61910139075,-0.849671260425672,16.39010493401726,0.0007476799927478876,53.50198928844683
JPN,1996,-38203596.3353658,0.0101589630597628,0.136600358575909,2.65758333333333,458650604757.715,440058798059.554,3.13387099272759,3.383,125757000.0,4982754040068.36,4923391533851.63,67600272.0,18591806698.16101,39150.03963080886,-1.2057238553662306,18.253868225552186,-0.0007759609625334563,53.754679262386986
JPN,1997,2486935040.42281,0.0136870137047179,1.74780458692133,2.44883333333333,466482189982.883,422282171634.396,0.981228732290873,3.374,126057000.0,4551410891232.32,4492448605638.94,68174788.0,44200018348.487,35638.23195569417,-1.3124754620313335,19.783517623366873,0.055358118895365856,54.08250870637886
JPN,1998,2512021924.4741,0.0135117034274042,0.661974191385911,2.32091666666667,425156200703.868,353663297055.199,-1.27033049466078,4.078,126400000.0,4148975633530.5,4098362709531.24,68189075.0,71492903648.669,32423.755613380064,-1.2349547267144818,19.003186222337703,0.06129330424152279,53.947053006329114
JPN,1999,14780510030.706,0.0122190696014255,-0.341296928327554,2.16083333333333,454583045085.983,385717972939.28,-0.333929957687772,4.677,126631000.0,4692903320960.64,4635982224063.88,67979227.0,68865072146.70294,36610.1683163197,-1.2278109394229515,18.125630716691123,0.3188215423688462,53.682926771485654
JPN,2000,10688168325.6084,0.015566642799602,-0.676578683595175,2.06716666666667,519863963884.546,452064900176.773,2.76464755136783,4.748,126843000.0,5040235511364.95,4968359075956.59,67813478.0,67799063707.77301,39169.359570150424,-1.4466835892798573,19.562371583905446,0.21512471546856823,53.462530845218105
JPN,2001,4926033619.1846,0.0285629435581755,-0.740055504162738,1.96941666666667,440830946383.947,414845357770.868,0.386103426142029,5.02,127149000.0,4442724323185.68,4374711694090.87,67616593.0,25985588613.07904,34406.18246380916,-1.5546768301709446,19.559604472007088,0.11260247448622561,53.179020676529106
JPN,2002,11557373873.9418,0.026940198623711,-0.923494026942321,1.86491666666667,454066577343.924,401205059495.326,0.0419624992862282,5.386,127445000.0,4243893355026.0,4182846045873.61,67054919.0,52861517848.59802,32820.793643325436,-1.4594682300730024,20.447122066158233,0.2763040701759316,52.614789909372675
JPN,2003,8771535612.31507,0.0179473405667154,-0.256541816316025,1.82208333333333,518203970379.571,445643407643.175,1.53512549946694,5.251,127718000.0,4592583679436.92,4519561645253.53,66784334.0,72560562736.396,35387.037420359935,-1.6156884210237028,21.326125267811847,0.19407934443215277,52.290463364600136
JPN,2004,7527948175.22323,0.0158094496467218,-0.0085733882031027,1.76658333333333,625646760881.018,532277504089.913,2.18611569439318,4.734,127761000.0,4987574981745.58,4893116005656.56,66508242.0,93369256791.10492,38298.98017123034,-1.9304462837141743,23.664353422897445,0.15384773560489354,52.056763801159974
JPN,2005,5459618342.94078,0.0187309824125513,-0.282946068764391,1.67691666666667,667510447457.861,599781161368.994,1.80390087215821,4.446,127773000.0,4938602699009.78,4831467035389.8,66581356.0,67729286088.86694,37812.89501999483,-2.217456164664421,26.229954577856507,0.11300125413150627,52.109096601003344
JPN,2006,-2396909736.30511,0.0255774585995197,0.249355116079085,1.66483333333333,720499607478.291,660752902210.073,1.3723501275831,4.192,127854000.0,4724628609114.59,4601663122649.92,66694003.0,59746705268.21802,35991.546002862015,-2.6721966208134518,30.016376098669173,-0.052087901100522596,52.1641896225382
JPN,2007,21631204435.6846,0.0302184697056709,0.060039454498669,1.88325,791798969881.999,711118565477.884,1.48396941157472,3.888,128001000.0,4720092396404.35,4579750920354.81,66797225.0,80680404404.11499,35779.02454164272,-3.0643910223542745,32.816578051879006,0.47232272697504596,52.184924336528624
JPN,2008,24624845329.5647,0.0339237865439651,1.3800788616492,1.9095,880163893981.685,862718956651.3,-1.22428900061713,4.002,128063000.0,5243862441285.03,5106679115127.3,66611354.0,17444937330.38501,39876.303968572494,-2.686351013349519,34.12947654122455,0.48220858946510975,52.01451941622482
JPN,2009,12226471578.7438,0.0301452736960296,-1.35283672951719,1.72333333333333,656932075524.126,633184104751.411,-5.69323635892741,5.068,128047000.0,5422436226957.12,5289493117993.89,66339021.0,23747970772.714966,41308.996837051156,-2.513343074612996,24.39016653385553,0.23114637463373522,51.80833678258764
JPN,2010,7440979284.16285,0.0292489662024517,-0.728243207517779,1.59833333333333,859167320527.627,782080174983.161,4.09791791943181,5.102,128070000.0,5912477091132.79,5759071769013.11,66100429.0,77087145544.46594,44968.156234973925,-2.6637161034367107,28.498472693838934,0.12920448958804964,51.61273444210197
JPN,2011,-850717035.068238,0.034199885971702,-0.27245561610124,1.50091666666667,920913976671.968,961182364174.189,0.0238095237995424,4.55,127833000.0,6414396892358.66,6233147172341.35,65674339.0,-40268387502.22095,48760.07894942111,-2.907836362689763,30.1949607286296,-0.013648274483926299,51.37510580210118
JPN,2012,546962692.190725,0.0404883720248673,-0.0440645104432602,1.4075,904146988796.653,1007099152148.38,1.37475099905274,4.358,127629000.0,6445536590964.04,6272362996105.03,65377600.0,-102952163351.72705,49145.28043081925,-2.760898802676853,30.470910917175324,0.008720201501896082,51.2247216541695
JPN,2013,10648441636.2071,0.0453512003886862,0.335037912184741,1.30375,822722049495.078,948362884511.706,2.00510017681211,4.038,127445000.0,5391605623511.27,5212328181166.18,65621150.0,-125640835016.62805,40898.647896474395,-3.4394887680495057,33.97876865095111,0.20429338418642456,51.489779905057084
JPN,2014,19752249424.087,0.0762490669316556,2.75922671353253,1.21916666666667,852990577902.813,980024678767.845,0.296205514141889,3.589,127276000.0,5079021304760.51,4896994405353.29,65843453.0,-127034100865.03198,38475.395246183805,-3.7171147103666646,37.43143456865797,0.4033545434010352,51.73281137056476
JPN,2015,5252218412.39171,0.0748065192301101,0.795279630579839,1.14283333333333,775051882733.212,799671850411.581,1.56062669680782,3.385,127141000.0,4619771168713.41,4444930651964.18,65931158.0,-24619967678.36902,34960.63938433849,-3.9334813170137948,35.42740835447984,0.11816198774824072,51.85672442406462
JPN,2016,40954181468.5533,0.0765526640097879,-0.127258844489754,1.04475,803489014102.661,763174802438.923,0.753826745789127,3.132,127076000.0,5177794688417.2,5003677627544.24,66529155.0,40314211663.73804,39375.47316207813,-3.4797817492174263,31.31024684558842,0.8184816152645158,52.35383156536246
JPN,2017,18802251208.1068,0.0901069827039231,0.484199796126385,0.994,867405253150.188,829947425329.105,1.67533175173359,2.822,126972000.0,5113251596855.53,4930837369151.42,67070828.0,37457827821.08301,38834.05293412264,-3.6994573953166743,34.423213572168606,0.3813196380342717,52.82332167722017
JPN,2018,25289367857.8518,0.0866803594795751,0.989094598021848,2.0260088888888883,923234601723.625,922228472388.616,0.643391023533141,2.467,126811000.0,5233677416722.46,5040880939324.86,68187091.0,1006129335.0090332,39751.13309827113,-3.8246584221729587,36.60993180210698,0.5016854824037736,53.7706437138734
JPN,2019,39960544340.0141,0.0857508506606716,0.46877615938395,2.0260088888888883,893782209080.495,908591904960.75,-0.402169200894946,2.351,126633000.0,5318494421653.03,5117993853016.51,68812048.0,-14809695880.255005,40415.95676495471,-3.9175617320905314,35.21641810841446,0.7807853133012583,54.339743984585375
JPN,2020,62584719398.0912,0.0967099102397569,-0.024995834027731,2.0260088888888883,785057625362.297,798645128766.751,-4.16876457146743,2.809,126261000.0,5239487602255.04,5054068005376.28,68656452.0,-13587503404.45398,40028.73417267628,-3.6687198645035863,31.335208636772975,1.2383038639669375,54.37661035474137
JPN,2021,35027163875.7213,0.105055336492197,-0.233352779398264,2.0260088888888883,912549013982.719,938755726387.128,2.69657404187188,2.808,125681593.0,5279648033254.91,5039148168861.22,68592854.0,-26206712404.409058,40094.55997952874,-4.772629347948707,36.738446228069876,0.6951008920945655,54.57669047845375
JPN,2022,48153832744.0586,0.126874933673179,2.49770278172255,2.0260088888888883,918408424578.807,1076977967308.71,0.941998775483285,2.614,125124989.0,4525477683499.98,4262463317796.53,68931266.0,-158569542729.90295,34065.64389625265,-6.170478103713402,46.81298683689382,1.129718408203255,55.089927720193444
JPN,2023,19982140844.5082,0.111846653062437,3.26813365933163,2.0260088888888883,920644083095.705,981637982326.316,1.47503481053384,2.6,124516650.0,4463801619616.66,4213167237905.83,69197135.0,-60993899230.611084,33836.17562716175,-5.948835343061502,45.150879564124715,0.4742783686517129,55.57259611465615
JPN,2024,16160318365.9944,0.115309420280122,2.73853681635241,2.0260088888888883,917043674686.877,952041559317.639,0.104309021773304,2.5,123975371.0,4290007995909.68,4027597523550.58,69501768.0,-34997884630.762085,32487.077804756722,-6.515310202290739,46.40695161508591,0.4012396539500318,56.06094778292699
KOR,1990,1045600000.0,0.826188154277968,8.57327225728677,6.092471264367818,70587774854.9588,73079706489.8168,10.0248996213899,3.339029411764706,42869283.0,291780228499.831,292064221388.988,18881099.0,-2491931634.8580017,6812.9019416767005,0.09723645293024245,49.19037349440723,0.35800345383880816,44.04342148666214
KOR,1991,1455200000.0,0.785561039949458,9.33279048161495,6.092471264367818,78353503011.4407,86243424554.0315,10.8749739277708,2.407,43295704.0,340515819592.003,340851946803.812,19463523.0,-7889921542.59079,7872.650524491114,0.0986138453838697,48.289859896329446,0.4269302298682735,44.954859724650746
KOR,1992,1001600000.0,0.797636990877627,6.21328146355184,6.092471264367818,85350581847.8633,87861307514.192,6.35159199606441,2.513,43747962.0,366449634074.544,366921291824.719,19901460.0,-2510725666.328705,8387.163082584715,0.12854466630415717,47.20682424850938,0.2729740743631939,45.491170537269824
KOR,1993,832300000.0,0.711550977703786,4.80099660215354,6.092471264367818,92739264963.918,91538648222.9078,6.99471791742556,2.878,44194628.0,405180928470.302,405705302846.447,20236410.0,1200616741.0101929,9179.968724851515,0.12925006709697529,45.42161807940974,0.20514890837278807,45.789298192531454
KOR,1994,1136600000.0,0.64424402914667,6.26585950039679,6.092471264367818,112641201186.191,116128928671.978,9.3718357757101,2.476,44641540.0,478013451560.765,479181794216.859,20818283.0,-3487727485.7870026,10733.988886065736,0.24382033503661196,47.7418242135127,0.23719598985549503,46.63432981926699
KOR,1995,2487100000.0,0.559248792378199,4.48074108557248,6.092471264367818,147104275488.339,154227820410.742,9.7358937505409,2.063,45092991.0,584206791548.469,586286469400.665,21302160.0,-7123544922.403015,13001.720586701935,0.35472042435535117,51.39673378563888,0.4242124165926008,47.24051238916487
KOR,1996,2782600000.0,0.531339775681197,4.92454354292754,11.065,152440172723.513,173342318317.297,7.99042982526839,2.048,45524681.0,629056776819.736,631196863758.281,21746859.0,-20902145593.783997,13864.937653451783,0.3390522135681266,51.61345211714637,0.44084502946225124,47.769382502647304
KOR,1997,3301100000.0,0.659654333729407,4.4389318457463,11.8766666666667,161870964161.056,167463480085.762,6.2821926537929,2.608,45953580.0,586142363436.902,589202526424.141,22230614.0,-5592515924.705994,12821.689331367457,0.5193737042865524,55.894947743273015,0.5602657578599185,48.37623967490672
KOR,1998,5989200000.0,1.24717712440792,7.51358008079307,15.2791666666667,151914103576.708,111609107996.101,-4.9389297463141,6.963,46286503.0,392335807960.502,397297216492.19,21862558.0,40304995580.60701,8583.435574992347,1.2487901565214008,66.3289851108205,1.5074860208887808,47.23311674679766
KOR,1999,10726300000.0,0.840047418141799,0.81295725444637,9.39583333333333,162507811338.788,136054279856.6,11.6172629559591,6.342,46616677.0,510209605904.762,515697079289.011,22101554.0,26453531482.18799,11062.501930135668,1.064088513321525,57.89485788963825,2.079961363129746,47.41126013765417
KOR,2000,11509400000.0,0.757087382087234,2.25916580080157,8.545,196359987002.164,186383219528.585,9.2018583880479,4.063,47008111.0,593631856192.651,597487173479.109,22567537.0,9976767473.57901,12710.299579557855,0.6452552385365655,64.0588155729056,1.9263007660870604,48.007751258075444
KOR,2001,6522300000.0,0.795715299888866,4.06657587897792,7.70833333333333,175166805500.193,167799772361.558,4.72593560322356,3.699,47370164.0,563858439067.057,567564806235.441,22938753.0,7367033138.634979,11981.482821875834,0.6530297734575412,60.42773866416926,1.1491727338171804,48.424474527890595
KOR,2002,5475100000.0,0.789951740666241,2.76226210296599,6.76916666666667,187653181633.942,180702673024.758,7.74399895319569,3.046,47644736.0,647686418296.774,650014391470.21,23347640.0,6950508609.1839905,13642.9424537101,0.35814178947184183,56.66887679602731,0.8423044276937248,49.003608709260135
KOR,2003,7010000000.0,0.806460806703662,3.51487451459939,6.23666666666667,221795023926.368,211120763750.549,3.07472661826947,3.348,47892330.0,726064526589.227,728516494684.269,23376928.0,10674260175.819,15211.54837704219,0.3365700176911777,59.424294554173116,0.9622294143165634,48.81142345757661
KOR,2004,13294400000.0,0.720946494323329,3.59066298882578,5.90416666666667,293159147249.081,266051158489.267,5.1836368597334,3.42,48082519.0,821876294398.976,823251107638.814,23859038.0,27107988759.813995,17121.630163320144,0.16699804313426886,67.9270638751076,1.6148657288940653,49.621023391058195
KOR,2005,13643200000.0,0.535163545191778,2.75379162735039,5.59333333333333,331627733440.925,311368128261.164,4.35823667337156,3.482,48184561.0,965137273906.382,971740329983.878,23953153.0,20259605179.760986,20167.047490250625,0.6795082877341979,66.16951482426965,1.4039964771480002,49.711261248182794
KOR,2006,9161900000.0,0.442805726523607,2.24234028518921,5.9875,377241080634.967,371584656529.364,5.24500550580342,3.254,48438292.0,1092099680505.83,1095175538508.19,24205394.0,5656424105.602966,22609.705943144938,0.2808552505244787,68.37495094022601,0.8365690866762804,49.971609238409975
KOR,2007,8826900000.0,0.42221719524622,2.53457382137932,6.55166666666667,440034853640.644,430767883125.589,5.8419633918717,3.013,48683638.0,1217938669946.42,1220911904593.06,24444660.0,9266970515.054993,25078.48539571057,0.24352573150076212,71.32396149880105,0.7229759957940682,50.21124345719603
KOR,2008,11187500000.0,0.639265612489691,4.67389655533408,7.16833333333333,500458646625.411,504705472100.229,3.00440451679569,2.959,49054708.0,1091846742973.78,1091580692542.34,24606329.0,-4246825474.817993,22252.3125108061,-0.02437295137754958,92.08335449618187,1.0248898754286149,50.16099372154045
KOR,2009,9021900000.0,0.610285029022816,2.7564965449393,5.64916666666667,427737777325.304,389431370552.81,0.81986175641795,3.363,49307835.0,981602437095.22,983065242417.36,24664533.0,38306406772.49402,19937.30291377344,0.14880043144877877,83.12460990571621,0.9177315615202837,50.0215290328606
KOR,2010,9497400000.0,0.490740501393226,2.93928652655686,5.51166666666667,540016342977.708,510006485308.614,6.98166138853071,3.324,49554112.0,1194538418968.23,1192830015737.68,24998081.0,30009857669.093994,24071.262052636113,-0.1432226895710303,88.02786771231257,0.7962073283448134,50.44602756679405
KOR,2011,9773000000.0,0.50510155584976,4.0259650043609,5.7575,670299926919.72,658770946514.601,3.6880320602952,2.992,49936638.0,1314861500732.74,1307103477219.1,25497708.0,11528980405.119019,26175.23985533628,-0.5935278766257518,101.68061646213022,0.7476837274423243,51.06012142827877
KOR,2012,9495900000.0,0.493438547720732,2.18707104433314,5.39583333333333,694692887431.358,660911494402.722,2.54766550568242,2.812,50199853.0,1348724497289.55,1335343586437.67,25940388.0,33781393028.635986,26600.5477433902,-1.0020575219578298,101.51727207905049,0.7111203510800134,51.67423099824615
KOR,2013,12766600000.0,0.451351280432292,1.30134754547413,4.64333333333333,706343252061.106,644649663350.784,3.2913959543442,3.067,50428893.0,1443405625204.06,1434669686501.84,26423747.0,61693588710.3219,28449.359110497233,-0.6089163787603848,94.1675235855872,0.8898633685589917,52.39803102558685
KOR,2014,9273600000.0,0.422392916919339,1.27477446401322,4.26333333333333,712570950951.712,640345541582.767,3.21468019683108,3.082,50746659.0,1563437084457.28,1556252422020.44,27115956.0,72225409368.94507,30667.091246744734,-0.461664337685813,86.93425779720391,0.5958930485043255,53.43397286509048
KOR,2015,4104100000.0,0.419948566889135,0.70633177245575,3.53333333333333,630586518885.63,529797582126.57,2.92029267301234,3.546,51014947.0,1543797904863.38,1539212301135.55,27531028.0,100788936759.06,30171.79065452229,-0.29791885917535976,75.38817745649054,0.2666363825816757,53.966591399183464
KOR,2016,12104300000.0,0.413108182008924,0.971685739912168,3.3675,601861440813.944,501960383970.089,3.17152748983935,3.65,51217803.0,1584633012209.59,1579150518945.44,27791833.0,99901056843.85498,30832.062807251612,-0.3471799045357226,69.89972213169189,0.7665070463380069,54.262056105764636
KOR,2017,17912900000.0,0.381616908953979,1.94433230786366,3.47666666666666,664392456663.161,587337161918.895,3.433191763972,3.653,51361911.0,1716812667152.84,1710196756713.17,28106147.0,77055294744.26599,33296.98454391952,-0.38685083536149933,73.19214082640161,1.0474174933197062,54.72177037961068
KOR,2018,12182600000.0,0.390576638060424,1.47583935002645,3.6625,719710064860.371,643142886151.538,3.17611568177327,3.824,51585058.0,1831172245065.8,1824251454306.83,28257879.0,76567178708.83301,35363.95082286871,-0.37937701749563346,74.70751621408239,0.66781363782051,54.77919400614031
KOR,2019,9634300000.0,0.409246873851897,0.383000303608136,3.44583333333333,648610576582.722,602460189255.229,2.31380210595475,3.746,51764822.0,1765298717346.39,1751045752054.63,28561856.0,46150387327.49304,33826.94433015977,-0.8139687541022823,71.447063240351,0.5502026425463397,55.176188957048865
KOR,2020,8764900000.0,0.430504441346993,0.537288023411737,2.80166666666667,603713417774.2,539436709934.322,-0.700242317542106,3.931,51836239.0,1758426195184.17,1744070276373.34,28369827.0,64276707839.87793,33645.77195450735,-0.8231273134636445,65.544957860621,0.502554290313687,54.729717177204925
KOR,2021,22060400000.0,0.401032055613431,2.49833333333339,2.88416666666667,764083221345.796,698601348291.191,4.61296795454287,3.639,51769539.0,1962780858667.37,1942313560965.9,28560792.0,65481873054.60498,37518.463530569585,-1.0537586779393107,75.30630476109138,1.1357795385534715,55.16910629627202
KOR,2022,25044700000.0,0.436876799702855,5.08951365062842,4.2925,815019022384.453,814936711590.894,2.72756456708991,2.857,51672569.0,1821087204060.28,1799363116866.52,29201402.0,82310793.55895996,34822.404840497096,-1.2073209120564374,90.585147527855,1.3918646973054445,56.51238667851022
KOR,2023,18599100000.0,0.385217714687676,3.5974562502901,5.18916666666667,762299062736.35,755197457229.567,1.58301467403629,2.675,51712619.0,1871357950465.76,1844800934391.54,29587631.0,7101605506.782959,35674.095995631935,-1.4395599860740051,82.25800907166301,1.0081900791173672,57.21549511928606
KOR,2024,12862500000.0,0.388346261508366,2.32174328643542,4.72666666666667,831889172091.318,755486201521.958,2.00361101838986,2.784,51751065.0,1902456770881.09,1875388209406.8,29835657.0,76402970569.35999,36238.63990831493,-1.4433577719277673,84.64249511920389,0.6858579965194784,57.652257011522366
MEX,1990,2634000000.0,1.18582063650748,26.6516725646771,12.357320915747568,48866118134.8639,51768004610.6821,5.25004329944582,3.928235294117647,82820170.0,252627764640.462,261253675692.838,29345631.0,-2901886475.818199,3154.469203490382,3.301737680627962,38.51969641332965,1.0082154798452883,35.43295190048511
MEX,1991,4762000000.0,0.967619380213456,22.662359455061,12.357320915747568,51459461044.3177,60602372094.1019,3.97590497138043,3.145,84430572.0,304531707708.975,313139656145.745,30270005.0,-9142911049.784195,3708.842054815701,2.748916743002238,35.786535157419515,1.5207272239526302,35.851948272954964
MEX,1992,4393000000.0,1.01884075312704,15.5078962533573,12.357320915747568,55406062493.8205,73709242760.1814,3.56861354412243,3.235,86044809.0,353562977713.644,363157832923.734,31407743.0,-18303180266.360893,4220.566436770567,2.642062029295406,35.55349590411206,1.2096668725640745,36.50161278177746
MEX,1993,4389000000.0,0.750527061359959,9.75146045357553,18.225,61477360984.9991,77229254751.1456,2.86699945461075,3.365,87653807.0,518573511442.517,530160763662.543,32566874.0,-15751893766.1465,6048.3484038809975,2.185611047482476,26.163123573670195,0.8278620940710879,37.153975525558174
MEX,1994,10972500000.0,0.744523837433014,6.96581237191123,19.3,70611769310.5158,90814853233.2361,4.39412788764169,4.436,89259205.0,540993992208.27,553618247900.74,33420497.0,-20203083922.720306,6202.36588372863,2.2803178436295717,29.15847213415816,1.9819614041998297,37.44207334134334
MEX,1995,9526290000.0,1.14902911194404,34.9992712889592,59.4316666666667,86926529245.2206,79072391841.9485,-5.91029962358286,7.095,90862455.0,366827054915.355,380157469866.849,34294154.0,7854137403.272095,4183.878477274789,3.506550839619967,43.66583172633977,2.5058799984481706,37.742931335060234
MEX,1996,9185600000.0,1.14518315744959,34.3783832235168,36.3858333333334,106842978990.053,99589465576.9735,6.21829715869302,5.465,92452702.0,418196147535.979,432157945024.428,35163744.0,7253513413.079498,4674.3679273368125,3.230716373306471,47.76782353390674,2.1255191778276292,38.03430645001592
MEX,1997,12829800000.0,1.05947176895571,20.6256287259247,22.14,121731183209.867,121630321173.562,7.19887615284711,4.235,94021207.0,510661980864.966,523449530464.257,36800377.0,100862036.30500793,5567.355995166676,2.442938402857961,46.49187557157368,2.4510099356896955,39.14050688585608
MEX,1998,12756764558.0,1.16622414897123,15.9283950119353,26.3583333333333,129452220228.41,138306850712.814,6.18507893082885,3.733,95575245.0,544023294441.948,557461102630.658,37464290.0,-8854630484.403992,5832.693420044678,2.4105373675933564,48.031884140017915,2.2883685512407683,39.19873812512853
MEX,1999,13941043232.0,1.05324862192883,16.5856169707538,23.7425,147818774071.958,155258243955.952,2.75503039300564,2.598,97115707.0,618292484162.27,631249359702.389,37826980.0,-7439469883.993988,6499.971829504254,2.0525764249848444,48.01224957611042,2.2084843362966247,38.95042436338336
MEX,2000,18382284821.0,1.01403249008326,9.49156149435403,16.9283333333333,179810168051.425,190555678046.711,5.02928399378261,2.646,98625552.0,726950892586.138,742061329749.127,38588417.0,-10745509995.28601,7524.027138009093,2.0362787491025154,49.91040918724976,2.477192124701419,39.126186082081446
MEX,2001,30060020323.0,1.27455273359175,6.36773806235037,12.795,171481946818.046,184678218802.095,-0.450845253215945,2.627,100099099.0,782084384836.265,796064590549.136,39007360.0,-13196271984.049011,7952.764795107057,1.756164748293507,44.740109012317326,3.7760780569657286,38.968742366002715
MEX,2002,20160111120.0,1.36054139637086,5.03072733151295,8.21083333333333,177144829751.745,189355937339.413,-0.236588001922641,3.003,101548624.0,800797003259.542,810666116401.915,39513494.0,-12211107587.668,7983.033983817595,1.2174078751652304,45.209829259652054,2.4868575005304585,38.91091030440747
MEX,2003,18157929031.0,2.17538855902022,4.54690012118718,7.0225,181095388468.59,191730637234.025,1.18554486709559,3.455,102978515.0,757017510489.137,765549967703.273,40580596.0,-10635248765.434998,7434.074648515498,1.1145526189145063,48.70041688083805,2.371880320950913,39.40685685747168
MEX,2004,25142732841.0,2.42376280545687,4.68840884843143,7.43833333333333,205711767188.403,220739895659.805,3.56544100946846,3.937,104394131.0,812126341854.446,819459227375.022,41810127.0,-15028128471.401978,7849.667596495649,0.8948444627398239,52.040620033563215,3.0682103515436454,40.05026585258897
MEX,2005,25161667683.0,2.47848065854808,3.98805714597437,9.695,233862215738.603,248437817056.73,2.11324712586392,3.558,105811504.0,904179622627.936,917571853529.104,43213356.0,-14575601318.127014,8671.758918851621,1.4595293926747708,52.562644651788595,2.7422013421864304,40.83994118446705
MEX,2006,22128838519.0,2.60156038099559,3.62946762439132,7.51183478062322,270928816792.948,284933176453.922,4.80501352746852,3.566,107253666.0,1004974290964.45,1020265057882.01,44671073.0,-14004359660.973999,9512.635753467019,1.4987053412671494,54.48211608861679,2.168930352759285,41.64992644633704
MEX,2007,31020143997.0,2.49619834688457,3.96684905458235,7.56083333333333,295222517228.833,313922896028.913,2.07786393438754,3.628,108774360.0,1084771599272.78,1102355554971.95,45655255.0,-18700378800.080017,10134.332713811877,1.5951256035188532,55.25852439444968,2.8139871801879135,41.972441851186254
MEX,2008,29771543941.0,2.33150871701096,5.12498274575896,8.70576785663225,313852456086.709,340860425741.283,0.943331863036903,3.874,110374288.0,1145939366382.81,1161553459715.1,46418411.0,-27007969654.574036,10523.768540324356,1.3442423335487101,56.36528188625745,2.563079959169698,42.05545679261822
MEX,2009,19652900330.0,2.42656562220423,5.29735584228856,7.065,250136106515.904,264902814265.021,-6.29525055780502,5.356,111999721.0,929066805910.397,943437415024.633,47339853.0,-14766707749.117004,8423.569332147114,1.5232180625209641,54.591742131350316,2.083116486268129,42.26783118504376
MEX,2010,30534439564.0,2.05963610261838,4.15672722680174,5.28083333333333,320766037580.856,334456322123.253,4.9713345832195,5.303,113623895.0,1093237575189.89,1105424238731.09,48189452.0,-13690284542.396973,9728.800783770792,1.10244222210914,59.27338452938529,2.7622372021668626,42.4113713053051
MEX,2011,23894805893.0,1.96824777394668,3.40737824605742,4.91083333333333,374148226662.347,389836031336.216,3.44404505794418,5.175,115243504.0,1210622838008.34,1229013703416.76,49262430.0,-15687804673.869019,10664.494403231265,1.4963922173765671,62.162387276449685,1.9442261568419015,42.74638334495626
MEX,2012,18231597858.0,1.9166918489656,4.11150981070289,4.68083333333333,395854929792.859,410653072130.987,3.55321075993527,4.892,116818208.0,1228761368842.97,1255110424817.79,50764169.0,-14798142338.12799,10744.133524268665,2.0993416558264406,64.2579318900112,1.4525891505240873,43.4556991321079
MEX,2013,50929783746.0,1.80619576724803,3.80639069747204,4.27083333333333,408263658323.619,423928383606.88,0.852101559410627,4.921,118343573.0,1288984391393.29,1327436290282.67,51511392.0,-15664725283.260986,11216.800850542766,2.8967039074388854,62.69167477358092,3.8367026816145575,43.526987308385564
MEX,2014,28438489737.0,1.87295707038479,4.01861608078679,3.55166666666667,429314956761.169,445312781390.94,2.50376350288664,4.819,119784261.0,1332054399903.7,1364507717614.13,51907743.0,-15997824629.770996,11391.377349768263,2.378390190945584,64.09840903512175,2.0841574855087877,43.33436009593948
MEX,2015,36251271532.0,2.210914817528,2.72064064964023,3.43916666666667,414495031033.993,439821695268.006,2.70232342550646,4.311,121072306.0,1182962837135.44,1213294467716.88,52800736.0,-25326664234.013,10021.23861188272,2.499939741628969,70.41297467626403,2.9878378659564753,43.61091131773768
MEX,2016,38902371602.0,2.63693007782724,2.8217078474766,4.75416666666667,409476294705.042,432376614131.825,1.77249323845399,3.853,122251351.0,1083159760755.14,1112233497452.7,53498509.0,-22900319426.78302,9097.923976747708,2.6139957809350514,75.6903034088549,3.4976802704734586,43.76107794506091
MEX,2017,33138670924.0,2.76495197157249,6.04145724018986,7.3325,446688309687.408,469597181245.762,1.87172853327193,3.419,123400057.0,1160558920059.09,1190721475906.0,54114274.0,-22908871558.354004,9649.278167724024,2.533132765070835,76.95212604072533,2.783074933521741,43.85271394161512
MEX,2018,37867130066.0,2.90745049971046,4.89935015356551,8.04,490508969545.438,517202845542.861,1.97208209405635,3.275,124573711.0,1223821716221.84,1256300182879.73,55142830.0,-26693875997.423035,10084.793756202142,2.5852473079675713,80.21266165689724,3.014178504630939,44.26522221851447
MEX,2019,29948988013.0,3.05446883227768,3.63596142127046,8.42916666666667,502467566320.434,507718819549.77,-0.392690505066824,3.477,125762982.0,1267424146265.66,1304106203902.45,56614536.0,-5251253229.335999,10369.555358527121,2.8128121411447515,77.4619722571129,2.2965144957810697,45.01685241528385
MEX,2020,31546860667.0,3.92284685483306,3.39683415570006,6.34166666666667,439853932827.966,421735413258.959,-8.35403458167995,4.44,126799054.0,1085047504636.59,1121064767308.42,52956486.0,18118519569.00702,8841.270750398658,3.2127726891555346,76.85455570560183,2.8140087519422536,41.76410180473428
MEX,2021,35617195058.0,4.1826148147438,5.68920847683753,4.89166666666667,534121610565.454,559543398297.824,6.0484834621255,4.019,127648148.0,1282549137280.58,1316569466685.95,56864048.0,-25421787732.369995,10314.050672211475,2.5840132454997127,83.06929763578947,2.7053031350981502,44.54749159384592
MEX,2022,39206366288.0,4.18953324624702,7.8962761916855,8.17916666666667,629788673074.2,672827146643.746,3.70975709163623,3.256,128613117.0,1432992501496.72,1466934724293.06,58544385.0,-43038473569.54602,11405.794047375899,2.313819574534743,88.79848558671878,2.672672862583861,45.519762187242534
MEX,2023,30682691037.0,3.68332313946646,5.52796087314389,11.5916666666667,648642274776.945,674539330290.583,3.35354140652768,2.765,129739759.0,1753688463628.88,1798317581486.88,60144623.0,-25897055513.63806,13860.959780932535,2.481715038402721,73.57886163652465,1.7061886817361271,46.35789634848944
MEX,2024,45474733959.0,3.64356639704934,4.72225588452932,11.2233333333333,681348718684.406,703294122576.641,1.42742769080466,2.678,130861007.0,1805281845344.01,1856365616165.94,60887761.0,-21945403892.234985,14185.78122485287,2.75181625737263,74.58890798251426,2.449664740770281,46.52857439802523
MYS,1990,2332455289.06141,0.420722033817905,2.61780104712051,8.78583333333333,32783400341.9751,31883543601.83,9.00852713774628,3.4415882352941174,17833171.0,42152410000.4621,44024585239.6137,6301032.0,899856740.1450996,2468.690803201164,4.252567580050713,146.88825253398917,5.298074419932631,35.33321135091454
MYS,1991,3998448522.46005,0.264896878299873,4.358333333333,9.3475,38245926680.2444,40044733779.4588,9.54546741443052,3.7,18342464.0,46670061099.7963,49143148094.2683,6517412.0,-1798807099.2144012,2679.20101106745,5.03241467096904,159.31144726325428,8.136329636005552,35.531823859651574
MYS,1992,5183358086.40239,0.258753795751802,4.76722829992821,10.1616666666667,44957788510.6216,44155181214.9056,8.88511797832156,3.71,18834572.0,56023874033.0624,59167550162.956,6771591.0,802607295.7159958,3141.4332198765123,5.3131760926985505,150.6112209819355,8.760474402145553,35.95298581778232
MYS,1993,5005642759.8826,0.262494617840895,3.53658536585389,10.0308333333333,52793700310.2061,52860519910.8813,9.89494333377064,4.11,19322664.0,63683741276.0601,66894966968.9736,7025550.0,-66819600.675201416,3461.995042141891,4.800399549345613,157.94046250159693,7.482839123314397,36.3591169416391
MYS,1994,4341800916.32296,0.160142997740419,3.72497055359284,8.76416666666666,66398033836.3054,67592211553.1169,9.21204179334867,3.64,19820446.0,70892013412.5895,74478356957.7808,7282444.0,-1194177716.8115005,3757.652928586007,4.8152828441479825,179.9049426739861,5.829614257983935,36.74207936592345
MYS,1995,4178239335.0381,0.130540057956863,3.45057509584895,8.73,83462121212.1212,86952551834.1308,9.82908519730812,3.15,20330599.0,84567384370.0159,88705342902.7113,7547014.0,-3490430622.009598,4363.144583330344,4.664835732875485,192.11320025351398,4.710245401588308,37.12145421785162
MYS,1996,5078414947.87738,0.162760947838547,3.48855945858916,9.94333333333333,92359488035.6149,90962318149.2964,10.0027006861844,2.52,20850087.0,96164639478.4959,100855393910.486,7819897.0,1397169886.3184967,4837.168972507692,4.650970315135913,181.76698248545657,5.035342931072896,37.50534470191899
MYS,1997,5136514575.67471,0.194430720654335,2.66251459711946,10.6283333333333,93294414081.9079,92380580594.7903,7.32274185035924,2.45,21375218.0,94647952303.2153,100005323301.867,8100507.0,913833487.1175995,4678.563900581833,5.357085824801974,185.6651111623693,5.13624115805325,37.89672226968633
MYS,1998,2163401815.57572,0.262700428021064,5.27034200348766,12.1341666666667,83529351814.1052,67655931512.4338,-7.35941518817556,3.2,21906713.0,68264115368.936,72167498980.8398,8390877.0,15873420301.671394,3294.3097844409517,5.408783270901677,209.4922028081895,2.9977508520145544,38.30276591472212
MYS,1999,3895263157.89473,0.407961059169315,2.74456130240604,8.56333333333333,96016052631.5789,76187894736.8421,6.13761201057692,3.43,22435531.0,73652105263.1579,79148421052.6316,8693122.0,19828157894.7368,3527.815813792489,6.944315144099722,217.5709193919484,4.921466664893394,38.747119468667805
MYS,2000,3787631578.94736,0.365038257468414,1.53474023697699,7.67333333333333,112369210526.316,94349736842.1053,8.85886816969386,3.0,22967816.0,86182105263.1579,93789736842.1053,9003136.0,18019473684.210693,4083.528744836048,8.111368935552964,220.40678898207372,4.038428623937633,39.19892078550264
MYS,2001,553947368.421052,0.395656009007911,1.41678473206098,7.12666666666667,102435789473.684,86253947368.4211,0.517675319192861,3.53,23526538.0,86041052631.5789,92783947368.4211,9319049.0,16181842105.262909,3943.7994391023913,7.26730746868087,203.36463601065265,0.5970293182520786,39.61079611458345
MYS,2002,3192894736.8421,0.431352798574161,1.80787246281536,6.52833333333334,109221052631.579,91820789473.6842,5.39098830692797,3.48,24102477.0,94250526315.7895,100845526315.789,9642825.0,17400263157.89479,4184.0316377353665,6.5397050726353765,199.35623269565585,3.1661243225047264,40.00761000622467
MYS,2003,3218947368.42105,0.518185443526144,1.08967632577286,6.30083333333333,117854210526.316,96153421052.6316,5.7884992858875,3.61,24679602.0,104271578947.368,110202368421.053,9976922.0,21700789473.684387,4465.321945672098,5.381725963479369,194.19512905683044,2.9209420945676374,40.425781582701376
MYS,2004,4376052631.57894,0.642783009315513,1.42127115937402,6.04583333333333,143927631578.947,118513157894.737,6.78343772370305,3.54,25256772.0,118327894736.842,124749473684.211,10324666.0,25414473684.20999,4939.248518544294,5.147579991900002,210.37426589712337,3.5078726204941084,40.87880272269156
MYS,2005,3924786634.73868,0.778191510217667,2.97507092684449,5.9525,162048875496.027,130552677357.719,5.33213916141486,3.53,25836071.0,137212140608.15,143534405818.501,10688442.0,31496198138.308014,5555.581799512047,4.4047036487861355,203.85464459562405,2.7343873494007878,41.37023001678545
MYS,2006,7690731245.66746,0.839300079361867,3.60923564224389,6.48583333333333,182517092277.717,147060242730.926,5.5848470671515,3.32,26417909.0,157977654840.538,162692258307.056,11067941.0,35456849546.791016,6158.407855332381,2.897865894528266,202.5771468403971,4.727164848343563,41.89559817167967
MYS,2007,9071369834.83859,0.804050512417782,2.02735317779569,6.40916666666667,205488238926.986,167027920021.387,6.29878592740947,3.31,26998389.0,189481287502.884,193549569477.733,11462139.0,38460318905.599,7168.930319425096,2.101932846364216,192.46550635765135,4.686845782874351,42.45489980902194
MYS,2008,7572512432.33634,0.575824944244283,5.44078221100769,6.08,229656580530.26,178114431987.453,4.83176988913097,3.34,27570059.0,223906592446.324,230811614370.384,11872645.0,51542148542.80701,8371.821560860062,2.9916267181336424,176.66832478514783,3.280819491251731,43.06354585603172
MYS,2009,114664434.56228,0.559125184834752,0.583308405623702,5.08416666666666,184897274878.188,143890358442.027,-1.51352871598714,3.62,28124778.0,198224543999.537,202257453036.641,12298453.0,41006916436.16098,7191.432872346263,1.9939482953804433,162.5589704526991,0.056692316075743016,43.7281780499743
MYS,2010,10885801851.6194,0.432489840716057,1.62285235577035,5.0,221687585588.343,181099423890.134,7.42484738326097,3.32,28655776.0,246905159655.731,255017638455.59,12720268.0,40588161698.208984,8899.345055446762,3.181144194177673,157.94476488677088,4.268646638540301,44.38989193662039
MYS,2011,15119439203.9543,0.406608260024417,3.1744709215131,4.915,254020012398.681,207619404294.702,5.29391283414003,3.05,29162039.0,290892852065.831,297951668674.835,13112179.0,46400608103.979004,10217.106858503104,2.3691146421158527,154.93768460722603,5.074460321433765,44.963176271727775
MYS,2012,8895774250.70401,0.411459483093052,1.66357102479206,4.78583333333333,249353066125.011,215525053248.817,5.47345419253853,3.04,29662831.0,302839192295.004,314443047642.111,13636640.0,33828012876.194,10600.574424002585,3.6902884112464553,147.84175476601325,2.829057381745293,45.972146084101006
MYS,2013,11296279513.9209,0.440295355965007,2.10501231233612,4.6498,244490716805.849,216892331704.914,4.69372252557893,3.14,30174265.0,312493632789.776,323276235524.415,14173536.0,27598385100.934998,10713.640763889856,3.335414592770039,142.72099146487298,3.4943117595997135,46.9722659358894
MYS,2014,10619431582.9781,0.467221522754598,3.14299050879095,4.587025,249470799239.809,218115959741.633,6.00672194558203,2.88,30696137.0,326875882255.886,338066095097.254,14721580.0,31354839498.175995,11013.310733440303,3.3100665827340268,138.31223117684362,3.141229403653486,47.9590640346699
MYS,2015,9857162111.82329,0.545442877050346,2.10438980238359,4.565375,209287287856.543,186603344672.915,5.09153242155011,3.1,31232798.0,293133023632.862,301355266964.947,15103051.0,22683943183.62799,9648.679793752293,2.728421976789745,131.37007244526012,3.2709440293173486,48.356381647267085
MYS,2016,13470089920.807,0.532410432040039,2.09056659525742,4.53106666666667,201165058574.724,181125866049.416,4.44978139761541,3.44,31789685.0,292917092605.123,301256033870.334,15415068.0,20039192525.308014,9476.534098099242,2.768057840395067,126.89901002569957,4.471309585986506,48.49078561174796
MYS,2017,9368469822.66145,0.516733919100736,3.87120115774237,4.60807808641975,223413837325.056,201496430249.828,5.81272240983328,3.41,32355644.0,310119720279.85,319109094160.343,15779343.0,21917407075.227997,9862.548066122345,2.8170221548045706,133.1551733719563,2.935820380585602,48.76844052308154
MYS,2018,8304480741.65266,0.469796796132669,0.884709160571235,4.92844038461538,245967590635.246,221902484182.666,4.84308697634881,3.3,32910967.0,347616421527.931,358788845712.53,16212579.0,24065106452.580017,10901.801995442129,3.1139274027349795,130.40262550212623,2.3145872121973388,49.26193447916617
MYS,2019,9154921685.03934,0.437418180236884,0.662891865764326,4.87689294871795,238379861290.486,210893037728.698,4.41318742129586,3.33,33440596.0,355643356741.268,365177721021.516,16636582.0,27486823561.787994,10920.191763972029,2.6108833401932063,123.02856202794288,2.506977057480442,49.749657571892556
MYS,2020,4058769678.64231,0.422776119475248,-1.1387021539305,3.94420769234615,207798540352.974,186310380061.102,-5.45684658426701,4.54,33889558.0,330671265155.887,337456163961.211,16871915.0,21488160291.87201,9957.526266976129,2.0106015328568327,116.78818243763862,1.2027546425582099,49.78499572051073
MYS,2021,20245157326.8023,0.415301972862394,2.47710241465447,3.44410640384615,264015450976.493,236990392677.524,3.31534954399166,4.64,34282399.0,363610825965.209,373784553029.978,17233270.0,27025058298.969025,10903.1037480772,2.72181581135406,134.03599469072645,5.416263770851604,50.268564927442796
MYS,2022,15027992710.6144,0.396663370541767,3.37869862549928,3.90802666666667,313245644474.215,283918591271.771,9.03173723044451,3.93,34695493.0,394892167279.093,407830525989.553,17730042.0,29327053202.44403,11754.567833624758,3.172484129054967,146.42460475390777,3.684862155462919,51.101859253015945
MYS,2023,7918601050.23635,0.426163280659906,2.48886560125754,5.31737500641025,274681075589.892,255625703549.712,3.5370638041057,3.858,35126298.0,387744775878.208,399949418752.657,18064842.0,19055372040.179993,11386.039563652765,3.051546596195146,132.5934616415994,1.9799006271674309,51.428254693961776
MYS,2024,15593246086.7664,0.380193528996402,1.834100204499,5.282681,301221326764.018,278760544031.284,5.10545921024041,3.846,35557673.0,407781089749.473,422227005428.688,18384977.0,22460782732.73401,11874.427368424474,3.4213623225136907,137.3625711615592,3.693095393302601,51.70466863790553
PAK,1990,245262963.460759,5.01436068130985,9.05213155279776,11.086858061796931,5917028934.69827,8100453419.34278,4.45858681510218,1.9775,116155576.0,39037984570.654,40010423970.4576,32066327.0,-2183424484.6445103,344.45547384188944,2.430465122093237,35.03457590049809,0.6129976619139382,27.60636045573912
PAK,1991,258414487.035347,3.39438232501182,11.7912703351416,11.086858061796931,7725461182.02971,8434875710.52096,5.06156775897861,0.596,120060406.0,44456518200.2892,45625336680.2047,33326736.0,-709414528.49125,380.0198433462294,2.561775024495563,35.419655104840245,0.5663837372787309,27.75830693092942
PAK,1992,336479857.130617,3.2190438358492,9.5090414619015,11.086858061796931,8442738387.45654,9984113697.29231,7.70589781716029,0.587,123546848.0,47608476797.4712,48884671947.4657,34179400.0,-1541375309.8357706,395.6772085959303,2.6106243514653684,37.69453972106311,0.688313624140135,27.66513314852031
PAK,1993,348556957.814185,2.79150186847426,9.97366476029209,11.086858061796931,8394305116.6868,11552190707.3422,1.7577476978468,0.596,127020117.0,50299060705.3244,51809999353.1614,34702649.0,-3157885590.6553993,407.8881406884659,2.9163070193028324,38.49931687523151,0.6727600119009003,27.320592847509346
PAK,1994,421024638.454287,3.34511569570683,12.3681943936948,11.086858061796931,8449778027.40581,9883122490.28425,3.73741555767747,0.601,130748083.0,50683426963.7896,52293470813.1336,35657736.0,-1433344462.87844,399.9559275613517,3.078862091784576,35.05772371315946,0.8051189410601255,27.2720908649957
PAK,1995,722631560.660743,2.82376378951299,12.3435785170513,11.086858061796931,10132269178.8685,11777213240.079,4.96260914623281,0.611,134582253.0,58850709437.5737,60636071684.1918,36136782.0,-1644944061.2105007,450.55027934620625,2.944389695817907,36.132753673519126,1.1917519400405643,26.85107523055064
PAK,1996,921976182.51983,2.02786922311198,10.3738085885002,11.086858061796931,10703072793.5879,13567628711.2634,4.84658128681654,0.6,138557092.0,61353055619.3932,63320170084.4076,37978020.0,-2864555917.675499,456.9969618329432,3.1066158893638103,38.33012683398949,1.456054494627556,27.409654353889007
PAK,1997,716253125.440908,2.73456924126094,11.3754928865122,11.086858061796931,10040500610.948,12967600154.0064,1.01439601077892,0.611,142531804.0,60247042295.8531,62433340468.0228,39914024.0,-2927099543.058399,438.030942680153,3.501811941793303,36.8522661008964,1.1472285802291158,28.003591394942283
PAK,1998,506000000.0,1.88448808958283,6.22800415424543,11.086858061796931,10252214043.9952,10900343051.9781,2.55023429817393,0.62,146522356.0,59853183245.9639,62191955814.3478,41078081.0,-648129007.9829006,424.45369779849705,3.7605708612308093,34.01172518053108,0.8136100455024841,28.035367517568442
PAK,1999,532000000.0,1.58160869663171,4.14263718082171,11.086858061796931,9668690721.42037,10684436462.7839,3.66013273943236,0.625,150565377.0,61165857029.7631,62973857068.5113,42608353.0,-1015745741.3635292,418.24925705536737,2.871032715657257,32.31996280942653,0.8447950066346103,28.298904999919074
PAK,2000,308000000.0,1.08056705613903,4.36666451291681,11.086858061796931,9580014109.68833,11769388547.9584,4.2600880111325,0.614,154879127.0,97464802344.5277,99484802344.5277,44283074.0,-2189374438.270071,642.338346499898,2.0304608868845113,21.459963888465307,0.3095950263170443,28.5920219578717
PAK,2001,378000000.0,1.50392783829178,3.14826144590618,11.086858061796931,10322860872.5524,12581363105.462,3.65135017083765,0.611,159270907.0,94985618479.9038,97145618479.9038,45850789.0,-2258502232.9095993,609.9395069050734,2.2234662085628005,23.577207429846695,0.38910658649849006,28.787924840536007
PAK,2002,826000000.0,3.62937104656209,3.29034472613153,11.086858061796931,11029069178.3046,11619627151.6726,2.59481668445784,0.615,163222549.0,95604302809.3537,97923302809.3537,47266464.0,-590557973.368,599.9373457239275,2.3681799259925365,23.129015954529038,0.8435173000732364,28.95829301134122
PAK,2003,534000000.0,3.52757185317913,2.91413470059479,11.086858061796931,13669643162.0283,14030211712.4808,5.40131087314342,0.612,167110248.0,110160913740.823,112371913740.823,48816449.0,-360568550.4525013,672.4417866989402,1.9675735033751387,24.650158524839796,0.47520771180566446,29.21212168867106
PAK,2004,1118000000.0,2.98375276643631,7.44462469342739,7.2575,15103000000.0,17697600000.0,7.83125556961251,0.598,171286000.0,130009048339.413,132216048339.413,50561804.0,-2594600000.0,771.9022473489543,1.6692376059632266,24.808334851906395,0.8455857016161701,29.51893558142522
PAK,2005,2201000000.0,2.94748457854817,9.06332737030417,9.07166666666667,17790723344.6096,25595408507.0825,7.2765744364722,0.583,175453212.0,142822552960.362,145208562960.767,51855384.0,-7804685162.4729,827.619861189928,1.6431606730036026,29.87849405507465,1.5157508311646017,29.555106691349714
PAK,2006,4273000000.0,3.16362276382615,7.92108440058789,10.9875,20313153770.8457,33184884874.8509,6.05163767569996,0.582,179682690.0,159204385506.36,161871385506.36,53143744.0,-12871731104.0052,900.8735649848073,1.6476043567905414,33.04971936722852,2.639750062454437,29.576440557518367
PAK,2007,5590000000.0,3.25728883548923,7.59868441050774,11.7683333333333,21406517114.1039,35286555607.2316,4.4448143398844,0.398,184493231.0,180558869997.46,184140869997.46,55026645.0,-13880038493.127697,998.090114197523,1.9452498514042047,30.787881431274606,3.0357193381768575,29.825834097945847
PAK,2008,5438000000.0,3.48114218915231,20.2861210929554,12.9358333333333,24013343672.3078,45441542692.237,2.1204410433083,0.423,189499113.0,198280748583.854,202203748583.854,56978123.0,-21428199019.9292,1067.0432456528386,1.9401222912408718,34.3489608135241,2.68936656124595,30.067751821086357
PAK,2009,2338000000.0,4.65309230234024,13.6477650639761,14.5375,23213002701.9693,39220849368.7124,3.47255059567348,0.535,194376534.0,182930783856.466,187337783856.466,59305908.0,-16007846666.743103,963.7880663952266,2.352435215832672,33.32688728639873,1.2480130552795068,30.510837280389
PAK,2010,2022000000.0,4.92604271661375,12.9388705634889,14.0425,24858636642.8718,38066808315.7267,1.50171752152883,0.653,199239047.0,193427623453.121,196709621849.586,61633684.0,-13208171672.8549,987.3045711244845,1.6684483278477227,31.989002046231597,1.0279110808042333,30.934540657585057
PAK,2011,1326000000.0,5.31817590756805,11.9160927116277,14.4191666666667,31088962295.1378,43534938844.223,2.68011685421705,0.796,203746065.0,227569579578.823,230586581059.665,62965404.0,-12445976549.085201,1131.7351383432363,1.3084028857955752,32.362638275143865,0.5750551458399452,30.903862609567454
PAK,2012,859000000.0,5.60040378648877,9.68235186055684,13.5191666666667,29697611485.2317,48633322390.5338,3.02758391088629,3.667,207667125.0,246861967230.679,250106966104.704,64736311.0,-18935710905.302097,1204.364754915849,1.2974444193075967,31.318973276007544,0.3434530486609441,31.173114666079186
PAK,2013,1333000000.0,5.65574753329438,7.69215611899565,11.9858333333333,31497982328.1766,48401946136.1579,4.36686504978387,2.954,211073978.0,254988233264.07,258657231672.412,66307781.0,-16903963807.981297,1225.4340119198018,1.4184789594395517,30.890274340184444,0.5153538493322457,31.414474502394608
PAK,2014,1887000000.0,6.35394444445627,7.18938402847028,11.73,30382086972.4595,49596212908.433,4.11642817161422,1.827,214264647.0,267435475356.814,271390474857.632,66802824.0,-19214125935.9735,1266.6134084995924,1.4573096210884837,29.46982569039982,0.6953081168342022,31.17771640601074
PAK,2015,1673000000.0,6.43611445161773,2.52932817254229,10.1558333333333,29920081165.7791,50134759860.0874,4.21794209572506,3.566,217290883.0,295364590988.181,299963590534.773,69229075.0,-20214678694.308304,1380.47020838317,1.5331859237959231,26.68818601722472,0.5577343560321395,31.86009189350112
PAK,2016,2576000000.0,6.31922966290135,3.7651191635658,8.755,27400963629.0087,50070595635.3331,6.57383828511043,2.285,220138869.0,308284997722.844,313630000130.435,69799389.0,-22669632006.324398,1424.691611958972,1.7042382442266621,24.70157804805736,0.8213499980641751,31.70698083308496
PAK,2017,2496000000.0,5.85367806811606,4.08537368032608,8.21,27888160733.4655,58514391836.2421,4.43262590683975,3.204,223273967.0,334191536057.051,339205534861.1,70494278.0,-30626231102.776604,1519.234595142478,1.4781594899688515,25.47203500234401,0.7358370496584254,31.572994804181537
PAK,2018,1737000000.0,5.95094743448361,5.07805725868917,8.53083333333334,30562205605.5736,67821965004.981,6.15170261099519,4.083,226928892.0,350691167594.255,356128166704.921,71401725.0,-37259759399.4074,1569.3381462635487,1.5266973014159193,27.626057079633714,0.487745750658143,31.46436065091262
PAK,2019,2234000000.0,6.9340427404279,10.5780305672025,12.233054804153,30136170670.3429,62624564039.0062,2.49763692943365,4.83,230800899.0,315299473058.399,320909472770.669,73727954.0,-32488393368.663303,1390.4169098174484,1.748156470369787,28.905576986703213,0.6961464804114647,31.944396369097333
PAK,2020,2057000000.0,8.68401332889248,9.74011619320125,10.7577494267999,27935253908.9592,52327295403.4835,-1.27408744338709,5.994,235001746.0,294966609817.792,300425609817.981,75332749.0,-24392041494.524296,1278.3973520689544,1.8170887640026667,26.716280732881398,0.6846952898743471,32.05625076504751
PAK,2021,2147000000.0,8.98436279286431,9.49641577285205,8.66597421472524,31546332472.5314,62659182539.6335,6.51388575852702,6.338,239477801.0,344116645622.553,348516647445.148,78814704.0,-31112850067.1021,1455.319223701858,1.2624940171007282,27.03042041255479,0.6160394390738279,32.91106886353947
PAK,2022,1462000000.0,8.04928811142895,19.8738599646655,11.086858061796931,39515650036.1059,84315688680.3991,4.7781068690358,5.291,243700667.0,369642293558.152,374890295666.694,80064041.0,-44800038644.29319,1538.3228133171008,1.3998767557343936,33.03135347803201,0.3899807535428523,32.85343531702357
PAK,2023,2048000000.0,7.88805370627643,30.7681280657005,11.086858061796931,35331726543.8312,60515108025.9204,-0.414935997088406,5.237,247504495.0,330921348619.952,336686348609.266,81613188.0,-25183381482.089203,1360.324177584193,1.7122761327054605,28.46769254698371,0.6082812708206242,32.974426585666656
PAK,2024,2663000000.0,9.39634523470825,12.6325318530452,11.086858061796931,38607805445.7571,63865509443.4708,3.04898287335465,5.492,251269164.0,362584000121.266,371570000121.266,83217450.0,-25257703997.7137,1478.7727797799573,2.4183868442197483,27.57846835206949,0.7166886452433997,33.11884700663071
PHL,1990,530000000.0,2.90051414809649,12.1773522064946,24.1180833333333,9795179683.67578,11884167063.6145,3.08267252855887,3.357970588235294,62854666.0,49764286538.7384,50508286641.5746,22437510.0,-2088987379.9387207,803.5725882558122,1.473025818745141,42.92235628805805,1.0493327634751801,35.697445277968704
PHL,1991,544000000.0,3.57252205679188,19.2614585266282,23.0735833333333,10856619093.8246,12042290327.9068,-0.436390080533428,3.727,64382249.0,51576144937.7777,51784144942.727,23033945.0,-1185671234.082199,804.3233305305473,0.4016673543211769,44.21992377600804,1.0505145939971805,35.776856754413785
PHL,1992,228000000.0,4.20043396842865,8.65100357865265,19.4790833333333,12555557116.8822,14629138823.4438,0.417629066097945,3.849,65926125.0,61008328159.3974,60422328242.1803,23650303.0,-2073581706.5615997,916.5156945320281,-0.9698400148838036,44.991142730161464,0.3773439498824793,35.873946785132595
PHL,1993,1238000000.0,4.17012369254618,6.71631104109973,14.68275,13836087972.0464,17470673088.7296,2.181889985613,3.869,67530621.0,62960529423.4384,62036529147.1831,24316012.0,-3634585116.683199,918.6429537969613,-1.4894454750411494,50.46504292092162,1.995598427279541,36.00738693044153
PHL,1994,1591000000.0,4.71846813482997,10.3864734299517,15.0568333333333,17613597498.9294,20814444387.6211,4.37366591819077,3.767,69019291.0,75009336955.0187,73159336915.2718,24909091.0,-3200846888.6917,1059.9838951587,-2.528727183366147,52.52650380231749,2.174705330971751,36.09004184062105
PHL,1995,1478000000.0,6.33237935793294,6.83199610989534,14.6821666666667,21961852796.7156,26565213158.025,4.62522511739661,3.68,70546246.0,86974326397.6656,84644328727.4825,25519644.0,-4603360361.309402,1199.8417141499278,-2.752692005727487,57.330557976277895,1.7461299796688208,36.17434725017119
PHL,1996,1517000000.0,5.15065891656287,7.4761037778791,14.83975,27340728434.0539,33097093183.1966,5.8603478716379,3.607,72190242.0,97930032029.9358,94648084429.0341,26190802.0,-5756364749.1427,1311.0924940386556,-3.467526702415688,63.85530355087745,1.6027794002924873,36.28025239200611
PHL,1997,1222000000.0,7.22480719245843,5.59025939650601,16.27575,33018279727.5853,39658755050.532,5.18641167406165,3.592,73908810.0,98787317636.4097,94106317565.0846,26927107.0,-6640475322.946697,1273.2760487563608,-4.974161344787178,77.22864591726622,1.2985313118376522,36.43287857022728
PHL,1998,2287000000.0,6.8866070571266,9.23493432267121,16.7774166666667,28163249808.9529,31488192531.4937,-0.514090599541888,3.697,75791024.0,84891280435.184,74492416329.9142,27834611.0,-3324942722.540798,982.8659437285634,-13.959627862271256,80.07720151842106,3.070111177319403,36.72547160729746
PHL,1999,1829000000.0,7.81525762772395,5.93904901780808,11.77625,32895382041.5333,33185853154.5832,3.34645118398267,3.751,77753257.0,97096033007.5612,85640171045.1254,28772445.0,-290471113.04990005,1101.4351597531843,-13.376738769472448,77.16149371221721,2.135679994189019,37.004809972140464
PHL,2000,1487000000.0,8.27538844583698,3.9771250324928,10.90725,36266016498.3679,34981626687.9374,4.38250500083399,3.77,79625397.0,91558067027.5897,83669788376.9213,29661770.0,1284389810.4304962,1050.7927310795235,-9.427869728954928,85.15336846000389,1.7772245261351234,37.251644723353785
PHL,2001,760000000.0,11.0996743274612,5.34550195567142,12.4015833333333,32480429836.8783,34524004924.2439,3.04923134463486,3.698,81401488.0,86478481179.6221,78921234457.5487,30515119.0,-2043575087.3655968,969.5306117444525,-9.575682354713289,84.9003886237531,0.9629854439349904,37.4871759101013
PHL,2002,1769000000.0,11.5470364978462,2.72277227722765,9.1385,33727726965.0759,36959602030.9991,3.71625500158383,3.616,83068889.0,92344891983.9204,84307345887.543,31307312.0,-3231875065.9231987,1014.9087932010623,-9.533624871904548,83.84480409377892,2.098275045165883,37.68837211726763
PHL,2003,492000000.0,11.7636795721571,2.28915662650607,9.47166666666667,36821904272.9347,39402271856.6034,5.08691113513073,3.527,84731835.0,95230408663.2458,87039092974.2272,32101597.0,-2580367583.668701,1027.230119284295,-9.411076573883987,87.57464436366374,0.5652632434321025,37.88611092867279
PHL,2004,592000000.0,12.0713248541975,4.82921083627795,10.079,39736335346.4638,43034427467.1213,6.56922851180626,3.554,86394504.0,103863714018.349,95001999685.3314,33146452.0,-3298092120.657501,1099.6301302375832,-9.327924004094273,87.12528482320478,0.6231447779634544,38.366389602746025
PHL,2005,1664000000.0,12.7839886627031,6.51685393258433,10.1849166666667,44289298773.9857,45777705832.2362,4.94250511877678,3.795,88015962.0,117903914419.063,107419977318.166,34017208.0,-1488407058.250496,1220.460185598676,-9.75976476874944,83.8456745708049,1.5490600924923092,38.64890779697437
PHL,2006,2707414996.79964,12.1392347971869,5.4852320675105,9.77866666666667,52651035880.407,50557042719.8686,5.31641682136939,4.052,89508986.0,139394152560.634,127652926368.069,34684599.0,2093993160.5383987,1426.1464917954606,-9.197772841267149,80.8505386728776,2.1209188647921753,38.749851327776184
PHL,2007,2918724840.50407,10.538140162174,2.90000000000003,8.69141666666667,59294683203.5813,55577057555.4844,6.51929155018938,3.434,91075184.0,169989274445.126,155980408673.403,35381465.0,3717625648.096901,1712.6554328279262,-8.981170065437656,73.64497999206297,1.871212458877059,38.84863411310813
PHL,2008,1340027563.20325,10.3789187625683,8.26044703595725,8.75108333333334,60584223733.5822,62341268152.3086,4.34448730509183,3.72,92699095.0,198638894706.999,181624626327.361,36070857.0,-1757044418.7264023,1959.2923353497788,-9.367820170471493,67.68107077304009,0.7378005892152415,38.91176823247304
PHL,2009,2064620677.76657,11.3422561884615,4.21903052064628,8.56616666666667,53178736402.3859,53966293099.485,1.44832306275669,3.858,94384250.0,196297286284.675,175974755881.372,37120751.0,-787556697.0990982,1864.450434064709,-11.548548711727033,60.88659078697597,1.1732482124642756,39.329391291449575
PHL,2010,1070386939.91896,10.3454184113586,3.78983634797591,7.67266666666667,68500918811.9867,69239834652.7254,7.33449996034538,3.605,96337125.0,231747446287.784,208368893151.144,38110500.0,-738915840.7387009,2162.913758856142,-11.219790431809773,66.10427851377962,0.5136980495176582,39.55951560730092
PHL,2011,2007150725.40003,9.84286049520808,4.7184170471842,6.66325,68169783855.6464,74224237016.1275,3.85823282795663,3.592,98248614.0,259495340510.663,234216730291.32,39596984.0,-6054453160.481102,2383.918925220869,-10.79282858568699,60.79583669990759,0.8569630029859632,40.30284233831532
PHL,2012,3215415155.43566,9.39585704973622,3.02696391124796,5.6795,71941908434.7541,79558185309.3369,6.89695171050985,3.504,100175512.0,290823739758.617,261920540962.63,40289936.0,-7616276874.582794,2614.6164440130838,-11.035101977782956,57.84200551330816,1.2276300070311879,40.21934622106049
PHL,2013,3737371739.84519,9.41055797221716,2.58268766141795,5.76683333333333,74318435289.2963,84169697681.9,6.75053130142255,3.497,102076336.0,317288013007.529,283902828588.718,41114722.0,-9851262392.603699,2781.2795767739744,-11.759370128423463,55.824781232029764,1.3164263837819716,40.278406936549914
PHL,2014,5739574024.13183,9.64449879049469,3.59782343864211,5.52591666666666,81375151612.2683,89583209901.6933,6.34798748260867,3.6,103767130.0,331766346473.311,297483555338.044,42543143.0,-8208058289.425003,2866.838037614069,-11.524264289604137,57.468172087594525,1.9293752280221652,40.998669809987035
PHL,2015,5639155961.87389,9.72419552564766,0.674192536845408,5.57825,83377968054.3017,97858999139.3944,6.34830971672761,3.068,105312992.0,341466825826.696,306445871242.322,42976583.0,-14481031085.092697,2909.8581801030023,-11.428104559673166,59.14159210530953,1.8401801071794268,40.80843415786725
PHL,2016,8279548274.88501,9.77380233956317,1.25369880080982,5.642,84987391167.9967,111847835761.901,7.14945675000752,2.695,106735719.0,354012676981.763,318627003016.731,44089437.0,-26860444593.904297,2985.1956402404617,-11.105673288831044,61.7760657653871,2.5985080349421144,41.307106386757
PHL,2017,10256442398.8834,9.98833927166016,2.85318772590947,5.62725,97073582741.5119,126846380455.649,6.9309883258402,2.552,108119693.0,364718697510.819,328480736802.76,43266495.0,-29772797714.1371,3038.1212495928935,-11.031989595730375,68.16836974267267,3.1223877840489616,40.01721961974125
PHL,2018,9948598823.96867,9.74765976052018,5.30934661627707,6.1185,104793441904.255,145499457397.948,6.34148557153473,2.338,109465287.0,383816939953.966,346841896587.313,44041398.0,-40706015493.69299,3168.5103660972723,-10.660489326826474,72.16339829902728,2.8683382607049714,40.23320927299994
PHL,2019,8671365873.65689,9.33261353281524,2.39206534422404,7.09583333333333,106953484846.44,152458687320.163,6.11852566221303,2.237,110804683.0,414552288027.021,376823402239.136,45267971.0,-45505202473.72299,3400.7894976707435,-10.012352089518545,68.84184225956788,2.3011749859829442,40.853842792907955
PHL,2020,6822133290.81919,9.64277376552078,2.3931623931624,11.00339722222222,91171559890.9852,119257490806.482,-9.51829474045297,2.522,112081264.0,389165789740.532,361751145451.597,42533348.0,-28085930915.496796,3227.579102351995,-7.57831582114593,58.169560302227985,1.8858636321117068,37.948669101376304
PHL,2021,11983363327.4771,9.30892916286057,3.92718022100332,11.00339722222222,101485514507.701,148699308216.869,5.71473313185116,3.398,113100950.0,408104073652.169,394087359848.11,44699749.0,-47213793709.167984,3484.3859388281885,-3.556752951797635,63.48460981367096,3.040788553100448,39.52199252084089
PHL,2022,9492234668.1091,9.40977059288243,5.82115811213955,11.00339722222222,114785414693.615,178086451580.466,7.58098212785563,2.598,113964338.0,428113122133.855,404353369604.631,49481401.0,-63301036886.851,3548.0693057211543,-5.875987271345317,72.42968361075994,2.347509723336899,43.41832003622045
PHL,2023,8925128471.59541,8.9455180769963,5.97802515541409,11.00339722222222,116417848991.926,178244920796.221,5.51894967862863,2.2,114891199.0,484953746413.627,437055627244.424,50378922.0,-61827071804.29501,3804.0827413109687,-10.959272958271718,67.41996931739685,2.042103548206695,43.84924383981753
PHL,2024,9398326659.59308,8.72571015588724,3.21260487006347,11.00339722222222,118974717244.898,185164160350.41,5.69201612823412,2.202,115843670.0,521766436503.475,461617509782.355,51307682.0,-66189443105.51201,3984.8315387656053,-13.030035786441294,65.88547252869685,2.0359554090624155,44.29044936162675
SGP,1990,5574738855.37737,1.7032804285274108,3.46075338652824,7.3625,64045069989.2324,60411526431.831,9.82089955731777,3.94985294117647,3047132.0,35780956775.8806,36144336768.7023,1461706.0,3633543557.4013977,11861.756159136625,1.0053580320122375,344.33221784506907,15.423547237985524,47.96989431373501
SGP,1991,4887094440.10303,1.7032804285274108,3.42570173078643,7.58333333333333,76631490593.343,70627959479.0159,6.68839753958379,2.18,3135083.0,44779334298.1187,45466164978.2923,1522540.0,6003531114.327103,14502.379993860544,1.5106413318596912,323.88799482575126,10.748860042267388,48.56458345759905
SGP,1992,2204342221.03992,1.7032804285274108,2.26307118702851,5.9525,84309872452.9103,77981321905.232,6.63980556949564,3.09,3230698.0,52162444051.9667,52131320032.8797,1583730.0,6328550547.678299,16136.240537766049,-0.05970310950761996,311.31226728151853,4.228441212786519,49.021295088553615
SGP,1993,4686312017.48988,1.7032804285274108,2.28929964388641,5.38833333333333,97966383028.4981,91975756765.5718,11.459650875246,3.07,3313471.0,59324256664.383,60603815716.2653,1635740.0,5990626262.9263,18290.130113185023,2.111350641472689,313.41613980766533,7.73270125338351,49.366359325311734
SGP,1994,8550165226.98866,1.7032804285274108,3.10013262599502,5.87833333333333,122465766339.061,110550174016.2,11.0956893100227,3.03,3419048.0,73784439887.8126,73688724431.1412,1705718.0,11915592322.861008,21552.41003669478,-0.1298915911631009,316.2165475845682,11.603084858631805,49.88868246365655
SGP,1995,11942852103.36,1.7032804285274108,1.72053384788524,6.36916666666666,159046900079.372,144309656936.238,7.17540112091071,3.3,3524506.0,88447587970.7205,87812540788.4293,1786392.0,14737243143.134003,24914.850702035776,-0.7231850674054021,345.45926389546173,13.600394654488419,50.68489030803182
SGP,1996,11432363956.3629,1.7032804285274108,1.38318052481876,6.26,169132174170.822,153364122036.168,7.47139086002002,3.57,3670704.0,95601333578.2435,96293086513.0872,1886519.0,15768052134.653992,26232.866096826987,0.7183827623488712,334.91116328809284,11.87246599973626,51.3939287940406
SGP,1997,15701783678.7862,1.7032804285274108,2.00358618538962,6.3225,169506454041.807,154758870855.856,8.31620911124497,2.5,3796038.0,102085524977.674,100123787215.299,1977115.0,14747583185.95102,26375.865366811133,-1.95931238413567,323.86442214814156,15.68237090854565,52.083646159495764
SGP,1998,5958646073.68738,1.7032804285274108,-0.267502292876153,7.44166666666666,142983995000.006,124555957748.616,-2.19101500611274,3.41,3927213.0,86992785620.4761,85728207781.7785,2067428.0,18428037251.390015,21829.27378315831,-1.475101219795227,312.0792556746853,6.950624803512909,52.64364321466648
SGP,1999,18852989358.6266,1.7032804285274108,0.0167098337370727,5.8,152507703735.257,137834470137.001,5.71837175710837,4.85,3958723.0,87264219682.2692,86286849754.8905,2092081.0,14673233598.255981,21796.6373891001,-1.1326985863489565,336.4848464128825,21.84920345589284,52.84737022519636
SGP,2000,15515295182.2254,1.7032804285274108,1.36162392448456,5.83333333333333,180961018304.917,169107805677.964,9.03831632555163,3.7,4027887.0,95489230337.31,96076539925.7409,2138100.0,11853212626.953003,23852.838951475278,0.6112934425873884,364.3645204682171,16.1488904515269,53.08242262009833
SGP,2001,17006818857.2728,1.7032804285274108,0.997197956155943,5.64833333333333,164227617773.506,149415004439.86,-1.07086275100448,3.76,4138012.0,89193363036.5854,89793790669.6515,2205923.0,14812613333.646027,21699.741486890685,0.6686738900188045,349.2921056949775,18.939860685735326,53.30876275854203
SGP,2002,6157194143.82423,1.7032804285274108,-0.391676866585049,5.34583333333333,170350298337.753,153298972181.205,3.92336076702013,5.65,4175950.0,90696854887.8916,92538372869.6942,2200772.0,17051326156.548004,22159.837371063877,1.9900047133913716,349.74601398567637,6.653665882470554,52.701109927082456
SGP,2003,17051420152.8733,1.7032804285274108,0.507905300237551,5.30666666666667,197818139655.823,170522212649.303,4.54825542643229,5.93,4114826.0,95051093943.6328,97646401095.6369,2176377.0,27295927006.51999,23730.384005456584,2.657862576483702,377.2185643015822,17.462415369689648,52.89110645261792
SGP,2004,24390254965.552,1.7032804285274108,1.66272719863072,5.3,246116322768.289,215770830917.486,9.93998268434957,5.84,4166664.0,108075478574.488,115033593101.049,2211220.0,30345491850.80301,27608.08001342297,6.048767441740927,401.52371253850976,21.202723750554203,53.069313964360944
SGP,2005,19316058814.0753,1.7032804285274108,0.425106276569107,5.3,287771727538.562,249571466422.975,7.36632239250758,5.59,4265762.0,120576521106.443,127807848728.398,2301785.0,38200261115.587006,29961.317281273074,5.657968343808179,420.43051292055986,15.113358847877553,53.959527043468434
SGP,2006,39129332046.656,1.7032804285274108,0.965657519018511,5.3125,338926122120.945,293279955794.234,9.00676607871758,4.48,4401365.0,144596216454.69,148627286361.351,2426201.0,45646166326.711,33768.452823465224,2.7122004346230524,425.363399543018,26.32715230467343,55.12383090245867
SGP,2007,47337947782.7751,1.7032804285274108,2.10980166714574,5.33,385006655156.718,328425614192.006,9.02151951268893,3.9,4588599.0,176181970430.668,180941701357.97,2530038.0,56581040964.712036,39432.886019887555,2.6305328686423057,394.28847191907937,26.161988876805705,55.13748314027877
SGP,2008,13598298537.0174,1.7032804285274108,6.63544058395309,5.38,443371610356.07,403368670137.915,1.86348345462035,3.96,4839396.0,186495139805.253,193617323539.203,2737323.0,40002940218.15503,40008.572048909205,3.6784847573352266,437.3267148910566,7.02328608228285,56.5633190588247
SGP,2009,23436064059.7506,1.7032804285274108,0.589142019610516,5.38,370525982887.767,324906377727.284,0.127953382778088,5.86,4987573.0,184079779170.376,194150283771.566,2837096.0,45619605160.48303,38926.80543654519,5.186963627124435,358.19281182884345,12.071094414327552,56.88329774822344
SGP,2010,55322434161.874,1.7032804285274108,2.82884527612958,5.38,474817309469.398,411718156402.456,14.5197497108994,4.12,5076732.0,237216943354.934,239807980591.24,2936802.0,63099153066.94202,47236.683084953074,1.0804633064829072,369.6855557876452,23.069471677080163,57.848277198796396
SGP,2011,49155657316.2945,1.7032804285274108,5.25115624639373,5.38,568009168564.196,491027496151.938,6.21493416858989,3.89,5183688.0,269757413084.683,279356499090.458,3012462.0,76981672412.25806,53891.457026437165,3.4361420038653647,379.0986313775392,17.596031406585418,58.11426150647956
SGP,2012,55310807547.7033,1.7032804285274108,4.58084479423094,5.38,580505587048.163,509015616847.887,4.43549759378537,3.72,5312437.0,281970766822.76,295092888076.589,3125729.0,71489970200.27594,55547.555307778515,4.446776518186788,369.2129657876653,18.74352442318021,58.837949513566
SGP,2013,64389514904.4993,1.7032804285274108,2.36439793742726,5.38,600013186286.262,528920562614.88,4.81763099120676,3.86,5399162.0,291009669943.259,307576360584.992,3179345.0,71092623671.38196,56967.42579403841,5.386204131625775,367.04178004901837,20.934481044653193,58.8858974781642
SGP,2014,68698472830.5907,1.7032804285274108,1.03316955857629,5.35,604391776173.0,530588532417.821,3.93554027709007,3.74,5469724.0,303910658616.471,314863580758.455,3266959.0,73803243755.17902,57564.802311497806,3.4786246524924245,360.46731916623656,21.818488078267826,59.728041122367415
SGP,2015,69774553124.9431,1.7032804285274108,-0.521975611895763,5.35,549421999163.53,465345116651.21,2.97679931634806,3.79,5535002.0,286982925099.558,307998545269.398,3360400.0,84076882512.32,55645.606861460576,6.823285529306065,329.47139894026145,22.654182689049126,60.711811847583796
SGP,2016,65133174223.0873,1.7032804285274108,-0.529809760375464,5.35,525980387189.424,442035878646.096,3.74757848792792,4.08,5607283.0,300689083099.658,319646468521.497,3396546.0,83944508543.328,57005.588717654704,5.930735136704336,302.8396560465734,20.376628756249477,60.573828715261925
SGP,2017,101970056302.84,1.7032804285274108,0.576763191179996,5.28,590230171805.131,498507739377.591,4.47689915845876,4.2,5612253.0,321223020801.275,343673334902.33,3388507.0,91722432427.53998,61236.25127062697,6.532457371892191,316.7944092875681,29.6706336940046,60.3769466558261
SGP,2018,86126491248.6639,1.7032804285274108,0.438784215129623,5.33,672027857970.022,559645310570.104,3.4519759658687,3.613,5638676.0,329658255006.887,377123710560.614,3390276.0,112382547399.91797,66881.6067035265,12.586176425546705,326.59658728675,22.837729062601866,60.125391137919614
SGP,2019,106174185547.865,1.7032804285274108,0.567829988405447,5.25,665397849809.186,554852810304.965,1.30804118153127,3.1,5703569.0,330618960560.287,376161998830.048,3454121.0,110545039504.22107,65952.03789592937,12.107293775397439,324.39498511530047,28.225654339909834,60.56069454055872
SGP,2020,79322385229.1189,1.7032804285274108,-0.172111865925382,5.25,634720766636.081,524652362543.142,-3.81470885510713,4.1,5685807.0,304388719050.373,349165858544.568,3431193.0,110068404092.93903,61410.07926307875,12.824031444781017,332.04080548191376,22.717680806410826,60.34663153357123
SGP,2021,142313339701.522,1.7032804285274108,2.31610315765146,5.25,797699635946.268,639390598913.421,9.7568044629903,4.64,5453566.0,371025759164.798,436591382250.464,3385810.0,158309037032.84692,80056.12882478436,15.017617330809404,329.1613836837618,32.596461013030165,62.084331609812736
SGP,2022,144147823984.526,1.7032804285274108,6.13095418919732,5.700781249999999,947354945030.236,744363649815.365,4.10800021897151,3.591,5637022.0,407045138528.738,509017841146.557,3459003.0,202991295214.87097,90299.06946372695,20.033227595348457,332.34956775484017,28.318815635191612,61.36224055893342
SGP,2023,125786783506.69,1.7032804285274108,4.83372362825798,5.700781249999999,917682665719.369,728499583323.093,1.82140694115385,3.444,5917648.0,412466868786.617,505439514078.019,3622441.0,189183082396.276,85412.23034523496,18.394415692052686,325.6932240537805,24.886614521252827,61.214201993765094
SGP,2024,135077157183.126,1.7032804285274108,2.38951123595017,5.700781249999999,978597520043.286,786020626642.21,4.38802362461865,2.737,6036860.0,458396552098.324,547386645891.847,3689424.0,192576893401.07605,90674.06663262805,16.257264305111622,322.3714279347163,24.67673594101794,61.11495048750509
THA,1990,2443549743.009,1.14038917293867,5.86399474375828,14.4166666666667,29129276618.1045,35545811132.9004,11.1671634446293,1.281264705882353,54738329.0,84097209700.5714,85343190719.0107,28835252.0,-6416534514.795898,1559.1120934475493,1.4599653562773942,75.78236436453992,2.8632041085202653,52.67835633053395
THA,1991,2013985971.10096,1.03767808284504,5.70985259891396,15.3958333333333,35329436945.3531,41756458834.2697,8.5582603212423,2.63,55637434.0,96721515527.3223,98234714971.0612,29588647.0,-6427021888.916595,1765.6226735952848,1.5403917486651004,78.4711349774175,2.050177446633053,53.18118553059079
THA,1992,2113021867.31996,0.398882024705938,4.13914575077056,12.1666666666667,41206839587.58,45675754074.9401,8.08338802345332,1.35,56528834.0,109344961863.972,111452746517.655,30319020.0,-4468914487.3601,1971.60879910693,1.8911913071151718,77.95464569260947,1.895890351150064,53.63461061305457
THA,1993,1804040984.75618,0.862515175853927,3.31219168428468,11.1666666666667,47453533152.6223,52752864173.1502,8.25191591524627,1.49,57408198.0,126723234413.041,128889262951.157,31018796.0,-5299331020.527901,2245.136887089837,1.6805345057616015,77.74611711740957,1.3996829087616298,54.031997311603476
THA,1994,1366440824.95193,0.873253604515569,5.04774897680755,10.8958333333333,56094977835.3454,63084056780.7048,7.99702466720433,1.347,58260854.0,144068664624.092,146683778959.101,31687801.0,-6989078945.3594055,2517.7073264168257,1.7828244905922146,81.24895299382776,0.9315555098515199,54.38952371003693
THA,1995,2067936429.29444,1.00147132988323,5.81818181818192,13.25,70305503762.0445,81632776746.1888,8.12031534625378,1.1,59098232.0,166006653936.541,169278916592.843,32495666.0,-11327272984.144302,2864.365157198662,1.9330597821420314,89.75617493682444,1.2216148773378144,54.98585135338736
THA,1996,2335837474.93165,0.986667775411706,5.80510554737349,13.3958333333333,71417458048.9366,82833928830.6609,5.65194446499471,1.071,59920064.0,178425780727.321,183035237429.281,33280368.0,-11416470781.724304,3054.6569080647346,2.518343881046915,84.27414799797516,1.2761681891084735,55.541275790359634
THA,1997,3894755071.04503,1.10427566694746,5.62579747129104,13.6458333333333,72442635000.6348,70306578166.1425,-2.75357515314082,0.873,60724584.0,145705501031.841,150180456565.728,33925700.0,2136056834.4922943,2473.1409698208554,2.9797189569259857,95.05179064647578,2.5933834269177702,55.86814724000415
THA,1998,7314804931.33013,1.25309816710135,7.9947287502746,14.4166666666667,65860574771.0913,48088381967.5567,-7.63403528600102,3.404,61522630.0,109263635846.44,113675596787.738,34179395.0,17772192803.5346,1847.7037926977116,3.8811856422766673,100.24047373282802,6.434806711407708,55.555809301390404
THA,1999,6102677671.18095,1.15271390203076,0.284726459223034,8.97916666666667,71490257382.1479,56073604731.5816,4.57230775115542,2.968,62299043.0,122785641250.875,126669211778.94,34287322.0,15416652650.566307,2033.2449052056868,3.0659151292758606,100.7062887044334,4.817806620468431,55.03667528247584
THA,2000,3365987582.58309,1.34247612413907,1.59196917460972,7.83333333333333,81953035120.3609,71358148622.7383,4.45524704335014,2.389,63007815.0,123900114886.384,126392224253.794,35011504.0,10594886497.622604,2005.9769451423447,1.9717268068689726,121.29795535147181,2.663128687271322,55.56692292852878
THA,2001,5067170388.09022,1.04113397829786,1.62690887314091,7.27083333333333,76088350937.052,68589774463.8424,3.44424900968372,2.6,63651141.0,116932294140.021,120296476180.402,35644475.0,7498576473.209602,1889.9343246714461,2.7965757162628093,120.2679662735329,4.212235095308415,55.99974240838825
THA,2002,3341612007.23692,1.02753993777109,0.697308976625449,7.265485131174593,81447794223.3026,72957610440.3709,6.14903605210036,1.82,64266437.0,129579498251.9,134300904400.022,36072920.0,8490183782.931702,2089.751831115548,3.515543077847833,114.9697430210665,2.488153018898339,56.130262830659184
THA,2003,5232270340.1941,1.05551871248278,1.80434994635721,7.265485131174593,93686920141.989,84013623652.3529,7.18924330340971,1.54,64868166.0,146056549105.901,152280615245.887,36488833.0,9673296489.636093,2347.5400128606534,4.087234694932125,116.69281970486489,3.4359398481189287,56.250754800128
THA,2004,5860255942.60102,0.938066184455039,2.7591492623108,4.55308715722008,114062494755.723,106227137281.538,6.28934214285795,1.51,65452047.0,165383729445.385,172895685154.658,37013784.0,7835357474.185013,2641.562687178569,4.34479073468688,127.41187372039293,3.3894749526912284,56.55099526528177
THA,2005,8215637195.30001,0.626996608307589,4.54036919634535,4.71935005845093,129498934986.038,131483811713.189,4.18763842884337,1.35,66017420.0,180829127106.253,189318408468.595,37537474.0,-1984876727.151001,2867.7038343606127,4.4841288446338545,137.85386683224732,4.339587080705285,56.859953024519896
THA,2006,8917470351.2,0.60126724633111,4.63747436011765,6.27380728455047,152293268280.069,145055658781.115,4.96781089246107,1.22,66567687.0,213513981039.483,221758296021.621,37757576.0,7237609498.95401,3331.3204351177324,3.717703071335918,134.08694619126808,4.021256706594898,56.7205767567078
THA,2007,8633903440.6,0.621751616741776,2.24154095286803,6.04656836196979,181094565788.388,160397501826.646,5.43515169050809,1.18,67102394.0,253993974943.234,262942621455.053,38463790.0,20697063961.742004,3918.5281743458067,3.4032696800159754,129.87322698971727,3.283569393513431,57.32103984248311
THA,2008,8561557724.60001,0.651517114747723,5.46848949649845,5.82188819286142,208095289025.846,201114263639.019,1.72569884866334,1.18,67619830.0,280756506237.554,291382982430.951,38958286.0,6981025386.826996,4309.135092929855,3.6469103668108445,140.43701154093148,2.9382490539332857,57.61370000486543
THA,2009,6411458544.60001,1.35174167814254,-0.845716092316721,4.77599754065056,181530421334.516,154464210141.501,-0.690618232300579,1.49,68121080.0,271838809880.739,281710630187.319,39417409.0,27066211193.014984,4135.439869528183,3.504241320256835,119.26941885458946,2.275902240656241,57.86374643502422
THA,2010,14746672919.5999,1.29964762665379,3.24758842443723,4.33403991889774,226787505595.978,207270092301.876,7.51339053261624,0.622,68579447.0,326815388832.283,341104766329.17,39244294.0,19517413294.10199,4973.862888237783,4.18914624109871,127.25052263825111,4.323209282091706,57.224570504337834
THA,2011,2473685995.7,1.41730161893501,3.80879058139634,5.06756761337228,262743281924.973,255199302709.361,0.840132083053334,0.66,69007208.0,361875003955.99,370818739623.622,40584009.0,7543979215.6119995,5373.623283289798,2.4118888049481635,139.67540722457593,0.6670876445485928,58.81126070192552
THA,2012,12899036062.7558,1.42288274079939,3.01489950334985,5.18731410654716,274121377628.712,273216802240.91,7.24279620249642,0.58,69436098.0,379342666424.563,397558325278.579,40844641.0,904575387.802002,5725.528028354632,4.581883385601805,137.67493851023963,3.244564443146078,58.823352948202825
THA,2013,15935960664.8073,1.56657940260133,2.18488618530687,5.06043360051236,282342912104.28,274440605888.824,2.68749556320556,0.249,69845114.0,393467486312.148,420333654592.547,39678084.0,7902306215.456024,6018.082447292548,6.391629122926612,132.4622741742689,3.7912645087281724,56.80867526395619
THA,2014,4975455660.4459,1.60164242752634,1.8951418189878,4.94915214812624,278596013717.189,254633174992.002,0.984468863619426,0.576,70216367.0,386381481702.815,407339040197.651,39964948.0,23962838725.18701,5801.197891620496,5.1449913773712606,130.9054954443981,1.221453180139985,56.91685529671451
THA,2015,8927579182.16216,1.46890617750532,-0.900424963291569,4.73187498877014,271423493717.844,229553374316.892,3.13404724911635,0.597,70540795.0,380594916735.618,401296238228.084,40014953.0,41870119400.951996,5688.853353978843,5.158613393405406,124.839662152526,2.224685489597839,56.72597395592154
THA,2016,3486184390.30069,1.51682060620959,0.188149704448143,4.46834552349908,277248464807.286,221168950937.551,3.43515771692182,0.688,70859841.0,393948949386.684,413366349747.508,39822992.0,56079513869.735016,5833.577156170983,4.6973829322789555,120.57522728912981,0.8433643407186187,56.199663219678975
THA,2017,8285169819.69135,1.47255762472914,0.665631893135106,4.41658283333333,304266013738.262,247430252336.997,4.1776810321001,0.83,71160187.0,435913240648.276,456356813536.764,39720340.0,56835761401.265015,6413.091825303438,4.4797343399017855,120.89142743363786,1.8155026010198705,55.81820632371301
THA,2018,13747219811.1792,1.47331423952061,1.06389754183024,4.14666666666666,328569784686.743,283801450351.972,4.22287028746071,0.765,71376079.0,482264933708.604,506754208404.485,40193292.0,44768334334.770996,7099.77650081458,4.832574508455576,120.8418647309837,2.7127983513866227,56.31199214515552
THA,2019,5534140214.60468,1.43105200387804,0.706728601314311,4.08416666666666,323768892197.357,272916501194.971,2.11455779628278,0.716,71522271.0,523977887377.21,543976691793.886,39952678.0,50852391002.38599,7605.696577977592,3.6764083311594455,109.68951471516604,1.017348775800412,55.86047176829718
THA,2020,-4293910676.95961,1.57323400130361,-0.845937147357041,3.2925,257709985018.377,231745471360.936,-6.05003846851622,1.099,71641484.0,489367035950.047,500461898480.246,40252215.0,25964513657.44101,6985.643938925748,2.216924517908511,97.80074324651761,-0.857989527274492,56.18562423972122
THA,2021,15389597696.242,1.71464731576995,1.23039541318384,3.06,296424506130.06,297103648539.909,1.55216608426647,1.215,71727332.0,488610393696.513,506194668789.937,40439671.0,-679142409.848999,7057.207548022796,3.4738167305197782,117.25294462085178,3.040252820724283,56.37972286491849
THA,2022,11854822037.8762,1.80546752206825,-1.61068030486688,3.13833333333333,324016639381.2,334490522340.808,2.58037874709827,0.94,71735329.0,479851774315.914,495644697587.661,40754371.0,-10473882959.607971,6909.352818158275,3.186339599437323,132.85871208287116,2.391798418418372,56.81213366986858
THA,2023,10327587425.687,1.8786395323162,8.47805174421543,4.28583333333333,337632612707.206,326979087436.138,2.01775095328327,0.733,71702435.0,502990630847.962,515906283940.933,41287040.0,10653525271.067993,7195.101309194492,2.5034882293563503,128.8241141523751,2.001834004966186,57.58108493804988
THA,2024,14302158846.415,1.79598323750296,1.36580540798037,4.51416666666667,368824202322.816,351173464105.526,2.54182067735289,0.781,71668011.0,510441316481.221,526517658841.684,41014040.0,17650738217.289978,7346.6202214218565,3.0533339367629697,136.7471070224512,2.716368312865162,57.22781953583168
USA,1990,71230000000.0,0.0196205223284898,5.39795643990325,10.0091666666667,551873000000.0,629728000000.0,1.88596558187626,5.721117647058824,249623000.0,5902482000000.0,5963144000000.0,127821416.0,-77855000000.0,23888.60000881329,1.0172821585391867,19.81506735373152,1.1945041072293408,51.20578472336283
USA,1991,34550000000.0,0.0211103080172565,4.23496396453849,8.46333333333333,594931000000.0,623544000000.0,-0.108312882368935,6.8,252981000.0,6097007000000.0,6158129000000.0,128740615.0,-28613000000.0,24342.25890481894,0.9925417281775033,19.786448124097433,0.5610470323047796,50.88944031369945
USA,1992,30310000000.0,0.0275446308137613,3.02881967814969,6.25166666666667,633053000000.0,667791000000.0,3.52249717301392,7.5,256514000.0,6435893000000.0,6520327000000.0,130853396.0,-34738000000.0,25418.990776331895,1.2949350546375973,19.95059450239229,0.4648539866175423,51.01218490998542
USA,1993,50230000000.0,0.0265361863913396,2.95165696638559,6.0,654799000000.0,719973000000.0,2.75179586709815,6.9,259919000.0,6734288000000.0,6858559000000.0,132266996.0,-65174000000.0,26387.293733817074,1.8119112192517408,20.044618701975153,0.7323695837565879,50.887775037607874
USA,1994,55940000000.0,0.0266630585313828,2.60744159215453,7.13833333333333,720937000000.0,813424000000.0,4.02902272983438,6.119,263126000.0,7170956000000.0,7287236000000.0,134611321.0,-92487000000.0,27694.853416234047,1.5956667246676242,21.055459161745276,0.767643589421284,51.15850239048972
USA,1995,69080000000.0,0.0285218794491809,2.80541968853662,8.82916666666667,812810000000.0,902572000000.0,2.6844307317787,5.65,266278000.0,7575542000000.0,7639749000000.0,136621148.0,-89762000000.0,28690.875701334695,0.8404333702586302,22.453381649056794,0.9042181883200613,51.307711489495944
USA,1996,97660000000.0,0.0270155709278269,2.93120419993441,8.27083333333333,867589000000.0,963966000000.0,3.77277269119453,5.451,269394000.0,8046960000000.0,8073122000000.0,138775669.0,-96377000000.0,29967.712718174866,0.3240629833167392,22.687071990241197,1.2096931026187887,51.51401627356215
USA,1997,122150000000.0,0.0264644195659695,2.33768993730735,8.44166666666667,953803000000.0,1055774000000.0,4.44712793566428,5.0,272657000.0,8590598000000.0,8577554457000.0,141357334.0,-101971000000.0,31459.138980477303,-0.15206598880121805,23.42832109168386,1.4240655726798144,51.844381035513486
USA,1998,211150000000.0,0.0268900903193909,1.55227909874364,8.35416666666667,952979000000.0,1115690000000.0,4.48313335374613,4.511,275854000.0,9136625000000.0,9062818202000.0,143097780.0,-162711000000.0,32853.676952300855,-0.8143912451395325,22.825890952369342,2.3298492289451755,51.87446257803041
USA,1999,312449000000.0,0.0440860043066343,2.18802719697358,7.99416666666666,992910000000.0,1252460000000.0,4.78842504725272,4.219,279040000.0,9691392000000.0,9631174489000.0,145083084.0,-259550000000.0,34515.39022720757,-0.6252353860764945,23.313563704660236,3.244142242016855,51.99365108944954
USA,2000,349125000000.0,0.0428740834631706,3.37685727149929,9.23333333333333,1096111000000.0,1477184000000.0,4.07758575682804,3.992,282162411.0,10385197000000.0,10250947997000.0,147139887.0,-381073000000.0,36329.95607271019,-1.3096252467507274,25.102995359581275,3.405782568618761,52.14723197130606
USA,2001,172496000000.0,0.0426481756766949,2.82617111885407,6.92166666666667,1026812000000.0,1403559000000.0,0.955538348341605,4.731,284968955.0,10749023000000.0,10581929774000.0,148213470.0,-376747000000.0,37133.62311343704,-1.579043043836401,22.967181335595964,1.6300996480228578,52.010391798643475
USA,2002,111055000000.0,0.0418149214745672,1.58603162650601,4.675,997979000000.0,1437724000000.0,1.70044732643726,5.783,287625193.0,11056572000000.0,10929112955000.0,149241895.0,-439745000000.0,37997.75965730513,-1.166234126454776,22.286374109489657,1.0161391913256148,51.887629676444924
USA,2003,117106000000.0,0.0407805493475197,2.27009497336115,4.1225,1035165000000.0,1557120000000.0,2.79560596320081,5.989,290107933.0,11539140000000.0,11456442041000.0,149992325.0,-521955000000.0,39490.27495570071,-0.7218467889423507,22.627313006278925,1.02218472001084,51.70224869376461
USA,2004,213641000000.0,0.0387486710186017,2.67723669309172,4.34,1176363000000.0,1810504000000.0,3.84777169556921,5.529,292805298.0,12322009000000.0,12217193198000.0,151218126.0,-634141000000.0,41724.6316287624,-0.8579368460601797,24.448062264325664,1.7486913445469112,51.64460036512044
USA,2005,142344000000.0,0.0367737307255354,3.3927468454955,6.18916666666667,1301580000000.0,2041482000000.0,3.48354993555606,5.084,295516599.0,13170993000000.0,13039199193000.0,153120588.0,-739902000000.0,44123.407067905515,-1.0107507757896095,25.638553031651657,1.0916621327206686,51.81454731075868
USA,2006,298463000000.0,0.0366832044058299,3.22594410070404,7.9575,1470170000000.0,2256623000000.0,2.78453963650701,4.623,298379912.0,14071835000000.0,13815586948000.0,155267046.0,-786453000000.0,46302.000880005624,-1.8547749941025524,26.975278097319677,2.160335287406712,52.03669541936188
USA,2007,346613000000.0,0.0360571934808977,2.85267248150138,8.05,1659295000000.0,2395228000000.0,2.00385829784946,4.622,301231207.0,14557597000000.0,14474226905000.0,156588966.0,-735933000000.0,48050.223777113504,-0.5759899685640585,28.01201768226667,2.39469093772646,51.982982626365136
USA,2008,341092000000.0,0.0363172078724272,3.839100296651,5.0875,1835280000000.0,2576151000000.0,0.113587249881704,5.784,304093966.0,14723881000000.0,14769857911000.0,158272885.0,-740871000000.0,48570.045980458555,0.31128878339281946,29.867795794531933,2.3093790208094576,52.047361242281276
USA,2009,161083000000.0,0.0396461821808818,-0.355546266299747,3.25,1582774000000.0,2001927000000.0,-2.57650022958367,9.254,306771529.0,14436590000000.0,14478064934000.0,158353162.0,-419153000000.0,47194.94335473355,0.2864673848961755,24.759531168987643,1.1126003422026094,51.61924984244545
USA,2010,264039000000.0,0.0394047047028826,1.6400434423899,3.25,1857247000000.0,2389555000000.0,2.69519257744442,9.633,309378227.0,15185160000000.0,15048964444000.0,158330168.0,-532308000000.0,48642.61001793122,-0.9050161325505753,28.219895234673064,1.7545326855049614,51.17689422921154
USA,2011,263497000000.0,0.0391288870669506,3.156841568622,3.25,2115864000000.0,2695480000000.0,1.56440685763506,8.949,311839461.0,15861958000000.0,15599728123000.0,158537150.0,-579616000000.0,50024.868799398035,-1.6809900463160783,30.842486241194344,1.6891127712123655,50.839348391510974
USA,2012,250345000000.0,0.0387782131703568,2.06933726526067,3.25,2217700000000.0,2769317000000.0,2.28911338669843,8.069,314339099.0,16640301000000.0,16253972230000.0,159682753.0,-551617000000.0,51708.4011556577,-2.376826812137355,30.681835365729548,1.5402081193293635,50.79951985228538
USA,2013,288131000000.0,0.0392621564568635,1.46483265562717,3.25,2287922000000.0,2766375000000.0,2.11783009790057,7.375,316726282.0,17140708000000.0,16843190993000.0,160132463.0,-478453000000.0,53179.012763456114,-1.7663933581448286,30.007953968464506,1.7106675339592523,50.55862809642049
USA,2014,251856000000.0,0.0370526950267928,1.62222297740817,3.25,2378545000000.0,2887445000000.0,2.52381981363968,6.168,319257560.0,17984237000000.0,17550680174000.0,160876331.0,-508900000000.0,54973.42075157124,-2.4703135246136014,30.004478161485526,1.4350213068841944,50.39076631419472
USA,2015,511434000000.0,0.0361309046802651,0.118627135552451,3.26,2270622000000.0,2794942000000.0,2.94555045484053,5.28,321815121.0,18608138000000.0,18206020741000.0,161927418.0,-524320000000.0,56572.91889960634,-2.208704827488365,27.823564918787213,2.8091476291040878,50.31690788699764
USA,2016,474388000000.0,0.0338591199244413,1.26158320570536,3.51166666666667,2235558000000.0,2738830000000.0,1.81945147788167,4.869,324353340.0,18983369000000.0,18695110842000.0,163886456.0,-503272000000.0,57638.10183671918,-1.5418906067804956,26.607962060458373,2.537497659196815,50.52713685636782
USA,2017,380823000000.0,0.0325865910055647,2.13011000365961,4.09666666666667,2388260000000.0,2931589000000.0,2.45762229852507,4.355,326608609.0,19837150000000.0,19477336549000.0,165597316.0,-543329000000.0,59635.098439796486,-1.8473442202674957,27.31302088772056,1.9552108628505067,50.70206707257982
USA,2018,214715000000.0,0.0338040258424814,2.44258329692817,4.90416666666667,2538089000000.0,3131166000000.0,2.96650506901305,3.896,328529577.0,20883383000000.0,20533057312000.0,167002008.0,-593077000000.0,62499.87443900675,-1.7061545325510852,27.610379272095802,1.0457039920427025,50.833172929206306
USA,2019,315984000000.0,0.0329685602788545,1.81221007526021,5.2825,2539391000000.0,3116681000000.0,2.58382533412825,3.669,330226227.0,21764838000000.0,21380976119000.0,168920514.0,-577290000000.0,64746.45067788634,-1.7953431071787447,26.453759494047542,1.4778745284655355,51.1529673262445
USA,2020,137066000000.0,0.0324161750844288,1.23358439630629,3.54416666666667,2151139000000.0,2777341000000.0,-2.16302914036166,8.055,331577720.0,21458070000000.0,21060473613000.0,166565059.0,-626202000000.0,63515.94918078332,-1.887879609481221,23.401562996939425,0.6508210713523236,50.234092628419056
USA,2021,477956000000.0,0.0304223696836328,4.69785886363742,3.25,2555430000000.0,3415459000000.0,6.05505293244555,5.349,332099760.0,23832230000000.0,23315080560000.0,167182196.0,-860029000000.0,70205.05091602595,-2.218089869641008,25.60955766219321,2.0499864830833765,50.34095658485269
USA,2022,416890000000.0,0.0299279250881351,8.00279982052121,5.739947916666668,3017379000000.0,3976314000000.0,2.51237531986017,3.65,334017321.0,26231750000000.0,25604848907611.0,169494100.0,-958935000000.0,76657.24888444034,-2.448368645528913,27.313939735536323,1.628168170428376,50.74410497412498
USA,2023,361944000000.0,0.0307780574276945,4.11633838374488,5.739947916666668,3052469000000.0,3849811000000.0,2.88755600749487,3.638,336806231.0,27576136000000.0,27292170793214.4,172300802.0,-797342000000.0,81032.26211754496,-1.0404639811802852,25.290329788336592,1.326182525905889,51.15724892868742
USA,2024,297058000000.0,0.0303016009637605,2.94952520485207,5.739947916666668,3193500000000.0,4103100000000.0,2.79300127716779,4.022,340110988.0,29194127000000.0,28750956130731.2,174221396.0,-909600000000.0,84534.04078415484,-1.5414126307789333,25.378634250708764,1.0332108561860378,51.22486545480266
VNM,1990,180000000.0,4.621275208644412,5.611181734682327,11.47883723316913,2332325664.6457,2930215540.32873,5.10091813908369,1.8931176470588236,65504552.0,6059727465.28437,6471740805.56984,31496153.0,-597889875.6830301,98.79833703114006,6.366344893338045,81.31569794088904,2.781322760100107,48.082388228531045
VNM,1991,375190280.0,4.621275208644412,5.611181734682327,11.47883723316913,2971976968.94483,3463880947.36613,5.96084393218912,2.14,66891775.0,9101162795.73985,9613369520.41885,32320532.0,-491903978.42129993,143.71527023193585,5.328066538907829,66.94695239417524,3.902796820647472,48.31764742376772
VNM,1992,473945860.0,4.621275208644412,5.611181734682327,11.47883723316913,3428344546.99355,3831479524.7098,8.64604745934572,2.109,68260337.0,9530002864.9729,9866990236.43587,33115526.0,-403134977.71624994,144.54939237167653,3.4153005464480386,73.57688512647933,4.8033478157286345,48.51356945395684
VNM,1993,926303710.0,4.621275208644412,5.611181734682327,32.1825,3785936655.43334,4941471554.07031,8.07273065739605,2.037,69586384.0,12678649294.8005,13180953598.1716,33938919.0,-1155534898.6369696,189.41857358433225,3.810834319610811,66.21226715124978,7.027592526602115,48.77235609771015
VNM,1994,1944515940.0,4.621275208644412,5.611181734682327,11.47883723316913,5539525589.2744,7078095299.80118,8.83898095245374,1.972,70854391.0,15874378573.091,16286433533.3228,34771003.0,-1538569710.5267801,229.85778726575745,2.53005029854275,77.47319794268857,11.939482858671482,49.07388590779081
VNM,1995,1780400000.0,4.621275208644412,5.611181734682327,11.47883723316913,6804127645.72674,8690196941.38041,9.54048017491264,1.955,72049940.0,20716686821.6426,20736164458.9505,35609733.0,-1886069295.6536694,287.8026610285935,0.09393076210625925,74.72126592060869,8.585965854603902,49.4236816852311
VNM,1996,2395000000.0,4.621275208644412,5.67499999999994,20.1,10077135261.0313,12781756977.748,9.34001749939179,1.93,73156447.0,24441564978.0311,24657470574.7501,36468498.0,-2704621716.7166996,337.0512317902768,0.8756194033141866,92.70574680189381,9.713080637121568,49.8500125354639
VNM,1997,2220000000.0,4.621275208644412,3.20952606261374,14.4166666666667,11570361482.9776,13755189203.4817,8.1520841433542,2.87,74226889.0,26413770534.2458,26843700441.5482,37016863.0,-2184827720.504101,361.64388408556636,1.6016044741616953,94.34448406845156,8.270096758209698,49.869883405729155
VNM,1998,1671000000.0,4.621275208644412,7.2661980440096,14.4,12203044874.8869,14190608828.7609,5.76445545848843,2.29,75299660.0,26593005728.0675,27209602050.0452,37710949.0,-1987563953.8740005,361.3509284111668,2.2660982723805585,97.00124851184273,6.141214402645864,50.08116769717154
VNM,1999,1412000000.0,4.621275208644412,4.11710235771736,12.7,14332147613.4295,15151041598.7572,4.77358688344989,2.33,76287452.0,28163764011.6506,28683659006.7752,38384112.0,-818893985.3276997,375.99445590049595,1.8125128143581617,102.78740660395749,4.9226634568012395,50.315105556284664
VNM,2000,1298000000.0,4.29865814068281,-1.71033727851109,10.55,16808688578.4482,17922825683.9146,6.78731640463151,2.26,77154011.0,30725942358.3893,31172518403.3162,38790735.0,-1114137105.4664001,404.029784055118,1.4325953365365285,111.41709441951275,4.163924079556934,50.27701670623449
VNM,2001,1300000000.0,3.365437690751,-0.43154451172818,9.42,17997102361.0826,18595918551.7177,6.19289331233377,2.76,77969361.0,32247852315.5992,32685198808.5549,40511879.0,-598816190.6351013,419.2056775809013,1.3380567011917042,111.95593799852483,3.977335452705715,51.95871619365972
VNM,2002,1400000000.0,5.04789720062267,3.83082838168467,9.06166666666667,19193787586.6357,21724925553.8467,6.32082099160833,2.12,78772224.0,34494322458.1956,35064105500.8344,41102232.0,-2531137967.2109985,445.13286181731263,1.6249752688692862,116.69686865249902,3.9926870513399666,52.17858518251306
VNM,2003,1450000000.0,5.30939712398707,3.23464817293927,9.48,22415697835.6912,26759132794.8152,6.89906349055258,2.25,79563777.0,38923547269.9981,39552513231.9169,41746162.0,-4343434959.124001,497.11708924925597,1.5902047949035418,124.32795443912468,3.666012299895832,52.468803737157934
VNM,2004,1610000000.0,5.08498588717851,7.75494748709601,9.7225,27134530700.4954,33292010669.3764,7.53641060890386,2.14,80338971.0,44576781404.8012,45427854693.2554,42508994.0,-6157479968.8810005,565.4522845862116,1.8734613249974978,133.0164978687475,3.5440810728819954,52.91204688195471
VNM,2005,1954000000.0,4.621275208644412,8.28457243128677,11.025,36712091514.5168,38623129994.4064,7.54724772895918,2.078,81088313.0,56575238954.8135,57633255738.1992,43513617.0,-1911038479.8896027,710.7467599948615,1.8357747967454363,130.714846045026,3.390403639308707,53.66200798874679
VNM,2006,2400000000.0,4.621275208644412,7.41801715108463,11.17625,44944777029.2449,46856276474.358,6.97795481056711,2.046,82167897.0,64945527298.873,66371664817.0436,44781401.0,-1911499445.1130981,807.7566451170535,2.1487143980820904,138.3136218695983,3.6160009043252193,54.49987481120516
VNM,2007,6700000000.0,4.621275208644412,8.34444889773837,11.18,54591007520.8979,65095862341.9564,7.12950448605439,2.026,83633375.0,75243501680.3657,77414425532.2452,46296491.0,-10504854821.058495,925.6403383487178,2.8042885249794147,154.60538399655437,8.654717714348044,55.35647820024003
VNM,2008,9579000000.0,4.621275208644412,23.1154483474477,15.7835714285714,69724976613.6576,83250410219.4482,5.66177120891362,1.889,85175788.0,96180833933.9662,99130304099.1274,47894666.0,-13525433605.790604,1163.8319577287316,2.975346632863963,154.3174796277583,9.663039054557203,56.230376172158216
VNM,2009,7600000000.0,4.621275208644412,6.71698269988629,10.069,66374595300.6651,76433848844.8916,5.39789754014181,1.737,86460018.0,101448142163.608,106014659565.214,49267257.0,-10059253544.226501,1226.1697605153634,4.307439575181533,134.70631772175744,7.168819888842755,56.98270500013081
VNM,2010,8000000000.0,4.621275208644412,9.20746648778413,13.13525,79747480852.5934,88029012388.6525,6.42324482239482,1.114,87455152.0,142634239839.849,147201173196.979,50303014.0,-8281531536.059097,1683.1618244397882,3.102511520759898,113.97768753971395,5.43473929334429,57.51863995388173
VNM,2011,7430000000.0,4.621275208644412,18.6777322770707,16.9538333333333,105593919857.799,110599636247.243,6.41316889681683,0.999,88468314.0,167761189190.507,172595049183.925,51197726.0,-5005716389.444,1950.9250417491282,2.8006944673522023,125.2605779408287,4.304874349021599,57.87125772511048
VNM,2012,8368000000.0,4.621275208644412,9.09470339557192,13.4716666666667,124149069364.149,116865795250.0,5.5045447041189,1.027,89510356.0,189361661225.274,195590661129.249,51916391.0,7283274114.149002,2185.117676542913,3.1847123313616685,123.22411674598463,4.278322876811746,58.00042958157825
VNM,2013,8900000000.0,4.621275208644412,6.59267475899192,10.3741666666667,142758439316.46,136871750776.669,5.55351081026072,1.316,90573104.0,206372010776.926,213708811665.34,53209344.0,5886688539.790985,2359.517364728275,3.4330830026340498,130.84635486674244,4.164545172773253,58.74740033200143
VNM,2014,9200000000.0,4.621275208644412,4.08455446637617,8.665,162478898406.019,153638953979.785,6.42224312118567,1.256,91679578.0,224605804804.237,233451469642.519,53885546.0,8839944426.234009,2546.38464459903,3.7890808105972758,135.4105214543609,3.9408618905196153,58.77595335353747
VNM,2015,11800000000.0,4.621275208644412,0.631200905175754,7.1175,174473996313.379,172245363653.847,6.98715430598611,1.848,92823254.0,227116870128.414,239258328381.741,54628714.0,2228632659.532013,2577.5688534011206,5.074623038390153,144.91422819523714,4.931907733290223,58.852401360547
VNM,2016,12600000000.0,4.621275208644412,2.66824816969082,6.96,190526869544.715,183315160786.75,6.69000892660424,1.848,94000117.0,242953110901.302,257096001177.982,54888312.0,7211708757.964996,2735.0604380416034,5.50101526740168,145.40950797311785,4.900893029167456,58.3917485975044
VNM,2017,14100000000.0,4.621275208644412,3.52025688811617,7.0675,230041803530.193,222881466764.771,6.94019037359206,1.874,95176977.0,264356106349.992,281353605986.903,55533898.0,7160336765.421997,2956.109921277527,6.0413299404103755,160.98008365887003,5.011487217496816,58.348037256951336
VNM,2018,15500000000.0,4.621275208644412,3.53962805942641,7.371875,261802606599.096,248830928922.633,7.46500685572751,1.161,96237319.0,294286042195.288,310106478394.659,56235855.0,12971677676.463013,3222.310031253666,5.101614220144408,164.6639367758928,4.998283196223275,58.434561129035615
VNM,2019,16120000000.0,4.621275208644412,2.7958236745225,7.7075,284737397482.992,265976296626.188,7.35926270105006,1.681,97173776.0,317567408001.614,334365270496.667,56180127.0,18761100856.804016,3440.900253754336,5.0238059922017,164.70421503140815,4.821074861051003,57.81408247426755
VNM,2020,15800000000.0,4.621275208644412,3.22093436652514,7.6475,292479899128.741,273355953899.644,2.86541320912272,2.103,98079191.0,331798335389.682,346615738537.796,55149609.0,19123945229.097015,3534.039534826465,4.274878922296334,163.2458628149352,4.55836196782424,56.22967363179004
VNM,2021,15660000000.0,4.621275208644412,1.83471554810444,7.811,343937314545.796,340182482326.141,2.55372852648131,2.383,98935098.0,347725576769.191,366474752771.009,55299911.0,3754832219.6550293,3704.1935590037924,5.116089405900596,186.67583283681427,4.273145661901878,55.895139457990936
VNM,2022,17900000000.0,4.621275208644412,3.15650749963129,8.01333333333333,386241068014.827,370998835148.792,8.53750046755788,1.57,99680655.0,393530727717.776,413445230668.578,56475416.0,15242232866.035034,4147.697772136208,4.816720927847799,183.1536191478359,4.329473089108827,56.656345205596814
VNM,2023,18500000000.0,4.621275208644412,3.25289282667662,9.323,375145540249.857,339930322254.124,5.06502391455075,1.645,100352192.0,411394681378.292,433857681378.291,56381956.0,35215217995.73297,4323.3503198245135,5.177504274820708,164.81807126989392,4.2640710984368635,56.18408016438744
VNM,2024,20170000000.0,4.621275208644412,3.62109273885843,11.47883723316913,429484098196.194,398774124843.597,7.09118746633975,1.602,100987686.0,460695230307.174,476388230307.175,56703936.0,30709973352.596985,4717.290287324487,3.2941619884022186,173.86202478296545,4.233941713252317,56.14935666512846
ZAF,1990,-75722412.1197067,0.107573483787533,14.3209918914915,21.0,27148931269.0617,21016333110.5804,-0.317760426540374,25.032323529411766,40746268.0,121780791791.973,126048140141.869,14739816.0,6132598158.4813,3093.489203523351,3.385490928381041,38.211800924179755,-0.06007420024958721,36.1746405830345
ZAF,1991,254133621.74014,0.0954941693774868,15.3347785733672,20.3125,26149497612.5505,21011728107.8037,-1.0182449675445,23.137,41687898.0,131995444199.593,135203698237.977,15115009.0,5137769504.746799,3243.236160239526,2.372904055284817,34.88160925697757,0.18796351361101826,36.257546494668546
ZAF,1992,3358018.17406729,0.0811651988699996,13.874703748615,18.9058333333333,27855753863.7608,22581586205.3973,-2.13703284500521,23.463,42443509.0,144010513272.375,146956150986.636,15381627.0,5274167658.363499,3462.3940020283426,2.0044330873423997,34.32135349934744,0.002285047717650596,36.24023404850904
ZAF,1993,11290546.0235309,0.0690923030759448,9.71742729803028,16.1583333333333,29312901691.7492,23232862325.1162,1.23355793864741,23.361,43297156.0,144532358674.583,147194747565.75,15744688.0,6080039366.632999,3399.6400956624034,1.8087526458630852,35.69812434604291,0.007670481596829777,36.364254502074
ZAF,1994,374410441.074406,0.0643371830043216,8.938563723594,15.5833333333333,30010718717.3137,26964924504.2945,3.20000000297172,23.067,44004139.0,151091003233.639,153512712381.836,16012767.0,3045794213.019203,3488.59711541762,1.5775300368437328,37.114609166628014,0.24389539814991062,36.38922920409828
ZAF,1995,1248424932.7343,0.0481478809615024,8.68042421392631,17.8958333333333,34412207047.8084,33385762947.3806,3.10000000054411,22.705,44541554.0,168861173587.054,171735933897.331,16155006.0,1026444100.427803,3855.634087156703,1.6739422234112216,39.478033779302535,0.7269445039269689,36.26951587724128
ZAF,1996,816389273.755428,0.0458760618462823,7.35411972085333,19.5208333333333,35543985845.2989,33339931231.4492,4.29999999726792,22.5,45123018.0,160122826316.263,163234925380.563,16358427.0,2204054613.849697,3617.553360029309,1.9065154451747965,42.19925173252805,0.5001314956662078,36.252954090969716
ZAF,1997,3810543923.03317,0.104154475445804,8.59777611252274,20.0,36601647322.6125,34878325819.5272,2.60000000146347,22.549,45666838.0,165756676595.857,168978057327.73,16607141.0,1723321503.0853043,3700.2355478986747,1.9063899673229197,42.30133442918304,2.2550525099496714,36.365865751423385
ZAF,1998,550338595.971811,0.169042032624031,6.88054521037351,21.7916666666667,34450654127.0311,32916543361.3758,0.50000000034143,22.739,46223880.0,149819615960.396,152982984557.233,16939801.0,1534110765.6552963,3309.609330874712,2.067791137682731,44.03574533689655,0.3597384359865995,36.64729356341354
ZAF,1999,1503332454.41011,0.202526744496003,5.18148905111697,18.0,33741638410.0523,30286845828.5512,2.39999999746338,22.884,46730335.0,148308666492.948,151516957078.536,17269604.0,3454792581.5010986,3242.368304839587,2.1174465534739157,42.25829601726724,0.9921875962905495,36.95587459409396
ZAF,2000,968831355.95909,0.213942568890892,5.33895913599828,14.5,37034203153.1617,33107016485.1348,4.20000000067826,22.788,47159719.0,148579191530.395,151752757215.309,17579103.0,3927186668.0268974,3217.8469344846817,2.0912738214115616,46.2207217354075,0.6384275144236742,37.275673758785544
ZAF,2001,7270344986.4768,0.20793962485649,5.70189483049608,13.7708333333333,35694800701.716,30897364104.6692,2.70000000019104,22.652,47566800.0,131692500471.299,135429905922.526,17886684.0,4797436597.0468025,2847.1519194590765,2.759660376169075,49.170945185829126,5.368345297851622,37.60329473498322
ZAF,2002,1479804588.75226,0.207737367096158,9.494713780996,15.75,36701099077.7029,32316210606.3261,3.70037440406668,22.579,48019415.0,126298380475.312,129087556612.449,18213750.0,4384888471.376804,2688.2367603280672,2.1606855148019934,53.46550162943675,1.1463572691169444,37.929970617093105
ZAF,2003,783136092.25814,0.198356742543212,5.67942414068799,14.9583333333333,47117624127.3835,42967056805.1894,2.94907546754213,22.679,48500348.0,192409559233.228,197018965308.697,18543438.0,4150567322.1940994,4062.2175599378584,2.33957480603291,45.72386256897894,0.3974927444325433,38.233618447438765
ZAF,2004,701422007.629778,0.182996532323742,-0.692039437857687,11.2916666666667,58215305278.4397,58544113474.1233,4.55455990721774,22.567,48991421.0,251495558194.484,255806908594.573,18856474.0,-328808195.6836014,5221.463337317221,1.6853924797324478,45.64357522400396,0.27419979056994825,38.48933877627269
ZAF,2005,6522098178.1805,0.212408122435475,2.06285308223427,10.625,68171982951.6578,68831329348.0066,5.27705197295467,22.472,49490033.0,283925657333.605,288867217196.534,19148046.0,-659346396.3488083,5836.876633251265,1.7106682824333685,47.42778139703291,2.2578187450544513,38.69071172371213
ZAF,2006,623291744.343519,0.227714479492041,3.2439076541923,11.1666666666667,79301796383.6635,84077365459.513,5.60380645895889,22.304,49998277.0,298723218173.567,303858675363.643,19425615.0,-4775569075.849503,6077.382933888762,1.690080819292103,53.7681412741145,0.2051255385740079,38.852568859522904
ZAF,2007,6586792253.1097,0.237888209522884,6.17781214809388,13.1666666666667,93124912619.8572,97145854047.3063,5.36047405394162,22.26,50528584.0,323309276978.553,333077117253.684,19701783.0,-4020941427.449112,6591.8553596056445,2.932606225149802,57.12513913774694,1.9775577221934921,38.99136180028318
ZAF,2008,9885001293.44358,0.247901308841603,9.90998456005467,15.125,101967105838.93,106598986614.936,3.1910438863288,22.407,51114599.0,307188878051.107,316131258616.309,19985153.0,-4631880776.006012,6184.754743283988,2.8286922983644156,65.97452379962347,3.126866143104527,39.09871815682248
ZAF,2009,7624489973.88189,0.261422597614696,7.23809523809527,11.7083333333333,82381621006.4253,81135290312.0889,-1.53808913525583,23.523,51728516.0,323126593033.907,329754060647.129,19627941.0,1246330694.3363953,6374.705600429926,2.009821380278353,49.587535327880076,2.31217470344994,37.94414090672928
ZAF,2010,3693271715.48139,0.256268349621624,4.06749555950263,9.83333333333333,107610657455.818,102766114850.772,3.03973288127956,24.683,52344051.0,409232529965.626,417363822801.713,19313604.0,4844542605.04599,7973.471957715176,1.9482505171393742,50.40608716259979,0.8849046116860111,36.89741934570559
ZAF,2011,4139289122.68736,0.252820402352178,5.0008533879502,9.0,126912776368.754,123430705322.531,3.16855627858818,24.639,52995205.0,447479678691.973,458199494830.834,19595642.0,3482071046.222992,8646.055710716357,2.3395521513655724,54.63635043589717,0.903381424332555,36.97625473851833
ZAF,2012,4626029122.40006,0.249662280256129,5.73797139141739,8.75,117892612029.379,123558580031.425,2.39623238465745,24.727,53782567.0,423516734077.151,434400545085.811,20077789.0,-5665968002.046005,8076.976784797404,2.505478211706663,55.58261719333433,1.064922494856962,37.33140703380707
ZAF,2013,8232518815.62083,0.242127513628629,5.78016910069176,8.5,113768565563.408,122253185705.996,2.48546800826588,24.561,54678791.0,391194711860.894,400886013595.573,20696420.0,-8484620142.587997,7331.65467384919,2.4174706540038886,58.87502763005109,2.0535809522968456,37.85091005395492
ZAF,2014,5791659020.09996,0.239613276998032,6.13282953059149,9.125,110550033012.43,116261670807.052,1.41382645223793,24.89,55594838.0,371745234720.224,381198869776.106,21191119.0,-5711637794.622009,6856.731370925229,2.4799745763765073,59.49957405505897,1.519327437539792,38.11706223516651
ZAF,2015,1521139945.30531,0.238024279262203,4.51869094892506,9.41666666666667,96085897668.3633,100591042327.088,1.32186223678229,25.149,56723537.0,338766618711.13,346709790458.563,22199948.0,-4505144658.724701,6112.27382485974,2.2910145505055506,56.72667614471566,0.43873579205635643,39.13710105912472
ZAF,2016,2215307020.39541,0.233457316957649,6.60290842394872,10.4583333333333,91109021408.9525,89649913398.7817,0.664552307858116,26.536,57259551.0,315294078694.387,323585509674.481,22454382.0,1459108010.170807,5651.205851657499,2.562361642347634,55.86125750487814,0.6846125534557941,39.21508570683693
ZAF,2017,2058579911.05235,0.229090018644241,5.18618655524149,10.375,104288394992.827,99923782384.0035,1.15794695181735,27.035,57635162.0,370872982190.206,381448814653.456,22888401.0,4364612608.823502,6618.335082556999,2.7725430141546203,53.53593182937429,0.5396739567594561,39.71256470138837
ZAF,2018,5569462350.15206,0.229245847513525,4.50987264867388,10.0833333333333,111434691806.498,109373822794.536,1.55678384721676,26.906,58613001.0,393942767301.253,405260723892.517,23325105.0,2060869011.9620056,6914.178031807603,2.792759308761877,54.485545127634104,1.3742911715345967,39.795104502497665
ZAF,2019,5116098443.48715,0.228613058346216,4.10285075461156,10.125,105906059178.622,103935027605.427,0.25993557687633,28.468,59587885.0,379611880898.869,389330032224.269,23899064.0,1971031573.194992,6533.711210328559,2.4961216759671743,53.89799640814057,1.314077522933058,40.107253345206
ZAF,2020,3153552569.39324,0.239923790431449,3.23238831615113,7.70833333333333,93199600859.2205,78355182004.1248,-6.1689177146757,29.217,60562381.0,332348833104.838,337974655408.055,22347803.0,14844418855.095703,5580.603830751882,1.6645692844703464,50.75965908041773,0.9330736843523921,36.90046961660903
ZAF,2021,40658789144.9382,0.220638358471984,4.61874544887136,7.04166666666667,131000485997.462,104883607897.811,4.85864865060148,34.007,61502603.0,411963103952.87,419986284375.368,23480812.0,26116878099.651,6828.756245900161,1.9103434376269224,56.16471362775472,9.680980226630187,38.178566198246926
ZAF,2022,9238990828.45042,0.214147215380552,7.03987272546482,8.79166666666667,136705431596.872,128016518313.047,2.05813661692193,33.268,62378410.0,399131611405.409,407596043067.885,24587967.0,8688913283.824997,6534.248677833965,2.076671696507678,64.94713440234003,2.2667027773161355,39.417431447835874
ZAF,2023,3862994369.64947,0.210618728835036,6.0752438457966,11.5,126843584296.229,123686210464.208,0.80610455095804,32.098,63212384.0,376303556657.57,381440724491.232,25707269.0,3157373832.0210114,6034.272089646737,1.3467801164948954,65.67987597407047,1.0127377916455973,40.66808965787463
ZAF,2024,2330218039.32031,0.213233288359423,4.36115246518962,11.625,127531645077.343,119761291334.041,0.534843531905139,32.279,64007187.0,393257786991.279,401144998373.585,26362253.0,7770353743.302002,6267.186814093002,1.9661746785536875,61.64677047302505,0.5808917096730658,41.18639520902551
