country,country_code,year,fdi_inflow_usd
Africa Eastern and Southern,AFE,2024,25582891355.4968
Africa Eastern and Southern,AFE,2023,22923833644.6188
Africa Eastern and Southern,AFE,2022,21058174316.9843
Africa Eastern and Southern,AFE,2021,54386513624.2992
Africa Eastern and Southern,AFE,2020,13221091263.8525
Africa Eastern and Southern,AFE,2019,14927462931.6913
Africa Eastern and Southern,AFE,2018,13290651715.1231
Africa Eastern and Southern,AFE,2017,10173289799.701
Africa Eastern and Southern,AFE,2016,16660273040.2263
Africa Eastern and Southern,AFE,2015,28638751768.0602
Africa Eastern and Southern,AFE,2014,27691393525.16
Africa Eastern and Southern,AFE,2013,21534247723.7912
Africa Eastern and Southern,AFE,2012,24636341951.4997
Africa Eastern and Southern,AFE,2011,17538712522.7342
Africa Eastern and Southern,AFE,2010,13934876540.0955
Africa Eastern and Southern,AFE,2009,18484263835.8484
Africa Eastern and Southern,AFE,2008,22483230616.8784
Africa Eastern and Southern,AFE,2007,16122287676.443
Africa Eastern and Southern,AFE,2006,7234542923.52866
Africa Eastern and Southern,AFE,2005,10333881073.1732
Africa Eastern and Southern,AFE,2004,7979693794.68569
Africa Eastern and Southern,AFE,2003,8555151106.70481
Africa Eastern and Southern,AFE,2002,6464122719.65185
Africa Eastern and Southern,AFE,2001,12205013774.3169
Africa Eastern and Southern,AFE,2000,4315009017.3853
Africa Eastern and Southern,AFE,1999,6254804528.7711
Africa Eastern and Southern,AFE,1998,4121574276.42316
Africa Eastern and Southern,AFE,1997,5757032203.08003
Africa Eastern and Southern,AFE,1996,2087426669.63913
Africa Eastern and Southern,AFE,1995,2662960706.50553
Africa Eastern and Southern,AFE,1994,1187865944.08517
Africa Eastern and Southern,AFE,1993,839514648.985742
Africa Eastern and Southern,AFE,1992,652324976.217141
Africa Eastern and Southern,AFE,1991,1247968655.47255
Africa Eastern and Southern,AFE,1990,100673066.913513
Africa Eastern and Southern,AFE,1989,400488555.909831
Africa Eastern and Southern,AFE,1988,536594623.832505
Africa Eastern and Southern,AFE,1987,279804684.253772
Africa Eastern and Southern,AFE,1986,411045300.703155
Africa Eastern and Southern,AFE,1985,106432296.255464
Africa Eastern and Southern,AFE,1984,598858245.285658
Africa Eastern and Southern,AFE,1983,86246455.0162176
Africa Eastern and Southern,AFE,1982,581698643.395738
Africa Eastern and Southern,AFE,1981,372130053.332138
Africa Eastern and Southern,AFE,1980,483620276.464599
Africa Eastern and Southern,AFE,1979,-12312370.2354044
Africa Eastern and Southern,AFE,1978,168439069.521513
Africa Eastern and Southern,AFE,1977,67103622.206923
Africa Eastern and Southern,AFE,1976,411261082.713661
Africa Eastern and Southern,AFE,1975,316834707.284757
Africa Eastern and Southern,AFE,1974,898515563.30674
Africa Eastern and Southern,AFE,1973,176559138.7134
Africa Eastern and Southern,AFE,1972,218888245.6811
Africa Eastern and Southern,AFE,1971,326490932.3561
Africa Eastern and Southern,AFE,1970,421709865.5601
Africa Western and Central,AFW,2024,17661483975.05
Africa Western and Central,AFW,2023,19530711327.0716
Africa Western and Central,AFW,2022,15615917398.1501
Africa Western and Central,AFW,2021,16440968750.6979
Africa Western and Central,AFW,2020,10031497057.1803
Africa Western and Central,AFW,2019,12601244673.6158
Africa Western and Central,AFW,2018,14887496086.8658
Africa Western and Central,AFW,2017,17742426923.7236
Africa Western and Central,AFW,2016,15648129980.009
Africa Western and Central,AFW,2015,16597546703.8138
Africa Western and Central,AFW,2014,16598028191.7697
Africa Western and Central,AFW,2013,19157553406.6035
Africa Western and Central,AFW,2012,20912687296.2683
Africa Western and Central,AFW,2011,24501138032.0994
Africa Western and Central,AFW,2010,18874323021.3808
Africa Western and Central,AFW,2009,18159745859.8079
Africa Western and Central,AFW,2008,16317443290.5413
Africa Western and Central,AFW,2007,13030657207.6405
Africa Western and Central,AFW,2006,9202356523.6166
Africa Western and Central,AFW,2005,9278129444.76762
Africa Western and Central,AFW,2004,4653748706.48667
Africa Western and Central,AFW,2003,5262166818.94776
Africa Western and Central,AFW,2002,4408519418.03472
Africa Western and Central,AFW,2001,3224338692.78972
Africa Western and Central,AFW,2000,2560094795.71499
Africa Western and Central,AFW,1999,2391058457.26265
Africa Western and Central,AFW,1998,1897977345.17255
Africa Western and Central,AFW,1997,1622432327.84234
Africa Western and Central,AFW,1996,1182474447.18205
Africa Western and Central,AFW,1995,945428072.37244
Africa Western and Central,AFW,1994,2389930551.60974
Africa Western and Central,AFW,1993,1757936788.80147
Africa Western and Central,AFW,1992,1214631392.15396
Africa Western and Central,AFW,1991,837652713.906606
Africa Western and Central,AFW,1990,1073307825.92589
Africa Western and Central,AFW,1989,2569136447.72938
Africa Western and Central,AFW,1988,973621876.651453
Africa Western and Central,AFW,1987,1037919132.48478
Africa Western and Central,AFW,1986,204429670.558956
Africa Western and Central,AFW,1985,893620026.79566
Africa Western and Central,AFW,1984,338951391.008596
Africa Western and Central,AFW,1983,768217164.303354
Africa Western and Central,AFW,1982,878530340.393694
Africa Western and Central,AFW,1981,1172896062.16749
Africa Western and Central,AFW,1980,-228089204.802763
Africa Western and Central,AFW,1979,785673507.757542
Africa Western and Central,AFW,1978,751399198.553945
Africa Western and Central,AFW,1977,778790474.853075
Africa Western and Central,AFW,1976,605378805.497151
Africa Western and Central,AFW,1975,969105150.470566
Africa Western and Central,AFW,1974,518269117.686841
Africa Western and Central,AFW,1973,642409999.5
Africa Western and Central,AFW,1972,476659999.0
Africa Western and Central,AFW,1971,388679999.7
Africa Western and Central,AFW,1970,407459999.6
Arab World,ARB,2024,131690670268.38
Arab World,ARB,2023,88135068104.7684
Arab World,ARB,2022,76893624303.3792
Arab World,ARB,2021,68885397873.7187
Arab World,ARB,2020,32410671974.4138
Arab World,ARB,2019,34413431967.3474
Arab World,ARB,2018,42865771096.2676
Arab World,ARB,2017,30527077377.2239
Arab World,ARB,2016,47085439651.6688
Arab World,ARB,2015,21337111052.2071
Arab World,ARB,2014,24540020180.3313
Arab World,ARB,2013,35765830416.7
Arab World,ARB,2012,42932591402.5434
Arab World,ARB,2011,33243608525.5217
Arab World,ARB,2010,45647503422.7865
Arab World,ARB,2009,40656588740.4084
Arab World,ARB,2008,54801432358.3702
Arab World,ARB,2007,63693369753.3192
Arab World,ARB,2006,57164037967.5618
Arab World,ARB,2005,38336974236.7612
Arab World,ARB,2004,21373075480.7873
Arab World,ARB,2003,14595559432.7752
Arab World,ARB,2002,6159576365.68663
Arab World,ARB,2001,8899597175.62231
Arab World,ARB,2000,3840491008.36542
Arab World,ARB,1999,2881569836.4819
Arab World,ARB,1998,9641399376.49394
Arab World,ARB,1997,8973444816.90659
Arab World,ARB,1996,3662695409.01061
Arab World,ARB,1995,299885485.775074
Arab World,ARB,1994,4909888144.10083
Arab World,ARB,1993,4331542880.71317
Arab World,ARB,1992,3477597028.79316
Arab World,ARB,1991,2123621591.05692
Arab World,ARB,1990,3053835681.97421
Arab World,ARB,1989,1312830828.2652
Arab World,ARB,1988,1628746427.10903
Arab World,ARB,1987,12216556.7856191
Arab World,ARB,1986,2333917876.22081
Arab World,ARB,1985,2022484766.22151
Arab World,ARB,1984,6253971511.46118
Arab World,ARB,1983,5637820865.74215
Arab World,ARB,1982,11797986204.3714
Arab World,ARB,1981,7107307475.33002
Arab World,ARB,1980,-3211683186.33158
Arab World,ARB,1979,-137420541.860675
Arab World,ARB,1978,638527390.915861
Arab World,ARB,1977,924430386.842686
Arab World,ARB,1976,406538235.221491
Arab World,ARB,1975,1474964060.39274
Arab World,ARB,1974,-3399182606.66216
Arab World,ARB,1973,-691490283.776953
Arab World,ARB,1972,267977643.702819
Arab World,ARB,1971,47852734.621803
Arab World,ARB,1970,489809999.8
Caribbean small states,CSS,2024,9648119556.24827
Caribbean small states,CSS,2023,-1255126069.15702
Caribbean small states,CSS,2022,-311907022.404073
Caribbean small states,CSS,2021,2640722500.57985
Caribbean small states,CSS,2020,3540689091.90408
Caribbean small states,CSS,2019,4362342307.42242
Caribbean small states,CSS,2018,2109766997.41608
Caribbean small states,CSS,2017,895923112.872218
Caribbean small states,CSS,2016,1849368612.48883
Caribbean small states,CSS,2015,2001766550.25112
Caribbean small states,CSS,2014,2476239774.42075
Caribbean small states,CSS,2013,521253246.58839
Caribbean small states,CSS,2012,386949340.143397
Caribbean small states,CSS,2011,2130997241.81136
Caribbean small states,CSS,2010,2485081947.62092
Caribbean small states,CSS,2009,2535905058.39144
Caribbean small states,CSS,2008,5249111174.42821
Caribbean small states,CSS,2007,3030703256.76332
Caribbean small states,CSS,2006,2906214384.45215
Caribbean small states,CSS,2005,2558738587.60798
Caribbean small states,CSS,2004,2111650417.63626
Caribbean small states,CSS,2003,1647157837.0044
Caribbean small states,CSS,2002,1777132500.85353
Caribbean small states,CSS,2001,1575395972.07954
Caribbean small states,CSS,2000,1411007389.82474
Caribbean small states,CSS,1999,1192296131.04593
Caribbean small states,CSS,1998,1258822407.85887
Caribbean small states,CSS,1997,1529832066.8225
Caribbean small states,CSS,1996,704064566.069544
Caribbean small states,CSS,1995,733926537.735981
Caribbean small states,CSS,1994,806069632.424357
Caribbean small states,CSS,1993,576065212.056658
Caribbean small states,CSS,1992,430553464.052288
Caribbean small states,CSS,1991,393283875.498365
Caribbean small states,CSS,1990,239532454.908289
Caribbean small states,CSS,1989,48674489.0744664
Caribbean small states,CSS,1988,69234874.5313189
Caribbean small states,CSS,1987,36087037.037037
Caribbean small states,CSS,1986,-21418518.4185186
Caribbean small states,CSS,1985,52155758.8494116
Caribbean small states,CSS,1984,103097352.852792
Caribbean small states,CSS,1983,247391666.717289
Caribbean small states,CSS,1982,290083333.419603
Caribbean small states,CSS,1981,454505555.562458
Caribbean small states,CSS,1980,289229902.037907
Caribbean small states,CSS,1979,141977068.766779
Caribbean small states,CSS,1978,143840333.287014
Caribbean small states,CSS,1977,110670960.818431
Caribbean small states,CSS,1976,162720408.640249
Caribbean small states,CSS,1975,116987131.611015
Caribbean small states,CSS,1974,274800684.434229
Caribbean small states,CSS,1973,195880300.010363
Caribbean small states,CSS,1972,201179836.99389
Caribbean small states,CSS,1971,167716171.638498
Caribbean small states,CSS,1970,185478499.794566
Central Europe and the Baltics,CEB,2024,-3635896100.53314
Central Europe and the Baltics,CEB,2023,6690415807.24922
Central Europe and the Baltics,CEB,2022,81535457703.2409
Central Europe and the Baltics,CEB,2021,121611229910.245
Central Europe and the Baltics,CEB,2020,212564037469.989
Central Europe and the Baltics,CEB,2019,153689624903.673
Central Europe and the Baltics,CEB,2018,-18812850494.8408
Central Europe and the Baltics,CEB,2017,30937237488.887
Central Europe and the Baltics,CEB,2016,116332256719.116
Central Europe and the Baltics,CEB,2015,23462819795.6785
Central Europe and the Baltics,CEB,2014,53836855849.5975
Central Europe and the Baltics,CEB,2013,15731078031.262
Central Europe and the Baltics,CEB,2012,39375483159.954
Central Europe and the Baltics,CEB,2011,50153510100.7102
Central Europe and the Baltics,CEB,2010,21282742015.7894
Central Europe and the Baltics,CEB,2009,30444672817.104
Central Europe and the Baltics,CEB,2008,138205391860.789
Central Europe and the Baltics,CEB,2007,153392903966.077
Central Europe and the Baltics,CEB,2006,81628100565.9901
Central Europe and the Baltics,CEB,2005,74726630916.3751
Central Europe and the Baltics,CEB,2004,43043918533.3494
Central Europe and the Baltics,CEB,2003,20414105077.8083
Central Europe and the Baltics,CEB,2002,26481834432.6867
Central Europe and the Baltics,CEB,2001,21625801492.5101
Central Europe and the Baltics,CEB,2000,23562956308.4427
Central Europe and the Baltics,CEB,1999,22103118135.4092
Central Europe and the Baltics,CEB,1998,19665293910.2945
Central Europe and the Baltics,CEB,1997,14298828886.7246
Central Europe and the Baltics,CEB,1996,11262472730.75
Central Europe and the Baltics,CEB,1995,12558106072.37
Central Europe and the Baltics,CEB,1994,5377514695.24171
Central Europe and the Baltics,CEB,1993,5563094008.72228
Central Europe and the Baltics,CEB,1992,2522640711.57185
Central Europe and the Baltics,CEB,1991,1849041210.2598
Central Europe and the Baltics,CEB,1990,646819000.0
Central Europe and the Baltics,CEB,1989,11000000.0
Central Europe and the Baltics,CEB,1988,15000000.0
Central Europe and the Baltics,CEB,1987,12000000.0
Central Europe and the Baltics,CEB,1986,16000000.0
Central Europe and the Baltics,CEB,1985,15000000.0
Central Europe and the Baltics,CEB,1984,28000000.0
Central Europe and the Baltics,CEB,1983,16000000.0
Central Europe and the Baltics,CEB,1982,14000000.0
Central Europe and the Baltics,CEB,1981,18000000.0
Central Europe and the Baltics,CEB,1980,10000000.0
Central Europe and the Baltics,CEB,1979,30000000.0
Central Europe and the Baltics,CEB,1978,25000000.0
Central Europe and the Baltics,CEB,1977,5000000.0
Central Europe and the Baltics,CEB,1976,6000000.0
Central Europe and the Baltics,CEB,1975,0.0
Central Europe and the Baltics,CEB,1974,0.0
Central Europe and the Baltics,CEB,1973,0.0
Central Europe and the Baltics,CEB,1972,0.0
Central Europe and the Baltics,CEB,1971,0.0
Early-demographic dividend,EAR,2024,272267697055.782
Early-demographic dividend,EAR,2023,233692765906.398
Early-demographic dividend,EAR,2022,277259990045.757
Early-demographic dividend,EAR,2021,278143812809.806
Early-demographic dividend,EAR,2020,196704262787.323
Early-demographic dividend,EAR,2019,212288108549.317
Early-demographic dividend,EAR,2018,229843761125.826
Early-demographic dividend,EAR,2017,212771667727.501
Early-demographic dividend,EAR,2016,212874222959.627
Early-demographic dividend,EAR,2015,213068402437.54
Early-demographic dividend,EAR,2014,181122537298.88
Early-demographic dividend,EAR,2013,212944971013.586
Early-demographic dividend,EAR,2012,177987900516.941
Early-demographic dividend,EAR,2011,182126279573.118
Early-demographic dividend,EAR,2010,162543986890.387
Early-demographic dividend,EAR,2009,134385495839.663
Early-demographic dividend,EAR,2008,201611161797.622
Early-demographic dividend,EAR,2007,176175972598.982
Early-demographic dividend,EAR,2006,142253894261.538
Early-demographic dividend,EAR,2005,103061147498.325
Early-demographic dividend,EAR,2004,63797645764.2549
Early-demographic dividend,EAR,2003,42977020518.7505
Early-demographic dividend,EAR,2002,47293554591.5853
Early-demographic dividend,EAR,2001,59965931307.259
Early-demographic dividend,EAR,2000,51301541397.8154
Early-demographic dividend,EAR,1999,60996601968.2875
Early-demographic dividend,EAR,1998,51007976411.1305
Early-demographic dividend,EAR,1997,58082012515.7326
Early-demographic dividend,EAR,1996,41162198994.5028
Early-demographic dividend,EAR,1995,33499042938.972
Early-demographic dividend,EAR,1994,29768908147.6813
Early-demographic dividend,EAR,1993,18195011237.9207
Early-demographic dividend,EAR,1992,17281763501.9775
Early-demographic dividend,EAR,1991,15789449706.8114
Early-demographic dividend,EAR,1990,11479360422.4128
Early-demographic dividend,EAR,1989,8275108509.53513
Early-demographic dividend,EAR,1988,8503024878.31051
Early-demographic dividend,EAR,1987,3547341589.67384
Early-demographic dividend,EAR,1986,6451387070.12535
Early-demographic dividend,EAR,1985,5701590832.24196
Early-demographic dividend,EAR,1984,8873070126.29255
Early-demographic dividend,EAR,1983,8922933500.61839
Early-demographic dividend,EAR,1982,14991603285.1211
Early-demographic dividend,EAR,1981,12754228752.7815
Early-demographic dividend,EAR,1980,397730710.966846
Early-demographic dividend,EAR,1979,1990379982.77411
Early-demographic dividend,EAR,1978,3339114289.56054
Early-demographic dividend,EAR,1977,2294355142.98216
Early-demographic dividend,EAR,1976,1366345486.15829
Early-demographic dividend,EAR,1975,5340130963.96782
Early-demographic dividend,EAR,1974,-1153401256.29728
Early-demographic dividend,EAR,1973,1654247187.43176
Early-demographic dividend,EAR,1972,1117654873.42303
Early-demographic dividend,EAR,1971,1808573666.57858
Early-demographic dividend,EAR,1970,1914402865.3601
East Asia & Pacific,EAS,2024,470557368245.802
East Asia & Pacific,EAS,2023,462758145338.736
East Asia & Pacific,EAS,2022,712063224764.027
East Asia & Pacific,EAS,2021,822987387002.756
East Asia & Pacific,EAS,2020,594846076333.889
East Asia & Pacific,EAS,2019,532587728770.204
East Asia & Pacific,EAS,2018,604537420899.629
East Asia & Pacific,EAS,2017,560859224386.427
East Asia & Pacific,EAS,2016,528883564693.191
East Asia & Pacific,EAS,2015,617259465100.014
East Asia & Pacific,EAS,2014,631242875169.851
East Asia & Pacific,EAS,2013,591134454686.846
East Asia & Pacific,EAS,2012,516624446374.131
East Asia & Pacific,EAS,2011,560658339363.88
East Asia & Pacific,EAS,2010,497355555495.973
East Asia & Pacific,EAS,2009,287728960690.109
East Asia & Pacific,EAS,2008,387220597528.408
East Asia & Pacific,EAS,2007,396046220117.052
East Asia & Pacific,EAS,2006,288249341851.28
East Asia & Pacific,EAS,2005,189051752221.766
East Asia & Pacific,EAS,2004,198673151509.404
East Asia & Pacific,EAS,2003,126694972908.03
East Asia & Pacific,EAS,2002,112941315360.833
East Asia & Pacific,EAS,2001,127500112139.312
East Asia & Pacific,EAS,2000,175116075295.563
East Asia & Pacific,EAS,1999,129582201769.232
East Asia & Pacific,EAS,1998,98107678525.164
East Asia & Pacific,EAS,1997,109178782199.548
East Asia & Pacific,EAS,1996,94204888538.8682
East Asia & Pacific,EAS,1995,89651923003.4096
East Asia & Pacific,EAS,1994,72331208094.7124
East Asia & Pacific,EAS,1993,59903206760.5646
East Asia & Pacific,EAS,1992,38083745481.8132
East Asia & Pacific,EAS,1991,27432312639.0648
East Asia & Pacific,EAS,1990,33593356783.673
East Asia & Pacific,EAS,1989,23722887550.9045
East Asia & Pacific,EAS,1988,25777793319.3404
East Asia & Pacific,EAS,1987,21167805534.1094
East Asia & Pacific,EAS,1986,13718329642.5426
East Asia & Pacific,EAS,1985,7361236504.01868
East Asia & Pacific,EAS,1984,6385573830.65392
East Asia & Pacific,EAS,1983,9088217943.42728
East Asia & Pacific,EAS,1982,8478001553.60996
East Asia & Pacific,EAS,1981,9003513278.89856
East Asia & Pacific,EAS,1980,5994729553.82953
East Asia & Pacific,EAS,1979,4786996829.79147
East Asia & Pacific,EAS,1978,4079689976.40552
East Asia & Pacific,EAS,1977,3025173435.46482
East Asia & Pacific,EAS,1976,3451126412.42471
East Asia & Pacific,EAS,1975,3396343571.5537
East Asia & Pacific,EAS,1974,3526963191.11046
East Asia & Pacific,EAS,1973,2014579663.02403
East Asia & Pacific,EAS,1972,2650359015.62394
East Asia & Pacific,EAS,1971,2243066837.0
East Asia & Pacific,EAS,1970,1906973498.1
East Asia & Pacific (excluding high income),EAP,2024,111861853747.085
East Asia & Pacific (excluding high income),EAP,2023,128424134712.057
East Asia & Pacific (excluding high income),EAP,2022,278635038426.946
East Asia & Pacific (excluding high income),EAP,2021,437579910266.395
East Asia & Pacific (excluding high income),EAP,2020,302942380265.47
East Asia & Pacific (excluding high income),EAP,2019,260822975228.383
East Asia & Pacific (excluding high income),EAP,2018,311000387127.277
East Asia & Pacific (excluding high income),EAP,2017,239673765902.258
East Asia & Pacific (excluding high income),EAP,2016,220117728865.986
East Asia & Pacific (excluding high income),EAP,2015,305948434262.483
East Asia & Pacific (excluding high income),EAP,2014,329530055513.562
East Asia & Pacific (excluding high income),EAP,2013,361637002662.234
East Asia & Pacific (excluding high income),EAP,2012,304476165746.708
East Asia & Pacific (excluding high income),EAP,2011,337099826364.325
East Asia & Pacific (excluding high income),EAP,2010,298436521980.781
East Asia & Pacific (excluding high income),EAP,2009,155963341319.019
East Asia & Pacific (excluding high income),EAP,2008,211610910942.513
East Asia & Pacific (excluding high income),EAP,2007,193531537703.722
East Asia & Pacific (excluding high income),EAP,2006,152747752249.904
East Asia & Pacific (excluding high income),EAP,2005,129276078938.685
East Asia & Pacific (excluding high income),EAP,2004,83215370132.9919
East Asia & Pacific (excluding high income),EAP,2003,68411568113.6821
East Asia & Pacific (excluding high income),EAP,2002,63358392916.8554
East Asia & Pacific (excluding high income),EAP,2001,52321787567.0939
East Asia & Pacific (excluding high income),EAP,2000,48073062804.9582
East Asia & Pacific (excluding high income),EAP,1999,53026891039.0539
East Asia & Pacific (excluding high income),EAP,1998,59496975482.971
East Asia & Pacific (excluding high income),EAP,1997,63348869777.8361
East Asia & Pacific (excluding high income),EAP,1996,58558294982.4479
East Asia & Pacific (excluding high income),EAP,1995,50702487674.5573
East Asia & Pacific (excluding high income),EAP,1994,45467084634.0693
East Asia & Pacific (excluding high income),EAP,1993,38802115561.4859
East Asia & Pacific (excluding high income),EAP,1992,21337095439.0666
East Asia & Pacific (excluding high income),EAP,1991,13159916722.517
East Asia & Pacific (excluding high income),EAP,1990,10388726608.7454
East Asia & Pacific (excluding high income),EAP,1989,8352613404.98347
East Asia & Pacific (excluding high income),EAP,1988,6738630060.2031
East Asia & Pacific (excluding high income),EAP,1987,3923247338.26571
East Asia & Pacific (excluding high income),EAP,1986,3115986509.39046
East Asia & Pacific (excluding high income),EAP,1985,2948205676.24678
East Asia & Pacific (excluding high income),EAP,1984,2837398519.27008
East Asia & Pacific (excluding high income),EAP,1983,2818960513.35525
East Asia & Pacific (excluding high income),EAP,1982,2402953612.33293
East Asia & Pacific (excluding high income),EAP,1981,2273131439.4936
East Asia & Pacific (excluding high income),EAP,1980,1376936767.17258
East Asia & Pacific (excluding high income),EAP,1979,924555968.888299
East Asia & Pacific (excluding high income),EAP,1978,1135772959.89307
East Asia & Pacific (excluding high income),EAP,1977,1001681449.00282
East Asia & Pacific (excluding high income),EAP,1976,1404340314.5379
East Asia & Pacific (excluding high income),EAP,1975,1873082205.89357
East Asia & Pacific (excluding high income),EAP,1974,1164907900.89541
East Asia & Pacific (excluding high income),EAP,1973,1023388711.3
East Asia & Pacific (excluding high income),EAP,1972,533905576.7
East Asia & Pacific (excluding high income),EAP,1971,514955384.5
East Asia & Pacific (excluding high income),EAP,1970,417482884.6
East Asia & Pacific (IDA & IBRD countries),TEA,2024,111925088373.946
East Asia & Pacific (IDA & IBRD countries),TEA,2023,128505476006.849
East Asia & Pacific (IDA & IBRD countries),TEA,2022,278700387501.001
East Asia & Pacific (IDA & IBRD countries),TEA,2021,437618722281.97
East Asia & Pacific (IDA & IBRD countries),TEA,2020,302983108166.735
East Asia & Pacific (IDA & IBRD countries),TEA,2019,260870696234.761
East Asia & Pacific (IDA & IBRD countries),TEA,2018,311058850756.642
East Asia & Pacific (IDA & IBRD countries),TEA,2017,239721505902.258
East Asia & Pacific (IDA & IBRD countries),TEA,2016,220182385865.986
East Asia & Pacific (IDA & IBRD countries),TEA,2015,305983017420.63
East Asia & Pacific (IDA & IBRD countries),TEA,2014,329569915628.947
East Asia & Pacific (IDA & IBRD countries),TEA,2013,361655043772.071
East Asia & Pacific (IDA & IBRD countries),TEA,2012,304497804873.029
East Asia & Pacific (IDA & IBRD countries),TEA,2011,337108152491.355
East Asia & Pacific (IDA & IBRD countries),TEA,2010,298439207224.897
East Asia & Pacific (IDA & IBRD countries),TEA,2009,155966132190.025
East Asia & Pacific (IDA & IBRD countries),TEA,2008,211615652599.22
East Asia & Pacific (IDA & IBRD countries),TEA,2007,193535920942.863
East Asia & Pacific (IDA & IBRD countries),TEA,2006,152781035505.543
East Asia & Pacific (IDA & IBRD countries),TEA,2005,129280050932.954
East Asia & Pacific (IDA & IBRD countries),TEA,2004,83222215172.9919
East Asia & Pacific (IDA & IBRD countries),TEA,2003,68416161823.6821
East Asia & Pacific (IDA & IBRD countries),TEA,2002,63360293926.8554
East Asia & Pacific (IDA & IBRD countries),TEA,2001,52320355707.0939
East Asia & Pacific (IDA & IBRD countries),TEA,2000,48076240454.9582
East Asia & Pacific (IDA & IBRD countries),TEA,1999,53026891039.0539
East Asia & Pacific (IDA & IBRD countries),TEA,1998,59496975482.971
East Asia & Pacific (IDA & IBRD countries),TEA,1997,63348869777.8361
East Asia & Pacific (IDA & IBRD countries),TEA,1996,58558294982.4479
East Asia & Pacific (IDA & IBRD countries),TEA,1995,50702277674.5573
East Asia & Pacific (IDA & IBRD countries),TEA,1994,45467084634.0693
East Asia & Pacific (IDA & IBRD countries),TEA,1993,38802115561.4859
East Asia & Pacific (IDA & IBRD countries),TEA,1992,21338095439.0666
East Asia & Pacific (IDA & IBRD countries),TEA,1991,13160916722.517
East Asia & Pacific (IDA & IBRD countries),TEA,1990,10389726608.7454
East Asia & Pacific (IDA & IBRD countries),TEA,1989,8353410404.98347
East Asia & Pacific (IDA & IBRD countries),TEA,1988,6738494060.2031
East Asia & Pacific (IDA & IBRD countries),TEA,1987,3923113338.26571
East Asia & Pacific (IDA & IBRD countries),TEA,1986,3115673509.39046
East Asia & Pacific (IDA & IBRD countries),TEA,1985,2948205676.24678
East Asia & Pacific (IDA & IBRD countries),TEA,1984,2837398519.27008
East Asia & Pacific (IDA & IBRD countries),TEA,1983,2818960513.35525
East Asia & Pacific (IDA & IBRD countries),TEA,1982,2402953612.33293
East Asia & Pacific (IDA & IBRD countries),TEA,1981,2273131439.4936
East Asia & Pacific (IDA & IBRD countries),TEA,1980,1376936767.17258
East Asia & Pacific (IDA & IBRD countries),TEA,1979,924555968.888299
East Asia & Pacific (IDA & IBRD countries),TEA,1978,1135772959.89307
East Asia & Pacific (IDA & IBRD countries),TEA,1977,1001681449.00282
East Asia & Pacific (IDA & IBRD countries),TEA,1976,1404340314.5379
East Asia & Pacific (IDA & IBRD countries),TEA,1975,1873082205.89357
East Asia & Pacific (IDA & IBRD countries),TEA,1974,1164907900.89541
East Asia & Pacific (IDA & IBRD countries),TEA,1973,1023388711.3
East Asia & Pacific (IDA & IBRD countries),TEA,1972,533905576.7
East Asia & Pacific (IDA & IBRD countries),TEA,1971,514955384.5
East Asia & Pacific (IDA & IBRD countries),TEA,1970,417482884.6
Euro area,EMU,2024,270761782205.364
Euro area,EMU,2023,-274825872955.144
Euro area,EMU,2022,92136872935.9529
Euro area,EMU,2021,511723596516.975
Euro area,EMU,2020,-43387587837.63
Euro area,EMU,2019,432671199792.672
Euro area,EMU,2018,153196096306.178
Euro area,EMU,2017,544154518124.336
Euro area,EMU,2016,599747046737.476
Euro area,EMU,2015,819680943684.47
Euro area,EMU,2014,421126895159.985
Euro area,EMU,2013,600516789017.665
Euro area,EMU,2012,561932703689.792
Euro area,EMU,2011,845035971762.661
Euro area,EMU,2010,477871779371.333
Euro area,EMU,2009,547932902167.582
Euro area,EMU,2008,659737879209.034
Euro area,EMU,2007,1288166381509.97
Euro area,EMU,2006,823785650416.131
Euro area,EMU,2005,636066541112.345
Euro area,EMU,2004,271815192069.963
Euro area,EMU,2003,271085514310.593
Euro area,EMU,2002,254206419641.089
Euro area,EMU,2001,321509395144.893
Euro area,EMU,2000,556261075970.032
Euro area,EMU,1999,354035630631.158
Euro area,EMU,1998,174220642095.02
Euro area,EMU,1997,91587370735.771
Euro area,EMU,1996,94117479063.1439
Euro area,EMU,1995,79907064927.1462
Euro area,EMU,1994,56657853097.1669
Euro area,EMU,1993,59336459872.4346
Euro area,EMU,1992,60365211688.8281
Euro area,EMU,1991,55020876180.5402
Euro area,EMU,1990,60745451145.9358
Euro area,EMU,1989,45551979409.19
Euro area,EMU,1988,33951312059.3853
Euro area,EMU,1987,23114251787.5093
Euro area,EMU,1986,13220773734.9684
Euro area,EMU,1985,9960639373.00162
Euro area,EMU,1984,9314912357.59604
Euro area,EMU,1983,9337466556.88046
Euro area,EMU,1982,8274369139.59258
Euro area,EMU,1981,9512933191.28372
Euro area,EMU,1980,10484468783.1625
Euro area,EMU,1979,10307935884.5312
Euro area,EMU,1978,9372703584.40218
Euro area,EMU,1977,7248983511.66335
Euro area,EMU,1976,5074944909.35443
Euro area,EMU,1975,6247329414.46466
Euro area,EMU,1974,7696387690.77087
Euro area,EMU,1973,6553991931.70185
Euro area,EMU,1972,5017927465.82469
Euro area,EMU,1971,3892857216.47694
Euro area,EMU,1970,2687319465.50087
Europe & Central Asia,ECS,2024,178461001069.566
Europe & Central Asia,ECS,2023,-337800593053.438
Europe & Central Asia,ECS,2022,307223188514.711
Europe & Central Asia,ECS,2021,679515598378.235
Europe & Central Asia,ECS,2020,97893604833.5867
Europe & Central Asia,ECS,2019,675900327387.627
Europe & Central Asia,ECS,2018,-178217339352.826
Europe & Central Asia,ECS,2017,923313368959.804
Europe & Central Asia,ECS,2016,1347999783489.76
Europe & Central Asia,ECS,2015,1152205189322.83
Europe & Central Asia,ECS,2014,623725554349.555
Europe & Central Asia,ECS,2013,755891365503.173
Europe & Central Asia,ECS,2012,827025715892.316
Europe & Central Asia,ECS,2011,1098244691859.46
Europe & Central Asia,ECS,2010,690362109993.007
Europe & Central Asia,ECS,2009,767717933369.135
Europe & Central Asia,ECS,2008,1247792423843.57
Europe & Central Asia,ECS,2007,1888271449692.59
Europe & Central Asia,ECS,2006,1293512667957.06
Europe & Central Asia,ECS,2005,1024674142361.17
Europe & Central Asia,ECS,2004,443363037024.294
Europe & Central Asia,ECS,2003,391239197333.477
Europe & Central Asia,ECS,2002,415708500239.969
Europe & Central Asia,ECS,2001,456788946711.932
Europe & Central Asia,ECS,2000,856031066585.7
Europe & Central Asia,ECS,1999,610450638426.182
Europe & Central Asia,ECS,1998,354895205976.181
Europe & Central Asia,ECS,1997,191593298300.87
Europe & Central Asia,ECS,1996,156966817615.789
Europe & Central Asia,ECS,1995,150863220585.014
Europe & Central Asia,ECS,1994,100649999591.884
Europe & Central Asia,ECS,1993,95636127576.4596
Europe & Central Asia,ECS,1992,89555462480.722
Europe & Central Asia,ECS,1991,91204141837.2075
Europe & Central Asia,ECS,1990,113097207031.223
Europe & Central Asia,ECS,1989,80164206908.5771
Europe & Central Asia,ECS,1988,63558552468.9761
Europe & Central Asia,ECS,1987,39533396089.1647
Europe & Central Asia,ECS,1986,26305041186.6072
Europe & Central Asia,ECS,1985,16902908858.3913
Europe & Central Asia,ECS,1984,9970429000.39979
Europe & Central Asia,ECS,1983,15791206135.2744
Europe & Central Asia,ECS,1982,14710452955.5897
Europe & Central Asia,ECS,1981,16467838715.0226
Europe & Central Asia,ECS,1980,21045826581.7785
Europe & Central Asia,ECS,1979,17607056302.7762
Europe & Central Asia,ECS,1978,13854628515.4945
Europe & Central Asia,ECS,1977,12618809029.8232
Europe & Central Asia,ECS,1976,8273499392.19448
Europe & Central Asia,ECS,1975,10273246606.2697
Europe & Central Asia,ECS,1974,12799281521.0898
Europe & Central Asia,ECS,1973,9854035953.88058
Europe & Central Asia,ECS,1972,6617541587.46046
Europe & Central Asia,ECS,1971,6020436971.20325
Europe & Central Asia,ECS,1970,4502468280.4805
Europe & Central Asia (excluding high income),ECA,2024,38300908303.0993
Europe & Central Asia (excluding high income),ECA,2023,39847567611.3404
Europe & Central Asia (excluding high income),ECA,2022,33334246267.1368
Europe & Central Asia (excluding high income),ECA,2021,39115544883.7132
Europe & Central Asia (excluding high income),ECA,2020,26545355555.15
Europe & Central Asia (excluding high income),ECA,2019,35787177642.4768
Europe & Central Asia (excluding high income),ECA,2018,32415711361.8656
Europe & Central Asia (excluding high income),ECA,2017,35721733570.269
Europe & Central Asia (excluding high income),ECA,2016,52513989944.0153
Europe & Central Asia (excluding high income),ECA,2015,44225910958.3385
Europe & Central Asia (excluding high income),ECA,2014,40134442920.0678
Europe & Central Asia (excluding high income),ECA,2013,43878669866.264
Europe & Central Asia (excluding high income),ECA,2012,52250979256.6667
Europe & Central Asia (excluding high income),ECA,2011,61721521370.8185
Europe & Central Asia (excluding high income),ECA,2010,40138292861.6411
Europe & Central Asia (excluding high income),ECA,2009,46221868634.1099
Europe & Central Asia (excluding high income),ECA,2008,67944499612.1204
Europe & Central Asia (excluding high income),ECA,2007,64993840294.8867
Europe & Central Asia (excluding high income),ECA,2006,48814803778.672
Europe & Central Asia (excluding high income),ECA,2005,30209826947.312
Europe & Central Asia (excluding high income),ECA,2004,19536729195.467
Europe & Central Asia (excluding high income),ECA,2003,12900952476.4133
Europe & Central Asia (excluding high income),ECA,2002,8451859285.99512
Europe & Central Asia (excluding high income),ECA,2001,9399721187.57847
Europe & Central Asia (excluding high income),ECA,2000,4342702816.56017
Europe & Central Asia (excluding high income),ECA,1999,4781143036.18075
Europe & Central Asia (excluding high income),ECA,1998,5350723754.36043
Europe & Central Asia (excluding high income),ECA,1997,5768738002.0
Europe & Central Asia (excluding high income),ECA,1996,3517696033.0
Europe & Central Asia (excluding high income),ECA,1995,2992745366.0
Europe & Central Asia (excluding high income),ECA,1994,1852769925.0
Europe & Central Asia (excluding high income),ECA,1993,2489927351.0
Europe & Central Asia (excluding high income),ECA,1992,1346081331.0
Europe & Central Asia (excluding high income),ECA,1991,810000000.0
Europe & Central Asia (excluding high income),ECA,1990,715000000.0
Europe & Central Asia (excluding high income),ECA,1989,663000000.0
Europe & Central Asia (excluding high income),ECA,1988,354000000.0
Europe & Central Asia (excluding high income),ECA,1987,115000000.0
Europe & Central Asia (excluding high income),ECA,1986,125000000.0
Europe & Central Asia (excluding high income),ECA,1985,99000000.0
Europe & Central Asia (excluding high income),ECA,1984,113000000.0
Europe & Central Asia (excluding high income),ECA,1983,46000000.0
Europe & Central Asia (excluding high income),ECA,1982,55000000.0
Europe & Central Asia (excluding high income),ECA,1981,95000000.0
Europe & Central Asia (excluding high income),ECA,1980,18000000.0
Europe & Central Asia (excluding high income),ECA,1979,75000000.0
Europe & Central Asia (excluding high income),ECA,1978,34000000.0
Europe & Central Asia (excluding high income),ECA,1977,27000000.0
Europe & Central Asia (excluding high income),ECA,1976,10000000.0
Europe & Central Asia (excluding high income),ECA,1975,114000000.0
Europe & Central Asia (excluding high income),ECA,1974,64000000.0
Europe & Central Asia (excluding high income),ECA,1973,79000000.0
Europe & Central Asia (excluding high income),ECA,1972,43000000.0
Europe & Central Asia (excluding high income),ECA,1971,45000000.0
Europe & Central Asia (excluding high income),ECA,1970,58000000.0
Europe & Central Asia (IDA & IBRD countries),TEC,2024,64800347214.9887
Europe & Central Asia (IDA & IBRD countries),TEC,2023,82683296796.5819
Europe & Central Asia (IDA & IBRD countries),TEC,2022,55466714613.5213
Europe & Central Asia (IDA & IBRD countries),TEC,2021,136105153547.948
Europe & Central Asia (IDA & IBRD countries),TEC,2020,63985724227.9384
Europe & Central Asia (IDA & IBRD countries),TEC,2019,100339295723.785
Europe & Central Asia (IDA & IBRD countries),TEC,2018,71907974405.0097
Europe & Central Asia (IDA & IBRD countries),TEC,2017,86624803533.8117
Europe & Central Asia (IDA & IBRD countries),TEC,2016,112427810814.41
Europe & Central Asia (IDA & IBRD countries),TEC,2015,73926658348.213
Europe & Central Asia (IDA & IBRD countries),TEC,2014,91193319078.2575
Europe & Central Asia (IDA & IBRD countries),TEC,2013,121237332618.094
Europe & Central Asia (IDA & IBRD countries),TEC,2012,116755319015.592
Europe & Central Asia (IDA & IBRD countries),TEC,2011,141379038029.068
Europe & Central Asia (IDA & IBRD countries),TEC,2010,108768760921.962
Europe & Central Asia (IDA & IBRD countries),TEC,2009,108433917328.745
Europe & Central Asia (IDA & IBRD countries),TEC,2008,186515574606.621
Europe & Central Asia (IDA & IBRD countries),TEC,2007,174522684883.467
Europe & Central Asia (IDA & IBRD countries),TEC,2006,130110276769.275
Europe & Central Asia (IDA & IBRD countries),TEC,2005,69170379084.1205
Europe & Central Asia (IDA & IBRD countries),TEC,2004,59637450074.6156
Europe & Central Asia (IDA & IBRD countries),TEC,2003,31987805188.517
Europe & Central Asia (IDA & IBRD countries),TEC,2002,19046133381.8961
Europe & Central Asia (IDA & IBRD countries),TEC,2001,20930721535.4235
Europe & Central Asia (IDA & IBRD countries),TEC,2000,19409306655.5333
Europe & Central Asia (IDA & IBRD countries),TEC,1999,18759203024.6855
Europe & Central Asia (IDA & IBRD countries),TEC,1998,18067478230.2952
Europe & Central Asia (IDA & IBRD countries),TEC,1997,17859702807.2465
Europe & Central Asia (IDA & IBRD countries),TEC,1996,11461554215.6563
Europe & Central Asia (IDA & IBRD countries),TEC,1995,9334918505.66473
Europe & Central Asia (IDA & IBRD countries),TEC,1994,4978180799.37686
Europe & Central Asia (IDA & IBRD countries),TEC,1993,5693895831.15366
Europe & Central Asia (IDA & IBRD countries),TEC,1992,3316581331.0
Europe & Central Asia (IDA & IBRD countries),TEC,1991,1196900000.0
Europe & Central Asia (IDA & IBRD countries),TEC,1990,808010000.0
Europe & Central Asia (IDA & IBRD countries),TEC,1989,674000000.0
Europe & Central Asia (IDA & IBRD countries),TEC,1988,369000000.0
Europe & Central Asia (IDA & IBRD countries),TEC,1987,127000000.0
Europe & Central Asia (IDA & IBRD countries),TEC,1986,141000000.0
Europe & Central Asia (IDA & IBRD countries),TEC,1985,114000000.0
Europe & Central Asia (IDA & IBRD countries),TEC,1984,141000000.0
Europe & Central Asia (IDA & IBRD countries),TEC,1983,62000000.0
Europe & Central Asia (IDA & IBRD countries),TEC,1982,69000000.0
Europe & Central Asia (IDA & IBRD countries),TEC,1981,113000000.0
Europe & Central Asia (IDA & IBRD countries),TEC,1980,28000000.0
Europe & Central Asia (IDA & IBRD countries),TEC,1979,105000000.0
Europe & Central Asia (IDA & IBRD countries),TEC,1978,59000000.0
Europe & Central Asia (IDA & IBRD countries),TEC,1977,32000000.0
Europe & Central Asia (IDA & IBRD countries),TEC,1976,16000000.0
Europe & Central Asia (IDA & IBRD countries),TEC,1975,114000000.0
Europe & Central Asia (IDA & IBRD countries),TEC,1974,64000000.0
Europe & Central Asia (IDA & IBRD countries),TEC,1973,79000000.0
Europe & Central Asia (IDA & IBRD countries),TEC,1972,43000000.0
Europe & Central Asia (IDA & IBRD countries),TEC,1971,45000000.0
Europe & Central Asia (IDA & IBRD countries),TEC,1970,58000000.0
European Union,EUU,2024,298211533521.557
European Union,EUU,2023,-257265650199.722
European Union,EUU,2022,238778768818.174
European Union,EUU,2021,684481966450.194
European Union,EUU,2020,178618904096.684
European Union,EUU,2019,582178363188.55
European Union,EUU,2018,133983702758.315
European Union,EUU,2017,591455183723.147
European Union,EUU,2016,729126074548.51
European Union,EUU,2015,849890812406.505
European Union,EUU,2014,468473023861.312
European Union,EUU,2013,613498236804.181
European Union,EUU,2012,582411385398.083
European Union,EUU,2011,903651733603.218
European Union,EUU,2010,480128559624.506
European Union,EUU,2009,585517909000.086
European Union,EUU,2008,825460956900.288
European Union,EUU,2007,1479575647574.99
European Union,EUU,2006,914388369612.78
European Union,EUU,2005,732553887351.659
European Union,EUU,2004,314210792152.141
European Union,EUU,2003,293768597752.735
European Union,EUU,2002,295298465434.405
European Union,EUU,2001,366360079035.895
European Union,EUU,2000,634200506229.248
European Union,EUU,1999,452758331551.388
European Union,EUU,1998,220143311492.528
European Union,EUU,1997,116730524556.625
European Union,EUU,1996,109979022503.617
European Union,EUU,1995,110525979788.387
European Union,EUU,1994,72276528046.88
European Union,EUU,1993,69607140947.9919
European Union,EUU,1992,63652843742.0953
European Union,EUU,1991,64773315942.1517
European Union,EUU,1990,64506841223.5224
European Union,EUU,1989,48464549239.6589
European Union,EUU,1988,36143075340.1259
European Union,EUU,1987,23850125597.7168
European Union,EUU,1986,14482696247.5257
European Union,EUU,1985,10479696702.4972
European Union,EUU,1984,9617570868.50591
European Union,EUU,1983,9639295532.57701
European Union,EUU,1982,8777233645.86529
European Union,EUU,1981,9811504829.69492
European Union,EUU,1980,10849499996.7238
European Union,EUU,1979,10674298739.7985
European Union,EUU,1978,9556880496.67247
European Union,EUU,1977,7411236947.02411
European Union,EUU,1976,4895513546.8622
European Union,EUU,1975,6594486584.5167
European Union,EUU,1974,8012974185.66077
European Union,EUU,1973,6849955524.37092
European Union,EUU,1972,5247233595.42947
European Union,EUU,1971,4101957483.49027
European Union,EUU,1970,2899569468.79635
Fragile and conflict affected situations,FCS,2024,17979345812.2986
Fragile and conflict affected situations,FCS,2023,18873018846.4076
Fragile and conflict affected situations,FCS,2022,18687957105.187
Fragile and conflict affected situations,FCS,2021,28536584110.3334
Fragile and conflict affected situations,FCS,2020,13356943066.2365
Fragile and conflict affected situations,FCS,2019,20102816420.568
Fragile and conflict affected situations,FCS,2018,21797275863.236
Fragile and conflict affected situations,FCS,2017,24111443732.3924
Fragile and conflict affected situations,FCS,2016,20746189896.4878
Fragile and conflict affected situations,FCS,2015,21727986243.0067
Fragile and conflict affected situations,FCS,2014,16529253176.7518
Fragile and conflict affected situations,FCS,2013,31862725936.3841
Fragile and conflict affected situations,FCS,2012,44368655635.7988
Fragile and conflict affected situations,FCS,2011,41769515576.9172
Fragile and conflict affected situations,FCS,2010,35249129408.423
Fragile and conflict affected situations,FCS,2009,31368060509.0179
Fragile and conflict affected situations,FCS,2008,42995143667.8904
Fragile and conflict affected situations,FCS,2007,38916430183.5403
Fragile and conflict affected situations,FCS,2006,23113929288.1391
Fragile and conflict affected situations,FCS,2005,23731519578.5703
Fragile and conflict affected situations,FCS,2004,12246792251.572
Fragile and conflict affected situations,FCS,2003,13558595393.8708
Fragile and conflict affected situations,FCS,2002,8480064189.94771
Fragile and conflict affected situations,FCS,2001,9410907285.38953
Fragile and conflict affected situations,FCS,2000,9383969703.25344
Fragile and conflict affected situations,FCS,1999,6935492654.21823
Fragile and conflict affected situations,FCS,1998,8904160691.01944
Fragile and conflict affected situations,FCS,1997,10428962351.2054
Fragile and conflict affected situations,FCS,1996,4316854608.3563
Fragile and conflict affected situations,FCS,1995,2752356130.70187
Fragile and conflict affected situations,FCS,1994,3584835057.93415
Fragile and conflict affected situations,FCS,1993,3527320288.65695
Fragile and conflict affected situations,FCS,1992,3014487398.72768
Fragile and conflict affected situations,FCS,1991,3516644271.37352
Fragile and conflict affected situations,FCS,1990,1381311626.24189
Fragile and conflict affected situations,FCS,1989,2378058795.31459
Fragile and conflict affected situations,FCS,1988,813363384.647057
Fragile and conflict affected situations,FCS,1987,847357444.458392
Fragile and conflict affected situations,FCS,1986,124851458.334122
Fragile and conflict affected situations,FCS,1985,1230989559.80755
Fragile and conflict affected situations,FCS,1984,355433565.962628
Fragile and conflict affected situations,FCS,1983,359910767.506755
Fragile and conflict affected situations,FCS,1982,595042323.364189
Fragile and conflict affected situations,FCS,1981,358918746.306109
Fragile and conflict affected situations,FCS,1980,-1328336626.53529
Fragile and conflict affected situations,FCS,1979,167764191.886526
Fragile and conflict affected situations,FCS,1978,-129582797.560825
Fragile and conflict affected situations,FCS,1977,114816658.919227
Fragile and conflict affected situations,FCS,1976,82121246.6943396
Fragile and conflict affected situations,FCS,1975,435463580.534878
Fragile and conflict affected situations,FCS,1974,96138874.411609
Fragile and conflict affected situations,FCS,1973,341784999.595316
Fragile and conflict affected situations,FCS,1972,265599984.53911
Fragile and conflict affected situations,FCS,1971,694550000.10068
Fragile and conflict affected situations,FCS,1970,688569999.6
Heavily indebted poor countries (HIPC),HPC,2024,46784878990.2376
Heavily indebted poor countries (HIPC),HPC,2023,33572406657.3344
Heavily indebted poor countries (HIPC),HPC,2022,26943054030.9546
Heavily indebted poor countries (HIPC),HPC,2021,32048898671.0792
Heavily indebted poor countries (HIPC),HPC,2020,18563540832.3744
Heavily indebted poor countries (HIPC),HPC,2019,24239307442.4063
Heavily indebted poor countries (HIPC),HPC,2018,28390335015.3078
Heavily indebted poor countries (HIPC),HPC,2017,29509774718.3678
Heavily indebted poor countries (HIPC),HPC,2016,24562923460.8112
Heavily indebted poor countries (HIPC),HPC,2015,29844571640.7121
Heavily indebted poor countries (HIPC),HPC,2014,29413027228.5653
Heavily indebted poor countries (HIPC),HPC,2013,35188732015.5684
Heavily indebted poor countries (HIPC),HPC,2012,32570848782.2556
Heavily indebted poor countries (HIPC),HPC,2011,28510235839.9849
Heavily indebted poor countries (HIPC),HPC,2010,23687328773.951
Heavily indebted poor countries (HIPC),HPC,2009,15646350122.0463
Heavily indebted poor countries (HIPC),HPC,2008,19433535055.8534
Heavily indebted poor countries (HIPC),HPC,2007,14873118483.3514
Heavily indebted poor countries (HIPC),HPC,2006,10333820168.4609
Heavily indebted poor countries (HIPC),HPC,2005,8173921981.86352
Heavily indebted poor countries (HIPC),HPC,2004,7422180817.86331
Heavily indebted poor countries (HIPC),HPC,2003,6836256857.01364
Heavily indebted poor countries (HIPC),HPC,2002,5892830400.53591
Heavily indebted poor countries (HIPC),HPC,2001,4685436000.29559
Heavily indebted poor countries (HIPC),HPC,2000,4053413015.19882
Heavily indebted poor countries (HIPC),HPC,1999,4612000892.2125
Heavily indebted poor countries (HIPC),HPC,1998,4053908685.71391
Heavily indebted poor countries (HIPC),HPC,1997,3333085607.09566
Heavily indebted poor countries (HIPC),HPC,1996,1897157222.98161
Heavily indebted poor countries (HIPC),HPC,1995,1683486034.69922
Heavily indebted poor countries (HIPC),HPC,1994,1186793913.75743
Heavily indebted poor countries (HIPC),HPC,1993,1219407228.98125
Heavily indebted poor countries (HIPC),HPC,1992,588676343.275943
Heavily indebted poor countries (HIPC),HPC,1991,361549405.156933
Heavily indebted poor countries (HIPC),HPC,1990,720906392.128227
Heavily indebted poor countries (HIPC),HPC,1989,919883278.634391
Heavily indebted poor countries (HIPC),HPC,1988,619129808.432835
Heavily indebted poor countries (HIPC),HPC,1987,553089685.779257
Heavily indebted poor countries (HIPC),HPC,1986,-15811822.0471531
Heavily indebted poor countries (HIPC),HPC,1985,578010393.093587
Heavily indebted poor countries (HIPC),HPC,1984,203002617.815033
Heavily indebted poor countries (HIPC),HPC,1983,188085491.379686
Heavily indebted poor countries (HIPC),HPC,1982,483790872.031398
Heavily indebted poor countries (HIPC),HPC,1981,754371998.284071
Heavily indebted poor countries (HIPC),HPC,1980,789971792.476551
Heavily indebted poor countries (HIPC),HPC,1979,694128839.634426
Heavily indebted poor countries (HIPC),HPC,1978,695217442.334786
Heavily indebted poor countries (HIPC),HPC,1977,421326634.480851
Heavily indebted poor countries (HIPC),HPC,1976,541019849.465993
Heavily indebted poor countries (HIPC),HPC,1975,513134920.599953
Heavily indebted poor countries (HIPC),HPC,1974,377841909.974427
Heavily indebted poor countries (HIPC),HPC,1973,380329998.895316
Heavily indebted poor countries (HIPC),HPC,1972,259054984.03911
Heavily indebted poor countries (HIPC),HPC,1971,143209999.60068
Heavily indebted poor countries (HIPC),HPC,1970,306793998.9
IBRD only,IBD,2024,362409078833.854
IBRD only,IBD,2023,342220975723.187
IBRD only,IBD,2022,524035995993.494
IBRD only,IBD,2021,653729227933.984
IBRD only,IBD,2020,481755353403.62
IBRD only,IBD,2019,477189550670.242
IBRD only,IBD,2018,536788192595.103
IBRD only,IBD,2017,450771731951.667
IBRD only,IBD,2016,456831083636.245
IBRD only,IBD,2015,535440781817.023
IBRD only,IBD,2014,554963565244.745
IBRD only,IBD,2013,601490775464.339
IBRD only,IBD,2012,556352972225.352
IBRD only,IBD,2011,598349312700.17
IBRD only,IBD,2010,519644206474.332
IBRD only,IBD,2009,343991738638.363
IBRD only,IBD,2008,466593717414.957
IBRD only,IBD,2007,407794659138.028
IBRD only,IBD,2006,300721588727.503
IBRD only,IBD,2005,246975206415.205
IBRD only,IBD,2004,171530137745.721
IBRD only,IBD,2003,133135611365.083
IBRD only,IBD,2002,130983726134.817
IBRD only,IBD,2001,144471848742.262
IBRD only,IBD,2000,125477151017.19
IBRD only,IBD,1999,137668725745.821
IBRD only,IBD,1998,129674698802.36
IBRD only,IBD,1997,127283590165.361
IBRD only,IBD,1996,97972707020.8737
IBRD only,IBD,1995,78693234339.5396
IBRD only,IBD,1994,69853021586.6379
IBRD only,IBD,1993,49440497308.6587
IBRD only,IBD,1992,31651777331.7748
IBRD only,IBD,1991,20764025930.4717
IBRD only,IBD,1990,15698791492.6851
IBRD only,IBD,1989,15242309048.4603
IBRD only,IBD,1988,15832627199.7431
IBRD only,IBD,1987,9289040920.95535
IBRD only,IBD,1986,8596806231.8287
IBRD only,IBD,1985,9094138072.72988
IBRD only,IBD,1984,7691939705.2662
IBRD only,IBD,1983,7231278483.62765
IBRD only,IBD,1982,7806023145.69399
IBRD only,IBD,1981,9799958942.78796
IBRD only,IBD,1980,7164844015.42163
IBRD only,IBD,1979,6006549346.32431
IBRD only,IBD,1978,5464088365.23893
IBRD only,IBD,1977,3877538949.39299
IBRD only,IBD,1976,4054732884.01899
IBRD only,IBD,1975,4911047631.04849
IBRD only,IBD,1974,4237159395.56592
IBRD only,IBD,1973,3636255888.43103
IBRD only,IBD,1972,1754439891.06308
IBRD only,IBD,1971,2215354456.45561
IBRD only,IBD,1970,1974995749.95986
IDA & IBRD total,IBT,2024,492215185846.215
IDA & IBRD total,IBT,2023,468838428931.717
IDA & IBRD total,IBT,2022,645181144781.102
IDA & IBRD total,IBT,2021,850663076471.098
IDA & IBRD total,IBT,2020,574952085186.081
IDA & IBRD total,IBT,2019,618796325492.587
IDA & IBRD total,IBT,2018,648349185891.575
IDA & IBRD total,IBT,2017,577491492381.488
IDA & IBRD total,IBT,2016,597022392885.447
IDA & IBRD total,IBT,2015,658863039758.234
IDA & IBRD total,IBT,2014,705988495929.787
IDA & IBRD total,IBT,2013,775750120404.328
IDA & IBRD total,IBT,2012,732155961110.831
IDA & IBRD total,IBT,2011,788195611949.882
IDA & IBRD total,IBT,2010,667114679756.216
IDA & IBRD total,IBT,2009,461819812904.192
IDA & IBRD total,IBT,2008,673214983341.843
IDA & IBRD total,IBT,2007,590378483242.882
IDA & IBRD total,IBT,2006,431184394184.601
IDA & IBRD total,IBT,2005,323671475387.647
IDA & IBRD total,IBT,2004,240757371965.57
IDA & IBRD total,IBT,2003,175091190783.481
IDA & IBRD total,IBT,2002,160228001991.558
IDA & IBRD total,IBT,2001,174511322219.517
IDA & IBRD total,IBT,2000,163610089936.381
IDA & IBRD total,IBT,1999,176646030846.112
IDA & IBRD total,IBT,1998,163149069185.023
IDA & IBRD total,IBT,1997,164729070969.644
IDA & IBRD total,IBT,1996,123893720248.403
IDA & IBRD total,IBT,1995,98241312179.8984
IDA & IBRD total,IBT,1994,86774515005.9079
IDA & IBRD total,IBT,1993,64844735940.247
IDA & IBRD total,IBT,1992,44447663225.5813
IDA & IBRD total,IBT,1991,30999544379.7301
IDA & IBRD total,IBT,1990,21944530230.0148
IDA & IBRD total,IBT,1989,22275565389.6046
IDA & IBRD total,IBT,1988,19008898496.1167
IDA & IBRD total,IBT,1987,11812809812.5161
IDA & IBRD total,IBT,1986,10015078860.3114
IDA & IBRD total,IBT,1985,11752393358.9004
IDA & IBRD total,IBT,1984,9430034343.87815
IDA & IBRD total,IBT,1983,9615144464.57095
IDA & IBRD total,IBT,1982,11305460471.9525
IDA & IBRD total,IBT,1981,13331873314.6267
IDA & IBRD total,IBT,1980,8527448083.33721
IDA & IBRD total,IBT,1979,8072175318.72929
IDA & IBRD total,IBT,1978,6914468756.5075
IDA & IBRD total,IBT,1977,5087855049.29258
IDA & IBRD total,IBT,1976,5057396784.90478
IDA & IBRD total,IBT,1975,6386014546.48053
IDA & IBRD total,IBT,1974,5315430382.63841
IDA & IBRD total,IBT,1973,4576286187.03671
IDA & IBRD total,IBT,1972,2441930721.99608
IDA & IBRD total,IBT,1971,3228200627.89479
IDA & IBRD total,IBT,1970,3185749258.65442
IDA blend,IDB,2024,13328211098.2663
IDA blend,IDB,2023,12073236341.1178
IDA blend,IDB,2022,10038606031.9125
IDA blend,IDB,2021,11185696773.4355
IDA blend,IDB,2020,6234566591.69991
IDA blend,IDB,2019,9365572689.57472
IDA blend,IDB,2018,11580142600.7672
IDA blend,IDB,2017,15395288810.6547
IDA blend,IDB,2016,10956434205.0126
IDA blend,IDB,2015,13352177177.6549
IDA blend,IDB,2014,13756330004.6723
IDA blend,IDB,2013,13137943882.4284
IDA blend,IDB,2012,12413124199.832
IDA blend,IDB,2011,15893231428.8504
IDA blend,IDB,2010,13148130214.2825
IDA blend,IDB,2009,15454557352.948
IDA blend,IDB,2008,18339673265.9882
IDA blend,IDB,2007,16368279899.8999
IDA blend,IDB,2006,12781077093.8698
IDA blend,IDB,2005,9574337192.91896
IDA blend,IDB,2004,4514348939.81303
IDA blend,IDB,2003,3862399041.28066
IDA blend,IDB,2002,4071318411.3334
IDA blend,IDB,2001,2190125629.22183
IDA blend,IDB,2000,2332971712.34618
IDA blend,IDB,1999,2470901701.7732
IDA blend,IDB,1998,2605261781.03193
IDA blend,IDB,1997,2227746716.76353
IDA blend,IDB,1996,2356256745.57442
IDA blend,IDB,1995,2181847158.1914
IDA blend,IDB,1994,2819868864.90056
IDA blend,IDB,1993,2577850157.12985
IDA blend,IDB,1992,1655455369.20877
IDA blend,IDB,1991,1322715224.54037
IDA blend,IDB,1990,1010178359.07801
IDA blend,IDB,1989,2157693900.41575
IDA blend,IDB,1988,832418048.34116
IDA blend,IDB,1987,1089553371.83577
IDA blend,IDB,1986,447305408.603198
IDA blend,IDB,1985,1174297433.48612
IDA blend,IDB,1984,415214232.635532
IDA blend,IDB,1983,984445263.41802
IDA blend,IDB,1982,828949221.014984
IDA blend,IDB,1981,1129752434.66139
IDA blend,IDB,1980,-141785794.573556
IDA blend,IDB,1979,714326448.446595
IDA blend,IDB,1978,490880618.568555
IDA blend,IDB,1977,581106574.034116
IDA blend,IDB,1976,525820978.362792
IDA blend,IDB,1975,680207831.59808
IDA blend,IDB,1974,516042128.268421
IDA blend,IDB,1973,681009999.6
IDA blend,IDB,1972,538149999.3
IDA blend,IDB,1971,432869999.9
IDA blend,IDB,1970,450409999.7
IDA only,IDX,2024,53267032654.563
IDA only,IDX,2023,41113483438.6813
IDA only,IDX,2022,34064259803.6359
IDA only,IDX,2021,40328594886.4535
IDA only,IDX,2020,29679079918.1568
IDA only,IDX,2019,34796784074.3681
IDA only,IDX,2018,34192331024.2073
IDA only,IDX,2017,36075844182.3031
IDA only,IDX,2016,34303512078.8722
IDA only,IDX,2015,36955009841.312
IDA only,IDX,2014,34403863183.5078
IDA only,IDX,2013,40443787051.4366
IDA only,IDX,2012,38765838570.8831
IDA only,IDX,2011,35518775739.7261
IDA only,IDX,2010,28301055221.8041
IDA only,IDX,2009,20476919937.6373
IDA only,IDX,2008,25509595215.1331
IDA only,IDX,2007,19570790668.0739
IDA only,IDX,2006,13026283204.6542
IDA only,IDX,2005,9315695509.92551
IDA only,IDX,2004,9061617964.42939
IDA only,IDX,2003,7041089802.7657
IDA only,IDX,2002,5177803372.80162
IDA only,IDX,2001,4856164044.12246
IDA only,IDX,2000,4267936448.28664
IDA only,IDX,1999,4263175541.04949
IDA only,IDX,1998,3408158284.52994
IDA only,IDX,1997,3535392696.64055
IDA only,IDX,1996,2081269807.16682
IDA only,IDX,1995,1593120936.86076
IDA only,IDX,1994,1772360499.67839
IDA only,IDX,1993,2135406617.95548
IDA only,IDX,1992,1581822925.7715
IDA only,IDX,1991,967371278.600548
IDA only,IDX,1990,918619180.624545
IDA only,IDX,1989,1120091068.36758
IDA only,IDX,1988,589388765.570963
IDA only,IDX,1987,388451688.3754
IDA only,IDX,1986,39190366.9015084
IDA only,IDX,1985,255769677.49306
IDA only,IDX,1984,167410970.328549
IDA only,IDX,1983,-78657608.7439175
IDA only,IDX,1982,337449109.78765
IDA only,IDX,1981,546447088.885581
IDA only,IDX,1980,543464913.064886
IDA only,IDX,1979,554623361.342874
IDA only,IDX,1978,576941397.404866
IDA only,IDX,1977,414476706.133648
IDA only,IDX,1976,506244131.945772
IDA only,IDX,1975,358878738.991013
IDA only,IDX,1974,242388909.874427
IDA only,IDX,1973,260939998.895316
IDA only,IDX,1972,155164984.43911
IDA only,IDX,1971,75129999.80068
IDA only,IDX,1970,235049999.2
IDA total,IDA,2024,66595243752.8292
IDA total,IDA,2023,53186719779.7991
IDA total,IDA,2022,44102865835.5484
IDA total,IDA,2021,51514291659.889
IDA total,IDA,2020,35913646509.8568
IDA total,IDA,2019,44162356763.9428
IDA total,IDA,2018,45772473624.9745
IDA total,IDA,2017,51471132992.9577
IDA total,IDA,2016,45259946283.8847
IDA total,IDA,2015,50307187018.967
IDA total,IDA,2014,48160193188.1801
IDA total,IDA,2013,53581730933.865
IDA total,IDA,2012,51178962770.715
IDA total,IDA,2011,51412007168.5765
IDA total,IDA,2010,41449185436.0866
IDA total,IDA,2009,35931477290.5853
IDA total,IDA,2008,43849268481.1213
IDA total,IDA,2007,35939070567.9738
IDA total,IDA,2006,25807360298.524
IDA total,IDA,2005,18890032702.8445
IDA total,IDA,2004,13575966904.2424
IDA total,IDA,2003,10903488844.0464
IDA total,IDA,2002,9249121784.13502
IDA total,IDA,2001,7046289673.34429
IDA total,IDA,2000,6600908160.63282
IDA total,IDA,1999,6734077242.82269
IDA total,IDA,1998,6013420065.56187
IDA total,IDA,1997,5763139413.40408
IDA total,IDA,1996,4437526552.74125
IDA total,IDA,1995,3774968095.05216
IDA total,IDA,1994,4592229364.57895
IDA total,IDA,1993,4713256775.08533
IDA total,IDA,1992,3237278294.98027
IDA total,IDA,1991,2290086503.14092
IDA total,IDA,1990,1928797539.70256
IDA total,IDA,1989,3277784968.78333
IDA total,IDA,1988,1421806813.91212
IDA total,IDA,1987,1478005060.21117
IDA total,IDA,1986,486495775.504707
IDA total,IDA,1985,1430067110.97918
IDA total,IDA,1984,582625202.964082
IDA total,IDA,1983,905787654.674102
IDA total,IDA,1982,1166398330.80263
IDA total,IDA,1981,1676199523.54697
IDA total,IDA,1980,401679118.49133
IDA total,IDA,1979,1268949809.78947
IDA total,IDA,1978,1067822015.97342
IDA total,IDA,1977,995583280.167764
IDA total,IDA,1976,1032065110.30856
IDA total,IDA,1975,1039086570.58909
IDA total,IDA,1974,758431038.142848
IDA total,IDA,1973,941949998.495316
IDA total,IDA,1972,693314983.73911
IDA total,IDA,1971,507999999.70068
IDA total,IDA,1970,685459998.9
Late-demographic dividend,LTE,2024,241094884070.396
Late-demographic dividend,LTE,2023,134154918882.621
Late-demographic dividend,LTE,2022,396280686877.741
Late-demographic dividend,LTE,2021,714461277561.27
Late-demographic dividend,LTE,2020,367275372708.361
Late-demographic dividend,LTE,2019,573102217701.602
Late-demographic dividend,LTE,2018,612986983981.245
Late-demographic dividend,LTE,2017,493237912402.802
Late-demographic dividend,LTE,2016,497659504635.926
Late-demographic dividend,LTE,2015,692552879695.928
Late-demographic dividend,LTE,2014,685070579905.968
Late-demographic dividend,LTE,2013,665481164647.9
Late-demographic dividend,LTE,2012,672902061202.165
Late-demographic dividend,LTE,2011,663028419413.946
Late-demographic dividend,LTE,2010,572778919053.15
Late-demographic dividend,LTE,2009,429864878959.745
Late-demographic dividend,LTE,2008,492826426717.403
Late-demographic dividend,LTE,2007,480857551591.644
Late-demographic dividend,LTE,2006,336543407670.551
Late-demographic dividend,LTE,2005,278236716149.534
Late-demographic dividend,LTE,2004,170952830179.579
Late-demographic dividend,LTE,2003,148119509292.371
Late-demographic dividend,LTE,2002,139134506384.03
Late-demographic dividend,LTE,2001,120421545820.659
Late-demographic dividend,LTE,2000,141348257295.67
Late-demographic dividend,LTE,1999,130493157511.543
Late-demographic dividend,LTE,1998,124471630053.707
Late-demographic dividend,LTE,1997,112305528074.767
Late-demographic dividend,LTE,1996,87403675802.0657
Late-demographic dividend,LTE,1995,65792732998.3369
Late-demographic dividend,LTE,1994,58218357353.181
Late-demographic dividend,LTE,1993,47475392452.4425
Late-demographic dividend,LTE,1992,28723554000.104
Late-demographic dividend,LTE,1991,16412119256.1163
Late-demographic dividend,LTE,1990,12440468213.8626
Late-demographic dividend,LTE,1989,11044080612.9068
Late-demographic dividend,LTE,1988,10165953366.1284
Late-demographic dividend,LTE,1987,6456479118.55159
Late-demographic dividend,LTE,1986,4724133449.67595
Late-demographic dividend,LTE,1985,5591547260.64257
Late-demographic dividend,LTE,1984,5671745553.84784
Late-demographic dividend,LTE,1983,5527120955.72432
Late-demographic dividend,LTE,1982,7132873734.56235
Late-demographic dividend,LTE,1981,6286780806.49748
Late-demographic dividend,LTE,1980,5048383721.92496
Late-demographic dividend,LTE,1979,4534042940.68137
Late-demographic dividend,LTE,1978,3887916367.7407
Late-demographic dividend,LTE,1977,3155941723.36279
Late-demographic dividend,LTE,1976,2745845365.37034
Late-demographic dividend,LTE,1975,2522582600.89835
Late-demographic dividend,LTE,1974,2440632077.18245
Late-demographic dividend,LTE,1973,1924052977.7
Late-demographic dividend,LTE,1972,1097343656.7
Late-demographic dividend,LTE,1971,1112633524.59951
Late-demographic dividend,LTE,1970,1177607893.89976
Latin America & Caribbean,LCN,2024,249345275494.18
Latin America & Caribbean,LCN,2023,221936265489.275
Latin America & Caribbean,LCN,2022,239257411946.607
Latin America & Caribbean,LCN,2021,185769348504.348
Latin America & Caribbean,LCN,2020,153126057258.647
Latin America & Caribbean,LCN,2019,200473630208.723
Latin America & Caribbean,LCN,2018,208736305034.201
Latin America & Caribbean,LCN,2017,203173885392.821
Latin America & Caribbean,LCN,2016,220130156853.359
Latin America & Caribbean,LCN,2015,322391474095.015
Latin America & Caribbean,LCN,2014,280064305907.5
Latin America & Caribbean,LCN,2013,342573223164.244
Latin America & Caribbean,LCN,2012,297541686455.033
Latin America & Caribbean,LCN,2011,293729508343.223
Latin America & Caribbean,LCN,2010,234057188015.388
Latin America & Caribbean,LCN,2009,155525590211.543
Latin America & Caribbean,LCN,2008,222561119435.329
Latin America & Caribbean,LCN,2007,192673190262.311
Latin America & Caribbean,LCN,2006,113637427156.249
Latin America & Caribbean,LCN,2005,79254162950.0712
Latin America & Caribbean,LCN,2004,99357513910.1886
Latin America & Caribbean,LCN,2003,57421708939.1454
Latin America & Caribbean,LCN,2002,60880629810.078
Latin America & Caribbean,LCN,2001,78628611989.9841
Latin America & Caribbean,LCN,2000,97377504687.1554
Latin America & Caribbean,LCN,1999,104715393497.406
Latin America & Caribbean,LCN,1998,85553163951.5186
Latin America & Caribbean,LCN,1997,73777089560.9102
Latin America & Caribbean,LCN,1996,48064360775.4944
Latin America & Caribbean,LCN,1995,30168276207.2908
Latin America & Caribbean,LCN,1994,29803911137.7126
Latin America & Caribbean,LCN,1993,14981898664.509
Latin America & Caribbean,LCN,1992,14657927225.6292
Latin America & Caribbean,LCN,1991,13186872977.8108
Latin America & Caribbean,LCN,1990,8491733520.29004
Latin America & Caribbean,LCN,1989,8324614488.77447
Latin America & Caribbean,LCN,1988,8582378891.13132
Latin America & Caribbean,LCN,1987,5393704912.63704
Latin America & Caribbean,LCN,1986,4824695112.96443
Latin America & Caribbean,LCN,1985,6438675758.84941
Latin America & Caribbean,LCN,1984,5074691797.15316
Latin America & Caribbean,LCN,1983,5485151666.51897
Latin America & Caribbean,LCN,1982,7001790000.02102
Latin America & Caribbean,LCN,1981,8726915555.56413
Latin America & Caribbean,LCN,1980,6450100935.34026
Latin America & Caribbean,LCN,1979,5284527068.66918
Latin America & Caribbean,LCN,1978,3990553333.08901
Latin America & Caribbean,LCN,1977,2977422960.62003
Latin America & Caribbean,LCN,1976,2112442418.34181
Latin America & Caribbean,LCN,1975,3033600991.31154
Latin America & Caribbean,LCN,1974,2042157447.25043
Latin America & Caribbean,LCN,1973,2245072899.20568
Latin America & Caribbean,LCN,1972,918606901.333
Latin America & Caribbean,LCN,1971,1773594311.33869
Latin America & Caribbean,LCN,1970,1432016508.79432
Latin America & Caribbean (excluding high income),LAC,2024,164466101832.568
Latin America & Caribbean (excluding high income),LAC,2023,151423499417.927
Latin America & Caribbean (excluding high income),LAC,2022,168405184939.155
Latin America & Caribbean (excluding high income),LAC,2021,117645390073.843
Latin America & Caribbean (excluding high income),LAC,2020,88632176615.5074
Latin America & Caribbean (excluding high income),LAC,2019,133279408151.439
Latin America & Caribbean (excluding high income),LAC,2018,154790636354.366
Latin America & Caribbean (excluding high income),LAC,2017,145667604315.536
Latin America & Caribbean (excluding high income),LAC,2016,146700077058.491
Latin America & Caribbean (excluding high income),LAC,2015,142308188230.869
Latin America & Caribbean (excluding high income),LAC,2014,152224212876.945
Latin America & Caribbean (excluding high income),LAC,2013,171491448828.32
Latin America & Caribbean (excluding high income),LAC,2012,166235463598.539
Latin America & Caribbean (excluding high income),LAC,2011,167683724038.738
Latin America & Caribbean (excluding high income),LAC,2010,145176662348.553
Latin America & Caribbean (excluding high income),LAC,2009,74998534896.9359
Latin America & Caribbean (excluding high income),LAC,2008,117811780962.87
Latin America & Caribbean (excluding high income),LAC,2007,104398682524.45
Latin America & Caribbean (excluding high income),LAC,2006,62937101839.4362
Latin America & Caribbean (excluding high income),LAC,2005,63049556281.6401
Latin America & Caribbean (excluding high income),LAC,2004,56597422632.6479
Latin America & Caribbean (excluding high income),LAC,2003,36307781046.8402
Latin America & Caribbean (excluding high income),LAC,2002,46231038120.2736
Latin America & Caribbean (excluding high income),LAC,2001,62214210039.536
Latin America & Caribbean (excluding high income),LAC,2000,67443097717.515
Latin America & Caribbean (excluding high income),LAC,1999,75269668222.6343
Latin America & Caribbean (excluding high income),LAC,1998,59557925612.9533
Latin America & Caribbean (excluding high income),LAC,1997,52151342376.1485
Latin America & Caribbean (excluding high income),LAC,1996,37075844498.6862
Latin America & Caribbean (excluding high income),LAC,1995,25376393358.7747
Latin America & Caribbean (excluding high income),LAC,1994,23796263510.9783
Latin America & Caribbean (excluding high income),LAC,1993,11418137524.4573
Latin America & Caribbean (excluding high income),LAC,1992,12474320335.1337
Latin America & Caribbean (excluding high income),LAC,1991,9667617535.99754
Latin America & Caribbean (excluding high income),LAC,1990,6621183086.90048
Latin America & Caribbean (excluding high income),LAC,1989,6221070000.0
Latin America & Caribbean (excluding high income),LAC,1988,7607032962.96296
Latin America & Caribbean (excluding high income),LAC,1987,4583513703.8037
Latin America & Caribbean (excluding high income),LAC,1986,4255569187.13851
Latin America & Caribbean (excluding high income),LAC,1985,5625421111.11111
Latin America & Caribbean (excluding high income),LAC,1984,4068514444.40037
Latin America & Caribbean (excluding high income),LAC,1983,4932300000.00168
Latin America & Caribbean (excluding high income),LAC,1982,5668446666.60142
Latin America & Caribbean (excluding high income),LAC,1981,7290089999.90167
Latin America & Caribbean (excluding high income),LAC,1980,5330151033.30236
Latin America & Caribbean (excluding high income),LAC,1979,4443490000.1024
Latin America & Caribbean (excluding high income),LAC,1978,3358572999.902
Latin America & Caribbean (excluding high income),LAC,1977,2673421999.9016
Latin America & Caribbean (excluding high income),LAC,1976,2736868465.29213
Latin America & Caribbean (excluding high income),LAC,1975,2355571849.60053
Latin America & Caribbean (excluding high income),LAC,1974,2162166752.9162
Latin America & Caribbean (excluding high income),LAC,1973,2113102599.09532
Latin America & Caribbean (excluding high income),LAC,1972,1072831054.13911
Latin America & Caribbean (excluding high income),LAC,1971,1389118139.60019
Latin America & Caribbean (excluding high income),LAC,1970,1230822999.09976
Latin America & the Caribbean (IDA & IBRD countries),TLA,2024,191989477722.699
Latin America & the Caribbean (IDA & IBRD countries),TLA,2023,169554742708.149
Latin America & the Caribbean (IDA & IBRD countries),TLA,2022,203276834853.061
Latin America & the Caribbean (IDA & IBRD countries),TLA,2021,146472629999.51
Latin America & the Caribbean (IDA & IBRD countries),TLA,2020,105728577435.901
Latin America & the Caribbean (IDA & IBRD countries),TLA,2019,159578785122.689
Latin America & the Caribbean (IDA & IBRD countries),TLA,2018,173416163493.376
Latin America & the Caribbean (IDA & IBRD countries),TLA,2017,160331404852.445
Latin America & the Caribbean (IDA & IBRD countries),TLA,2016,167813798439.072
Latin America & the Caribbean (IDA & IBRD countries),TLA,2015,175023693833.348
Latin America & the Caribbean (IDA & IBRD countries),TLA,2014,193054594874.843
Latin America & the Caribbean (IDA & IBRD countries),TLA,2013,202160275136.856
Latin America & the Caribbean (IDA & IBRD countries),TLA,2012,214635882387.938
Latin America & the Caribbean (IDA & IBRD countries),TLA,2011,210632692880.933
Latin America & the Caribbean (IDA & IBRD countries),TLA,2010,169645670688.852
Latin America & the Caribbean (IDA & IBRD countries),TLA,2009,92361321736.6822
Latin America & the Caribbean (IDA & IBRD countries),TLA,2008,149571897556.735
Latin America & the Caribbean (IDA & IBRD countries),TLA,2007,127057131848.904
Latin America & the Caribbean (IDA & IBRD countries),TLA,2006,75860706016.525
Latin America & the Caribbean (IDA & IBRD countries),TLA,2005,76534701255.9394
Latin America & the Caribbean (IDA & IBRD countries),TLA,2004,67176495234.211
Latin America & the Caribbean (IDA & IBRD countries),TLA,2003,44809041402.8326
Latin America & the Caribbean (IDA & IBRD countries),TLA,2002,52140468843.5975
Latin America & the Caribbean (IDA & IBRD countries),TLA,2001,72868801364.2858
Latin America & the Caribbean (IDA & IBRD countries),TLA,2000,79823137648.0493
Latin America & the Caribbean (IDA & IBRD countries),TLA,1999,89707322727.9647
Latin America & the Caribbean (IDA & IBRD countries),TLA,1998,72161171554.3677
Latin America & the Caribbean (IDA & IBRD countries),TLA,1997,66581748331.8599
Latin America & the Caribbean (IDA & IBRD countries),TLA,1996,45550272842.5335
Latin America & the Caribbean (IDA & IBRD countries),TLA,1995,30593306933.5478
Latin America & the Caribbean (IDA & IBRD countries),TLA,1994,28708915495.2545
Latin America & the Caribbean (IDA & IBRD countries),TLA,1993,13836791625.4029
Latin America & the Caribbean (IDA & IBRD countries),TLA,1992,14798340465.8527
Latin America & the Caribbean (IDA & IBRD countries),TLA,1991,13007104374.4589
Latin America & the Caribbean (IDA & IBRD countries),TLA,1990,8310840726.99396
Latin America & the Caribbean (IDA & IBRD countries),TLA,1989,8147494488.97447
Latin America & the Caribbean (IDA & IBRD countries),TLA,1988,8509504874.53132
Latin America & the Caribbean (IDA & IBRD countries),TLA,1987,5277347037.03704
Latin America & the Caribbean (IDA & IBRD countries),TLA,1986,4827195113.06443
Latin America & the Caribbean (IDA & IBRD countries),TLA,1985,5998465758.84941
Latin America & the Caribbean (IDA & IBRD countries),TLA,1984,4410111797.15316
Latin America & the Caribbean (IDA & IBRD countries),TLA,1983,5456091666.61897
Latin America & the Caribbean (IDA & IBRD countries),TLA,1982,6976530000.12102
Latin America & the Caribbean (IDA & IBRD countries),TLA,1981,8595395555.56413
Latin America & the Caribbean (IDA & IBRD countries),TLA,1980,6427580935.34026
Latin America & the Caribbean (IDA & IBRD countries),TLA,1979,5217517068.76918
Latin America & the Caribbean (IDA & IBRD countries),TLA,1978,3916413333.18901
Latin America & the Caribbean (IDA & IBRD countries),TLA,1977,2919712960.72003
Latin America & the Caribbean (IDA & IBRD countries),TLA,1976,2056032418.44181
Latin America & the Caribbean (IDA & IBRD countries),TLA,1975,3013480991.41154
Latin America & the Caribbean (IDA & IBRD countries),TLA,1974,1904617447.25043
Latin America & the Caribbean (IDA & IBRD countries),TLA,1973,2142822899.20568
Latin America & the Caribbean (IDA & IBRD countries),TLA,1972,828176901.333
Latin America & the Caribbean (IDA & IBRD countries),TLA,1971,1718934311.43869
Latin America & the Caribbean (IDA & IBRD countries),TLA,1970,1351696508.89432
Least developed countries: UN classification,LDC,2024,35882612807.2763
Least developed countries: UN classification,LDC,2023,34035827173.8766
Least developed countries: UN classification,LDC,2022,24358952258.9627
Least developed countries: UN classification,LDC,2021,26952013185.2071
Least developed countries: UN classification,LDC,2020,22249581928.9441
Least developed countries: UN classification,LDC,2019,19818433164.9144
Least developed countries: UN classification,LDC,2018,18296260282.8364
Least developed countries: UN classification,LDC,2017,20981440320.0955
Least developed countries: UN classification,LDC,2016,25896213005.0873
Least developed countries: UN classification,LDC,2015,38391841599.3192
Least developed countries: UN classification,LDC,2014,29487416849.8366
Least developed countries: UN classification,LDC,2013,25213337011.9148
Least developed countries: UN classification,LDC,2012,29798624514.8606
Least developed countries: UN classification,LDC,2011,23377355813.219
Least developed countries: UN classification,LDC,2010,17876943716.967
Least developed countries: UN classification,LDC,2009,15301432584.7696
Least developed countries: UN classification,LDC,2008,18507504978.0654
Least developed countries: UN classification,LDC,2007,12477206835.1631
Least developed countries: UN classification,LDC,2006,9038552748.50882
Least developed countries: UN classification,LDC,2005,5844349285.2048
Least developed countries: UN classification,LDC,2004,9144480412.59154
Least developed countries: UN classification,LDC,2003,9344038930.76246
Least developed countries: UN classification,LDC,2002,5923297074.67949
Least developed countries: UN classification,LDC,2001,6048667585.91172
Least developed countries: UN classification,LDC,2000,3777840735.95149
Least developed countries: UN classification,LDC,1999,5349794153.11863
Least developed countries: UN classification,LDC,1998,3539788320.34237
Least developed countries: UN classification,LDC,1997,2815154891.04812
Least developed countries: UN classification,LDC,1996,1552604099.91148
Least developed countries: UN classification,LDC,1995,1440818273.86726
Least developed countries: UN classification,LDC,1994,1009861345.64609
Least developed countries: UN classification,LDC,1993,1817248315.13878
Least developed countries: UN classification,LDC,1992,1410146077.16129
Least developed countries: UN classification,LDC,1991,1367117296.94191
Least developed countries: UN classification,LDC,1990,406583342.606244
Least developed countries: UN classification,LDC,1989,1189823966.35715
Least developed countries: UN classification,LDC,1988,579964513.988559
Least developed countries: UN classification,LDC,1987,356860231.791801
Least developed countries: UN classification,LDC,1986,190776422.477042
Least developed countries: UN classification,LDC,1985,451419899.905201
Least developed countries: UN classification,LDC,1984,160177209.382829
Least developed countries: UN classification,LDC,1983,-46326939.4824623
Least developed countries: UN classification,LDC,1982,340883199.195532
Least developed countries: UN classification,LDC,1981,528047782.443821
Least developed countries: UN classification,LDC,1980,498664003.925637
Least developed countries: UN classification,LDC,1979,475133384.062825
Least developed countries: UN classification,LDC,1978,537220768.666594
Least developed countries: UN classification,LDC,1977,375362499.843743
Least developed countries: UN classification,LDC,1976,489729102.145679
Least developed countries: UN classification,LDC,1975,263836072.957929
Least developed countries: UN classification,LDC,1974,216948909.974189
Least developed countries: UN classification,LDC,1973,223009999.295316
Least developed countries: UN classification,LDC,1972,129959984.43911
Least developed countries: UN classification,LDC,1971,27809999.70068
Least developed countries: UN classification,LDC,1970,137629999.2
Low & middle income,LMY,2024,420269715883.629
Low & middle income,LMY,2023,396534640460.485
Low & middle income,LMY,2022,571017680381.508
Low & middle income,LMY,2021,702937785624.239
Low & middle income,LMY,2020,516362668238.354
Low & middle income,LMY,2019,518658884158.737
Low & middle income,LMY,2018,581259859673.432
Low & middle income,LMY,2017,502022283544.496
Low & middle income,LMY,2016,502041828803.662
Low & middle income,LMY,2015,585616032298.842
Low & middle income,LMY,2014,602852783429.131
Low & middle income,LMY,2013,655631224720.926
Low & middle income,LMY,2012,607072712085.548
Low & middle income,LMY,2011,649519368575.133
Low & middle income,LMY,2010,560910895820.884
Low & middle income,LMY,2009,379737819870.342
Low & middle income,LMY,2008,510258871028.669
Low & middle income,LMY,2007,443573200403.274
Low & middle income,LMY,2006,326424114414.088
Low & middle income,LMY,2005,265782564892.882
Low & middle income,LMY,2004,185073006676.798
Low & middle income,LMY,2003,144013492422.503
Low & middle income,LMY,2002,140188168908.571
Low & middle income,LMY,2001,151461682205.426
Low & middle income,LMY,2000,132009498367.823
Low & middle income,LMY,1999,144356351358.644
Low & middle income,LMY,1998,135643679117.922
Low & middle income,LMY,1997,132994217478.765
Low & middle income,LMY,1996,102350695173.615
Low & middle income,LMY,1995,82393394744.5918
Low & middle income,LMY,1994,74338129586.0986
Low & middle income,LMY,1993,54084983858.5237
Low & middle income,LMY,1992,34742038766.932
Low & middle income,LMY,1991,23041344782.1965
Low & middle income,LMY,1990,17619389279.8396
Low & middle income,LMY,1989,18521973722.6042
Low & middle income,LMY,1988,17252076963.9967
Low & middle income,LMY,1987,10762476821.2167
Low & middle income,LMY,1986,9092195722.07556
Low & middle income,LMY,1985,10522174919.6178
Low & middle income,LMY,1984,8270075888.71083
Low & middle income,LMY,1983,8133233693.69425
Low & middle income,LMY,1982,8967988143.16182
Low & middle income,LMY,1981,11477936244.1133
Low & middle income,LMY,1980,7565934898.61861
Low & middle income,LMY,1979,7274910920.81942
Low & middle income,LMY,1978,6527890381.31235
Low & middle income,LMY,1977,4874886935.4438
Low & middle income,LMY,1976,5081787994.42756
Low & middle income,LMY,1975,5949334201.63758
Low & middle income,LMY,1974,4994230433.70877
Low & middle income,LMY,1973,4570005887.02635
Low & middle income,LMY,1972,2445254874.80219
Low & middle income,LMY,1971,2725794456.05629
Low & middle income,LMY,1970,2651455748.85986
"Middle East, North Africa, Afghanistan & Pakistan",MEA,2024,190954303710.311
"Middle East, North Africa, Afghanistan & Pakistan",MEA,2023,130299010544.513
"Middle East, North Africa, Afghanistan & Pakistan",MEA,2022,121901585382.526
"Middle East, North Africa, Afghanistan & Pakistan",MEA,2021,174780897552.868
"Middle East, North Africa, Afghanistan & Pakistan",MEA,2020,86092732188.6853
"Middle East, North Africa, Afghanistan & Pakistan",MEA,2019,87529681703.5439
"Middle East, North Africa, Afghanistan & Pakistan",MEA,2018,139338145840.077
"Middle East, North Africa, Afghanistan & Pakistan",MEA,2017,95418985550.9527
"Middle East, North Africa, Afghanistan & Pakistan",MEA,2016,66222592870.4656
"Middle East, North Africa, Afghanistan & Pakistan",MEA,2015,37668125938.2407
"Middle East, North Africa, Afghanistan & Pakistan",MEA,2014,32760712889.091
"Middle East, North Africa, Afghanistan & Pakistan",MEA,2013,49473223962.3835
"Middle East, North Africa, Afghanistan & Pakistan",MEA,2012,57035784489.3861
"Middle East, North Africa, Afghanistan & Pakistan",MEA,2011,52910166871.0507
"Middle East, North Africa, Afghanistan & Pakistan",MEA,2010,65424338590.3041
"Middle East, North Africa, Afghanistan & Pakistan",MEA,2009,50240822981.7952
"Middle East, North Africa, Afghanistan & Pakistan",MEA,2008,85289882663.0661
"Middle East, North Africa, Afghanistan & Pakistan",MEA,2007,114086984309.678
"Middle East, North Africa, Afghanistan & Pakistan",MEA,2006,101330255267.434
"Middle East, North Africa, Afghanistan & Pakistan",MEA,2005,67919868311.4561
"Middle East, North Africa, Afghanistan & Pakistan",MEA,2004,34220160934.9219
"Middle East, North Africa, Afghanistan & Pakistan",MEA,2003,20847224330.3765
"Middle East, North Africa, Afghanistan & Pakistan",MEA,2002,10858569447.7798
"Middle East, North Africa, Afghanistan & Pakistan",MEA,2001,11222699191.91
"Middle East, North Africa, Afghanistan & Pakistan",MEA,2000,12545686693.0635
"Middle East, North Africa, Afghanistan & Pakistan",MEA,1999,7886262194.56936
"Middle East, North Africa, Afghanistan & Pakistan",MEA,1998,11860817279.5903
"Middle East, North Africa, Afghanistan & Pakistan",MEA,1997,11416341819.4864
"Middle East, North Africa, Afghanistan & Pakistan",MEA,1996,6319683278.52464
"Middle East, North Africa, Afghanistan & Pakistan",MEA,1995,2761033360.07565
"Middle East, North Africa, Afghanistan & Pakistan",MEA,1994,5823788404.89938
"Middle East, North Africa, Afghanistan & Pakistan",MEA,1993,5530848738.98495
"Middle East, North Africa, Afghanistan & Pakistan",MEA,1992,4489998797.28712
"Middle East, North Africa, Afghanistan & Pakistan",MEA,1991,2835977787.94122
"Middle East, North Africa, Afghanistan & Pakistan",MEA,1990,3136579256.22224
"Middle East, North Africa, Afghanistan & Pakistan",MEA,1989,1746998747.12164
"Middle East, North Africa, Afghanistan & Pakistan",MEA,1988,2219457467.68554
"Middle East, North Africa, Afghanistan & Pakistan",MEA,1987,-7358148.62163259
"Middle East, North Africa, Afghanistan & Pakistan",MEA,1986,2493110820.92392
"Middle East, North Africa, Afghanistan & Pakistan",MEA,1985,2243764986.36734
"Middle East, North Africa, Afghanistan & Pakistan",MEA,1984,6465253901.08498
"Middle East, North Africa, Afghanistan & Pakistan",MEA,1983,5692311122.18835
"Middle East, North Africa, Afghanistan & Pakistan",MEA,1982,11736845564.4999
"Middle East, North Africa, Afghanistan & Pakistan",MEA,1981,7365356359.99336
"Middle East, North Africa, Afghanistan & Pakistan",MEA,1980,-3016420548.47111
"Middle East, North Africa, Afghanistan & Pakistan",MEA,1979,52978727.6851419
"Middle East, North Africa, Afghanistan & Pakistan",MEA,1978,1629328117.42659
"Middle East, North Africa, Afghanistan & Pakistan",MEA,1977,1364399496.69852
"Middle East, North Africa, Afghanistan & Pakistan",MEA,1976,364727115.112425
"Middle East, North Africa, Afghanistan & Pakistan",MEA,1975,2164829655.65945
"Middle East, North Africa, Afghanistan & Pakistan",MEA,1974,-2980206562.65119
"Middle East, North Africa, Afghanistan & Pakistan",MEA,1973,9721606.7192508
"Middle East, North Africa, Afghanistan & Pakistan",MEA,1972,487562842.857064
"Middle East, North Africa, Afghanistan & Pakistan",MEA,1971,177307596.115427
"Middle East, North Africa, Afghanistan & Pakistan",MEA,1970,594679999.9
"Middle East, North Africa, Afghanistan & Pakistan (excluding high income)",MNA,2024,50373396449.5212
"Middle East, North Africa, Afghanistan & Pakistan (excluding high income)",MNA,2023,14624347235.5357
"Middle East, North Africa, Afghanistan & Pakistan (excluding high income)",MNA,2022,18142287537.2115
"Middle East, North Africa, Afghanistan & Pakistan (excluding high income)",MNA,2021,12103201474.576
"Middle East, North Africa, Afghanistan & Pakistan (excluding high income)",MNA,2020,12195528117.5462
"Middle East, North Africa, Afghanistan & Pakistan (excluding high income)",MNA,2019,16188949609.4853
"Middle East, North Africa, Afghanistan & Pakistan (excluding high income)",MNA,2018,17199053728.7662
"Middle East, North Africa, Afghanistan & Pakistan (excluding high income)",MNA,2017,19295282154.7938
"Middle East, North Africa, Afghanistan & Pakistan (excluding high income)",MNA,2016,16323602978.9503
"Middle East, North Africa, Afghanistan & Pakistan (excluding high income)",MNA,2015,10921686224.7239
"Middle East, North Africa, Afghanistan & Pakistan (excluding high income)",MNA,2014,9644179855.46933
"Middle East, North Africa, Afghanistan & Pakistan (excluding high income)",MNA,2013,18051253640.789
"Middle East, North Africa, Afghanistan & Pakistan (excluding high income)",MNA,2012,23915394150.7928
"Middle East, North Africa, Afghanistan & Pakistan (excluding high income)",MNA,2011,18006724487.1244
"Middle East, North Africa, Afghanistan & Pakistan (excluding high income)",MNA,2010,28145595460.1103
"Middle East, North Africa, Afghanistan & Pakistan (excluding high income)",MNA,2009,31613705876.3057
"Middle East, North Africa, Afghanistan & Pakistan (excluding high income)",MNA,2008,41090398052.7971
"Middle East, North Africa, Afghanistan & Pakistan (excluding high income)",MNA,2007,39435596502.2251
"Middle East, North Africa, Afghanistan & Pakistan (excluding high income)",MNA,2006,34985420440.1362
"Middle East, North Africa, Afghanistan & Pakistan (excluding high income)",MNA,2005,20693792613.4374
"Middle East, North Africa, Afghanistan & Pakistan (excluding high income)",MNA,2004,11935956326.6698
"Middle East, North Africa, Afghanistan & Pakistan (excluding high income)",MNA,2003,11844823708.3559
"Middle East, North Africa, Afghanistan & Pakistan (excluding high income)",MNA,2002,9338940195.56235
"Middle East, North Africa, Afghanistan & Pakistan (excluding high income)",MNA,2001,7561465891.31397
"Middle East, North Africa, Afghanistan & Pakistan (excluding high income)",MNA,2000,5428935878.75886
"Middle East, North Africa, Afghanistan & Pakistan (excluding high income)",MNA,1999,4154145029.64961
"Middle East, North Africa, Afghanistan & Pakistan (excluding high income)",MNA,1998,4571187720.08878
"Middle East, North Africa, Afghanistan & Pakistan (excluding high income)",MNA,1997,5541757823.32012
"Middle East, North Africa, Afghanistan & Pakistan (excluding high income)",MNA,1996,2641560464.75347
"Middle East, North Africa, Afghanistan & Pakistan (excluding high income)",MNA,1995,1916219506.51157
"Middle East, North Africa, Afghanistan & Pakistan (excluding high income)",MNA,1994,2882962518.15977
"Middle East, North Africa, Afghanistan & Pakistan (excluding high income)",MNA,1993,3148682502.7246
"Middle East, North Africa, Afghanistan & Pakistan (excluding high income)",MNA,1992,2718229485.8058
"Middle East, North Africa, Afghanistan & Pakistan (excluding high income)",MNA,1991,1416404656.93216
"Middle East, North Africa, Afghanistan & Pakistan (excluding high income)",MNA,1990,965548100.523988
"Middle East, North Africa, Afghanistan & Pakistan (excluding high income)",MNA,1989,1854126270.77749
"Middle East, North Africa, Afghanistan & Pakistan (excluding high income)",MNA,1988,1740992289.80298
"Middle East, North Africa, Afghanistan & Pakistan (excluding high income)",MNA,1987,886106332.011841
"Middle East, North Africa, Afghanistan & Pakistan (excluding high income)",MNA,1986,1159275647.49001
"Middle East, North Africa, Afghanistan & Pakistan (excluding high income)",MNA,1985,1564217520.59263
"Middle East, North Africa, Afghanistan & Pakistan (excluding high income)",MNA,1984,1051605269.60474
"Middle East, North Africa, Afghanistan & Pakistan (excluding high income)",MNA,1983,380165789.318506
"Middle East, North Africa, Afghanistan & Pakistan (excluding high income)",MNA,1982,257050266.87609
"Middle East, North Africa, Afghanistan & Pakistan (excluding high income)",MNA,1981,659035649.649122
"Middle East, North Africa, Afghanistan & Pakistan (excluding high income)",MNA,1980,308548802.117633
"Middle East, North Africa, Afghanistan & Pakistan (excluding high income)",MNA,1979,963169401.363977
"Middle East, North Africa, Afghanistan & Pakistan (excluding high income)",MNA,1978,854799802.976658
"Middle East, North Africa, Afghanistan & Pakistan (excluding high income)",MNA,1977,317665109.720629
"Middle East, North Africa, Afghanistan & Pakistan (excluding high income)",MNA,1976,566529594.356834
"Middle East, North Africa, Afghanistan & Pakistan (excluding high income)",MNA,1975,106181693.791257
"Middle East, North Africa, Afghanistan & Pakistan (excluding high income)",MNA,1974,703810353.69899
"Middle East, North Africa, Afghanistan & Pakistan (excluding high income)",MNA,1973,471565438.517632
"Middle East, North Africa, Afghanistan & Pakistan (excluding high income)",MNA,1972,323089999.381979
"Middle East, North Africa, Afghanistan & Pakistan (excluding high income)",MNA,1971,186180000.0
"Middle East, North Africa, Afghanistan & Pakistan (excluding high income)",MNA,1970,484240000.0
"Middle East, North Africa, Afghanistan & Pakistan (IDA & IBRD)",TMN,2024,50211219735.3841
"Middle East, North Africa, Afghanistan & Pakistan (IDA & IBRD)",TMN,2023,14520811871.549
"Middle East, North Africa, Afghanistan & Pakistan (IDA & IBRD)",TMN,2022,17831462042.7299
"Middle East, North Africa, Afghanistan & Pakistan (IDA & IBRD)",TMN,2021,11749724419.6261
"Middle East, North Africa, Afghanistan & Pakistan (IDA & IBRD)",TMN,2020,12115783125.2214
"Middle East, North Africa, Afghanistan & Pakistan (IDA & IBRD)",TMN,2019,16057069625.3164
"Middle East, North Africa, Afghanistan & Pakistan (IDA & IBRD)",TMN,2018,16988359173.2209
"Middle East, North Africa, Afghanistan & Pakistan (IDA & IBRD)",TMN,2017,19111331511.9321
"Middle East, North Africa, Afghanistan & Pakistan (IDA & IBRD)",TMN,2016,16027129448.1064
"Middle East, North Africa, Afghanistan & Pakistan (IDA & IBRD)",TMN,2015,10816748498.0658
"Middle East, North Africa, Afghanistan & Pakistan (IDA & IBRD)",TMN,2014,9484468190.13069
"Middle East, North Africa, Afghanistan & Pakistan (IDA & IBRD)",TMN,2013,17861693463.7494
"Middle East, North Africa, Afghanistan & Pakistan (IDA & IBRD)",TMN,2012,23852408784.6869
"Middle East, North Africa, Afghanistan & Pakistan (IDA & IBRD)",TMN,2011,17767883796.5692
"Middle East, North Africa, Afghanistan & Pakistan (IDA & IBRD)",TMN,2010,27965654412.3178
"Middle East, North Africa, Afghanistan & Pakistan (IDA & IBRD)",TMN,2009,31313237876.3057
"Middle East, North Africa, Afghanistan & Pakistan (IDA & IBRD)",TMN,2008,41038890052.7971
"Middle East, North Africa, Afghanistan & Pakistan (IDA & IBRD)",TMN,2007,39416000502.2251
"Middle East, North Africa, Afghanistan & Pakistan (IDA & IBRD)",TMN,2006,34966832480.1362
"Middle East, North Africa, Afghanistan & Pakistan (IDA & IBRD)",TMN,2005,20657550613.4374
"Middle East, North Africa, Afghanistan & Pakistan (IDA & IBRD)",TMN,2004,11915436326.6698
"Middle East, North Africa, Afghanistan & Pakistan (IDA & IBRD)",TMN,2003,11831951708.3559
"Middle East, North Africa, Afghanistan & Pakistan (IDA & IBRD)",TMN,2002,9329500195.56235
"Middle East, North Africa, Afghanistan & Pakistan (IDA & IBRD)",TMN,2001,7542289490.64597
"Middle East, North Africa, Afghanistan & Pakistan (IDA & IBRD)",TMN,2000,5366930396.93117
"Middle East, North Africa, Afghanistan & Pakistan (IDA & IBRD)",TMN,1999,3964423247.67971
"Middle East, North Africa, Afghanistan & Pakistan (IDA & IBRD)",TMN,1998,4362214615.38117
"Middle East, North Africa, Afghanistan & Pakistan (IDA & IBRD)",TMN,1997,5378757823.32012
"Middle East, North Africa, Afghanistan & Pakistan (IDA & IBRD)",TMN,1996,2464360464.75347
"Middle East, North Africa, Afghanistan & Pakistan (IDA & IBRD)",TMN,1995,1793619506.51157
"Middle East, North Africa, Afghanistan & Pakistan (IDA & IBRD)",TMN,1994,2882962518.15977
"Middle East, North Africa, Afghanistan & Pakistan (IDA & IBRD)",TMN,1993,3148682502.7246
"Middle East, North Africa, Afghanistan & Pakistan (IDA & IBRD)",TMN,1992,2718229485.8058
"Middle East, North Africa, Afghanistan & Pakistan (IDA & IBRD)",TMN,1991,1416404656.93216
"Middle East, North Africa, Afghanistan & Pakistan (IDA & IBRD)",TMN,1990,965548100.523988
"Middle East, North Africa, Afghanistan & Pakistan (IDA & IBRD)",TMN,1989,1854126270.77749
"Middle East, North Africa, Afghanistan & Pakistan (IDA & IBRD)",TMN,1988,1740992289.80298
"Middle East, North Africa, Afghanistan & Pakistan (IDA & IBRD)",TMN,1987,886106332.011841
"Middle East, North Africa, Afghanistan & Pakistan (IDA & IBRD)",TMN,1986,1159275647.49001
"Middle East, North Africa, Afghanistan & Pakistan (IDA & IBRD)",TMN,1985,1564217520.59263
"Middle East, North Africa, Afghanistan & Pakistan (IDA & IBRD)",TMN,1984,1051605269.60474
"Middle East, North Africa, Afghanistan & Pakistan (IDA & IBRD)",TMN,1983,380165789.318506
"Middle East, North Africa, Afghanistan & Pakistan (IDA & IBRD)",TMN,1982,257050266.87609
"Middle East, North Africa, Afghanistan & Pakistan (IDA & IBRD)",TMN,1981,659035649.649122
"Middle East, North Africa, Afghanistan & Pakistan (IDA & IBRD)",TMN,1980,308548802.117633
"Middle East, North Africa, Afghanistan & Pakistan (IDA & IBRD)",TMN,1979,963169401.363977
"Middle East, North Africa, Afghanistan & Pakistan (IDA & IBRD)",TMN,1978,854799802.976658
"Middle East, North Africa, Afghanistan & Pakistan (IDA & IBRD)",TMN,1977,317665109.720629
"Middle East, North Africa, Afghanistan & Pakistan (IDA & IBRD)",TMN,1976,566529594.356834
"Middle East, North Africa, Afghanistan & Pakistan (IDA & IBRD)",TMN,1975,106181693.791257
"Middle East, North Africa, Afghanistan & Pakistan (IDA & IBRD)",TMN,1974,703810353.69899
"Middle East, North Africa, Afghanistan & Pakistan (IDA & IBRD)",TMN,1973,471565438.517632
"Middle East, North Africa, Afghanistan & Pakistan (IDA & IBRD)",TMN,1972,323089999.381979
"Middle East, North Africa, Afghanistan & Pakistan (IDA & IBRD)",TMN,1971,186180000.0
"Middle East, North Africa, Afghanistan & Pakistan (IDA & IBRD)",TMN,1970,484240000.0
Middle income,MIC,2024,401001546344.154
Middle income,MIC,2023,379209271203.201
Middle income,MIC,2022,554450952179.691
Middle income,MIC,2021,686026850365.542
Middle income,MIC,2020,504604836771.59
Middle income,MIC,2019,505361362182.444
Middle income,MIC,2018,569337599698.196
Middle income,MIC,2017,489567058359.507
Middle income,MIC,2016,489499546117.448
Middle income,MIC,2015,571764987381.305
Middle income,MIC,2014,589060200583.432
Middle income,MIC,2013,636784499029.284
Middle income,MIC,2012,588063273987.91
Middle income,MIC,2011,632865836812.925
Middle income,MIC,2010,546662893845.088
Middle income,MIC,2009,369746515667.936
Middle income,MIC,2008,499139854042.104
Middle income,MIC,2007,434888510089.767
Middle income,MIC,2006,320008294010.92
Middle income,MIC,2005,262040693384.775
Middle income,MIC,2004,180164054645.345
Middle income,MIC,2003,139739834219.497
Middle income,MIC,2002,137118581475.685
Middle income,MIC,2001,148790755975.352
Middle income,MIC,2000,130282913249.77
Middle income,MIC,1999,142827355632.996
Middle income,MIC,1998,134336729204.297
Middle income,MIC,1997,131999473196.971
Middle income,MIC,1996,102029406304.604
Middle income,MIC,1995,82146727484.8819
Middle income,MIC,1994,73709565647.8594
Middle income,MIC,1993,53031877384.5979
Middle income,MIC,1992,33907268810.7455
Middle income,MIC,1991,22627415195.8963
Middle income,MIC,1990,17331245065.1842
Middle income,MIC,1989,17763658277.4651
Middle income,MIC,1988,16926327011.3602
Middle income,MIC,1987,10619647503.8453
Middle income,MIC,1986,9157045989.58851
Middle income,MIC,1985,10395269870.4055
Middle income,MIC,1984,8234328132.06074
Middle income,MIC,1983,8290538931.14835
Middle income,MIC,1982,8860117954.57892
Middle income,MIC,1981,11045520804.8556
Middle income,MIC,1980,7247778753.59678
Middle income,MIC,1979,6928296519.44281
Middle income,MIC,1978,6061823259.49679
Middle income,MIC,1977,4601253163.41536
Middle income,MIC,1976,4685539521.77697
Middle income,MIC,1975,5641150619.20282
Middle income,MIC,1974,4846059934.43257
Middle income,MIC,1973,4423160887.52635
Middle income,MIC,1972,2380554875.10219
Middle income,MIC,1971,2733054456.15629
Middle income,MIC,1970,2544415749.25986
North America,NAC,2024,360228668210.402
North America,NAC,2023,405991889914.061
North America,NAC,2022,467659942079.685
North America,NAC,2021,538195365803.76
North America,NAC,2020,166665529963.05
North America,NAC,2019,364930690588.745
North America,NAC,2018,257414178420.097
North America,NAC,2017,405892691729.5
North America,NAC,2016,508516658366.975
North America,NAC,2015,571277113850.953
North America,NAC,2014,316027180345.11
North America,NAC,2013,355213770824.098
North America,NAC,2012,299761599199.273
North America,NAC,2011,301577464438.87
North America,NAC,2010,293976454801.327
North America,NAC,2009,181963342593.147
North America,NAC,2008,411383143974.142
North America,NAC,2007,467681638453.798
North America,NAC,2006,362677133096.867
North America,NAC,2005,167939926940.928
North America,NAC,2004,215925016545.218
North America,NAC,2003,124130692709.046
North America,NAC,2002,135546825376.882
North America,NAC,2001,200928898831.338
North America,NAC,2000,417495250856.083
North America,NAC,1999,339965544687.099
North America,NAC,1998,236231908298.165
North America,NAC,1997,137367100421.691
North America,NAC,1996,106477677647.294
North America,NAC,1995,82737593613.3371
North America,NAC,1994,65481029101.6566
North America,NAC,1993,54408460316.697
North America,NAC,1992,37328240062.8653
North America,NAC,1991,38064220103.0437
North America,NAC,1990,79631707941.4343
North America,NAC,1989,82951648940.4492
North America,NAC,1988,64106400040.3342
North America,NAC,1987,71832306053.6116
North America,NAC,1986,33655677620.685
North America,NAC,1985,10886760213.6926
North America,NAC,1984,30905261448.8517
North America,NAC,1983,16118560061.8769
North America,NAC,1982,21320061244.1131
North America,NAC,1981,26343720808.2697
North America,NAC,1980,22553268734.788
North America,NAC,1979,13357737031.1263
North America,NAC,1978,9240191707.68949
North America,NAC,1977,6291826624.08886
North America,NAC,1976,5360721215.75787
North America,NAC,1975,5696183402.57977
North America,NAC,1974,7263538434.68265
North America,NAC,1973,5114571500.54189
North America,NAC,1972,3380873961.07408
North America,NAC,1971,3043318428.36666
North America,NAC,1970,3047117680.30674
OECD members,OED,2024,732103343701.841
OECD members,OED,2023,218571943858.711
OECD members,OED,2022,1027764857044.69
OECD members,OED,2021,1301248900188.08
OECD members,OED,2020,470730163519.282
OECD members,OED,2019,1024483562775.53
OECD members,OED,2018,229929077588.834
OECD members,OED,2017,1344589335079.89
OECD members,OED,2016,1888824335314.9
OECD members,OED,2015,1713167226998.23
OECD members,OED,2014,994189882370.633
OECD members,OED,2013,1158791618890.84
OECD members,OED,2012,1077507555239.02
OECD members,OED,2011,1377553188853.49
OECD members,OED,2010,954595742218.975
OECD members,OED,2009,864966295690.466
OECD members,OED,2008,1633727127220.87
OECD members,OED,2007,2332783583277.29
OECD members,OED,2006,1611415399264.28
OECD members,OED,2005,1187228413226.38
OECD members,OED,2004,715814882229.551
OECD members,OED,2003,521091953136.542
OECD members,OED,2002,591095842926.409
OECD members,OED,2001,697060105762.209
OECD members,OED,2000,1313690083062.64
OECD members,OED,1999,996612053733.332
OECD members,OED,1998,620424452331.082
OECD members,OED,1997,357734693875.254
OECD members,OED,1996,287134100073.475
OECD members,OED,1995,262353017313.212
OECD members,OED,1994,188401070500.55
OECD members,OED,1993,162461252344.188
OECD members,OED,1992,141641290821.607
OECD members,OED,1991,142699142365.952
OECD members,OED,1990,209701168530.822
OECD members,OED,1989,177127953244.213
OECD members,OED,1988,141483703803.968
OECD members,OED,1987,122905411705.667
OECD members,OED,1986,70192075505.4652
OECD members,OED,1985,34353219474.4177
OECD members,OED,1984,43930168237.1412
OECD members,OED,1983,38760062787.5336
OECD members,OED,1982,41798064084.1114
OECD members,OED,1981,49510863367.2182
OECD members,OED,1980,48603270158.0853
OECD members,OED,1979,34903283435.8255
OECD members,OED,1978,26119152647.0541
OECD members,OED,1977,20836168023.4514
OECD members,OED,1976,15985177411.6398
OECD members,OED,1975,17430030565.9495
OECD members,OED,1974,22496025637.272
OECD members,OED,1973,15898839720.6225
OECD members,OED,1972,12143308303.6345
OECD members,OED,1971,10961571598.6694
OECD members,OED,1970,9171306506.287
Other small states,OSS,2024,-5568978354.04629
Other small states,OSS,2023,12194873591.6333
Other small states,OSS,2022,27511655359.2859
Other small states,OSS,2021,102346699237.168
Other small states,OSS,2020,-39413335062.8124
Other small states,OSS,2019,150814670646.92
Other small states,OSS,2018,155516949691.358
Other small states,OSS,2017,81840330156.3208
Other small states,OSS,2016,7303908403.61423
Other small states,OSS,2015,33235833848.6572
Other small states,OSS,2014,59275368244.2346
Other small states,OSS,2013,30462087149.7466
Other small states,OSS,2012,82012467349.8455
Other small states,OSS,2011,54638817500.1426
Other small states,OSS,2010,46912629036.7779
Other small states,OSS,2009,72033044083.9349
Other small states,OSS,2008,33029576381.6358
Other small states,OSS,2007,50186422135.5294
Other small states,OSS,2006,33355246770.2801
Other small states,OSS,2005,29545407086.7343
Other small states,OSS,2004,10836938921.6887
Other small states,OSS,2003,3475206458.27604
Other small states,OSS,2002,1487566927.3101
Other small states,OSS,2001,2282146919.59477
Other small states,OSS,2000,3163362499.41473
Other small states,OSS,1999,2897119730.58489
Other small states,OSS,1998,2235773493.38244
Other small states,OSS,1997,1926484073.06182
Other small states,OSS,1996,1580104767.44863
Other small states,OSS,1995,1569517159.25412
Other small states,OSS,1994,580058711.247081
Other small states,OSS,1993,433412524.63616
Other small states,OSS,1992,408984056.433641
Other small states,OSS,1991,291158493.337743
Other small states,OSS,1990,258126190.378762
Other small states,OSS,1989,237077480.256739
Other small states,OSS,1988,192501011.852814
Other small states,OSS,1987,182631123.80366
Other small states,OSS,1986,130012711.908981
Other small states,OSS,1985,136867433.185473
Other small states,OSS,1984,113228389.300991
Other small states,OSS,1983,78370591.1299984
Other small states,OSS,1982,129739314.164131
Other small states,OSS,1981,207007904.736442
Other small states,OSS,1980,151567713.888823
Other small states,OSS,1979,155844869.866278
Other small states,OSS,1978,127267665.872869
Other small states,OSS,1977,93314257.8328328
Other small states,OSS,1976,37111169.4943947
Other small states,OSS,1975,102282161.560533
Other small states,OSS,1974,67708172.1793885
Other small states,OSS,1973,48261890.2962036
Other small states,OSS,1972,43455198.9542447
Other small states,OSS,1971,46504861.4936237
Other small states,OSS,1970,125629999.9
Pacific island small states,PSS,2024,342023684.604012
Pacific island small states,PSS,2023,279519388.650394
Pacific island small states,PSS,2022,224689951.663743
Pacific island small states,PSS,2021,530618814.251182
Pacific island small states,PSS,2020,344267322.834564
Pacific island small states,PSS,2019,452259164.693493
Pacific island small states,PSS,2018,638731448.584073
Pacific island small states,PSS,2017,516913103.167244
Pacific island small states,PSS,2016,555995782.644423
Pacific island small states,PSS,2015,338914236.751566
Pacific island small states,PSS,2014,520297950.445442
Pacific island small states,PSS,2013,428421923.787114
Pacific island small states,PSS,2012,423565784.084599
Pacific island small states,PSS,2011,424639509.31032
Pacific island small states,PSS,2010,399300807.400971
Pacific island small states,PSS,2009,423399726.379844
Pacific island small states,PSS,2008,870365447.407079
Pacific island small states,PSS,2007,621287211.280018
Pacific island small states,PSS,2006,740362873.943575
Pacific island small states,PSS,2005,206367093.82613
Pacific island small states,PSS,2004,285390875.083326
Pacific island small states,PSS,2003,64319935.2117953
Pacific island small states,PSS,2002,54252424.2645559
Pacific island small states,PSS,2001,58756645.5008015
Pacific island small states,PSS,2000,35495865.0470122
Pacific island small states,PSS,1999,-123088713.597274
Pacific island small states,PSS,1998,53007502.7079049
Pacific island small states,PSS,1997,24403200.4721741
Pacific island small states,PSS,1996,-31527043.0860589
Pacific island small states,PSS,1995,15033850.643595
Pacific island small states,PSS,1994,6521629.63794861
Pacific island small states,PSS,1993,50677280.6556978
Pacific island small states,PSS,1992,86068193.5046716
Pacific island small states,PSS,1991,4617566.22394086
Pacific island small states,PSS,1990,1163518.03439897
Pacific island small states,PSS,1989,52822126.1110097
Pacific island small states,PSS,1988,44532113.9620477
Pacific island small states,PSS,1987,40498558.4794533
Pacific island small states,PSS,1986,13170610.2805705
Pacific island small states,PSS,1985,27643489.7583336
Pacific island small states,PSS,1984,32744983.5143656
Pacific island small states,PSS,1983,37247803.5000787
Pacific island small states,PSS,1982,44950821.786109
Pacific island small states,PSS,1981,43798368.8816688
Pacific island small states,PSS,1980,43603061.3453019
Pacific island small states,PSS,1979,18584933.5497904
Pacific island small states,PSS,1978,22048448.7596801
Pacific island small states,PSS,1977,24225491.3230701
Pacific island small states,PSS,1976,22383282.3797788
Pacific island small states,PSS,1975,25224773.9570606
Pacific island small states,PSS,1974,16200000.0
Pacific island small states,PSS,1973,19214999.8
Pacific island small states,PSS,1972,8545000.0
Pacific island small states,PSS,1971,6350000.0
Pacific island small states,PSS,1970,6420000.0
Post-demographic dividend,PST,2024,918072200455.757
Post-demographic dividend,PST,2023,506451272821.769
Post-demographic dividend,PST,2022,1200430520574.22
Post-demographic dividend,PST,2021,1464482285688.51
Post-demographic dividend,PST,2020,560424538396.324
Post-demographic dividend,PST,2019,1098561485730.61
Post-demographic dividend,PST,2018,300847693519.073
Post-demographic dividend,PST,2017,1459050693144.02
Post-demographic dividend,PST,2016,1905873086530.02
Post-demographic dividend,PST,2015,1629667110211.34
Post-demographic dividend,PST,2014,981876491136.427
Post-demographic dividend,PST,2013,1120213917990.67
Post-demographic dividend,PST,2012,1066625092265.44
Post-demographic dividend,PST,2011,1403761002107.34
Post-demographic dividend,PST,2010,985842837089.124
Post-demographic dividend,PST,2009,831355835076.449
Post-demographic dividend,PST,2008,1624562191268.21
Post-demographic dividend,PST,2007,2330154398253.21
Post-demographic dividend,PST,2006,1615456744085.75
Post-demographic dividend,PST,2005,1159556172521.77
Post-demographic dividend,PST,2004,728327546460.598
Post-demographic dividend,PST,2003,504379758270.043
Post-demographic dividend,PST,2002,540862755257.563
Post-demographic dividend,PST,2001,688691639900.872
Post-demographic dividend,PST,2000,1329865361647.62
Post-demographic dividend,PST,1999,988526944289.917
Post-demographic dividend,PST,1998,602715911410.809
Post-demographic dividend,PST,1997,352547414789.519
Post-demographic dividend,PST,1996,282900954360.041
Post-demographic dividend,PST,1995,259675598809.678
Post-demographic dividend,PST,1994,185507603522.894
Post-demographic dividend,PST,1993,163428433518.341
Post-demographic dividend,PST,1992,138119794230.3
Post-demographic dividend,PST,1991,139816140144.195
Post-demographic dividend,PST,1990,213127492388.645
Post-demographic dividend,PST,1989,176023922248.297
Post-demographic dividend,PST,1988,145166593618.583
Post-demographic dividend,PST,1987,127456668049.861
Post-demographic dividend,PST,1986,69849262703.2236
Post-demographic dividend,PST,1985,31537025942.7483
Post-demographic dividend,PST,1984,43960964589.7813
Post-demographic dividend,PST,1983,37799457387.2917
Post-demographic dividend,PST,1982,41651037867.3666
Post-demographic dividend,PST,1981,49052914958.2775
Post-demographic dividend,PST,1980,47724268437.9513
Post-demographic dividend,PST,1979,34240406539.5562
Post-demographic dividend,PST,1978,25443945046.4169
Post-demographic dividend,PST,1977,20697912291.9304
Post-demographic dividend,PST,1976,15435877489.4496
Post-demographic dividend,PST,1975,17145483604.7236
Post-demographic dividend,PST,1974,22192028974.8327
Post-demographic dividend,PST,1973,15741590596.8531
Post-demographic dividend,PST,1972,12026344023.8066
Post-demographic dividend,PST,1971,10664217885.202
Post-demographic dividend,PST,1970,8799315074.38181
Pre-demographic dividend,PRE,2024,22054670208.5372
Pre-demographic dividend,PRE,2023,22384498131.1293
Pre-demographic dividend,PRE,2022,15871150142.083
Pre-demographic dividend,PRE,2021,17375173724.8005
Pre-demographic dividend,PRE,2020,10243413940.6905
Pre-demographic dividend,PRE,2019,9778320038.44048
Pre-demographic dividend,PRE,2018,7897106040.26043
Pre-demographic dividend,PRE,2017,10366793489.0607
Pre-demographic dividend,PRE,2016,13237483289.6751
Pre-demographic dividend,PRE,2015,28122774993.9482
Pre-demographic dividend,PRE,2014,19277888771.1775
Pre-demographic dividend,PRE,2013,23297882368.4208
Pre-demographic dividend,PRE,2012,36926849649.1887
Pre-demographic dividend,PRE,2011,32659955069.013
Pre-demographic dividend,PRE,2010,25647279563.6826
Pre-demographic dividend,PRE,2009,25507293266.5258
Pre-demographic dividend,PRE,2008,24950568313.5981
Pre-demographic dividend,PRE,2007,19302757237.3646
Pre-demographic dividend,PRE,2006,13264035830.3832
Pre-demographic dividend,PRE,2005,12019139609.8137
Pre-demographic dividend,PRE,2004,10541426833.3479
Pre-demographic dividend,PRE,2003,12756001939.8036
Pre-demographic dividend,PRE,2002,8325001210.73425
Pre-demographic dividend,PRE,2001,7274509786.82661
Pre-demographic dividend,PRE,2000,4591954711.61447
Pre-demographic dividend,PRE,1999,6315106148.87576
Pre-demographic dividend,PRE,1998,4015519709.94286
Pre-demographic dividend,PRE,1997,2846243966.68283
Pre-demographic dividend,PRE,1996,2167282368.29766
Pre-demographic dividend,PRE,1995,1924878618.79396
Pre-demographic dividend,PRE,1994,2774910718.00794
Pre-demographic dividend,PRE,1993,2645736008.73141
Pre-demographic dividend,PRE,1992,1457468079.05059
Pre-demographic dividend,PRE,1991,1619044493.39732
Pre-demographic dividend,PRE,1990,913604227.599561
Pre-demographic dividend,PRE,1989,3000413193.86104
Pre-demographic dividend,PRE,1988,1049748336.76597
Pre-demographic dividend,PRE,1987,1208732121.45009
Pre-demographic dividend,PRE,1986,392916862.275797
Pre-demographic dividend,PRE,1985,1307276688.89806
Pre-demographic dividend,PRE,1984,408568466.071975
Pre-demographic dividend,PRE,1983,626101581.029675
Pre-demographic dividend,PRE,1982,942703023.505996
Pre-demographic dividend,PRE,1981,1250910870.21167
Pre-demographic dividend,PRE,1980,58083965.1288015
Pre-demographic dividend,PRE,1979,1002989376.84446
Pre-demographic dividend,PRE,1978,882658606.935738
Pre-demographic dividend,PRE,1977,868827918.369172
Pre-demographic dividend,PRE,1976,916132670.521314
Pre-demographic dividend,PRE,1975,798736713.168584
Pre-demographic dividend,PRE,1974,573468916.55786
Pre-demographic dividend,PRE,1973,715599999.4
Pre-demographic dividend,PRE,1972,524659999.0
Pre-demographic dividend,PRE,1971,382429999.6
Pre-demographic dividend,PRE,1970,404259999.1
Small states,SST,2024,4421164886.806
Small states,SST,2023,11219266911.1267
Small states,SST,2022,27424438288.5456
Small states,SST,2021,105518040551.999
Small states,SST,2020,-35528378648.0738
Small states,SST,2019,155629272119.036
Small states,SST,2018,158265448137.358
Small states,SST,2017,83253166372.3602
Small states,SST,2016,9709272798.74748
Small states,SST,2015,35576514635.6599
Small states,SST,2014,62271905969.1008
Small states,SST,2013,31411762320.1221
Small states,SST,2012,82822982474.0735
Small states,SST,2011,57194454251.2643
Small states,SST,2010,49797011791.7998
Small states,SST,2009,74992348868.7062
Small states,SST,2008,39149053003.4711
Small states,SST,2007,53838412603.5727
Small states,SST,2006,37001824028.6758
Small states,SST,2005,32310512768.1684
Small states,SST,2004,13233980214.4083
Small states,SST,2003,5186684230.49224
Small states,SST,2002,3318951852.42818
Small states,SST,2001,3916299537.17511
Small states,SST,2000,4609865754.28648
Small states,SST,1999,3966327148.03354
Small states,SST,1998,3547603403.94922
Small states,SST,1997,3480719340.3565
Small states,SST,1996,2252642290.43212
Small states,SST,1995,2318477547.63369
Small states,SST,1994,1392649973.30939
Small states,SST,1993,1060155017.34852
Small states,SST,1992,925605713.9906
Small states,SST,1991,689059935.06005
Small states,SST,1990,498822163.32145
Small states,SST,1989,338574095.442215
Small states,SST,1988,306268000.346181
Small states,SST,1987,259216719.320151
Small states,SST,1986,121764803.771033
Small states,SST,1985,216666681.793218
Small states,SST,1984,249070725.668149
Small states,SST,1983,363010061.347366
Small states,SST,1982,464773469.369843
Small states,SST,1981,705311829.180569
Small states,SST,1980,484400677.272032
Small states,SST,1979,316406872.182847
Small states,SST,1978,293156447.919563
Small states,SST,1977,228210709.974334
Small states,SST,1976,222214860.514423
Small states,SST,1975,244494067.128608
Small states,SST,1974,358708856.613618
Small states,SST,1973,263357190.106567
Small states,SST,1972,253180035.948135
Small states,SST,1971,220571033.132122
Small states,SST,1970,317528499.694566
South Asia,SAS,2024,30044677468.6504
South Asia,SAS,2023,31119556576.8975
South Asia,SAS,2022,53231654055.6547
South Asia,SAS,2021,47889363847.0479
South Asia,SAS,2020,66886303909.252
South Asia,SAS,2019,54421771180.7291
South Asia,SAS,2018,46799690261.3378
South Asia,SAS,2017,43786729857.6174
South Asia,SAS,2016,48262865297.6365
South Asia,SAS,2015,47876623186.1024
South Asia,SAS,2014,38396776440.68
South Asia,SAS,2013,32143974283.1619
South Asia,SAS,2012,26865516801.8179
South Asia,SAS,2011,39267994197.1236
South Asia,SAS,2010,29486186946.7105
South Asia,SAS,2009,37101194076.7784
South Asia,SAS,2008,45672294619.0509
South Asia,SAS,2007,26693800181.3404
South Asia,SAS,2006,21028643965.9764
South Asia,SAS,2005,8416782983.25474
South Asia,SAS,2004,6172332655.90904
South Asia,SAS,2003,4228912734.44089
South Asia,SAS,2002,5478963505.95991
South Asia,SAS,2001,5419801654.96072
South Asia,SAS,2000,4059370967.80863
South Asia,SAS,1999,2542327820.69407
South Asia,SAS,1998,3041677680.41199
South Asia,SAS,1997,4180527698.45869
South Asia,SAS,1996,2589336626.19018
South Asia,SAS,1995,2208800780.73908
South Asia,SAS,1994,1159575063.35256
South Asia,SAS,1993,765798981.692759
South Asia,SAS,1992,409460135.485181
South Asia,SAS,1991,132597256.442913
South Asia,SAS,1990,296423900.912056
South Asia,SAS,1989,276909221.229939
South Asia,SAS,1988,140690771.095336
South Asia,SAS,1987,281519288.462992
South Asia,SAS,1986,156459619.104344
South Asia,SAS,1985,127452080.1604
South Asia,SAS,1984,52109121.5559165
South Asia,SAS,1983,43462875.9586454
South Asia,SAS,1982,139697608.833
South Asia,SAS,1981,146284554.4202
South Asia,SAS,1980,130850507.0449
South Asia,SAS,1979,88571742.1857
South Asia,SAS,1978,28644392.3733
South Asia,SAS,1977,-29098567.2109
South Asia,SAS,1976,-2145430.64257424
South Asia,SAS,1975,-6670202.3711639
South Asia,SAS,1974,61309999.8
South Asia,SAS,1973,40539999.8
South Asia,SAS,1972,18209999.9
South Asia,SAS,1971,47959999.9
South Asia,SAS,1970,45160000.0
South Asia (IDA & IBRD),TSA,2024,30044677468.6504
South Asia (IDA & IBRD),TSA,2023,31119556576.8975
South Asia (IDA & IBRD),TSA,2022,53231654055.6547
South Asia (IDA & IBRD),TSA,2021,47889363847.0479
South Asia (IDA & IBRD),TSA,2020,66886303909.252
South Asia (IDA & IBRD),TSA,2019,54421771180.7291
South Asia (IDA & IBRD),TSA,2018,46799690261.3378
South Asia (IDA & IBRD),TSA,2017,43786729857.6174
South Asia (IDA & IBRD),TSA,2016,48262865297.6365
South Asia (IDA & IBRD),TSA,2015,47876623186.1024
South Asia (IDA & IBRD),TSA,2014,38396776440.68
South Asia (IDA & IBRD),TSA,2013,32143974283.1619
South Asia (IDA & IBRD),TSA,2012,26865516801.8179
South Asia (IDA & IBRD),TSA,2011,39267994197.1237
South Asia (IDA & IBRD),TSA,2010,29486186946.7105
South Asia (IDA & IBRD),TSA,2009,37101194076.7784
South Asia (IDA & IBRD),TSA,2008,45672294619.0509
South Asia (IDA & IBRD),TSA,2007,26693800181.3404
South Asia (IDA & IBRD),TSA,2006,21028643965.9764
South Asia (IDA & IBRD),TSA,2005,8416782983.25474
South Asia (IDA & IBRD),TSA,2004,6172332655.90904
South Asia (IDA & IBRD),TSA,2003,4228912734.44089
South Asia (IDA & IBRD),TSA,2002,5478963505.95991
South Asia (IDA & IBRD),TSA,2001,5419801654.96072
South Asia (IDA & IBRD),TSA,2000,4059370967.80863
South Asia (IDA & IBRD),TSA,1999,2542327820.69407
South Asia (IDA & IBRD),TSA,1998,3041677680.41199
South Asia (IDA & IBRD),TSA,1997,4180527698.45869
South Asia (IDA & IBRD),TSA,1996,2589336626.19018
South Asia (IDA & IBRD),TSA,1995,2208800780.73908
South Asia (IDA & IBRD),TSA,1994,1159575063.35256
South Asia (IDA & IBRD),TSA,1993,765798981.692759
South Asia (IDA & IBRD),TSA,1992,409460135.485181
South Asia (IDA & IBRD),TSA,1991,132597256.442913
South Asia (IDA & IBRD),TSA,1990,296423900.912056
South Asia (IDA & IBRD),TSA,1989,276909221.229939
South Asia (IDA & IBRD),TSA,1988,140690771.095336
South Asia (IDA & IBRD),TSA,1987,281519288.462992
South Asia (IDA & IBRD),TSA,1986,156459619.104344
South Asia (IDA & IBRD),TSA,1985,127452080.1604
South Asia (IDA & IBRD),TSA,1984,52109121.5559165
South Asia (IDA & IBRD),TSA,1983,43462875.9586454
South Asia (IDA & IBRD),TSA,1982,139697608.833
South Asia (IDA & IBRD),TSA,1981,146284554.4202
South Asia (IDA & IBRD),TSA,1980,130850507.0449
South Asia (IDA & IBRD),TSA,1979,88571742.1857
South Asia (IDA & IBRD),TSA,1978,28644392.3733
South Asia (IDA & IBRD),TSA,1977,-29098567.2109
South Asia (IDA & IBRD),TSA,1976,-2145430.64257424
South Asia (IDA & IBRD),TSA,1975,-6670202.3711639
South Asia (IDA & IBRD),TSA,1974,61309999.8
South Asia (IDA & IBRD),TSA,1973,40539999.8
South Asia (IDA & IBRD),TSA,1972,18209999.9
South Asia (IDA & IBRD),TSA,1971,47959999.9
South Asia (IDA & IBRD),TSA,1970,45160000.0
Sub-Saharan Africa,SSF,2024,43244375330.5469
Sub-Saharan Africa,SSF,2023,42454544971.6904
Sub-Saharan Africa,SSF,2022,36674091715.1345
Sub-Saharan Africa,SSF,2021,70827482374.9971
Sub-Saharan Africa,SSF,2020,23252588321.0328
Sub-Saharan Africa,SSF,2019,27528707605.307
Sub-Saharan Africa,SSF,2018,28178147801.9889
Sub-Saharan Africa,SSF,2017,27915716723.4246
Sub-Saharan Africa,SSF,2016,32308403020.2353
Sub-Saharan Africa,SSF,2015,45236298471.874
Sub-Saharan Africa,SSF,2014,44289421716.9297
Sub-Saharan Africa,SSF,2013,40691801130.3947
Sub-Saharan Africa,SSF,2012,45549029247.768
Sub-Saharan Africa,SSF,2011,42039850554.8336
Sub-Saharan Africa,SSF,2010,32809199561.4763
Sub-Saharan Africa,SSF,2009,36644009695.6563
Sub-Saharan Africa,SSF,2008,38800673907.4197
Sub-Saharan Africa,SSF,2007,29152944884.0836
Sub-Saharan Africa,SSF,2006,16436899447.1453
Sub-Saharan Africa,SSF,2005,19612010517.9408
Sub-Saharan Africa,SSF,2004,12633442501.1724
Sub-Saharan Africa,SSF,2003,13817317925.6526
Sub-Saharan Africa,SSF,2002,10872642137.6866
Sub-Saharan Africa,SSF,2001,15429352467.1066
Sub-Saharan Africa,SSF,2000,6875103813.10029
Sub-Saharan Africa,SSF,1999,8645862986.03375
Sub-Saharan Africa,SSF,1998,6019551621.59571
Sub-Saharan Africa,SSF,1997,7379464530.92237
Sub-Saharan Africa,SSF,1996,3269901116.82118
Sub-Saharan Africa,SSF,1995,3608388778.87797
Sub-Saharan Africa,SSF,1994,3577796495.69491
Sub-Saharan Africa,SSF,1993,2597451437.78721
Sub-Saharan Africa,SSF,1992,1866956368.3711
Sub-Saharan Africa,SSF,1991,2085621369.37916
Sub-Saharan Africa,SSF,1990,1173980892.83941
Sub-Saharan Africa,SSF,1989,2969625003.63921
Sub-Saharan Africa,SSF,1988,1510216500.48396
Sub-Saharan Africa,SSF,1987,1317723816.73856
Sub-Saharan Africa,SSF,1986,615474971.262111
Sub-Saharan Africa,SSF,1985,1000052323.05112
Sub-Saharan Africa,SSF,1984,937809636.294253
Sub-Saharan Africa,SSF,1983,854463619.319572
Sub-Saharan Africa,SSF,1982,1460228983.78943
Sub-Saharan Africa,SSF,1981,1545026115.49962
Sub-Saharan Africa,SSF,1980,255531071.661835
Sub-Saharan Africa,SSF,1979,773361137.522138
Sub-Saharan Africa,SSF,1978,919838268.075458
Sub-Saharan Africa,SSF,1977,845894097.059998
Sub-Saharan Africa,SSF,1976,1016639888.21081
Sub-Saharan Africa,SSF,1975,1285939857.75532
Sub-Saharan Africa,SSF,1974,1416784680.99358
Sub-Saharan Africa,SSF,1973,818969138.2134
Sub-Saharan Africa,SSF,1972,695548244.6811
Sub-Saharan Africa,SSF,1971,715170932.0561
Sub-Saharan Africa,SSF,1970,829169865.1601
Sub-Saharan Africa (excluding high income),SSA,2024,40999890566.6621
Sub-Saharan Africa (excluding high income),SSA,2023,39926797488.9781
Sub-Saharan Africa (excluding high income),SSA,2022,35306720823.2046
Sub-Saharan Africa (excluding high income),SSA,2021,69807739694.8213
Sub-Saharan Africa (excluding high income),SSA,2020,23305207600.3472
Sub-Saharan Africa (excluding high income),SSA,2019,27450309515.0862
Sub-Saharan Africa (excluding high income),SSA,2018,27578462683.6641
Sub-Saharan Africa (excluding high income),SSA,2017,27436508504.2797
Sub-Saharan Africa (excluding high income),SSA,2016,31889179226.7012
Sub-Saharan Africa (excluding high income),SSA,2015,44291375811.9547
Sub-Saharan Africa (excluding high income),SSA,2014,43734448200.2383
Sub-Saharan Africa (excluding high income),SSA,2013,40650438418.395
Sub-Saharan Africa (excluding high income),SSA,2012,43733265058.3528
Sub-Saharan Africa (excluding high income),SSA,2011,41093009305.1263
Sub-Saharan Africa (excluding high income),SSA,2010,32361875212.035
Sub-Saharan Africa (excluding high income),SSA,2009,35646703560.3624
Sub-Saharan Africa (excluding high income),SSA,2008,37870422139.0643
Sub-Saharan Africa (excluding high income),SSA,2007,28307838334.2161
Sub-Saharan Africa (excluding high income),SSA,2006,15686145957.5705
Sub-Saharan Africa (excluding high income),SSA,2005,19141429988.4589
Sub-Saharan Africa (excluding high income),SSA,2004,12371866337.8566
Sub-Saharan Africa (excluding high income),SSA,2003,13693781497.8184
Sub-Saharan Africa (excluding high income),SSA,2002,10677388631.1474
Sub-Saharan Africa (excluding high income),SSA,2001,14985275844.2126
Sub-Saharan Africa (excluding high income),SSA,2000,6654426052.99671
Sub-Saharan Africa (excluding high income),SSA,1999,8539543308.81843
Sub-Saharan Africa (excluding high income),SSA,1998,5870109462.79959
Sub-Saharan Africa (excluding high income),SSA,1997,7235092873.94323
Sub-Saharan Africa (excluding high income),SSA,1996,3112394245.66063
Sub-Saharan Africa (excluding high income),SSA,1995,3409489017.65471
Sub-Saharan Africa (excluding high income),SSA,1994,3449081908.51873
Sub-Saharan Africa (excluding high income),SSA,1993,2523347786.46471
Sub-Saharan Africa (excluding high income),SSA,1992,1739710105.58565
Sub-Saharan Africa (excluding high income),SSA,1991,1945588587.29112
Sub-Saharan Africa (excluding high income),SSA,1990,1124173728.92218
Sub-Saharan Africa (excluding high income),SSA,1989,2947675886.2776
Sub-Saharan Africa (excluding high income),SSA,1988,1488524177.0041
Sub-Saharan Africa (excluding high income),SSA,1987,1298489347.42165
Sub-Saharan Africa (excluding high income),SSA,1986,592277601.593766
Sub-Saharan Africa (excluding high income),SSA,1985,972045694.732186
Sub-Saharan Africa (excluding high income),SSA,1984,928036527.3081
Sub-Saharan Africa (excluding high income),SSA,1983,845340654.057514
Sub-Saharan Africa (excluding high income),SSA,1982,1450214297.98914
Sub-Saharan Africa (excluding high income),SSA,1981,1534956269.01559
Sub-Saharan Africa (excluding high income),SSA,1980,246011504.866609
Sub-Saharan Africa (excluding high income),SSA,1979,765854655.718694
Sub-Saharan Africa (excluding high income),SSA,1978,913509578.976194
Sub-Saharan Africa (excluding high income),SSA,1977,838829162.900335
Sub-Saharan Africa (excluding high income),SSA,1976,1010304702.99572
Sub-Saharan Africa (excluding high income),SSA,1975,1281359857.75532
Sub-Saharan Africa (excluding high income),SSA,1974,1415054680.99358
Sub-Saharan Africa (excluding high income),SSA,1973,813129138.3134
Sub-Saharan Africa (excluding high income),SSA,1972,694198244.6811
Sub-Saharan Africa (excluding high income),SSA,1971,713360932.0561
Sub-Saharan Africa (excluding high income),SSA,1970,826969865.1601
Sub-Saharan Africa (IDA & IBRD countries),TSS,2024,43244375330.5469
Sub-Saharan Africa (IDA & IBRD countries),TSS,2023,42454544971.6904
Sub-Saharan Africa (IDA & IBRD countries),TSS,2022,36674091715.1345
Sub-Saharan Africa (IDA & IBRD countries),TSS,2021,70827482374.9971
Sub-Saharan Africa (IDA & IBRD countries),TSS,2020,23252588321.0328
Sub-Saharan Africa (IDA & IBRD countries),TSS,2019,27528707605.307
Sub-Saharan Africa (IDA & IBRD countries),TSS,2018,28178147801.9889
Sub-Saharan Africa (IDA & IBRD countries),TSS,2017,27915716723.4246
Sub-Saharan Africa (IDA & IBRD countries),TSS,2016,32308403020.2353
Sub-Saharan Africa (IDA & IBRD countries),TSS,2015,45236298471.874
Sub-Saharan Africa (IDA & IBRD countries),TSS,2014,44289421716.9297
Sub-Saharan Africa (IDA & IBRD countries),TSS,2013,40691801130.3947
Sub-Saharan Africa (IDA & IBRD countries),TSS,2012,45549029247.768
Sub-Saharan Africa (IDA & IBRD countries),TSS,2011,42039850554.8336
Sub-Saharan Africa (IDA & IBRD countries),TSS,2010,32809199561.4763
Sub-Saharan Africa (IDA & IBRD countries),TSS,2009,36644009695.6563
Sub-Saharan Africa (IDA & IBRD countries),TSS,2008,38800673907.4197
Sub-Saharan Africa (IDA & IBRD countries),TSS,2007,29152944884.0836
Sub-Saharan Africa (IDA & IBRD countries),TSS,2006,16436899447.1453
Sub-Saharan Africa (IDA & IBRD countries),TSS,2005,19612010517.9408
Sub-Saharan Africa (IDA & IBRD countries),TSS,2004,12633442501.1724
Sub-Saharan Africa (IDA & IBRD countries),TSS,2003,13817317925.6526
Sub-Saharan Africa (IDA & IBRD countries),TSS,2002,10872642137.6866
Sub-Saharan Africa (IDA & IBRD countries),TSS,2001,15429352467.1066
Sub-Saharan Africa (IDA & IBRD countries),TSS,2000,6875103813.10029
Sub-Saharan Africa (IDA & IBRD countries),TSS,1999,8645862986.03375
Sub-Saharan Africa (IDA & IBRD countries),TSS,1998,6019551621.59571
Sub-Saharan Africa (IDA & IBRD countries),TSS,1997,7379464530.92237
Sub-Saharan Africa (IDA & IBRD countries),TSS,1996,3269901116.82118
Sub-Saharan Africa (IDA & IBRD countries),TSS,1995,3608388778.87797
Sub-Saharan Africa (IDA & IBRD countries),TSS,1994,3577796495.69491
Sub-Saharan Africa (IDA & IBRD countries),TSS,1993,2597451437.78721
Sub-Saharan Africa (IDA & IBRD countries),TSS,1992,1866956368.3711
Sub-Saharan Africa (IDA & IBRD countries),TSS,1991,2085621369.37916
Sub-Saharan Africa (IDA & IBRD countries),TSS,1990,1173980892.83941
Sub-Saharan Africa (IDA & IBRD countries),TSS,1989,2969625003.63921
Sub-Saharan Africa (IDA & IBRD countries),TSS,1988,1510216500.48396
Sub-Saharan Africa (IDA & IBRD countries),TSS,1987,1317723816.73856
Sub-Saharan Africa (IDA & IBRD countries),TSS,1986,615474971.262111
Sub-Saharan Africa (IDA & IBRD countries),TSS,1985,1000052323.05112
Sub-Saharan Africa (IDA & IBRD countries),TSS,1984,937809636.294254
Sub-Saharan Africa (IDA & IBRD countries),TSS,1983,854463619.319572
Sub-Saharan Africa (IDA & IBRD countries),TSS,1982,1460228983.78943
Sub-Saharan Africa (IDA & IBRD countries),TSS,1981,1545026115.49962
Sub-Saharan Africa (IDA & IBRD countries),TSS,1980,255531071.661835
Sub-Saharan Africa (IDA & IBRD countries),TSS,1979,773361137.522138
Sub-Saharan Africa (IDA & IBRD countries),TSS,1978,919838268.075458
Sub-Saharan Africa (IDA & IBRD countries),TSS,1977,845894097.059998
Sub-Saharan Africa (IDA & IBRD countries),TSS,1976,1016639888.21081
Sub-Saharan Africa (IDA & IBRD countries),TSS,1975,1285939857.75532
Sub-Saharan Africa (IDA & IBRD countries),TSS,1974,1416784680.99358
Sub-Saharan Africa (IDA & IBRD countries),TSS,1973,818969138.2134
Sub-Saharan Africa (IDA & IBRD countries),TSS,1972,695548244.6811
Sub-Saharan Africa (IDA & IBRD countries),TSS,1971,715170932.0561
Sub-Saharan Africa (IDA & IBRD countries),TSS,1970,829169865.1601
World,WLD,2024,1522835669529.46
World,WLD,2023,956758819781.735
World,WLD,2022,1938011098458.34
World,WLD,2021,2519965443464.01
World,WLD,2020,1188762892808.14
World,WLD,2019,1943372537444.88
World,WLD,2018,1106786548904.5
World,WLD,2017,2260360602600.55
World,WLD,2016,2752324024591.62
World,WLD,2015,2793914289965.03
World,WLD,2014,1966506826818.72
World,WLD,2013,2167121813554.3
World,WLD,2012,2070403778459.73
World,WLD,2011,2388428015628.44
World,WLD,2010,1843471033404.19
World,WLD,2009,1516921853618.16
World,WLD,2008,2438720135970.98
World,WLD,2007,3114606227900.85
World,WLD,2006,2196872368742.01
World,WLD,2005,1556868646286.59
World,WLD,2004,1010344655081.11
World,WLD,2003,738380026880.169
World,WLD,2002,752287445879.187
World,WLD,2001,895918422986.544
World,WLD,2000,1569500058898.47
World,WLD,1999,1203788231381.22
World,WLD,1998,795710003332.627
World,WLD,1997,534892604531.886
World,WLD,1996,417892665598.981
World,WLD,1995,361999236328.744
World,WLD,1994,278827307889.912
World,WLD,1993,233823792476.695
World,WLD,1992,186391790552.173
World,WLD,1991,174941743970.89
World,WLD,1990,239420989326.594
World,WLD,1989,200156890860.696
World,WLD,1988,165895489459.047
World,WLD,1987,139519097546.103
World,WLD,1986,81768788974.0896
World,WLD,1985,44960850724.5308
World,WLD,1984,59791128735.9937
World,WLD,1983,53073373424.5641
World,WLD,1982,64847077910.4561
World,WLD,1981,69598655387.6682
World,WLD,1980,53413886835.9719
World,WLD,1979,41951228839.7561
World,WLD,1978,33742874310.5538
World,WLD,1977,27094427076.5445
World,WLD,1976,20577011011.3995
World,WLD,1975,25843473882.7584
World,WLD,1974,24129828712.2757
World,WLD,1973,20097490761.3848
World,WLD,1972,14768702552.9296
World,WLD,1971,14020855075.9801
World,WLD,1970,12357585832.7417
Afghanistan,AFG,2021,20600980.0
Afghanistan,AFG,2020,12970147.9832
Afghanistan,AFG,2019,23404553.647249
Afghanistan,AFG,2018,119435105.715177
Afghanistan,AFG,2017,51533896.765
Afghanistan,AFG,2016,93591315.3
Afghanistan,AFG,2015,169146608.0
Afghanistan,AFG,2014,42975262.5
Afghanistan,AFG,2013,48311346.0
Afghanistan,AFG,2012,56823660.0
Afghanistan,AFG,2011,52173421.0
Afghanistan,AFG,2010,190774431.98
Afghanistan,AFG,2009,56107246.5
Afghanistan,AFG,2008,46033740.0
Afghanistan,AFG,2007,188690000.0
Afghanistan,AFG,2006,238000000.0
Afghanistan,AFG,2005,271000000.0
Afghanistan,AFG,2004,186900000.0
Afghanistan,AFG,2003,57800000.0
Afghanistan,AFG,2002,50000000.0
Afghanistan,AFG,2001,680000.0
Afghanistan,AFG,2000,170000.0
Afghanistan,AFG,1999,6040000.0
Afghanistan,AFG,1998,-10000.0
Afghanistan,AFG,1997,-1460000.0
Afghanistan,AFG,1996,690000.0
Afghanistan,AFG,1995,-93330.0
Afghanistan,AFG,1994,20000.0
Afghanistan,AFG,1993,-20000.0
Afghanistan,AFG,1992,360000.0
Afghanistan,AFG,1991,-280000.0
Afghanistan,AFG,1990,10.0
Afghanistan,AFG,1989,0.0
Afghanistan,AFG,1988,0.0
Afghanistan,AFG,1987,400000.0
Afghanistan,AFG,1986,0.0
Afghanistan,AFG,1985,0.0
Afghanistan,AFG,1984,0.0
Afghanistan,AFG,1983,0.0
Afghanistan,AFG,1982,100000.0
Afghanistan,AFG,1981,180000.0
Afghanistan,AFG,1980,9000000.0
Afghanistan,AFG,1979,1200000.0
Afghanistan,AFG,1977,-240000.0
Afghanistan,AFG,1976,40000.0
Afghanistan,AFG,1973,270000.0
Afghanistan,AFG,1972,150000.0
Afghanistan,AFG,1971,450000.0
Afghanistan,AFG,1970,230000.0
Albania,ALB,2024,1710279512.48091
Albania,ALB,2023,1620982550.54309
Albania,ALB,2022,1441381891.41694
Albania,ALB,2021,1218586452.37157
Albania,ALB,2020,1069744879.65452
Albania,ALB,2019,1201022154.46643
Albania,ALB,2018,1204383363.60476
Albania,ALB,2017,1022757857.07376
Albania,ALB,2016,1044389554.85795
Albania,ALB,2015,989578334.828615
Albania,ALB,2014,1149927985.77736
Albania,ALB,2013,1254150555.51293
Albania,ALB,2012,917994575.801856
Albania,ALB,2011,1048706682.05458
Albania,ALB,2010,1089898207.57431
Albania,ALB,2009,1345415233.65619
Albania,ALB,2008,1247181714.30558
Albania,ALB,2007,652275603.722802
Albania,ALB,2006,325138316.803696
Albania,ALB,2005,262479012.637464
Albania,ALB,2004,341285112.537562
Albania,ALB,2003,178036400.666666
Albania,ALB,2002,135000000.0
Albania,ALB,2001,207300000.0
Albania,ALB,2000,143000000.0
Albania,ALB,1999,41200000.0
Albania,ALB,1998,45010000.0
Albania,ALB,1997,47500000.0
Albania,ALB,1996,90100000.0
Albania,ALB,1995,70000000.0
Albania,ALB,1994,53000000.0
Albania,ALB,1993,58000000.0
Albania,ALB,1992,20000000.0
Albania,ALB,1989,0.0
Albania,ALB,1988,0.0
Albania,ALB,1987,0.0
Albania,ALB,1986,0.0
Albania,ALB,1985,0.0
Albania,ALB,1984,0.0
Albania,ALB,1983,0.0
Albania,ALB,1982,0.0
Albania,ALB,1981,0.0
Albania,ALB,1980,0.0
Algeria,DZA,2024,1226414841.37248
Algeria,DZA,2023,1214378660.66465
Algeria,DZA,2022,241796029.580125
Algeria,DZA,2021,869194073.014935
Algeria,DZA,2020,1143918159.62918
Algeria,DZA,2019,1381200049.59264
Algeria,DZA,2018,1466116068.03411
Algeria,DZA,2017,1230243450.87888
Algeria,DZA,2016,1638263953.77736
Algeria,DZA,2015,-537792920.921856
Algeria,DZA,2014,1502206170.55838
Algeria,DZA,2013,1691886707.50796
Algeria,DZA,2012,1500402452.86349
Algeria,DZA,2011,2571237024.68517
Algeria,DZA,2010,2300369124.15827
Algeria,DZA,2009,2746930734.16533
Algeria,DZA,2008,2638607033.75183
Algeria,DZA,2007,1686736539.70384
Algeria,DZA,2006,1841000000.00007
Algeria,DZA,2005,1155999999.99994
Algeria,DZA,2004,884749030.0
Algeria,DZA,2003,637853030.0
Algeria,DZA,2002,1064960000.0
Algeria,DZA,2001,1113105540.0
Algeria,DZA,2000,280100000.0
Algeria,DZA,1999,291600000.0
Algeria,DZA,1998,606600000.0
Algeria,DZA,1997,260000000.0
Algeria,DZA,1996,270000000.0
Algeria,DZA,1995,1000.0
Algeria,DZA,1994,1000.0
Algeria,DZA,1993,1000.0
Algeria,DZA,1992,30000000.0
Algeria,DZA,1991,11638686.4524336
Algeria,DZA,1990,334914.564224984
Algeria,DZA,1989,12091646.7968636
Algeria,DZA,1988,13018265.0203164
Algeria,DZA,1987,3711537.89978504
Algeria,DZA,1986,5316528.3778563
Algeria,DZA,1985,397788.2970683
Algeria,DZA,1984,802668.874073183
Algeria,DZA,1983,417641.162800209
Algeria,DZA,1982,-53569192.6448124
Algeria,DZA,1981,13207259.3615813
Algeria,DZA,1980,348669038.123928
Algeria,DZA,1979,25692486.0358378
Algeria,DZA,1978,135152172.302668
Algeria,DZA,1977,178452646.789187
Algeria,DZA,1976,187000000.0
Algeria,DZA,1975,119000000.0
Algeria,DZA,1974,358000000.0
Algeria,DZA,1973,51000000.0
Algeria,DZA,1972,41490000.0
Algeria,DZA,1971,600000.0
Algeria,DZA,1970,80120000.0
Andorra,AND,2024,268353295.972631
Andorra,AND,2023,275778939.21399
Andorra,AND,2022,593981421.298943
Andorra,AND,2021,484821990.091782
Andorra,AND,2020,272687591.327234
Andorra,AND,2019,422216126.281171
Angola,AGO,2024,-1109663097.06424
Angola,AGO,2023,-2119632185.51477
Angola,AGO,2022,-6598652652.09389
Angola,AGO,2021,-4355116552.71588
Angola,AGO,2020,-1866468113.07453
Angola,AGO,2019,-4098478747.63754
Angola,AGO,2018,-6456076413.12033
Angola,AGO,2017,-7397295409.18991
Angola,AGO,2016,-179517618.92
Angola,AGO,2015,10028215162.6394
Angola,AGO,2014,3657514667.49327
Angola,AGO,2013,-7120017424.46139
Angola,AGO,2012,-1464627990.88283
Angola,AGO,2011,-3023770965.83688
Angola,AGO,2010,-3227211182.45
Angola,AGO,2009,2205298180.0
Angola,AGO,2008,1678971010.0
Angola,AGO,2007,-893342152.0
Angola,AGO,2006,-37714860.0
Angola,AGO,2005,-1303836930.0
Angola,AGO,2004,2197227820.0
Angola,AGO,2003,3576971780.0
Angola,AGO,2002,1743504000.0
Angola,AGO,2001,2145470000.0
Angola,AGO,2000,878620000.0
Angola,AGO,1999,2471460000.0
Angola,AGO,1998,1113970000.0
Angola,AGO,1997,411660000.0
Angola,AGO,1996,180559000.0
Angola,AGO,1995,472427000.0
Angola,AGO,1994,170300000.0
Angola,AGO,1993,302100000.0
Angola,AGO,1992,287956000.0
Angola,AGO,1991,664500000.0
Angola,AGO,1990,-334800000.0
Angola,AGO,1989,200000000.0
Angola,AGO,1988,131000000.0
Angola,AGO,1987,119000000.0
Angola,AGO,1986,234000000.0
Angola,AGO,1985,278000000.0
Angola,AGO,1984,67140000.0
Angola,AGO,1983,104330000.0
Angola,AGO,1982,115810000.0
Angola,AGO,1981,49049999.9
Angola,AGO,1980,37420000.0
Angola,AGO,1979,2000000.0
Angola,AGO,1978,1870000.0
Angola,AGO,1976,-1169999.9
Angola,AGO,1975,50000.0
Angola,AGO,1974,6690000.0
Angola,AGO,1973,7540000.0
Angola,AGO,1972,2160000.0
Angola,AGO,1971,1860000.0
Angola,AGO,1970,2399999.9
Antigua and Barbuda,ATG,2024,245739889.629629
Antigua and Barbuda,ATG,2023,293031029.629629
Antigua and Barbuda,ATG,2022,305804215.555555
Antigua and Barbuda,ATG,2021,286547591.111111
Antigua and Barbuda,ATG,2020,96381781.1111111
Antigua and Barbuda,ATG,2019,133908540.37037
Antigua and Barbuda,ATG,2018,202333092.274125
Antigua and Barbuda,ATG,2017,151271628.230866
Antigua and Barbuda,ATG,2016,97431976.4735788
Antigua and Barbuda,ATG,2015,114024660.121814
Antigua and Barbuda,ATG,2014,46263101.049287
Antigua and Barbuda,ATG,2013,92885388.563304
Antigua and Barbuda,ATG,2012,124833151.026492
Antigua and Barbuda,ATG,2011,69631054.053927
Antigua and Barbuda,ATG,2010,93722574.3158355
Antigua and Barbuda,ATG,2009,83981325.7341622
Antigua and Barbuda,ATG,2008,153573370.702718
Antigua and Barbuda,ATG,2007,346552078.976619
Antigua and Barbuda,ATG,2006,288731522.142357
Antigua and Barbuda,ATG,2005,123754285.361587
Antigua and Barbuda,ATG,2004,104576495.70641
Antigua and Barbuda,ATG,2003,120216017.556152
Antigua and Barbuda,ATG,2002,92910942.6925618
Antigua and Barbuda,ATG,2001,145813879.480755
Antigua and Barbuda,ATG,2000,96504370.1625511
Antigua and Barbuda,ATG,1999,51792533.3333333
Antigua and Barbuda,ATG,1998,22774074.074074
Antigua and Barbuda,ATG,1997,22944444.4444444
Antigua and Barbuda,ATG,1996,19351851.8518518
Antigua and Barbuda,ATG,1995,31485185.1851851
Antigua and Barbuda,ATG,1994,24788888.8888888
Antigua and Barbuda,ATG,1993,15240740.7407407
Antigua and Barbuda,ATG,1992,19648148.1481481
Antigua and Barbuda,ATG,1991,54792592.5925925
Antigua and Barbuda,ATG,1990,60607407.4074074
Antigua and Barbuda,ATG,1989,43107407.4074074
Antigua and Barbuda,ATG,1988,32951851.8518519
Antigua and Barbuda,ATG,1987,38596296.2962963
Antigua and Barbuda,ATG,1986,22600000.0
Antigua and Barbuda,ATG,1985,15600000.0
Antigua and Barbuda,ATG,1984,4400000.0
Antigua and Barbuda,ATG,1983,5000000.0
Antigua and Barbuda,ATG,1982,23000000.0
Antigua and Barbuda,ATG,1981,22400000.0
Antigua and Barbuda,ATG,1980,19600000.0
Antigua and Barbuda,ATG,1979,8500000.0
Antigua and Barbuda,ATG,1978,-6900000.0
Antigua and Barbuda,ATG,1977,2200000.0
Argentina,ARG,2024,11644393816.0627
Argentina,ARG,2023,24756887226.6539
Argentina,ARG,2022,15206087397.3003
Argentina,ARG,2021,6658049679.27727
Argentina,ARG,2020,4884127675.95707
Argentina,ARG,2019,6649187837.98606
Argentina,ARG,2018,11716769818.7543
Argentina,ARG,2017,11516861462.2844
Argentina,ARG,2016,3260164341.77393
Argentina,ARG,2015,11758994011.286
Argentina,ARG,2014,5065335541.96486
Argentina,ARG,2013,9821661858.15874
Argentina,ARG,2012,15323933916.8241
Argentina,ARG,2011,10839930944.6815
Argentina,ARG,2010,11332718626.4344
Argentina,ARG,2009,4017158924.88408
Argentina,ARG,2008,9725553129.52469
Argentina,ARG,2007,6473157762.12915
Argentina,ARG,2006,5537347786.19331
Argentina,ARG,2005,5265250000.0
Argentina,ARG,2004,4124710000.0
Argentina,ARG,2003,1652010000.0
Argentina,ARG,2002,2148910000.0
Argentina,ARG,2001,2166136829.76399
Argentina,ARG,2000,10418314339.1428
Argentina,ARG,1999,23987696389.6427
Argentina,ARG,1998,7290657132.08156
Argentina,ARG,1997,9160272052.4446
Argentina,ARG,1996,6948536686.64725
Argentina,ARG,1995,5609423403.56467
Argentina,ARG,1994,3634931878.26435
Argentina,ARG,1993,2793085410.09827
Argentina,ARG,1992,4430977523.08015
Argentina,ARG,1991,2439000000.0
Argentina,ARG,1990,1836000000.0
Argentina,ARG,1989,1028000000.0
Argentina,ARG,1988,1147000000.0
Argentina,ARG,1987,-19000000.0
Argentina,ARG,1986,574000000.0
Argentina,ARG,1985,919000000.0
Argentina,ARG,1984,268000000.0
Argentina,ARG,1983,185000000.0
Argentina,ARG,1982,227000000.0
Argentina,ARG,1981,837000000.0
Argentina,ARG,1980,678000000.0
Argentina,ARG,1979,206000000.0
Argentina,ARG,1978,250000000.0
Argentina,ARG,1977,144000000.0
Argentina,ARG,1976,244680000.0
Argentina,ARG,1975,55590000.0
Argentina,ARG,1974,17920000.0
Argentina,ARG,1973,100250000.0
Argentina,ARG,1972,71719999.9
Argentina,ARG,1971,125670000.0
Argentina,ARG,1970,89769999.9
Armenia,ARM,2024,131561668.096129
Armenia,ARM,2023,580365079.307783
Armenia,ARM,2022,975658909.266107
Armenia,ARM,2021,366423010.763878
Armenia,ARM,2020,58582750.1214803
Armenia,ARM,2019,100285081.566817
Armenia,ARM,2018,266855048.832037
Armenia,ARM,2017,252747990.684352
Armenia,ARM,2016,333823945.510433
Armenia,ARM,2015,184127986.314895
Armenia,ARM,2014,406578406.693112
Armenia,ARM,2013,346092394.393255
Armenia,ARM,2012,496636701.129686
Armenia,ARM,2011,653219756.472249
Armenia,ARM,2010,529321391.641958
Armenia,ARM,2009,760040745.872329
Armenia,ARM,2008,943733059.483284
Armenia,ARM,2007,667671562.134495
Armenia,ARM,2006,466531991.901723
Armenia,ARM,2005,292073220.164721
Armenia,ARM,2004,247140608.495888
Armenia,ARM,2003,122852992.703234
Armenia,ARM,2002,110725325.614408
Armenia,ARM,2001,69868500.0
Armenia,ARM,2000,104188500.0
Armenia,ARM,1999,122034000.0
Armenia,ARM,1998,232375000.0
Armenia,ARM,1997,51940000.0
Armenia,ARM,1996,17570000.0
Armenia,ARM,1995,25320000.0
Armenia,ARM,1994,8000000.0
Armenia,ARM,1993,800000.0
Armenia,ARM,1992,2400000.0
Aruba,ABW,2024,103250590.0
Aruba,ABW,2023,-137459364.921322
Aruba,ABW,2022,248150282.616618
Aruba,ABW,2021,133545121.178455
Aruba,ABW,2020,161066979.086053
Aruba,ABW,2019,-75226540.6843182
Aruba,ABW,2018,144146269.421965
Aruba,ABW,2017,162456842.302022
Aruba,ABW,2016,27550827.0999312
Aruba,ABW,2015,-26881396.9938559
Aruba,ABW,2014,208344037.245164
Aruba,ABW,2013,272088145.377014
Aruba,ABW,2012,-314692737.430167
Aruba,ABW,2011,488156424.581005
Aruba,ABW,2010,186759776.536312
Aruba,ABW,2009,-10614525.1396648
Aruba,ABW,2008,18882681.5642458
Aruba,ABW,2007,-471005586.592178
Aruba,ABW,2006,220316139.723839
Aruba,ABW,2005,-207798005.868162
Aruba,ABW,2004,-105698324.022346
Aruba,ABW,2003,159776536.312849
Aruba,ABW,2002,332513966.480446
Aruba,ABW,2001,-266927374.301676
Aruba,ABW,2000,-127932960.893854
Aruba,ABW,1999,467541899.44134
Aruba,ABW,1998,113463687.150837
Aruba,ABW,1997,197821229.050279
Aruba,ABW,1996,85027932.9608938
Aruba,ABW,1995,-5530726.25698322
Aruba,ABW,1994,-73184357.5418994
Aruba,ABW,1993,-17932960.8938547
Aruba,ABW,1992,-36983240.2234636
Aruba,ABW,1991,184748603.351955
Aruba,ABW,1990,130502793.296089
Aruba,ABW,1989,1300000.0
Aruba,ABW,1988,12264016.6
Aruba,ABW,1987,1087875.7
Aruba,ABW,1986,0.0
Australia,AUS,2024,53393088476.4107
Australia,AUS,2023,35315978153.0955
Australia,AUS,2022,68709419796.6458
Australia,AUS,2021,31453060427.453
Australia,AUS,2020,17976843681.3117
Australia,AUS,2019,38745129661.1195
Australia,AUS,2018,60686639529.9229
Australia,AUS,2017,48199372039.9014
Australia,AUS,2016,42970225977.7087
Australia,AUS,2015,46892808567.8515
Australia,AUS,2014,63204516347.8725
Australia,AUS,2013,54472699003.596
Australia,AUS,2012,57571285654.7447
Australia,AUS,2011,65578266555.523
Australia,AUS,2010,35554698682.4247
Australia,AUS,2009,28932973452.6035
Australia,AUS,2008,45170097261.1183
Australia,AUS,2007,44440876036.5147
Australia,AUS,2006,30551100656.5983
Australia,AUS,2005,-25093141435.1895
Australia,AUS,2004,42907672820.3755
Australia,AUS,2003,8985246029.5004
Australia,AUS,2002,14656321800.5385
Australia,AUS,2001,10717133150.6924
Australia,AUS,2000,14892978180.1828
Australia,AUS,1999,2210917991.82997
Australia,AUS,1998,7597610928.17343
Australia,AUS,1997,8088068982.50254
Australia,AUS,1996,4563952446.39275
Australia,AUS,1995,13268875155.4923
Australia,AUS,1994,4458484243.65442
Australia,AUS,1993,5312435141.58877
Australia,AUS,1992,4941906671.70673
Australia,AUS,1991,2612066526.44483
Australia,AUS,1990,8457776859.55028
Australia,AUS,1989,8023170406.83781
Australia,AUS,1988,8476377245.2751
Australia,AUS,1987,5190522203.0
Australia,AUS,1986,5369760088.7
Australia,AUS,1985,2098624894.3
Australia,AUS,1984,428250491.4
Australia,AUS,1983,2990964045.3
Australia,AUS,1982,2286321730.3
Australia,AUS,1981,2346546543.0
Australia,AUS,1980,1866223965.0
Australia,AUS,1979,1489983132.8
Australia,AUS,1978,1676855615.2
Australia,AUS,1977,1141019599.1
Australia,AUS,1976,1047313646.6
Australia,AUS,1975,449028697.2
Australia,AUS,1974,1327729911.6
Australia,AUS,1973,135039666.1
Australia,AUS,1972,1054014675.1
Australia,AUS,1971,1155158059.0
Australia,AUS,1970,893138535.5
Austria,AUT,2024,13655965523.2324
Austria,AUT,2023,2924935668.81844
Austria,AUT,2022,14301504457.0346
Austria,AUT,2021,18998114634.0552
Austria,AUT,2020,-12003798872.8906
Austria,AUT,2019,-12636357247.4569
Austria,AUT,2018,-27839206246.3826
Austria,AUT,2017,14031983575.0406
Austria,AUT,2016,-28502567388.3665
Austria,AUT,2015,-6847372583.72227
Austria,AUT,2014,1708425859.86856
Austria,AUT,2013,-1290975416.81939
Austria,AUT,2012,5218620112.78236
Austria,AUT,2011,22983942931.9265
Austria,AUT,2010,-22007325156.2772
Austria,AUT,2009,14300064389.0077
Austria,AUT,2008,6301143681.98323
Austria,AUT,2007,68865787583.4395
Austria,AUT,2006,10500457158.3386
Austria,AUT,2005,81096089418.1159
Austria,AUT,2004,3183649650.0
Austria,AUT,2003,6195021860.0
Austria,AUT,2002,138346430.0
Austria,AUT,2001,5689434550.0
Austria,AUT,2000,8501013450.0
Austria,AUT,1999,2974499990.0
Austria,AUT,1998,4571855710.0
Austria,AUT,1997,2668974820.0
Austria,AUT,1996,4323513090.0
Austria,AUT,1995,1825090250.0
Austria,AUT,1994,2075823590.0
Austria,AUT,1993,1125106120.0
Austria,AUT,1992,1485517750.0
Austria,AUT,1991,360000000.0
Austria,AUT,1990,653000000.0
Austria,AUT,1989,581979789.4
Austria,AUT,1988,445427083.5
Austria,AUT,1987,395491398.0
Austria,AUT,1986,183400907.8
Austria,AUT,1985,169167935.4
Austria,AUT,1984,115239999.9
Austria,AUT,1983,216120000.0
Austria,AUT,1982,207919999.9
Austria,AUT,1981,327519999.9
Austria,AUT,1980,239300000.0
Austria,AUT,1979,187430000.0
Austria,AUT,1978,142389999.9
Austria,AUT,1977,96810000.0
Austria,AUT,1976,91230000.0
Austria,AUT,1975,79109999.9
Austria,AUT,1974,177050000.0
Austria,AUT,1973,160759999.9
Austria,AUT,1972,145400000.0
Austria,AUT,1971,142729999.9
Austria,AUT,1970,112650000.0
Azerbaijan,AZE,2024,231276000.0
Azerbaijan,AZE,2023,252836000.0
Azerbaijan,AZE,2022,-4474481000.0
Azerbaijan,AZE,2021,-1707666000.0
Azerbaijan,AZE,2020,507151800.0
Azerbaijan,AZE,2019,1503918000.0
Azerbaijan,AZE,2018,1402998000.0
Azerbaijan,AZE,2017,2867487000.0
Azerbaijan,AZE,2016,4499666000.0
Azerbaijan,AZE,2015,4047630000.0
Azerbaijan,AZE,2014,4430466000.0
Azerbaijan,AZE,2013,2619437000.0
Azerbaijan,AZE,2012,5293250000.0
Azerbaijan,AZE,2011,4485120000.0
Azerbaijan,AZE,2010,3352997000.0
Azerbaijan,AZE,2009,2900030000.0
Azerbaijan,AZE,2008,3986807000.0
Azerbaijan,AZE,2007,4594234000.0
Azerbaijan,AZE,2006,4485966000.0
Azerbaijan,AZE,2005,4476396000.0
Azerbaijan,AZE,2004,4719107000.0
Azerbaijan,AZE,2003,4007330000.0
Azerbaijan,AZE,2002,2024577000.0
Azerbaijan,AZE,2001,819579000.0
Azerbaijan,AZE,2000,129937000.0
Azerbaijan,AZE,1999,510317000.0
Azerbaijan,AZE,1998,1022967000.0
Azerbaijan,AZE,1997,1114838000.0
Azerbaijan,AZE,1996,627277000.0
Azerbaijan,AZE,1995,330050000.0
Azerbaijan,AZE,1994,22000000.0
Azerbaijan,AZE,1993,10000.0
"Bahamas, The",BHS,2024,240551037.3
"Bahamas, The",BHS,2023,322456455.071094
"Bahamas, The",BHS,2022,530913950.39875
"Bahamas, The",BHS,2021,383064779.121094
"Bahamas, The",BHS,2020,434599799.803594
"Bahamas, The",BHS,2019,482229306.391
"Bahamas, The",BHS,2018,491404689.229666
"Bahamas, The",BHS,2017,304587573.117333
"Bahamas, The",BHS,2016,390400036.41
"Bahamas, The",BHS,2015,76075924.75
"Bahamas, The",BHS,2014,251277428.82
"Bahamas, The",BHS,2013,382252000.0
"Bahamas, The",BHS,2012,526171000.0
"Bahamas, The",BHS,2011,666621000.0
"Bahamas, The",BHS,2010,871970000.0
"Bahamas, The",BHS,2009,663960000.0
"Bahamas, The",BHS,2008,860156197.03
"Bahamas, The",BHS,2007,713350000.0
"Bahamas, The",BHS,2006,706380000.0
"Bahamas, The",BHS,2005,563414700.0
"Bahamas, The",BHS,2004,273600000.0
"Bahamas, The",BHS,2003,190200000.0
"Bahamas, The",BHS,2002,152790000.0
"Bahamas, The",BHS,2001,102370000.0
"Bahamas, The",BHS,2000,250250000.0
"Bahamas, The",BHS,1999,149300000.0
"Bahamas, The",BHS,1998,146900000.0
"Bahamas, The",BHS,1997,210000000.0
"Bahamas, The",BHS,1996,87800000.0
"Bahamas, The",BHS,1995,106900000.0
"Bahamas, The",BHS,1994,23600000.0
"Bahamas, The",BHS,1993,27300000.0
"Bahamas, The",BHS,1992,300000.0
"Bahamas, The",BHS,1991,-1300000.0
"Bahamas, The",BHS,1990,-17000000.0
"Bahamas, The",BHS,1989,25400000.0
"Bahamas, The",BHS,1988,36700000.0
"Bahamas, The",BHS,1987,10800000.0
"Bahamas, The",BHS,1986,-13200000.0
"Bahamas, The",BHS,1985,-30200000.0
"Bahamas, The",BHS,1984,-4900000.0
"Bahamas, The",BHS,1983,-6000000.0
"Bahamas, The",BHS,1982,2800000.0
"Bahamas, The",BHS,1981,34400000.0
"Bahamas, The",BHS,1980,4100000.0
"Bahamas, The",BHS,1979,9600000.0
"Bahamas, The",BHS,1978,-1100000.0
"Bahamas, The",BHS,1977,31400000.0
"Bahamas, The",BHS,1976,14600000.0
"Bahamas, The",BHS,1975,17579999.9
"Bahamas, The",BHS,1974,143440000.0
"Bahamas, The",BHS,1973,102250000.0
"Bahamas, The",BHS,1972,90430000.0
"Bahamas, The",BHS,1971,54659999.9
"Bahamas, The",BHS,1970,80319999.9
Bahrain,BHR,2024,2702659574.46808
Bahrain,BHR,2023,7225797872.34042
Bahrain,BHR,2022,1951329787.23404
Bahrain,BHR,2021,1779255319.14893
Bahrain,BHR,2020,1021276595.74468
Bahrain,BHR,2019,941755319.148936
Bahrain,BHR,2018,1654255319.14893
Bahrain,BHR,2017,1426063829.78723
Bahrain,BHR,2016,243351063.829787
Bahrain,BHR,2015,64893617.0212766
Bahrain,BHR,2014,1518617021.27659
Bahrain,BHR,2013,3727712765.95744
Bahrain,BHR,2012,1544680851.06382
Bahrain,BHR,2011,780851063.829786
Bahrain,BHR,2010,155771009.169721
Bahrain,BHR,2009,257149561.420297
Bahrain,BHR,2008,1793998354.54447
Bahrain,BHR,2007,1756312514.78198
Bahrain,BHR,2006,2914659868.30074
Bahrain,BHR,2005,1048601306.14141
Bahrain,BHR,2004,865308118.622994
Bahrain,BHR,2003,516700276.442675
Bahrain,BHR,2002,216986881.649308
Bahrain,BHR,2001,80358858.3697633
Bahrain,BHR,2000,363562321.906707
Bahrain,BHR,1999,453737837.974613
Bahrain,BHR,1998,179454413.273019
Bahrain,BHR,1997,329284164.223767
Bahrain,BHR,1996,2048151879.61005
Bahrain,BHR,1995,430586743.72459
Bahrain,BHR,1994,208244700.235543
Bahrain,BHR,1993,-275000007.923315
Bahrain,BHR,1992,868617021.276595
Bahrain,BHR,1991,619414893.617021
Bahrain,BHR,1990,91755319.1489361
Bahrain,BHR,1989,180851063.829787
Bahrain,BHR,1988,222074468.085106
Bahrain,BHR,1987,-35904255.3191489
Bahrain,BHR,1986,-31914893.6170213
Bahrain,BHR,1985,101329787.234043
Bahrain,BHR,1984,140691489.51761
Bahrain,BHR,1983,64095744.8513185
Bahrain,BHR,1982,28457446.8841953
Bahrain,BHR,1981,4150000.0
Bahrain,BHR,1980,-418036875.019956
Bahrain,BHR,1979,145171539.850449
Bahrain,BHR,1978,22970508.3355514
Bahrain,BHR,1977,650000.0
Bahrain,BHR,1976,3210000.0
Bahrain,BHR,1975,1320000.0
Bahrain,BHR,1974,110000.0
Bahrain,BHR,1973,3399999.9
Bangladesh,BGD,2024,1277757512.81281
Bangladesh,BGD,2023,1468497340.4175
Bangladesh,BGD,2022,1601074338.25183
Bangladesh,BGD,2021,1723856464.12345
Bangladesh,BGD,2020,1525312160.40492
Bangladesh,BGD,2019,1908045387.02684
Bangladesh,BGD,2018,2421626238.43716
Bangladesh,BGD,2017,1810395803.56746
Bangladesh,BGD,2016,2332724780.71107
Bangladesh,BGD,2015,2831152765.15514
Bangladesh,BGD,2014,2539190939.6837
Bangladesh,BGD,2013,2602962095.36816
Bangladesh,BGD,2012,1584403459.98465
Bangladesh,BGD,2011,1264725163.33408
Bangladesh,BGD,2010,1232258246.59254
Bangladesh,BGD,2009,901286583.13086
Bangladesh,BGD,2008,1328422986.5175
Bangladesh,BGD,2007,651029738.054822
Bangladesh,BGD,2006,456523167.703824
Bangladesh,BGD,2005,813321971.875195
Bangladesh,BGD,2004,448905400.707684
Bangladesh,BGD,2003,268285231.831688
Bangladesh,BGD,2002,52304931.038967
Bangladesh,BGD,2001,78527040.0772573
Bangladesh,BGD,2000,280384629.677982
Bangladesh,BGD,1999,179603006.318604
Bangladesh,BGD,1998,190059372.974749
Bangladesh,BGD,1997,139376153.115316
Bangladesh,BGD,1996,13529831.5362585
Bangladesh,BGD,1995,1896372.12711772
Bangladesh,BGD,1994,11147788.327757
Bangladesh,BGD,1993,14049886.524576
Bangladesh,BGD,1992,3721853.382288
Bangladesh,BGD,1991,1390444.32247979
Bangladesh,BGD,1990,3238781.1889563
Bangladesh,BGD,1989,247908.273938643
Bangladesh,BGD,1988,1838242.49913628
Bangladesh,BGD,1987,3205086.7621919
Bangladesh,BGD,1986,2436499.3440436
Bangladesh,BGD,1985,-6660000.0
Bangladesh,BGD,1984,-553269.398283548
Bangladesh,BGD,1983,403978.557545405
Bangladesh,BGD,1982,6960000.0
Bangladesh,BGD,1981,5360000.0
Bangladesh,BGD,1980,8509999.9
Bangladesh,BGD,1979,-8009999.9
Bangladesh,BGD,1978,7700000.0
Bangladesh,BGD,1977,6980000.0
Bangladesh,BGD,1976,5419999.9
Bangladesh,BGD,1975,1543333.3
Bangladesh,BGD,1974,2200000.0
Bangladesh,BGD,1973,2339999.9
Bangladesh,BGD,1972,90000.0
Barbados,BRB,2024,303060010.0
Barbados,BRB,2023,224900000.0
Barbados,BRB,2022,200000000.0
Barbados,BRB,2021,238735060.0
Barbados,BRB,2020,262100000.0
Barbados,BRB,2019,215370130.0
Barbados,BRB,2018,241596500.0
Barbados,BRB,2017,91481933.165
Barbados,BRB,2016,557500316.04356
Barbados,BRB,2015,688525943.309105
Barbados,BRB,2014,753687476.11428
Barbados,BRB,2013,104089451.159478
Barbados,BRB,2012,528045664.5074
Barbados,BRB,2011,459552936.365
Barbados,BRB,2010,425337312.585
Barbados,BRB,2009,356008255.11
Barbados,BRB,2008,615122884.63
Barbados,BRB,2007,476404576.96
Barbados,BRB,2006,342267498.215
Barbados,BRB,2005,390061395.8643
Barbados,BRB,2004,228334500.0
Barbados,BRB,2003,184701288.595
Barbados,BRB,2002,228343253.8
Barbados,BRB,2001,91504910.94
Barbados,BRB,2000,73696943.905
Barbados,BRB,1999,47539505.12
Barbados,BRB,1998,29160482.23
Barbados,BRB,1997,28203499.05
Barbados,BRB,1996,15836484.06
Barbados,BRB,1995,63803750.15
Barbados,BRB,1994,12950000.0
Barbados,BRB,1993,9402113.87
Barbados,BRB,1992,14450000.0
Barbados,BRB,1991,7424921.25
Barbados,BRB,1990,11213282.795
Barbados,BRB,1989,8682963.92
Barbados,BRB,1988,25979409.31
Barbados,BRB,1987,7100000.0
Barbados,BRB,1986,7750000.0
Barbados,BRB,1985,4850000.0
Barbados,BRB,1984,36000000.0
Barbados,BRB,1983,16150000.0
Barbados,BRB,1982,35150000.0
Barbados,BRB,1981,37300000.0
Barbados,BRB,1980,29300000.0
Barbados,BRB,1979,30305500.0
Barbados,BRB,1978,8987000.0
Barbados,BRB,1977,4914000.0
Barbados,BRB,1976,6897500.0
Barbados,BRB,1975,4489152.48326658
Barbados,BRB,1974,2397684.5342294
Barbados,BRB,1973,5630300.31036336
Barbados,BRB,1972,19139837.1938904
Barbados,BRB,1971,15656171.6384982
Barbados,BRB,1970,10868499.9945657
Belarus,BLR,2024,1736476396.56
Belarus,BLR,2023,1992107728.25
Belarus,BLR,2022,1606417743.38
Belarus,BLR,2021,1230721861.86
Belarus,BLR,2020,1393200000.0
Belarus,BLR,2019,1273300000.0
Belarus,BLR,2018,1426500000.0
Belarus,BLR,2017,1276300000.0
Belarus,BLR,2016,1246900000.0
Belarus,BLR,2015,1652300000.0
Belarus,BLR,2014,1862000000.0
Belarus,BLR,2013,2246100000.0
Belarus,BLR,2012,1463600000.0
Belarus,BLR,2011,4002400000.0
Belarus,BLR,2010,1393400000.0
Belarus,BLR,2009,1876500000.0
Belarus,BLR,2008,2187900000.0
Belarus,BLR,2007,1807300000.0
Belarus,BLR,2006,357100000.0
Belarus,BLR,2005,306600000.0
Belarus,BLR,2004,163800000.0
Belarus,BLR,2003,171800000.0
Belarus,BLR,2002,247100000.0
Belarus,BLR,2001,95800000.0
Belarus,BLR,2000,118800000.0
Belarus,BLR,1999,444000000.0
Belarus,BLR,1998,203200000.0
Belarus,BLR,1997,351600000.0
Belarus,BLR,1996,104500000.0
Belarus,BLR,1995,14700000.0
Belarus,BLR,1994,10500000.0
Belarus,BLR,1993,17600000.0
Belarus,BLR,1992,7000000.0
Belgium,BEL,2024,-41357732773.2876
Belgium,BEL,2023,-4247857015.1423
Belgium,BEL,2022,13136474102.1507
Belgium,BEL,2021,33980656225.5414
Belgium,BEL,2020,-30140703656.7745
Belgium,BEL,2019,-10587088044.237
Belgium,BEL,2018,-41601387266.7493
Belgium,BEL,2017,-37288840312.453
Belgium,BEL,2016,57538351507.0684
Belgium,BEL,2015,-19514245854.7287
Belgium,BEL,2014,-15205871357.966
Belgium,BEL,2013,-29640924980.1455
Belgium,BEL,2012,11810272330.6796
Belgium,BEL,2011,163624381384.583
Belgium,BEL,2010,125491894873.015
Belgium,BEL,2009,77354509260.1055
Belgium,BEL,2008,190391844688.586
Belgium,BEL,2007,96551634531.2489
Belgium,BEL,2006,58821552824.3717
Belgium,BEL,2005,33662010793.5663
Belgium,BEL,2004,44498165771.1404
Belgium,BEL,2003,34559267489.7082
Belgium,BEL,2002,18118954671.3727
Belgium,BEL,2001,88203254000.0
Belgium,BEL,2000,88738714000.0
Belgium,BEL,1999,119692913000.0
Belgium,BEL,1998,22690500000.0
Belgium,BEL,1997,11998300000.0
Belgium,BEL,1996,14063900000.0
Belgium,BEL,1995,10688700000.0
Belgium,BEL,1994,8513580000.0
Belgium,BEL,1993,10750000000.0
Belgium,BEL,1992,11285800000.0
Belgium,BEL,1991,9362560000.0
Belgium,BEL,1990,8046730000.0
Belgium,BEL,1989,7020270000.0
Belgium,BEL,1988,5212470000.0
Belgium,BEL,1987,2354920000.0
Belgium,BEL,1986,729860000.0
Belgium,BEL,1985,1051490000.0
Belgium,BEL,1984,389370000.0
Belgium,BEL,1983,1289700000.0
Belgium,BEL,1982,1472180000.0
Belgium,BEL,1981,1386450000.0
Belgium,BEL,1980,1544780000.0
Belgium,BEL,1979,1130079999.9
Belgium,BEL,1978,1435800000.0
Belgium,BEL,1977,1274930000.0
Belgium,BEL,1976,871789999.9
Belgium,BEL,1975,954600000.0
Belgium,BEL,1974,1137000000.0
Belgium,BEL,1973,719000000.0
Belgium,BEL,1972,386000000.0
Belgium,BEL,1971,428000000.0
Belgium,BEL,1970,314000000.0
Belize,BLZ,2024,128463236.825598
Belize,BLZ,2023,16037530.526889
Belize,BLZ,2022,140907967.620593
Belize,BLZ,2021,125495493.195585
Belize,BLZ,2020,76202813.5002132
Belize,BLZ,2019,93910241.7033733
Belize,BLZ,2018,122041646.954707
Belize,BLZ,2017,31831615.5013861
Belize,BLZ,2016,32733410.9928006
Belize,BLZ,2015,59119223.8981488
Belize,BLZ,2014,141097030.34391
Belize,BLZ,2013,92247730.9426541
Belize,BLZ,2012,194201408.788436
Belize,BLZ,2011,95348525.1917313
Belize,BLZ,2010,96449877.0838033
Belize,BLZ,2009,108840086.423874
Belize,BLZ,2008,169668449.489582
Belize,BLZ,2007,140373737.268582
Belize,BLZ,2006,108828544.570357
Belize,BLZ,2005,126908465.922062
Belize,BLZ,2004,111496166.355422
Belize,BLZ,2003,-10924755.7533455
Belize,BLZ,2002,25461176.8782396
Belize,BLZ,2001,61174888.8668778
Belize,BLZ,2000,29564651.9166666
Belize,BLZ,1999,58671500.0
Belize,BLZ,1998,17650000.0
Belize,BLZ,1997,11955000.0
Belize,BLZ,1996,16580000.0
Belize,BLZ,1995,21050000.0
Belize,BLZ,1994,15369500.0
Belize,BLZ,1993,9200000.0
Belize,BLZ,1992,15600000.0
Belize,BLZ,1991,13600000.0
Belize,BLZ,1990,17200000.0
Belize,BLZ,1989,18650000.0
Belize,BLZ,1988,14000000.0
Belize,BLZ,1987,6850000.0
Belize,BLZ,1986,4600000.0
Belize,BLZ,1985,3700000.0
Belize,BLZ,1984,-3700000.0
Belize,BLZ,1981,-2000000.0
Belize,BLZ,1979,-50000.0
Belize,BLZ,1978,2000000.0
Belize,BLZ,1971,3339999.9
Belize,BLZ,1970,7089999.9
Benin,BEN,2024,543007400.0
Benin,BEN,2023,442960064.385834
Benin,BEN,2022,375988902.223793
Benin,BEN,2021,345985235.680029
Benin,BEN,2020,174019952.06305
Benin,BEN,2019,218207871.715642
Benin,BEN,2018,194073683.196865
Benin,BEN,2017,200902719.348051
Benin,BEN,2016,131790853.840789
Benin,BEN,2015,149755663.330268
Benin,BEN,2014,405737369.105158
Benin,BEN,2013,360343380.324676
Benin,BEN,2012,281548556.296849
Benin,BEN,2011,161302390.821902
Benin,BEN,2010,53507087.7359352
Benin,BEN,2009,-18807407.3780512
Benin,BEN,2008,48210757.8531253
Benin,BEN,2007,139189943.015455
Benin,BEN,2006,-12363482.3642043
Benin,BEN,2005,-8788860.12677477
Benin,BEN,2004,-40774605.0603662
Benin,BEN,2003,10638088.2576387
Benin,BEN,2002,-19395622.6954977
Benin,BEN,2001,16739539.3415644
Benin,BEN,2000,-12794843.6146593
Benin,BEN,1999,9314781.87697577
Benin,BEN,1998,11294143.4999269
Benin,BEN,1997,12183267.3373419
Benin,BEN,1996,-14661253.7760881
Benin,BEN,1995,-7738379.60727877
Benin,BEN,1994,-7107468.70636541
Benin,BEN,1993,-21635980.3291014
Benin,BEN,1992,954317.433648149
Benin,BEN,1991,393822.32951725
Benin,BEN,1990,-2954844.09146129
Benin,BEN,1989,-1118466.198443
Benin,BEN,1988,-21662039.8992973
Benin,BEN,1987,100000.0
Benin,BEN,1986,1100000.0
Benin,BEN,1985,-90000.0
Benin,BEN,1984,11442.7822973772
Benin,BEN,1983,10496.868316392
Benin,BEN,1982,-12172.6229100822
Benin,BEN,1981,2090299.06059477
Benin,BEN,1980,4316555.84568939
Benin,BEN,1979,3568043.12335903
Benin,BEN,1978,753359.561873316
Benin,BEN,1977,3126021.57196208
Benin,BEN,1976,2452390.82596359
Benin,BEN,1975,1889760.24940719
Benin,BEN,1974,-2343120.32888629
Benin,BEN,1973,3500000.0
Benin,BEN,1972,4799999.9
Benin,BEN,1971,2799999.9
Benin,BEN,1970,6700000.0
Bermuda,BMU,2024,117839990.0
Bermuda,BMU,2023,150807854.271384
Bermuda,BMU,2022,5893778.6383343
Bermuda,BMU,2021,49675691.8749999
Bermuda,BMU,2020,476518083.75
Bermuda,BMU,2019,4389826.5
Bermuda,BMU,2018,95416371.5
Bermuda,BMU,2017,-288109270.997091
Bermuda,BMU,2016,-73213793.633562
Bermuda,BMU,2015,-143094386.12
Bermuda,BMU,2014,-3425440.52413015
Bermuda,BMU,2013,54904045.8298394
Bermuda,BMU,2012,47614095.0743783
Bermuda,BMU,2011,-257865988.558357
Bermuda,BMU,2010,222710475.853258
Bermuda,BMU,2009,-70747817.1664244
Bermuda,BMU,2008,171529641.632487
Bermuda,BMU,2007,617153591.794277
Bermuda,BMU,2006,-88170000.0
Bermuda,BMU,2005,43700000.0
Bermuda,BMU,2004,831600000.0
Bermuda,BMU,2003,12900000.0
Bermuda,BMU,2002,5400000.0
Bermuda,BMU,2001,41800000.0
Bermuda,BMU,2000,66900000.0
Bermuda,BMU,1999,60500000.0
Bermuda,BMU,1998,102700000.0
Bermuda,BMU,1997,34700000.0
Bhutan,BTN,2024,2817781.24404488
Bhutan,BTN,2023,10193821.9383847
Bhutan,BTN,2022,8402097.14562732
Bhutan,BTN,2021,6783112.48768632
Bhutan,BTN,2020,-2786960.89013149
Bhutan,BTN,2019,13011377.2857267
Bhutan,BTN,2018,2649454.31118453
Bhutan,BTN,2017,-16553759.9525493
Bhutan,BTN,2016,11884162.3485119
Bhutan,BTN,2015,6450953.84974429
Bhutan,BTN,2014,23534931.7519759
Bhutan,BTN,2013,20433631.0650379
Bhutan,BTN,2012,24380673.5733894
Bhutan,BTN,2011,31141614.8601364
Bhutan,BTN,2010,75274009.0283125
Bhutan,BTN,2009,18299707.2343963
Bhutan,BTN,2008,3144001.01949935
Bhutan,BTN,2007,73855769.764882
Bhutan,BTN,2006,6122702.14271106
Bhutan,BTN,2005,6210880.0
Bhutan,BTN,2004,8859910.0
Bhutan,BTN,2003,3370310.0
Bhutan,BTN,2002,2425410.0
Bhutan,BTN,1999,1050270.0
Bhutan,BTN,1997,-700000.0
Bhutan,BTN,1996,1400000.0
Bhutan,BTN,1995,50000.0
Bhutan,BTN,1991,600000.0
Bhutan,BTN,1990,1600000.0
Bhutan,BTN,1974,420000.0
Bolivia,BOL,2024,357888161.773056
Bolivia,BOL,2023,240143401.66707
Bolivia,BOL,2022,6236980.0828294
Bolivia,BOL,2021,583576424.725665
Bolivia,BOL,2020,-1129487271.3377
Bolivia,BOL,2019,-216636843.1305
Bolivia,BOL,2018,302368781.37636
Bolivia,BOL,2017,712474137.775022
Bolivia,BOL,2016,335365530.426077
Bolivia,BOL,2015,554643532.297183
Bolivia,BOL,2014,656566350.80003
Bolivia,BOL,2013,1749612614.3979
Bolivia,BOL,2012,1059965390.7848
Bolivia,BOL,2011,858941070.400943
Bolivia,BOL,2010,621997989.548348
Bolivia,BOL,2009,423040000.0
Bolivia,BOL,2008,512335605.237139
Bolivia,BOL,2007,366294241.538303
Bolivia,BOL,2006,280763457.0
Bolivia,BOL,2005,-238620000.0
Bolivia,BOL,2004,65430000.0
Bolivia,BOL,2003,197400000.0
Bolivia,BOL,2002,676543000.0
Bolivia,BOL,2001,705756000.0
Bolivia,BOL,2000,736350000.0
Bolivia,BOL,1999,1010500000.0
Bolivia,BOL,1998,949300000.0
Bolivia,BOL,1997,730600000.0
Bolivia,BOL,1996,474100000.0
Bolivia,BOL,1995,392700000.0
Bolivia,BOL,1994,130200000.0
Bolivia,BOL,1993,123800000.0
Bolivia,BOL,1992,93100000.0
Bolivia,BOL,1991,52000000.0
Bolivia,BOL,1990,27200000.0
Bolivia,BOL,1989,-24400000.0
Bolivia,BOL,1988,-10100000.0
Bolivia,BOL,1987,38100000.0
Bolivia,BOL,1986,10000000.0
Bolivia,BOL,1985,10000000.0
Bolivia,BOL,1984,7000000.0
Bolivia,BOL,1983,7000000.0
Bolivia,BOL,1982,31100000.0
Bolivia,BOL,1981,75700000.0
Bolivia,BOL,1980,47000000.0
Bolivia,BOL,1979,35000000.0
Bolivia,BOL,1978,11500000.0
Bolivia,BOL,1977,-1200000.0
Bolivia,BOL,1976,-8100000.0
Bolivia,BOL,1975,61596999.9
Bolivia,BOL,1974,44233000.0
Bolivia,BOL,1973,4599999.9
Bolivia,BOL,1972,16204999.9
Bolivia,BOL,1971,1899999.9
Bolivia,BOL,1970,19763999.9
Bosnia and Herzegovina,BIH,2024,1003973637.87112
Bosnia and Herzegovina,BIH,2023,1129086797.54319
Bosnia and Herzegovina,BIH,2022,929439990.796357
Bosnia and Herzegovina,BIH,2021,767542282.660214
Bosnia and Herzegovina,BIH,2020,483278992.870742
Bosnia and Herzegovina,BIH,2019,447875544.610652
Bosnia and Herzegovina,BIH,2018,601783317.146818
Bosnia and Herzegovina,BIH,2017,509429047.915132
Bosnia and Herzegovina,BIH,2016,313198153.358835
Bosnia and Herzegovina,BIH,2015,383089615.729343
Bosnia and Herzegovina,BIH,2014,544866345.457419
Bosnia and Herzegovina,BIH,2013,313295008.331528
Bosnia and Herzegovina,BIH,2012,391976946.375189
Bosnia and Herzegovina,BIH,2011,471610992.220787
Bosnia and Herzegovina,BIH,2010,443840207.09283
Bosnia and Herzegovina,BIH,2009,138511019.727863
Bosnia and Herzegovina,BIH,2008,1004852659.85344
Bosnia and Herzegovina,BIH,2007,1841972230.25245
Bosnia and Herzegovina,BIH,2006,845962876.359591
Bosnia and Herzegovina,BIH,2005,623812851.5592
Bosnia and Herzegovina,BIH,2004,889597294.548592
Bosnia and Herzegovina,BIH,2003,381784637.391406
Bosnia and Herzegovina,BIH,2002,267769568.956599
Bosnia and Herzegovina,BIH,2001,118495219.813023
Bosnia and Herzegovina,BIH,2000,146075610.876644
Bosnia and Herzegovina,BIH,1999,176780594.760508
Bosnia and Herzegovina,BIH,1998,66736468.3604305
Botswana,BWA,2024,467266647.291915
Botswana,BWA,2023,741532368.078646
Botswana,BWA,2022,709624140.359235
Botswana,BWA,2021,-319055857.574533
Botswana,BWA,2020,31792610.4142282
Botswana,BWA,2019,93607130.032602
Botswana,BWA,2018,285955061.932014
Botswana,BWA,2017,260575129.351447
Botswana,BWA,2016,142522598.297582
Botswana,BWA,2015,378554181.530078
Botswana,BWA,2014,515184471.01724
Botswana,BWA,2013,67136806.1634994
Botswana,BWA,2012,146084155.211847
Botswana,BWA,2011,293208060.474684
Botswana,BWA,2010,218379837.568308
Botswana,BWA,2009,208699298.206301
Botswana,BWA,2008,520917902.314754
Botswana,BWA,2007,494634226.153714
Botswana,BWA,2006,486913109.102447
Botswana,BWA,2005,420854175.013436
Botswana,BWA,2004,390889251.855271
Botswana,BWA,2003,418040676.139807
Botswana,BWA,2002,407997392.45524
Botswana,BWA,2001,30680571.2084682
Botswana,BWA,2000,57171341.3548619
Botswana,BWA,1999,36675065.7829258
Botswana,BWA,1998,95318134.9210105
Botswana,BWA,1997,100109748.737478
Botswana,BWA,1996,71182310.713666
Botswana,BWA,1995,70413220.7555472
Botswana,BWA,1994,-14154569.0110668
Botswana,BWA,1993,-286949434.086852
Botswana,BWA,1992,-1564184.90561566
Botswana,BWA,1991,-8211493.7828439
Botswana,BWA,1990,95889963.0424102
Botswana,BWA,1989,42186013.0205889
Botswana,BWA,1988,39921524.1272293
Botswana,BWA,1987,113583514.209604
Botswana,BWA,1986,70404390.657485
Botswana,BWA,1985,53611787.5922365
Botswana,BWA,1984,62154696.1525429
Botswana,BWA,1983,23793769.119755
Botswana,BWA,1982,21074900.8946108
Botswana,BWA,1981,88438639.8238063
Botswana,BWA,1980,111550709.397601
Botswana,BWA,1979,127851715.071269
Botswana,BWA,1978,40813517.2929934
Botswana,BWA,1977,12233365.1123827
Botswana,BWA,1976,11270002.8304612
Botswana,BWA,1975,-38268702.2467827
Botswana,BWA,1974,70000.0
Brazil,BRA,2024,74090786050.19
Brazil,BRA,2023,62750364285.48
Brazil,BRA,2022,75501038733.31
Brazil,BRA,2021,46440503520.19
Brazil,BRA,2020,38270116307.45
Brazil,BRA,2019,69174411753.45
Brazil,BRA,2018,78183840044.98
Brazil,BRA,2017,68885491315.23
Brazil,BRA,2016,74294627801.19
Brazil,BRA,2015,64738153494.44
Brazil,BRA,2014,87713983217.24
Brazil,BRA,2013,75211029129.4
Brazil,BRA,2012,92568388321.34
Brazil,BRA,2011,102427228231.42
Brazil,BRA,2010,82389932468.07
Brazil,BRA,2009,31480931700.0
Brazil,BRA,2008,50716402711.4787
Brazil,BRA,2007,44579492463.6336
Brazil,BRA,2006,19418085598.0793
Brazil,BRA,2005,15459981604.1196
Brazil,BRA,2004,18161380459.7533
Brazil,BRA,2003,10123013670.99
Brazil,BRA,2002,16586600193.114
Brazil,BRA,2001,23225846372.251
Brazil,BRA,2000,32994718699.75
Brazil,BRA,1999,28385675614.9902
Brazil,BRA,1998,28855609916.42
Brazil,BRA,1997,18992934310.6468
Brazil,BRA,1996,12552000000.0
Brazil,BRA,1995,4859000000.0
Brazil,BRA,1994,3072000000.0
Brazil,BRA,1993,1292000000.0
Brazil,BRA,1992,2061000000.0
Brazil,BRA,1991,1103000000.0
Brazil,BRA,1990,989000000.0
Brazil,BRA,1989,1131000000.0
Brazil,BRA,1988,2804000000.0
Brazil,BRA,1987,1169000000.0
Brazil,BRA,1986,345000000.0
Brazil,BRA,1985,1441000000.0
Brazil,BRA,1984,1594000000.0
Brazil,BRA,1983,1609000000.0
Brazil,BRA,1982,2910000000.0
Brazil,BRA,1981,2520000000.0
Brazil,BRA,1980,1911000000.0
Brazil,BRA,1979,2419000000.0
Brazil,BRA,1978,2006000000.0
Brazil,BRA,1977,1833000000.0
Brazil,BRA,1976,1555000000.0
Brazil,BRA,1975,1302000000.0
Brazil,BRA,1974,1207900000.0
Brazil,BRA,1973,1180700000.0
Brazil,BRA,1972,459899999.9
Brazil,BRA,1971,449000000.0
Brazil,BRA,1970,391699999.9
British Virgin Islands,VGB,2024,53598706970.0
British Virgin Islands,VGB,2023,39889381820.0
British Virgin Islands,VGB,2022,38118551090.0
British Virgin Islands,VGB,2021,39361498410.0
British Virgin Islands,VGB,2020,39619635210.0
British Virgin Islands,VGB,2019,39103361610.0
British Virgin Islands,VGB,2018,34389709120.0
British Virgin Islands,VGB,2017,39609971330.0
British Virgin Islands,VGB,2016,49022945940.0
British Virgin Islands,VGB,2015,66712741570.0
British Virgin Islands,VGB,2014,40462007210.0
British Virgin Islands,VGB,2013,104804764400.0
British Virgin Islands,VGB,2012,61121510450.0
British Virgin Islands,VGB,2011,50788161140.0
British Virgin Islands,VGB,2010,42386824910.0
British Virgin Islands,VGB,2009,42212878000.0
British Virgin Islands,VGB,2008,52554448000.0
British Virgin Islands,VGB,2007,37163179000.0
British Virgin Islands,VGB,2006,12029088000.0
British Virgin Islands,VGB,2005,-7142639000.0
British Virgin Islands,VGB,2004,28309656000.0
British Virgin Islands,VGB,2003,9660121000.0
British Virgin Islands,VGB,2002,5451882000.0
British Virgin Islands,VGB,2001,3791260000.0
British Virgin Islands,VGB,2000,8073327000.0
British Virgin Islands,VGB,1999,7915398870.0
British Virgin Islands,VGB,1998,8777518710.0
British Virgin Islands,VGB,1997,3636650000.0
British Virgin Islands,VGB,1996,1109550000.0
British Virgin Islands,VGB,1995,-576710000.0
British Virgin Islands,VGB,1994,677510000.0
British Virgin Islands,VGB,1993,675980000.0
British Virgin Islands,VGB,1992,-131220000.0
British Virgin Islands,VGB,1991,4860000.0
British Virgin Islands,VGB,1990,18350000.0
British Virgin Islands,VGB,1989,70959999.9
British Virgin Islands,VGB,1988,1480000.0
British Virgin Islands,VGB,1987,-270000.0
British Virgin Islands,VGB,1986,-3580000.0
British Virgin Islands,VGB,1985,16430000.0
British Virgin Islands,VGB,1984,1240000.0
British Virgin Islands,VGB,1983,17539999.9
British Virgin Islands,VGB,1982,2529999.9
British Virgin Islands,VGB,1980,-1139999.9
British Virgin Islands,VGB,1979,860000.0
British Virgin Islands,VGB,1978,130000.0
British Virgin Islands,VGB,1977,590000.0
British Virgin Islands,VGB,1976,800000.0
British Virgin Islands,VGB,1974,-7730000.0
Brunei Darussalam,BRN,2024,29063018.6489884
Brunei Darussalam,BRN,2023,-55927970.3793758
Brunei Darussalam,BRN,2022,-290169984.940837
Brunei Darussalam,BRN,2021,206462739.392454
Brunei Darussalam,BRN,2020,565542275.429332
Brunei Darussalam,BRN,2019,373256767.246304
Brunei Darussalam,BRN,2018,516202620.629746
Brunei Darussalam,BRN,2017,467927550.316566
Brunei Darussalam,BRN,2016,-150550827.310312
Brunei Darussalam,BRN,2015,171289167.823994
Brunei Darussalam,BRN,2014,573906207.836338
Brunei Darussalam,BRN,2013,775642000.0
Brunei Darussalam,BRN,2012,864905530.0
Brunei Darussalam,BRN,2011,691170270.0
Brunei Darussalam,BRN,2010,480722550.0
Brunei Darussalam,BRN,2009,325586827.786628
Brunei Darussalam,BRN,2008,222184549.489168
Brunei Darussalam,BRN,2007,257635717.488309
Brunei Darussalam,BRN,2006,87839128.3133848
Brunei Darussalam,BRN,2005,175068516.562807
Brunei Darussalam,BRN,2004,113205866.961457
Brunei Darussalam,BRN,2003,123820911.146426
Brunei Darussalam,BRN,2002,229671955.675395
Brunei Darussalam,BRN,2001,60694643.6567848
Brunei Darussalam,BRN,2000,549607250.0
Brunei Darussalam,BRN,1999,747868670.0
Brunei Darussalam,BRN,1998,573250000.0
Brunei Darussalam,BRN,1997,701740000.0
Brunei Darussalam,BRN,1996,653600000.0
Brunei Darussalam,BRN,1995,582760560.0
Brunei Darussalam,BRN,1994,5890000.0
Brunei Darussalam,BRN,1993,8000000.0
Brunei Darussalam,BRN,1992,7000000.0
Brunei Darussalam,BRN,1991,5000000.0
Brunei Darussalam,BRN,1990,7000000.0
Brunei Darussalam,BRN,1989,10000000.0
Brunei Darussalam,BRN,1988,460000.0
Brunei Darussalam,BRN,1987,-70000.0
Brunei Darussalam,BRN,1986,-6049999.9
Brunei Darussalam,BRN,1985,3669999.9
Brunei Darussalam,BRN,1984,800000.0
Brunei Darussalam,BRN,1983,3620000.0
Brunei Darussalam,BRN,1982,6210000.0
Brunei Darussalam,BRN,1981,-11109999.9
Brunei Darussalam,BRN,1980,-19570000.0
Brunei Darussalam,BRN,1979,350000.0
Brunei Darussalam,BRN,1978,4570000.0
Brunei Darussalam,BRN,1977,-3290000.0
Brunei Darussalam,BRN,1976,-30890000.0
Brunei Darussalam,BRN,1975,850000.0
Brunei Darussalam,BRN,1974,2080000.0
Brunei Darussalam,BRN,1973,290000.0
Brunei Darussalam,BRN,1972,-3779999.9
Brunei Darussalam,BRN,1971,-17550000.0
Brunei Darussalam,BRN,1970,85530000.0
Bulgaria,BGR,2024,3549010000.0
Bulgaria,BGR,2023,5170140000.0
Bulgaria,BGR,2022,4748510000.0
Bulgaria,BGR,2021,2133700000.0
Bulgaria,BGR,2020,2801390000.0
Bulgaria,BGR,2019,2221250000.0
Bulgaria,BGR,2018,1809860000.0
Bulgaria,BGR,2017,2007290000.0
Bulgaria,BGR,2016,1488430000.0
Bulgaria,BGR,2015,2221390000.0
Bulgaria,BGR,2014,1093600000.0
Bulgaria,BGR,2013,1989040000.0
Bulgaria,BGR,2012,1788110000.0
Bulgaria,BGR,2011,2103810000.0
Bulgaria,BGR,2010,1842900000.0
Bulgaria,BGR,2009,3896664559.17164
Bulgaria,BGR,2008,10296720633.7242
Bulgaria,BGR,2007,13875270456.9117
Bulgaria,BGR,2006,7874476255.43262
Bulgaria,BGR,2005,4098122930.77933
Bulgaria,BGR,2004,3072550961.81564
Bulgaria,BGR,2003,2096788700.05598
Bulgaria,BGR,2002,904659791.087721
Bulgaria,BGR,2001,812942201.973002
Bulgaria,BGR,2000,1001503841.99968
Bulgaria,BGR,1999,818788154.863275
Bulgaria,BGR,1998,537317256.150851
Bulgaria,BGR,1997,504800000.0
Bulgaria,BGR,1996,109000000.0
Bulgaria,BGR,1995,90400000.0
Bulgaria,BGR,1994,105400000.0
Bulgaria,BGR,1993,40000000.0
Bulgaria,BGR,1992,41500000.0
Bulgaria,BGR,1991,55900000.0
Bulgaria,BGR,1990,4000000.0
Bulgaria,BGR,1989,0.0
Bulgaria,BGR,1988,0.0
Bulgaria,BGR,1987,0.0
Bulgaria,BGR,1986,0.0
Bulgaria,BGR,1985,0.0
Bulgaria,BGR,1984,0.0
Bulgaria,BGR,1983,0.0
Bulgaria,BGR,1982,0.0
Bulgaria,BGR,1981,0.0
Bulgaria,BGR,1980,0.0
Burkina Faso,BFA,2024,82944120.0
Burkina Faso,BFA,2023,109438755.395966
Burkina Faso,BFA,2022,669738240.850164
Burkina Faso,BFA,2021,-79957355.3390048
Burkina Faso,BFA,2020,-98777856.0144418
Burkina Faso,BFA,2019,162970140.263612
Burkina Faso,BFA,2018,268414907.946195
Burkina Faso,BFA,2017,2572690.32188177
Burkina Faso,BFA,2016,390622353.410171
Burkina Faso,BFA,2015,231901703.683868
Burkina Faso,BFA,2014,357296974.294134
Burkina Faso,BFA,2013,490403410.536841
Burkina Faso,BFA,2012,329281976.028321
Burkina Faso,BFA,2011,143845512.327137
Burkina Faso,BFA,2010,38870701.3569488
Burkina Faso,BFA,2009,56653992.3324814
Burkina Faso,BFA,2008,33190579.8762819
Burkina Faso,BFA,2007,21711800.9008661
Burkina Faso,BFA,2006,83849256.0712147
Burkina Faso,BFA,2005,52130040.8814283
Burkina Faso,BFA,2004,14348320.0
Burkina Faso,BFA,2003,29122510.0
Burkina Faso,BFA,2002,15026080.0
Burkina Faso,BFA,2001,6267060.0
Burkina Faso,BFA,2000,23107520.0
Burkina Faso,BFA,1999,7925950.0
Burkina Faso,BFA,1998,4407140.0
Burkina Faso,BFA,1997,9765810.0
Burkina Faso,BFA,1996,16225130.0
Burkina Faso,BFA,1995,9816730.0
Burkina Faso,BFA,1994,18371590.0
Burkina Faso,BFA,1993,3178380.0
Burkina Faso,BFA,1992,3113050.0
Burkina Faso,BFA,1991,570000.0
Burkina Faso,BFA,1990,460000.0
Burkina Faso,BFA,1989,5669999.9
Burkina Faso,BFA,1988,3710000.0
Burkina Faso,BFA,1987,1330000.0
Burkina Faso,BFA,1986,3140000.0
Burkina Faso,BFA,1985,-1429999.9
Burkina Faso,BFA,1984,1669999.9
Burkina Faso,BFA,1983,1980000.0
Burkina Faso,BFA,1982,1950000.0
Burkina Faso,BFA,1981,2430000.0
Burkina Faso,BFA,1980,20000.0
Burkina Faso,BFA,1979,1490000.0
Burkina Faso,BFA,1978,1159999.9
Burkina Faso,BFA,1977,4969999.9
Burkina Faso,BFA,1976,2049999.9
Burkina Faso,BFA,1975,300000.0
Burkina Faso,BFA,1974,2669999.9
Burkina Faso,BFA,1973,4400000.0
Burkina Faso,BFA,1972,-700000.0
Burkina Faso,BFA,1971,1000000.0
Burkina Faso,BFA,1970,400000.0
Burundi,BDI,2024,33322927.9919777
Burundi,BDI,2023,33999317.765554
Burundi,BDI,2022,25249488.9899432
Burundi,BDI,2021,22351623.301476
Burundi,BDI,2020,21196554.6098288
Burundi,BDI,2019,30280866.0715354
Burundi,BDI,2018,6663761.85439284
Burundi,BDI,2017,65319814.8376385
Burundi,BDI,2016,55103.7198213654
Burundi,BDI,2015,7439564.58771175
Burundi,BDI,2014,91720479.3388806
Burundi,BDI,2013,116727136.517749
Burundi,BDI,2012,604919.651526488
Burundi,BDI,2011,3354999.1805922
Burundi,BDI,2010,780582.003631938
Burundi,BDI,2009,348404.534569828
Burundi,BDI,2008,3833208.34759483
Burundi,BDI,2007,500245.09305907
Burundi,BDI,2006,31593.7781888498
Burundi,BDI,2005,584701.692574561
Burundi,BDI,2004,44690.7076028703
Burundi,BDI,2001,-11440.9127038289
Burundi,BDI,2000,11683250.0
Burundi,BDI,1999,-475191.305312188
Burundi,BDI,1995,1981922.46479084
Burundi,BDI,1994,3957.84890911789
Burundi,BDI,1993,473679.874783754
Burundi,BDI,1992,600088.333002617
Burundi,BDI,1991,892500.106741912
Burundi,BDI,1990,1255434.74294
Burundi,BDI,1989,567226.890756301
Burundi,BDI,1988,1196623.81138929
Burundi,BDI,1987,1367714.12346925
Burundi,BDI,1986,1524028.63247118
Burundi,BDI,1985,538566.543006104
Burundi,BDI,1984,1189999.9
Burundi,BDI,1983,3040000.0
Burundi,BDI,1982,900000.0
Burundi,BDI,1981,11080000.0
Burundi,BDI,1980,4599999.9
Burundi,BDI,1979,-300000.0
Burundi,BDI,1978,890000.0
Burundi,BDI,1977,-250000.0
Burundi,BDI,1976,80000.0
Burundi,BDI,1975,320000.0
Burundi,BDI,1974,220000.0
Burundi,BDI,1973,440000.0
Burundi,BDI,1972,410000.0
Burundi,BDI,1970,100000.0
Cabo Verde,CPV,2024,109932741.764781
Cabo Verde,CPV,2023,158735894.913156
Cabo Verde,CPV,2022,122015528.984869
Cabo Verde,CPV,2021,91456883.2590195
Cabo Verde,CPV,2020,67619883.9199237
Cabo Verde,CPV,2019,122921295.022726
Cabo Verde,CPV,2018,103550532.589032
Cabo Verde,CPV,2017,111711633.73814
Cabo Verde,CPV,2016,126312006.101644
Cabo Verde,CPV,2015,96071472.8368678
Cabo Verde,CPV,2014,180589795.413074
Cabo Verde,CPV,2013,89297443.9961387
Cabo Verde,CPV,2012,128009964.769676
Cabo Verde,CPV,2011,102246382.223795
Cabo Verde,CPV,2010,116200563.572312
Cabo Verde,CPV,2009,126003552.248347
Cabo Verde,CPV,2008,210903689.269434
Cabo Verde,CPV,2007,191764359.163339
Cabo Verde,CPV,2006,131539968.034583
Cabo Verde,CPV,2005,80513541.3322082
Cabo Verde,CPV,2004,67638273.8033899
Cabo Verde,CPV,2003,39216510.8127633
Cabo Verde,CPV,2002,14759046.6769551
Cabo Verde,CPV,2001,9010186.20568654
Cabo Verde,CPV,2000,34202238.3816145
Cabo Verde,CPV,1999,53935025.3549158
Cabo Verde,CPV,1998,6793745.39412884
Cabo Verde,CPV,1997,11576610.7394555
Cabo Verde,CPV,1996,28528007.7360695
Cabo Verde,CPV,1995,26180647.1200555
Cabo Verde,CPV,1994,2128443.3544658
Cabo Verde,CPV,1993,3644068.12685392
Cabo Verde,CPV,1992,450471.753014845
Cabo Verde,CPV,1991,1744334.22803127
Cabo Verde,CPV,1990,252601.216598284
Cabo Verde,CPV,1989,174023.256534689
Cabo Verde,CPV,1988,597911.680022202
Cabo Verde,CPV,1987,2786140.59499304
Cabo Verde,CPV,1986,-8734.17839975294
Cabo Verde,CPV,1985,0.0
Cabo Verde,CPV,1984,0.0
Cabo Verde,CPV,1983,0.0
Cabo Verde,CPV,1982,0.0
Cabo Verde,CPV,1981,0.0
Cabo Verde,CPV,1980,0.0
Cabo Verde,CPV,1979,0.0
Cabo Verde,CPV,1978,0.0
Cabo Verde,CPV,1977,0.0
Cambodia,KHM,2024,4394647334.3021
Cambodia,KHM,2023,3958792378.8864
Cambodia,KHM,2022,3578831295.87392
Cambodia,KHM,2021,3483461605.65372
Cambodia,KHM,2020,3624644990.13295
Cambodia,KHM,2019,3663032999.47048
Cambodia,KHM,2018,3212633447.04469
Cambodia,KHM,2017,2788084321.65815
Cambodia,KHM,2016,2475915853.65762
Cambodia,KHM,2015,1822804151.25711
Cambodia,KHM,2014,1853471158.0992
Cambodia,KHM,2013,2068470774.00468
Cambodia,KHM,2012,1988102944.64495
Cambodia,KHM,2011,1538883424.9002
Cambodia,KHM,2010,1404315448.88529
Cambodia,KHM,2009,928393617.348897
Cambodia,KHM,2008,815180217.958376
Cambodia,KHM,2007,867288538.643543
Cambodia,KHM,2006,483209382.712787
Cambodia,KHM,2005,379180190.600282
Cambodia,KHM,2004,131416229.281784
Cambodia,KHM,2003,81580650.5580651
Cambodia,KHM,2002,130956363.872694
Cambodia,KHM,2001,146481995.063844
Cambodia,KHM,2000,118308566.31088
Cambodia,KHM,1999,102225822.011715
Cambodia,KHM,1998,115871733.049308
Cambodia,KHM,1997,203700000.0
Cambodia,KHM,1996,293600000.0
Cambodia,KHM,1995,150800000.0
Cambodia,KHM,1994,68900000.0
Cambodia,KHM,1993,54124000.0
Cambodia,KHM,1992,33000000.0
Cambodia,KHM,1980,1000000.0
Cambodia,KHM,1975,270000.0
Cambodia,KHM,1974,1350000.0
Cambodia,KHM,1973,190000.0
Cambodia,KHM,1972,-10000.0
Cambodia,KHM,1971,-280000.0
Cambodia,KHM,1970,100000.0
Cameroon,CMR,2024,888218144.392838
Cameroon,CMR,2023,821546383.239812
Cameroon,CMR,2022,925681548.563251
Cameroon,CMR,2021,963531503.483344
Cameroon,CMR,2020,675186993.652869
Cameroon,CMR,2019,1024779237.90888
Cameroon,CMR,2018,765092012.778526
Cameroon,CMR,2017,814458940.927624
Cameroon,CMR,2016,663893595.165465
Cameroon,CMR,2015,694336734.87982
Cameroon,CMR,2014,725854540.914876
Cameroon,CMR,2013,547404749.757181
Cameroon,CMR,2012,527363935.614181
Cameroon,CMR,2011,653266626.571785
Cameroon,CMR,2010,536265313.198885
Cameroon,CMR,2009,746276648.961817
Cameroon,CMR,2008,20995513.7446128
Cameroon,CMR,2007,189581294.625153
Cameroon,CMR,2006,59122291.3428058
Cameroon,CMR,2005,243601636.500456
Cameroon,CMR,2004,67984855.6422292
Cameroon,CMR,2003,334888535.860207
Cameroon,CMR,2002,505256043.293607
Cameroon,CMR,2001,-11668387.3783905
Cameroon,CMR,2000,159708006.201386
Cameroon,CMR,1999,35009801.8441187
Cameroon,CMR,1998,55231294.1577246
Cameroon,CMR,1997,149614497.755634
Cameroon,CMR,1996,104417058.426532
Cameroon,CMR,1995,15105727.2922078
Cameroon,CMR,1994,3674320.50910657
Cameroon,CMR,1993,5120733.12285922
Cameroon,CMR,1992,29203775.7802858
Cameroon,CMR,1991,-14498049.7545054
Cameroon,CMR,1990,-112831336.842375
Cameroon,CMR,1989,-85734446.5454484
Cameroon,CMR,1988,92362479.4838296
Cameroon,CMR,1987,115925994.899277
Cameroon,CMR,1986,-90700157.5127854
Cameroon,CMR,1985,316229050.225977
Cameroon,CMR,1984,17667655.8671505
Cameroon,CMR,1983,213821207.604905
Cameroon,CMR,1982,111440362.741803
Cameroon,CMR,1981,135391025.42127
Cameroon,CMR,1980,129827989.964101
Cameroon,CMR,1979,62099933.6753265
Cameroon,CMR,1978,40548470.5361226
Cameroon,CMR,1977,8710528.85937352
Cameroon,CMR,1976,16399999.9
Cameroon,CMR,1975,27100000.0
Cameroon,CMR,1974,21600000.0
Cameroon,CMR,1973,3100000.0
Cameroon,CMR,1972,3299999.9
Cameroon,CMR,1971,1700000.0
Cameroon,CMR,1970,16000000.0
Canada,CAN,2024,63052828220.4018
Canada,CAN,2023,43897082059.7896
Canada,CAN,2022,50764048301.0469
Canada,CAN,2021,60189690111.8854
Canada,CAN,2020,29123011879.2997
Canada,CAN,2019,48942300762.2452
Canada,CAN,2018,42603762048.597
Canada,CAN,2017,25357801000.4969
Canada,CAN,2016,34201872160.6085
Canada,CAN,2015,59986208237.0733
Canada,CAN,2014,64174605785.6346
Canada,CAN,2013,67027866778.2682
Canada,CAN,2012,49368985104.199
Canada,CAN,2011,38338330427.428
Canada,CAN,2010,29714744325.4741
Canada,CAN,2009,20951090410.3131
Canada,CAN,2008,70119614332.5094
Canada,CAN,2007,120451484862.004
Canada,CAN,2006,64302303096.8667
Canada,CAN,2005,25552226940.9281
Canada,CAN,2004,1452416545.21798
Canada,CAN,2003,7011792709.04631
Canada,CAN,2002,24486425376.8819
Canada,CAN,2001,28391098831.3381
Canada,CAN,2000,68303350856.0835
Canada,CAN,1999,27456044687.0987
Canada,CAN,1998,24979208298.1648
Canada,CAN,1997,15182400421.6905
Canada,CAN,1996,8817677647.2938
Canada,CAN,1995,13657593613.3371
Canada,CAN,1994,9541029101.65659
Canada,CAN,1993,4178460316.69704
Canada,CAN,1992,7018240062.86526
Canada,CAN,1991,3514220103.04374
Canada,CAN,1990,8401707941.43433
Canada,CAN,1989,7171648940.44922
Canada,CAN,1988,7196400040.3342
Canada,CAN,1987,8597306053.61165
Canada,CAN,1986,2709677620.68495
Canada,CAN,1985,1256760213.69256
Canada,CAN,1984,5675261448.85168
Canada,CAN,1983,4618560061.87692
Canada,CAN,1982,90061244.1131481
Canada,CAN,1981,663720808.269735
Canada,CAN,1980,5813268734.78803
Canada,CAN,1979,5307737031.12626
Canada,CAN,1978,3740191707.68949
Canada,CAN,1977,3371826624.08886
Canada,CAN,1976,2450721215.75787
Canada,CAN,1975,3386183402.57977
Canada,CAN,1974,3723538434.68265
Canada,CAN,1973,3184571500.54189
Canada,CAN,1972,2110873961.07408
Canada,CAN,1971,2273318428.36666
Canada,CAN,1970,1827117680.30674
Cayman Islands,CYM,2024,3177367484.18081
Cayman Islands,CYM,2023,12092614518.9148
Cayman Islands,CYM,2022,-3144736442.9941
Cayman Islands,CYM,2021,-807807825.131413
Cayman Islands,CYM,2020,6973848227.54293
Cayman Islands,CYM,2019,1080420248.60699
Cayman Islands,CYM,2018,173644548.798713
Cayman Islands,CYM,2017,2506466933.66629
Cayman Islands,CYM,2016,2684234739.26841
Cayman Islands,CYM,2015,80501525460.0
Cayman Islands,CYM,2014,46040609770.0
Cayman Islands,CYM,2013,34907994320.0
Cayman Islands,CYM,2012,21489604740.0
Cayman Islands,CYM,2011,31131855110.0
Cayman Islands,CYM,2010,20965962640.0
Cayman Islands,CYM,2009,20298045000.0
Cayman Islands,CYM,2008,19555735000.0
Cayman Islands,CYM,2007,28210535000.0
Cayman Islands,CYM,2006,24820937000.0
Cayman Islands,CYM,2005,9506484000.0
Cayman Islands,CYM,2004,3703461000.0
Cayman Islands,CYM,2003,2602570000.0
Cayman Islands,CYM,2002,2802975000.0
Cayman Islands,CYM,2001,2133108000.0
Cayman Islands,CYM,2000,9358723000.0
Cayman Islands,CYM,1999,6475830000.0
Cayman Islands,CYM,1998,4354110000.0
Cayman Islands,CYM,1997,3150870000.0
Cayman Islands,CYM,1996,1231710000.0
Cayman Islands,CYM,1995,50310000.0
Cayman Islands,CYM,1994,467070000.0
Cayman Islands,CYM,1993,459760000.0
Cayman Islands,CYM,1992,27490000.0
Cayman Islands,CYM,1991,-8540000.0
Cayman Islands,CYM,1990,49040000.0
Cayman Islands,CYM,1989,79459999.9
Cayman Islands,CYM,1988,22430000.0
Cayman Islands,CYM,1987,104739999.9
Cayman Islands,CYM,1986,14279999.9
Cayman Islands,CYM,1985,453980000.0
Cayman Islands,CYM,1984,668240000.0
Cayman Islands,CYM,1983,17520000.0
Cayman Islands,CYM,1982,19930000.0
Cayman Islands,CYM,1981,97120000.0
Cayman Islands,CYM,1980,19559999.9
Cayman Islands,CYM,1979,56549999.9
Cayman Islands,CYM,1978,75109999.9
Cayman Islands,CYM,1977,25719999.9
Cayman Islands,CYM,1976,41009999.9
Cayman Islands,CYM,1975,2540000.0
Cayman Islands,CYM,1974,1830000.0
Central African Republic,CAF,2024,40406020.0
Central African Republic,CAF,2023,38742450.0
Central African Republic,CAF,2022,24047720.0
Central African Republic,CAF,2021,5409980.0
Central African Republic,CAF,2020,1737360.0
Central African Republic,CAF,2019,25601160.0
Central African Republic,CAF,2018,18003540.0
Central African Republic,CAF,2017,6888750.0
Central African Republic,CAF,2016,7256090.0
Central African Republic,CAF,2015,3000000.0
Central African Republic,CAF,2014,3475010.0
Central African Republic,CAF,2013,1852790.0
Central African Republic,CAF,2012,70035160.0
Central African Republic,CAF,2011,36908460.0
Central African Republic,CAF,2010,61520000.0
Central African Republic,CAF,2009,42280000.0
Central African Republic,CAF,2008,117110000.0
Central African Republic,CAF,2007,56750000.0
Central African Republic,CAF,2006,34670000.0
Central African Republic,CAF,2005,10100000.0
Central African Republic,CAF,2004,15100000.0
Central African Republic,CAF,2003,11300000.0
Central African Republic,CAF,2002,5644290.0
Central African Republic,CAF,2001,5183900.0
Central African Republic,CAF,2000,889070.0
Central African Republic,CAF,1999,5976950.0
Central African Republic,CAF,1998,7300590.0
Central African Republic,CAF,1997,1497420.0
Central African Republic,CAF,1996,10925580.0
Central African Republic,CAF,1995,6200570.0
Central African Republic,CAF,1994,3602275.00892801
Central African Republic,CAF,1993,-9980132.27944839
Central African Republic,CAF,1992,-10676567.963142
Central African Republic,CAF,1991,-4874038.73164914
Central African Republic,CAF,1990,697850.065105837
Central African Republic,CAF,1989,1285233.01951129
Central African Republic,CAF,1988,-3827452.80303765
Central African Republic,CAF,1987,11898718.6498225
Central African Republic,CAF,1986,8160415.31776924
Central African Republic,CAF,1985,2991566.43558607
Central African Republic,CAF,1984,5149252.03381976
Central African Republic,CAF,1983,4469041.68570388
Central African Republic,CAF,1982,9153812.42838185
Central African Republic,CAF,1981,5781443.35245489
Central African Republic,CAF,1980,5343631.08528873
Central African Republic,CAF,1979,22757439.7367339
Central African Republic,CAF,1978,6084486.34383566
Central African Republic,CAF,1977,-2845168.07135611
Central African Republic,CAF,1976,3700000.0
Central African Republic,CAF,1975,5599999.9
Central African Republic,CAF,1974,5799999.9
Central African Republic,CAF,1973,-200000.0
Central African Republic,CAF,1972,1500000.0
Central African Republic,CAF,1971,700000.0
Central African Republic,CAF,1970,1200000.0
Chad,TCD,2024,1019486410.0
Chad,TCD,2023,913332720.0
Chad,TCD,2022,614018510.0
Chad,TCD,2021,705100760.0
Chad,TCD,2020,557692500.0
Chad,TCD,2019,566638950.0
Chad,TCD,2018,460890510.0
Chad,TCD,2017,363381640.0
Chad,TCD,2016,244682120.0
Chad,TCD,2015,559642020.0
Chad,TCD,2014,-675545920.0
Chad,TCD,2013,520200750.0
Chad,TCD,2012,579793040.0
Chad,TCD,2011,281900000.0
Chad,TCD,2010,313000000.0
Chad,TCD,2009,374900000.0
Chad,TCD,2008,466131000.0
Chad,TCD,2007,-321655000.0
Chad,TCD,2006,-278414000.0
Chad,TCD,2005,-99342520.0
Chad,TCD,2004,466793490.0
Chad,TCD,2003,712663450.0
Chad,TCD,2002,924119210.0
Chad,TCD,2001,459866390.0
Chad,TCD,2000,115172420.0
Chad,TCD,1999,24524970.0
Chad,TCD,1998,21696680.0
Chad,TCD,1997,44293940.0
Chad,TCD,1996,39466170.0
Chad,TCD,1995,32611570.0
Chad,TCD,1994,27074698.9671029
Chad,TCD,1993,15160901.583748
Chad,TCD,1992,1960770.97412268
Chad,TCD,1991,4239527.50767445
Chad,TCD,1990,9400000.0
Chad,TCD,1989,18739324.367411
Chad,TCD,1988,1289247.25997058
Chad,TCD,1987,8162068.46980272
Chad,TCD,1986,28200501.0592124
Chad,TCD,1985,53650093.5989071
Chad,TCD,1984,9186265.62833445
Chad,TCD,1983,-90000.0
Chad,TCD,1982,-120000.0
Chad,TCD,1981,-110000.0
Chad,TCD,1980,-430000.0
Chad,TCD,1979,-1290000.0
Chad,TCD,1978,34136051.2065303
Chad,TCD,1977,21153560.0383945
Chad,TCD,1976,26800000.0
Chad,TCD,1975,20300000.0
Chad,TCD,1974,13800000.0
Chad,TCD,1973,6099999.9
Chad,TCD,1972,-100000.0
Chad,TCD,1971,300000.0
Chad,TCD,1970,600000.0
Chile,CHL,2024,12521388616.3117
Chile,CHL,2023,18377361861.8
Chile,CHL,2022,18771990469.19
Chile,CHL,2021,15176902318.5544
Chile,CHL,2020,11447397288.6176
Chile,CHL,2019,13579090978.7595
Chile,CHL,2018,7942631935.04913
Chile,CHL,2017,5237183518.21249
Chile,CHL,2016,11362832162.4891
Chile,CHL,2015,17766285629.0926
Chile,CHL,2014,25527831848.9546
Chile,CHL,2013,21120756844.018
Chile,CHL,2012,31801970676.0608
Chile,CHL,2011,26369463388.8272
Chile,CHL,2010,14849443157.0249
Chile,CHL,2009,12750321998.889
Chile,CHL,2008,18811777951.3688
Chile,CHL,2007,10545224588.4776
Chile,CHL,2006,4755333483.36661
Chile,CHL,2005,5990831828.9531
Chile,CHL,2004,4968731407.62404
Chile,CHL,2003,3485728421.75027
Chile,CHL,2002,2549923142.41108
Chile,CHL,2001,4199763048.85
Chile,CHL,2000,4860015667.52
Chile,CHL,1999,8761016217.84
Chile,CHL,1998,4627817978.0
Chile,CHL,1997,5271400000.0
Chile,CHL,1996,4814616000.0
Chile,CHL,1995,2957000000.0
Chile,CHL,1994,2582100000.0
Chile,CHL,1993,1034300000.0
Chile,CHL,1992,936100000.0
Chile,CHL,1991,822700000.0
Chile,CHL,1990,661200000.0
Chile,CHL,1989,1283500000.0
Chile,CHL,1988,967900000.0
Chile,CHL,1987,890500000.0
Chile,CHL,1986,315500000.0
Chile,CHL,1985,144300000.0
Chile,CHL,1984,78000000.0
Chile,CHL,1983,135000000.0
Chile,CHL,1982,401000000.0
Chile,CHL,1981,383000000.0
Chile,CHL,1980,213000000.0
Chile,CHL,1979,244000000.0
Chile,CHL,1978,181000000.0
Chile,CHL,1977,21000000.0
Chile,CHL,1976,-1000000.0
Chile,CHL,1975,50000000.0
Chile,CHL,1974,2310000.0
Chile,CHL,1973,-4799999.9
Chile,CHL,1972,-1100000.0
Chile,CHL,1971,-18969999.9
Chile,CHL,1970,12330000.0
China,CHN,2024,18556141172.84
China,CHN,2023,51338076801.59
China,CHN,2022,190203789092.51
China,CHN,2021,344074977062.48
China,CHN,2020,253095616058.58
China,CHN,2019,187169822364.755
China,CHN,2018,235365050036.341
China,CHN,2017,166083755721.648
China,CHN,2016,174749584584.05
China,CHN,2015,242489331627.398
China,CHN,2014,268097181064.335
China,CHN,2013,290928431467.003
China,CHN,2012,241213868161.42
China,CHN,2011,280072219149.934
China,CHN,2010,243703434558.177
China,CHN,2009,131057052869.5
China,CHN,2008,171534650311.568
China,CHN,2007,156249335203.201
China,CHN,2006,124082035618.505
China,CHN,2005,104108693867.085
China,CHN,2004,68117272181.2194
China,CHN,2003,57900937467.3864
China,CHN,2002,53073618897.4036
China,CHN,2001,47053000000.0
China,CHN,2000,42095300000.0
China,CHN,1999,41014000000.0
China,CHN,1998,45644000000.0
China,CHN,1997,45439000000.0
China,CHN,1996,40180000000.0
China,CHN,1995,35849200000.0
China,CHN,1994,33787000000.0
China,CHN,1993,27515000000.0
China,CHN,1992,11156000000.0
China,CHN,1991,4366000000.0
China,CHN,1990,3487000000.0
China,CHN,1989,3393000000.0
China,CHN,1988,3194000000.0
China,CHN,1987,2314000000.0
China,CHN,1986,1875000000.0
China,CHN,1985,1659000000.0
China,CHN,1984,1258000000.0
China,CHN,1983,636000000.0
China,CHN,1982,430000000.0
China,CHN,1981,265000000.0
China,CHN,1980,57000000.0
China,CHN,1979,80000.0
Colombia,COL,2024,13683876155.4127
Colombia,COL,2023,16793702728.5038
Colombia,COL,2022,17182225497.9059
Colombia,COL,2021,9561335276.67571
Colombia,COL,2020,7458624984.21929
Colombia,COL,2019,13989154028.3683
Colombia,COL,2018,11298692773.8485
Colombia,COL,2017,13700880445.1997
Colombia,COL,2016,13857937720.8026
Colombia,COL,2015,11620532645.7091
Colombia,COL,2014,16168701714.7496
Colombia,COL,2013,16210419015.9816
Colombia,COL,2012,15039979138.8914
Colombia,COL,2011,14647048638.4495
Colombia,COL,2010,6429989612.99412
Colombia,COL,2009,8034746177.08444
Colombia,COL,2008,10564155795.9327
Colombia,COL,2007,8885764397.56293
Colombia,COL,2006,6750625311.15878
Colombia,COL,2005,10235417315.1375
Colombia,COL,2004,3115635873.52058
Colombia,COL,2003,1720493455.49813
Colombia,COL,2002,2133698124.14946
Colombia,COL,2001,2541942612.20739
Colombia,COL,2000,2436459923.42856
Colombia,COL,1999,1507907130.44589
Colombia,COL,1998,2828826261.61251
Colombia,COL,1997,5562216361.61769
Colombia,COL,1996,3111676589.81669
Colombia,COL,1995,968368273.647335
Colombia,COL,1994,1446497261.33581
Colombia,COL,1993,959100000.0
Colombia,COL,1992,728700000.0
Colombia,COL,1991,456900000.0
Colombia,COL,1990,500000000.0
Colombia,COL,1989,576000000.0
Colombia,COL,1988,203000000.0
Colombia,COL,1987,319000000.0
Colombia,COL,1986,674000000.0
Colombia,COL,1985,1023000000.0
Colombia,COL,1984,584000000.0
Colombia,COL,1983,618000000.0
Colombia,COL,1982,366000000.0
Colombia,COL,1981,265000000.0
Colombia,COL,1980,157137699.999756
Colombia,COL,1979,127000000.0
Colombia,COL,1978,107000000.0
Colombia,COL,1977,65000000.0
Colombia,COL,1976,25000000.0
Colombia,COL,1975,37068850.0
Colombia,COL,1974,40889759.9996338
Colombia,COL,1973,23842600.0
Colombia,COL,1972,18457070.0
Colombia,COL,1971,43128139.9995117
Colombia,COL,1970,42999999.9997559
Comoros,COM,2024,7100000.0
Comoros,COM,2023,5352754.89432873
Comoros,COM,2022,4128667.47538991
Comoros,COM,2021,4024772.1820532
Comoros,COM,2020,3875846.08058853
Comoros,COM,2019,4300803.9663215
Comoros,COM,2018,5672348.12857999
Comoros,COM,2017,3919473.02500834
Comoros,COM,2016,3569823.72997216
Comoros,COM,2015,4936699.51044481
Comoros,COM,2014,4684558.67518381
Comoros,COM,2013,4231640.0
Comoros,COM,2012,10375197.4614674
Comoros,COM,2011,23118440.5401983
Comoros,COM,2010,8350406.72212105
Comoros,COM,2009,13839598.1677914
Comoros,COM,2008,4650574.15690675
Comoros,COM,2007,7691947.28915694
Comoros,COM,2006,778420.21387879
Comoros,COM,2005,558865.800033729
Comoros,COM,2004,672560.378635005
Comoros,COM,2003,793243.734562134
Comoros,COM,2002,430420.0
Comoros,COM,2001,1145910.0
Comoros,COM,2000,93640.0
Comoros,COM,1999,271000.0
Comoros,COM,1998,384220.0
Comoros,COM,1997,20000.0
Comoros,COM,1996,510000.0
Comoros,COM,1995,889525.017698177
Comoros,COM,1994,177714.239994358
Comoros,COM,1993,190704.780596668
Comoros,COM,1992,-1446978.1249784
Comoros,COM,1991,2506163.33401031
Comoros,COM,1990,393003.103792419
Comoros,COM,1989,3266400.37765459
Comoros,COM,1988,3767051.25949986
Comoros,COM,1987,7546566.71700799
Comoros,COM,1986,0.0
Comoros,COM,1985,0.0
Comoros,COM,1984,0.0
Comoros,COM,1983,0.0
Comoros,COM,1982,150000.0
Comoros,COM,1981,0.0
Comoros,COM,1980,0.0
Comoros,COM,1978,1919999.9
"Congo, Dem. Rep.",COD,2024,2915055322.56637
"Congo, Dem. Rep.",COD,2023,2375258886.51998
"Congo, Dem. Rep.",COD,2022,1409373841.76263
"Congo, Dem. Rep.",COD,2021,1677673789.73561
"Congo, Dem. Rep.",COD,2020,1498084807.8648
"Congo, Dem. Rep.",COD,2019,1350994226.20535
"Congo, Dem. Rep.",COD,2018,1407563588.42422
"Congo, Dem. Rep.",COD,2017,1047979482.55526
"Congo, Dem. Rep.",COD,2016,932374669.380907
"Congo, Dem. Rep.",COD,2015,1165720010.30767
"Congo, Dem. Rep.",COD,2014,1499572152.49797
"Congo, Dem. Rep.",COD,2013,1697585830.80626
"Congo, Dem. Rep.",COD,2012,2891607809.09542
"Congo, Dem. Rep.",COD,2011,1596024303.85686
"Congo, Dem. Rep.",COD,2010,2742300000.0
"Congo, Dem. Rep.",COD,2009,-243200000.0
"Congo, Dem. Rep.",COD,2008,1726800000.0
"Congo, Dem. Rep.",COD,2007,1808000000.0
"Congo, Dem. Rep.",COD,2006,256100000.0
"Congo, Dem. Rep.",COD,2005,180000000.0
"Congo, Dem. Rep.",COD,2004,409032810.0
"Congo, Dem. Rep.",COD,2003,391254720.0
"Congo, Dem. Rep.",COD,2002,187598690.0
"Congo, Dem. Rep.",COD,2001,102221900.0
"Congo, Dem. Rep.",COD,2000,94190400.0
"Congo, Dem. Rep.",COD,1999,11160000.0
"Congo, Dem. Rep.",COD,1998,61330000.0
"Congo, Dem. Rep.",COD,1997,-44350000.0
"Congo, Dem. Rep.",COD,1996,24790000.0
"Congo, Dem. Rep.",COD,1995,-22350000.0
"Congo, Dem. Rep.",COD,1994,-1500000.0
"Congo, Dem. Rep.",COD,1993,6870000.0
"Congo, Dem. Rep.",COD,1992,-730000.0
"Congo, Dem. Rep.",COD,1991,12390000.0
"Congo, Dem. Rep.",COD,1990,-14460000.0
"Congo, Dem. Rep.",COD,1989,-6110000.0
"Congo, Dem. Rep.",COD,1988,-3939999.9
"Congo, Dem. Rep.",COD,1987,-55079999.9
"Congo, Dem. Rep.",COD,1986,5549999.9
"Congo, Dem. Rep.",COD,1985,69189999.9
"Congo, Dem. Rep.",COD,1984,-32450000.0
"Congo, Dem. Rep.",COD,1983,-192789999.9
"Congo, Dem. Rep.",COD,1982,-2370000.0
"Congo, Dem. Rep.",COD,1981,69629999.9
"Congo, Dem. Rep.",COD,1980,109620000.0
"Congo, Dem. Rep.",COD,1979,143849999.9
"Congo, Dem. Rep.",COD,1978,97680000.0
"Congo, Dem. Rep.",COD,1977,18190000.0
"Congo, Dem. Rep.",COD,1976,238430000.0
"Congo, Dem. Rep.",COD,1975,9119999.9
"Congo, Dem. Rep.",COD,1974,51979999.9
"Congo, Dem. Rep.",COD,1973,17719999.9
"Congo, Dem. Rep.",COD,1972,10470000.0
"Congo, Dem. Rep.",COD,1971,5740000.0
"Congo, Dem. Rep.",COD,1970,6429999.9
"Congo, Rep.",COG,2024,603616460.0
"Congo, Rep.",COG,2023,626473710.0
"Congo, Rep.",COG,2022,532256250.0
"Congo, Rep.",COG,2021,-320209517.696022
"Congo, Rep.",COG,2020,-1983178866.50125
"Congo, Rep.",COG,2019,-1427679257.05894
"Congo, Rep.",COG,2018,4315250920.0
"Congo, Rep.",COG,2017,4416953730.0
"Congo, Rep.",COG,2016,50608700.3526123
"Congo, Rep.",COG,2015,4279839199.11278
"Congo, Rep.",COG,2014,2891102397.12388
"Congo, Rep.",COG,2013,1878859499.34966
"Congo, Rep.",COG,2012,-69249948.2173565
"Congo, Rep.",COG,2011,298678855.105983
"Congo, Rep.",COG,2010,1522228646.33912
"Congo, Rep.",COG,2009,1189051286.3797
"Congo, Rep.",COG,2008,1947972913.20639
"Congo, Rep.",COG,2007,1424251935.63471
"Congo, Rep.",COG,2006,1489015781.25323
"Congo, Rep.",COG,2005,801314933.871917
"Congo, Rep.",COG,2004,88557997.2244039
"Congo, Rep.",COG,2003,220038914.195923
"Congo, Rep.",COG,2002,200095651.485644
"Congo, Rep.",COG,2001,-135479673.015224
"Congo, Rep.",COG,2000,-98141674.3463606
"Congo, Rep.",COG,1999,-68298651.8368345
"Congo, Rep.",COG,1998,-169664715.515787
"Congo, Rep.",COG,1997,-49200799.9052803
"Congo, Rep.",COG,1996,62427618.5785834
"Congo, Rep.",COG,1995,112782084.60409
"Congo, Rep.",COG,1994,2990000.0
"Congo, Rep.",COG,1993,286054320.0
"Congo, Rep.",COG,1992,2739030.0
"Congo, Rep.",COG,1991,32753530.0
"Congo, Rep.",COG,1990,22551560.0
"Congo, Rep.",COG,1989,-7125213.1
"Congo, Rep.",COG,1988,9095236.52932368
"Congo, Rep.",COG,1987,43448956.4120195
"Congo, Rep.",COG,1986,22439698.3136535
"Congo, Rep.",COG,1985,12689672.804521
"Congo, Rep.",COG,1984,34948545.6926496
"Congo, Rep.",COG,1983,56079518.9803241
"Congo, Rep.",COG,1982,35349296.9308788
"Congo, Rep.",COG,1981,30842951.4557126
"Congo, Rep.",COG,1980,40032269.0162729
"Congo, Rep.",COG,1979,16481632.6620511
"Congo, Rep.",COG,1978,4050415.52677771
"Congo, Rep.",COG,1977,1986323.6
"Congo, Rep.",COG,1976,2379999.9
"Congo, Rep.",COG,1975,15400000.0
"Congo, Rep.",COG,1974,46100000.0
"Congo, Rep.",COG,1973,68299999.9
"Congo, Rep.",COG,1972,66299999.9
"Congo, Rep.",COG,1971,48700000.0
"Congo, Rep.",COG,1970,5099999.9
Costa Rica,CRI,2024,5298432816.49544
Costa Rica,CRI,2023,4687479757.85749
Costa Rica,CRI,2022,3751294950.89378
Costa Rica,CRI,2021,3592802258.09676
Costa Rica,CRI,2020,2103003648.98359
Costa Rica,CRI,2019,2719031329.42268
Costa Rica,CRI,2018,3014543618.02812
Costa Rica,CRI,2017,2924906990.98244
Costa Rica,CRI,2016,2620435490.61534
Costa Rica,CRI,2015,2955521680.83967
Costa Rica,CRI,2014,3242149796.97239
Costa Rica,CRI,2013,3205384976.80293
Costa Rica,CRI,2012,2696295210.67893
Costa Rica,CRI,2011,2733268839.98155
Costa Rica,CRI,2010,1906923793.45078
Costa Rica,CRI,2009,1614614468.45233
Costa Rica,CRI,2008,2436112218.26755
Costa Rica,CRI,2007,2241492021.19676
Costa Rica,CRI,2006,1801002598.41588
Costa Rica,CRI,2005,1528787464.115
Costa Rica,CRI,2004,1083718486.49798
Costa Rica,CRI,2003,774386239.764205
Costa Rica,CRI,2002,723172624.768834
Costa Rica,CRI,2001,621846413.159733
Costa Rica,CRI,2000,723426415.264239
Costa Rica,CRI,1999,619469212.0
Costa Rica,CRI,1998,614500000.0
Costa Rica,CRI,1997,409440000.0
Costa Rica,CRI,1996,426950000.0
Costa Rica,CRI,1995,336900000.0
Costa Rica,CRI,1994,297600000.0
Costa Rica,CRI,1993,246700000.0
Costa Rica,CRI,1992,226000000.0
Costa Rica,CRI,1991,178400000.0
Costa Rica,CRI,1990,162500000.0
Costa Rica,CRI,1989,101300000.0
Costa Rica,CRI,1988,122200000.0
Costa Rica,CRI,1987,80300000.0
Costa Rica,CRI,1986,61000000.0
Costa Rica,CRI,1985,69900000.0
Costa Rica,CRI,1984,55900000.0
Costa Rica,CRI,1983,60700000.0
Costa Rica,CRI,1982,28900000.0
Costa Rica,CRI,1981,69600000.0
Costa Rica,CRI,1980,52600000.0
Costa Rica,CRI,1979,43500000.0
Costa Rica,CRI,1978,48600000.0
Costa Rica,CRI,1977,62500000.0
Costa Rica,CRI,1976,61952010.0
Costa Rica,CRI,1975,69022010.0
Costa Rica,CRI,1974,46310009.9
Costa Rica,CRI,1973,37700000.0
Costa Rica,CRI,1972,25846010.0
Costa Rica,CRI,1971,22100000.0
Costa Rica,CRI,1970,26345009.9
Cote d'Ivoire,CIV,2024,3121671772.60831
Cote d'Ivoire,CIV,2023,2485137116.69214
Cote d'Ivoire,CIV,2022,1599115748.83326
Cote d'Ivoire,CIV,2021,1392435143.38301
Cote d'Ivoire,CIV,2020,712915894.481616
Cote d'Ivoire,CIV,2019,848881139.442876
Cote d'Ivoire,CIV,2018,620330654.359791
Cote d'Ivoire,CIV,2017,975014998.795492
Cote d'Ivoire,CIV,2016,577871524.156215
Cote d'Ivoire,CIV,2015,494408755.77634
Cote d'Ivoire,CIV,2014,439356961.1509
Cote d'Ivoire,CIV,2013,407592122.101427
Cote d'Ivoire,CIV,2012,330255520.65457
Cote d'Ivoire,CIV,2011,301972462.51786
Cote d'Ivoire,CIV,2010,358468317.342001
Cote d'Ivoire,CIV,2009,397624744.268005
Cote d'Ivoire,CIV,2008,468377743.888901
Cote d'Ivoire,CIV,2007,443801751.423173
Cote d'Ivoire,CIV,2006,350964618.559396
Cote d'Ivoire,CIV,2005,349059586.543272
Cote d'Ivoire,CIV,2004,282979830.0
Cote d'Ivoire,CIV,2003,165390570.0
Cote d'Ivoire,CIV,2002,212580420.0
Cote d'Ivoire,CIV,2001,272679900.0
Cote d'Ivoire,CIV,2000,234701730.0
Cote d'Ivoire,CIV,1999,235348770.0
Cote d'Ivoire,CIV,1998,760099130.0
Cote d'Ivoire,CIV,1997,415458080.0
Cote d'Ivoire,CIV,1996,269194530.0
Cote d'Ivoire,CIV,1995,211760840.0
Cote d'Ivoire,CIV,1994,117538570.0
Cote d'Ivoire,CIV,1993,175153530.0
Cote d'Ivoire,CIV,1992,69053840.0
Cote d'Ivoire,CIV,1991,18524890.0
Cote d'Ivoire,CIV,1990,48434430.0
Cote d'Ivoire,CIV,1989,18489999.9
Cote d'Ivoire,CIV,1988,51700000.0
Cote d'Ivoire,CIV,1987,87510000.0
Cote d'Ivoire,CIV,1986,70750000.0
Cote d'Ivoire,CIV,1985,29160000.0
Cote d'Ivoire,CIV,1984,21739999.9
Cote d'Ivoire,CIV,1983,37530000.0
Cote d'Ivoire,CIV,1982,47469999.9
Cote d'Ivoire,CIV,1981,32750000.0
Cote d'Ivoire,CIV,1980,94659999.9
Cote d'Ivoire,CIV,1979,74750000.0
Cote d'Ivoire,CIV,1978,83310000.0
Cote d'Ivoire,CIV,1977,14650000.0
Cote d'Ivoire,CIV,1976,44780000.0
Cote d'Ivoire,CIV,1975,69060000.0
Cote d'Ivoire,CIV,1974,32600000.0
Cote d'Ivoire,CIV,1973,51000000.0
Cote d'Ivoire,CIV,1972,18699999.9
Cote d'Ivoire,CIV,1971,15699999.9
Cote d'Ivoire,CIV,1970,30699999.9
Croatia,HRV,2024,4535565345.95969
Croatia,HRV,2023,3341914870.689
Croatia,HRV,2022,3927390914.43453
Croatia,HRV,2021,5125181839.24963
Croatia,HRV,2020,1471750500.4312
Croatia,HRV,2019,3978656307.57573
Croatia,HRV,2018,1645992913.89195
Croatia,HRV,2017,1820430355.43777
Croatia,HRV,2016,1574455103.96607
Croatia,HRV,2015,488655917.568244
Croatia,HRV,2014,3187739083.0843
Croatia,HRV,2013,953913354.19207
Croatia,HRV,2012,1465100044.52763
Croatia,HRV,2011,1248979435.63125
Croatia,HRV,2010,1545050408.33733
Croatia,HRV,2009,3069599255.91981
Croatia,HRV,2008,5249620116.02881
Croatia,HRV,2007,4645807617.35417
Croatia,HRV,2006,3346611893.3292
Croatia,HRV,2005,1814728743.16264
Croatia,HRV,2004,1314179917.33291
Croatia,HRV,2003,1846434012.04769
Croatia,HRV,2002,980784304.813265
Croatia,HRV,2001,1036758145.87206
Croatia,HRV,2000,1015069996.97348
Croatia,HRV,1999,1454741833.64146
Croatia,HRV,1998,1004077219.7839
Croatia,HRV,1997,596514805.246476
Croatia,HRV,1996,492528182.656309
Croatia,HRV,1995,108053139.664729
Croatia,HRV,1994,114440874.376862
Croatia,HRV,1993,144186480.153655
Croatia,HRV,1992,13000000.0
Curacao,CUW,2024,154808190.0
Curacao,CUW,2023,136602563.648045
Curacao,CUW,2022,175616794.949721
Curacao,CUW,2021,170912620.061453
Curacao,CUW,2020,155743256.268156
Curacao,CUW,2019,203230453.620112
Curacao,CUW,2018,126924996.849162
Curacao,CUW,2017,172681564.24581
Curacao,CUW,2016,133083798.882682
Curacao,CUW,2015,146435754.189944
Curacao,CUW,2014,69296089.3854749
Curacao,CUW,2013,-1508379.88826815
Curacao,CUW,2012,69702234.6368715
Curacao,CUW,2011,70502234.6368715
Cyprus,CYP,2024,-50364142878.0379
Cyprus,CYP,2023,-22151767932.8125
Cyprus,CYP,2022,53889706.601886
Cyprus,CYP,2021,6626435041.50001
Cyprus,CYP,2020,-75646450885.0054
Cyprus,CYP,2019,113114188086.775
Cyprus,CYP,2018,79087120911.1898
Cyprus,CYP,2017,42234145947.887
Cyprus,CYP,2016,3331071355.68026
Cyprus,CYP,2015,27319647777.152
Cyprus,CYP,2014,54154887263.6222
Cyprus,CYP,2013,25898129367.4831
Cyprus,CYP,2012,72602027644.1302
Cyprus,CYP,2011,41942439662.4168
Cyprus,CYP,2010,32320291309.0892
Cyprus,CYP,2009,65815356284.5023
Cyprus,CYP,2008,12403669189.6016
Cyprus,CYP,2007,2294635570.94299
Cyprus,CYP,2006,1871897927.22827
Cyprus,CYP,2005,1161973511.03818
Cyprus,CYP,2004,1118841808.54651
Cyprus,CYP,2003,908147517.991038
Cyprus,CYP,2002,1103449726.13198
Cyprus,CYP,2001,944742873.957096
Cyprus,CYP,2000,854874285.662107
Cyprus,CYP,1999,813054280.084962
Cyprus,CYP,1998,345398143.229372
Cyprus,CYP,1997,546519214.603176
Cyprus,CYP,1996,233749453.8251
Cyprus,CYP,1995,243136818.61367
Cyprus,CYP,1994,75174068.6034486
Cyprus,CYP,1993,83432989.4040102
Cyprus,CYP,1992,107441112.686559
Cyprus,CYP,1991,81820990.7445387
Cyprus,CYP,1990,126615461.385103
Cyprus,CYP,1989,69749822.2137683
Cyprus,CYP,1988,62147895.5615331
Cyprus,CYP,1987,51964617.6382809
Cyprus,CYP,1986,46319251.9054824
Cyprus,CYP,1985,57954233.5621669
Cyprus,CYP,1984,52686514.2461279
Cyprus,CYP,1983,68357791.4422966
Cyprus,CYP,1982,71520842.9723068
Cyprus,CYP,1981,78304678.2724331
Cyprus,CYP,1980,84973393.7852126
Cyprus,CYP,1979,70533030.8769439
Cyprus,CYP,1978,57026191.2298309
Cyprus,CYP,1977,41409229.3606028
Cyprus,CYP,1976,32399852.8125131
Cyprus,CYP,1975,18100000.0
Cyprus,CYP,1974,32399999.9
Cyprus,CYP,1973,37200000.0
Cyprus,CYP,1972,36399999.9
Cyprus,CYP,1971,29600000.0
Cyprus,CYP,1970,20199999.9
Czechia,CZE,2024,13051379572.6952
Czechia,CZE,2023,11891578042.9175
Czechia,CZE,2022,9143600294.9133
Czechia,CZE,2021,12890950336.4654
Czechia,CZE,2020,8515481807.56743
Czechia,CZE,2019,10752120870.7679
Czechia,CZE,2018,8324668391.46793
Czechia,CZE,2017,11234740946.0941
Czechia,CZE,2016,10850612308.2062
Czechia,CZE,2015,1699914616.60242
Czechia,CZE,2014,8088661929.8803
Czechia,CZE,2013,7357578652.57
Czechia,CZE,2012,9433199804.77647
Czechia,CZE,2011,4188736491.29369
Czechia,CZE,2010,10167834374.8185
Czechia,CZE,2009,5271613701.7927
Czechia,CZE,2008,8815393022.10815
Czechia,CZE,2007,13815656003.7032
Czechia,CZE,2006,7132002407.70598
Czechia,CZE,2005,13730164683.4591
Czechia,CZE,2004,6423465150.75735
Czechia,CZE,2003,2021275745.955
Czechia,CZE,2002,8496609035.7758
Czechia,CZE,2001,5640707235.87483
Czechia,CZE,2000,4987079129.26383
Czechia,CZE,1999,6312596675.96248
Czechia,CZE,1998,3700169387.63107
Czechia,CZE,1997,1286492873.14103
Czechia,CZE,1996,1435279128.15383
Czechia,CZE,1995,2567564641.62697
Czechia,CZE,1994,878231739.725254
Czechia,CZE,1993,654278424.682602
Denmark,DNK,2024,18240080341.0515
Denmark,DNK,2023,8233198565.59846
Denmark,DNK,2022,27627359889.4076
Denmark,DNK,2021,16997286703.2255
Denmark,DNK,2020,1294050740.46454
Denmark,DNK,2019,-3801733788.9774
Denmark,DNK,2018,8764023726.34583
Denmark,DNK,2017,3607276299.5179
Denmark,DNK,2016,7804020827.15213
Denmark,DNK,2015,1842994663.46023
Denmark,DNK,2014,6577348986.65251
Denmark,DNK,2013,680338945.938662
Denmark,DNK,2012,-16349825685.2634
Denmark,DNK,2011,13558894634.346
Denmark,DNK,2010,-11501101751.4985
Denmark,DNK,2009,3779250819.20381
Denmark,DNK,2008,2191215665.76653
Denmark,DNK,2007,11809448518.2128
Denmark,DNK,2006,2385249288.38418
Denmark,DNK,2005,12847031342.3671
Denmark,DNK,2004,-8804165491.10019
Denmark,DNK,2003,1184825159.91313
Denmark,DNK,2002,4430703178.95051
Denmark,DNK,2001,9286404805.96887
Denmark,DNK,2000,36013297907.1949
Denmark,DNK,1999,16847919225.9808
Denmark,DNK,1998,6674661469.00366
Denmark,DNK,1997,2791671359.18634
Denmark,DNK,1996,773444115.829277
Denmark,DNK,1995,4139423319.68616
Denmark,DNK,1994,5006178362.05013
Denmark,DNK,1993,1712766177.9681
Denmark,DNK,1992,1017385349.25763
Denmark,DNK,1991,1552515350.88703
Denmark,DNK,1990,1132146349.95011
Denmark,DNK,1989,1089565259.94644
Denmark,DNK,1988,503338112.91511
Denmark,DNK,1987,84660817.1227545
Denmark,DNK,1986,163266341.137938
Denmark,DNK,1985,111103417.555728
Denmark,DNK,1984,-15356842.1248586
Denmark,DNK,1983,60130799.9938145
Denmark,DNK,1982,133850097.285508
Denmark,DNK,1981,99454249.8990494
Denmark,DNK,1980,104119701.030049
Denmark,DNK,1979,223893245.381989
Denmark,DNK,1978,89464875.4173497
Denmark,DNK,1977,75799728.5000125
Denmark,DNK,1976,-190295662.759812
Denmark,DNK,1975,266942015.475092
Denmark,DNK,1974,240000000.0
Denmark,DNK,1973,212000000.0
Denmark,DNK,1972,164000000.0
Denmark,DNK,1971,125000000.0
Denmark,DNK,1970,104000000.0
Djibouti,DJI,2024,67819948.247534
Djibouti,DJI,2023,137009451.0
Djibouti,DJI,2022,187022847.623807
Djibouti,DJI,2021,166750130.823031
Djibouti,DJI,2020,158230011.0
Djibouti,DJI,2019,174999015.310514
Djibouti,DJI,2018,170000000.0
Djibouti,DJI,2017,164929861.974668
Djibouti,DJI,2016,159997974.353059
Djibouti,DJI,2015,143832186.404532
Djibouti,DJI,2014,152998238.81252
Djibouti,DJI,2013,286004467.676864
Djibouti,DJI,2012,109998255.692911
Djibouti,DJI,2011,79000230.6986793
Djibouti,DJI,2010,36501032.5172602
Djibouti,DJI,2009,96859684.5617569
Djibouti,DJI,2008,227654582.182184
Djibouti,DJI,2007,195351140.270423
Djibouti,DJI,2006,108287709.387185
Djibouti,DJI,2005,22203341.1920932
Djibouti,DJI,2004,38543559.8494269
Djibouti,DJI,2003,14224542.9634089
Djibouti,DJI,2002,3432346.2055694
Djibouti,DJI,2001,3392958.62616123
Djibouti,DJI,2000,3286049.48205333
Djibouti,DJI,1999,3212901.12029529
Djibouti,DJI,1998,3173513.54088712
Djibouti,DJI,1997,3100365.17912908
Djibouti,DJI,1996,3263542.29382008
Djibouti,DJI,1995,3218527.9173536
Djibouti,DJI,1994,1423579.65575255
Djibouti,DJI,1993,1423579.65575255
Djibouti,DJI,1992,2290106.40273237
Djibouti,DJI,1991,2290106.40273237
Djibouti,DJI,1990,60000.0
Djibouti,DJI,1989,-130000.0
Djibouti,DJI,1988,600000.0
Djibouti,DJI,1987,420000.0
Djibouti,DJI,1986,1230000.0
Djibouti,DJI,1985,230000.0
Djibouti,DJI,1984,220000.0
Djibouti,DJI,1983,-50000.0
Djibouti,DJI,1982,-60000.0
Djibouti,DJI,1981,20000.0
Djibouti,DJI,1980,220000.0
Djibouti,DJI,1979,170000.0
Djibouti,DJI,1978,700000.0
Djibouti,DJI,1977,1980000.0
Djibouti,DJI,1976,-30000.0
Djibouti,DJI,1975,160000.0
Djibouti,DJI,1974,30000.0
Djibouti,DJI,1973,400000.0
Dominica,DMA,2024,59962443.7037037
Dominica,DMA,2023,48015540.7407407
Dominica,DMA,2022,16922305.5555555
Dominica,DMA,2021,28338715.1851851
Dominica,DMA,2020,22837135.9259259
Dominica,DMA,2019,63039788.5185185
Dominica,DMA,2018,78283172.028784
Dominica,DMA,2017,22677207.693769
Dominica,DMA,2016,42264926.1072222
Dominica,DMA,2015,7160376.50888888
Dominica,DMA,2014,12346929.8402071
Dominica,DMA,2013,38680839.4126366
Dominica,DMA,2012,56319360.0890166
Dominica,DMA,2011,50468508.4393333
Dominica,DMA,2010,57125819.4388563
Dominica,DMA,2009,56770072.1661114
Dominica,DMA,2008,56214627.5612374
Dominica,DMA,2007,40388728.6507866
Dominica,DMA,2006,26177000.0428498
Dominica,DMA,2005,18910614.2182176
Dominica,DMA,2004,25775900.0469376
Dominica,DMA,2003,31342402.2408582
Dominica,DMA,2002,20055378.178856
Dominica,DMA,2001,14634125.6260121
Dominica,DMA,2000,17530960.3356493
Dominica,DMA,1999,17955555.5555555
Dominica,DMA,1998,6511111.11111111
Dominica,DMA,1997,21114814.8148148
Dominica,DMA,1996,17800000.0
Dominica,DMA,1995,54092592.5925925
Dominica,DMA,1994,22600000.0
Dominica,DMA,1993,13200000.0
Dominica,DMA,1992,20411111.1111111
Dominica,DMA,1991,15222222.2222222
Dominica,DMA,1990,12888888.8888888
Dominica,DMA,1989,17196296.2962963
Dominica,DMA,1988,11925925.9259259
Dominica,DMA,1987,13518518.5185185
Dominica,DMA,1986,5185185.18518518
Dominica,DMA,1985,3000000.0
Dominica,DMA,1984,2300000.0
Dominica,DMA,1983,200000.0
Dominica,DMA,1982,200000.0
Dominica,DMA,1981,4799999.9
Dominica,DMA,1980,0.0
Dominica,DMA,1979,0.0
Dominica,DMA,1978,0.0
Dominica,DMA,1977,80000.0
Dominica,DMA,1976,0.0
Dominican Republic,DOM,2024,4475900000.0
Dominican Republic,DOM,2023,4750500000.0
Dominican Republic,DOM,2022,4050000000.0
Dominican Republic,DOM,2021,3349700000.0
Dominican Republic,DOM,2020,2460600000.0
Dominican Republic,DOM,2019,2829200000.0
Dominican Republic,DOM,2018,2744500000.0
Dominican Republic,DOM,2017,3597900000.0
Dominican Republic,DOM,2016,2516100000.0
Dominican Republic,DOM,2015,2227300000.0
Dominican Republic,DOM,2014,2385300000.0
Dominican Republic,DOM,2013,1599900000.0
Dominican Republic,DOM,2012,3415900000.0
Dominican Republic,DOM,2011,2197500000.0
Dominican Republic,DOM,2010,1820200000.0
Dominican Republic,DOM,2009,1695300000.0
Dominican Republic,DOM,2008,2728400000.0
Dominican Republic,DOM,2007,2252900000.0
Dominican Republic,DOM,2006,1528700000.0
Dominican Republic,DOM,2005,1118400000.0
Dominican Republic,DOM,2004,934480000.0
Dominican Republic,DOM,2003,616530000.0
Dominican Republic,DOM,2002,926000000.0
Dominican Republic,DOM,2001,1087900000.0
Dominican Republic,DOM,2000,989000000.0
Dominican Republic,DOM,1999,1344900000.0
Dominican Republic,DOM,1998,668900000.0
Dominican Republic,DOM,1997,408700000.0
Dominican Republic,DOM,1996,134200000.0
Dominican Republic,DOM,1995,417400000.0
Dominican Republic,DOM,1994,208100000.0
Dominican Republic,DOM,1993,190700000.0
Dominican Republic,DOM,1992,179700000.0
Dominican Republic,DOM,1991,145000000.0
Dominican Republic,DOM,1990,132800000.0
Dominican Republic,DOM,1989,110000000.0
Dominican Republic,DOM,1988,106100000.0
Dominican Republic,DOM,1987,89000000.0
Dominican Republic,DOM,1986,50000000.0
Dominican Republic,DOM,1985,36200000.0
Dominican Republic,DOM,1984,68500000.0
Dominican Republic,DOM,1983,48200000.0
Dominican Republic,DOM,1982,-1400000.0
Dominican Republic,DOM,1981,79700000.0
Dominican Republic,DOM,1980,92700000.0
Dominican Republic,DOM,1979,17100000.0
Dominican Republic,DOM,1978,63600000.0
Dominican Republic,DOM,1977,71500000.0
Dominican Republic,DOM,1976,60000000.0
Dominican Republic,DOM,1975,63900000.0
Dominican Republic,DOM,1974,53600000.0
Dominican Republic,DOM,1973,34500000.0
Dominican Republic,DOM,1972,43500000.0
Dominican Republic,DOM,1971,65000000.0
Dominican Republic,DOM,1970,71600000.0
Ecuador,ECU,2024,443055171.69482
Ecuador,ECU,2023,480987348.523188
Ecuador,ECU,2022,881993803.529517
Ecuador,ECU,2021,651125150.926888
Ecuador,ECU,2020,1119274900.76401
Ecuador,ECU,2019,984564496.243027
Ecuador,ECU,2018,1390163763.14022
Ecuador,ECU,2017,632320412.259197
Ecuador,ECU,2016,766425868.122239
Ecuador,ECU,2015,1322701337.30747
Ecuador,ECU,2014,772389946.091118
Ecuador,ECU,2013,727081206.263418
Ecuador,ECU,2012,567417300.85638
Ecuador,ECU,2011,646084358.687903
Ecuador,ECU,2010,165893320.363638
Ecuador,ECU,2009,308629890.109
Ecuador,ECU,2008,1057404020.15481
Ecuador,ECU,2007,193872526.929999
Ecuador,ECU,2006,271428852.53
Ecuador,ECU,2005,493413835.545644
Ecuador,ECU,2004,836939593.895644
Ecuador,ECU,2003,871513414.023619
Ecuador,ECU,2002,783261009.55
Ecuador,ECU,2001,538568575.17
Ecuador,ECU,2000,-23439367.9139981
Ecuador,ECU,1999,648410000.0
Ecuador,ECU,1998,869980000.0
Ecuador,ECU,1997,723950000.0
Ecuador,ECU,1996,499680000.0
Ecuador,ECU,1995,452480000.0
Ecuador,ECU,1994,576330000.0
Ecuador,ECU,1993,473720000.0
Ecuador,ECU,1992,178000000.0
Ecuador,ECU,1991,160000000.0
Ecuador,ECU,1990,126000000.0
Ecuador,ECU,1989,160000000.0
Ecuador,ECU,1988,155000000.0
Ecuador,ECU,1987,123000000.0
Ecuador,ECU,1986,81000000.0
Ecuador,ECU,1985,62000000.0
Ecuador,ECU,1984,50000000.0
Ecuador,ECU,1983,50000000.0
Ecuador,ECU,1982,40000000.0
Ecuador,ECU,1981,60000000.0
Ecuador,ECU,1980,70000000.0
Ecuador,ECU,1979,63400000.0
Ecuador,ECU,1978,48600000.0
Ecuador,ECU,1977,34500000.0
Ecuador,ECU,1976,-19900000.0
Ecuador,ECU,1975,95299999.9
Ecuador,ECU,1974,76799999.9
Ecuador,ECU,1973,52299999.9
Ecuador,ECU,1972,80799999.9
Ecuador,ECU,1971,162099999.9
Ecuador,ECU,1970,88599999.9
"Egypt, Arab Rep.",EGY,2024,46578000000.0
"Egypt, Arab Rep.",EGY,2023,9840600000.0
"Egypt, Arab Rep.",EGY,2022,11399900000.0
"Egypt, Arab Rep.",EGY,2021,5122300000.0
"Egypt, Arab Rep.",EGY,2020,5851800000.0
"Egypt, Arab Rep.",EGY,2019,9010100000.0
"Egypt, Arab Rep.",EGY,2018,8141300000.0
"Egypt, Arab Rep.",EGY,2017,7408700000.0
"Egypt, Arab Rep.",EGY,2016,8106800000.0
"Egypt, Arab Rep.",EGY,2015,6925200000.0
"Egypt, Arab Rep.",EGY,2014,4612200000.0
"Egypt, Arab Rep.",EGY,2013,4192200000.0
"Egypt, Arab Rep.",EGY,2012,2797700000.0
"Egypt, Arab Rep.",EGY,2011,-482700000.0
"Egypt, Arab Rep.",EGY,2010,6385600000.0
"Egypt, Arab Rep.",EGY,2009,6711600000.0
"Egypt, Arab Rep.",EGY,2008,9494600000.0
"Egypt, Arab Rep.",EGY,2007,11578100000.0
"Egypt, Arab Rep.",EGY,2006,10042800000.0
"Egypt, Arab Rep.",EGY,2005,5375600000.0
"Egypt, Arab Rep.",EGY,2004,1253300000.0
"Egypt, Arab Rep.",EGY,2003,237400000.0
"Egypt, Arab Rep.",EGY,2002,646900000.0
"Egypt, Arab Rep.",EGY,2001,509900000.0
"Egypt, Arab Rep.",EGY,2000,1235000000.0
"Egypt, Arab Rep.",EGY,1999,1065300000.0
"Egypt, Arab Rep.",EGY,1998,1076000000.0
"Egypt, Arab Rep.",EGY,1997,890550000.0
"Egypt, Arab Rep.",EGY,1996,636000000.0
"Egypt, Arab Rep.",EGY,1995,598000000.0
"Egypt, Arab Rep.",EGY,1994,1256000000.0
"Egypt, Arab Rep.",EGY,1993,493000000.0
"Egypt, Arab Rep.",EGY,1992,459000000.0
"Egypt, Arab Rep.",EGY,1991,253000000.0
"Egypt, Arab Rep.",EGY,1990,734000000.0
"Egypt, Arab Rep.",EGY,1989,1250181818.18182
"Egypt, Arab Rep.",EGY,1988,1190000000.0
"Egypt, Arab Rep.",EGY,1987,947714285.714286
"Egypt, Arab Rep.",EGY,1986,1217428571.42857
"Egypt, Arab Rep.",EGY,1985,1177571428.57143
"Egypt, Arab Rep.",EGY,1984,729142857.576871
"Egypt, Arab Rep.",EGY,1983,490000000.7
"Egypt, Arab Rep.",EGY,1982,293571428.990816
"Egypt, Arab Rep.",EGY,1981,752571429.646531
"Egypt, Arab Rep.",EGY,1980,548285715.06898
"Egypt, Arab Rep.",EGY,1979,1216285716.02327
"Egypt, Arab Rep.",EGY,1978,318166137.202863
"Egypt, Arab Rep.",EGY,1977,104777603.416204
"Egypt, Arab Rep.",EGY,1976,61000000.0
"Egypt, Arab Rep.",EGY,1975,8000000.0
"Egypt, Arab Rep.",EGY,1974,130000.0
"Egypt, Arab Rep.",EGY,1973,700000.0
"Egypt, Arab Rep.",EGY,1972,30000.0
"Egypt, Arab Rep.",EGY,1971,2310000.0
"Egypt, Arab Rep.",EGY,1970,680000.0
El Salvador,SLV,2024,923880785.120001
El Salvador,SLV,2023,642983912.959999
El Salvador,SLV,2022,26235086.5900005
El Salvador,SLV,2021,800443454.959999
El Salvador,SLV,2020,386532637.6773
El Salvador,SLV,2019,696287032.758767
El Salvador,SLV,2018,412743968.360673
El Salvador,SLV,2017,503801415.183001
El Salvador,SLV,2016,479469380.713821
El Salvador,SLV,2015,494541718.092298
El Salvador,SLV,2014,506295970.34993
El Salvador,SLV,2013,245179098.280128
El Salvador,SLV,2012,430126687.532424
El Salvador,SLV,2011,122500004.314785
El Salvador,SLV,2010,-113160683.724282
El Salvador,SLV,2009,368730000.0
El Salvador,SLV,2008,903050000.0
El Salvador,SLV,2007,1550510000.0
El Salvador,SLV,2006,241130000.0
El Salvador,SLV,2005,511140000.0
El Salvador,SLV,2004,363270000.0
El Salvador,SLV,2003,141200000.0
El Salvador,SLV,2002,470000000.0
El Salvador,SLV,2001,278900000.0
El Salvador,SLV,2000,173400000.0
El Salvador,SLV,1999,215800000.0
El Salvador,SLV,1998,1102684180.4683
El Salvador,SLV,1997,59043540.3283369
El Salvador,SLV,1995,38037218.5997811
El Salvador,SLV,1993,16432044.0179603
El Salvador,SLV,1992,15309478.7202233
El Salvador,SLV,1991,25180498.960499
El Salvador,SLV,1990,1898272.08566561
El Salvador,SLV,1989,14360000.0
El Salvador,SLV,1988,16960000.0
El Salvador,SLV,1987,18320000.0
El Salvador,SLV,1986,24133631.4829509
El Salvador,SLV,1985,12400000.0
El Salvador,SLV,1984,12360000.0
El Salvador,SLV,1983,28080000.0
El Salvador,SLV,1982,-1000000.0
El Salvador,SLV,1981,-5720000.0
El Salvador,SLV,1980,5880000.0
El Salvador,SLV,1979,-9960000.0
El Salvador,SLV,1978,23360000.0
El Salvador,SLV,1977,18640000.0
El Salvador,SLV,1976,12960000.0
El Salvador,SLV,1975,13100000.0
El Salvador,SLV,1974,20100000.0
El Salvador,SLV,1973,6000000.0
El Salvador,SLV,1972,6599999.9
El Salvador,SLV,1971,7000000.0
El Salvador,SLV,1970,3700000.0
Equatorial Guinea,GNQ,2024,188011680.0
Equatorial Guinea,GNQ,2023,141780890.0
Equatorial Guinea,GNQ,2022,1388191640.0
Equatorial Guinea,GNQ,2021,561595620.0
Equatorial Guinea,GNQ,2020,-9072490.0
Equatorial Guinea,GNQ,2019,821413130.0
Equatorial Guinea,GNQ,2018,-144465770.0
Equatorial Guinea,GNQ,2017,384833210.0
Equatorial Guinea,GNQ,2016,1755302290.0
Equatorial Guinea,GNQ,2015,1187699010.0
Equatorial Guinea,GNQ,2014,167875180.0
Equatorial Guinea,GNQ,2013,582948700.0
Equatorial Guinea,GNQ,2012,985256410.0
Equatorial Guinea,GNQ,2011,1975000000.0
Equatorial Guinea,GNQ,2010,2734000000.0
Equatorial Guinea,GNQ,2009,1636219630.0
Equatorial Guinea,GNQ,2008,-793872330.0
Equatorial Guinea,GNQ,2007,1242731090.0
Equatorial Guinea,GNQ,2006,469506010.0
Equatorial Guinea,GNQ,2005,769146190.0
Equatorial Guinea,GNQ,2004,340914470.0
Equatorial Guinea,GNQ,2003,689779770.0
Equatorial Guinea,GNQ,2002,323391510.0
Equatorial Guinea,GNQ,2001,940741220.0
Equatorial Guinea,GNQ,2000,154499590.0
Equatorial Guinea,GNQ,1999,154296170.0
Equatorial Guinea,GNQ,1998,274768120.0
Equatorial Guinea,GNQ,1997,53451530.0
Equatorial Guinea,GNQ,1996,376180404.220707
Equatorial Guinea,GNQ,1995,126924170.672485
Equatorial Guinea,GNQ,1994,16995533.4921224
Equatorial Guinea,GNQ,1993,22301675.6350731
Equatorial Guinea,GNQ,1992,6018320.15756731
Equatorial Guinea,GNQ,1991,41324758.9335023
Equatorial Guinea,GNQ,1990,11073778.6647058
Equatorial Guinea,GNQ,1989,890258.9696127
Equatorial Guinea,GNQ,1988,500000.0
Equatorial Guinea,GNQ,1987,1679999.9
Equatorial Guinea,GNQ,1986,5629999.9
Equatorial Guinea,GNQ,1985,2439999.9
Equatorial Guinea,GNQ,1984,2169999.9
Equatorial Guinea,GNQ,1983,520000.0
Equatorial Guinea,GNQ,1982,450000.0
Equatorial Guinea,GNQ,1981,-180000.0
Equatorial Guinea,GNQ,1978,-20000.0
Eritrea,ERI,2024,-27949590.0
Eritrea,ERI,2023,2070380.0
Eritrea,ERI,2022,-32045670.0
Eritrea,ERI,2021,-31228190.0
Eritrea,ERI,2020,-30349590.0
Eritrea,ERI,2019,-60671910.0
Eritrea,ERI,2018,61015000.0
Eritrea,ERI,2017,55468000.0
Eritrea,ERI,2016,52305000.0
Eritrea,ERI,2015,49323000.0
Eritrea,ERI,2014,46511000.0
Eritrea,ERI,2013,43859000.0
Eritrea,ERI,2012,41358000.0
Eritrea,ERI,2011,39000000.0
Eritrea,ERI,2010,91000000.0
Eritrea,ERI,2009,91000000.0
Eritrea,ERI,2008,39000000.0
Eritrea,ERI,2007,7206500.0
Eritrea,ERI,2006,15375610.0
Eritrea,ERI,2005,1431550.0
Eritrea,ERI,2004,24103660.0
Eritrea,ERI,2003,24999790.0
Eritrea,ERI,2002,22766170.0
Eritrea,ERI,2001,12131630.0
Eritrea,ERI,2000,27870110.0
Eritrea,ERI,1999,83222100.0
Eritrea,ERI,1998,45493.2775877118
Eritrea,ERI,1997,40797036.645433
Eritrea,ERI,1996,36669547.2231249
Eritrea,ERI,1994,10.0
Eritrea,ERI,1993,10.0
Eritrea,ERI,1992,10.0
Estonia,EST,2024,-3437916450.37682
Estonia,EST,2023,5200718270.12106
Estonia,EST,2022,1731622424.00465
Estonia,EST,2021,7525452742.65868
Estonia,EST,2020,3823194189.12658
Estonia,EST,2019,3113489502.24595
Estonia,EST,2018,1273932848.01576
Estonia,EST,2017,1735775304.25103
Estonia,EST,2016,925762256.709316
Estonia,EST,2015,-715465129.889721
Estonia,EST,2014,1781648554.48116
Estonia,EST,2013,1097942106.9872
Estonia,EST,2012,1787341526.52249
Estonia,EST,2011,1119148299.05952
Estonia,EST,2010,2592255114.54212
Estonia,EST,2009,1866296946.57529
Estonia,EST,2008,1977264596.96391
Estonia,EST,2007,3033145919.8766
Estonia,EST,2006,1758167635.56107
Estonia,EST,2005,3057558404.59854
Estonia,EST,2004,1086893435.16594
Estonia,EST,2003,1038244664.19461
Estonia,EST,2002,338234260.376913
Estonia,EST,2001,592889580.182472
Estonia,EST,2000,416214286.787886
Estonia,EST,1999,325892789.377934
Estonia,EST,1998,595587942.514285
Estonia,EST,1997,274049611.936436
Estonia,EST,1996,165850731.382423
Estonia,EST,1995,206807479.410852
Estonia,EST,1994,218447607.214571
Estonia,EST,1993,168371544.554155
Estonia,EST,1992,82271988.6444622
Eswatini,SWZ,2024,75530848.9589358
Eswatini,SWZ,2023,28132551.483073
Eswatini,SWZ,2022,13350248.3032889
Eswatini,SWZ,2021,112865288.268549
Eswatini,SWZ,2020,38787632.6722704
Eswatini,SWZ,2019,127970921.965401
Eswatini,SWZ,2018,31130826.6571527
Eswatini,SWZ,2017,-57647593.3929901
Eswatini,SWZ,2016,26852077.6519873
Eswatini,SWZ,2015,31498094.3702929
Eswatini,SWZ,2014,25782635.1713071
Eswatini,SWZ,2013,81790158.3971155
Eswatini,SWZ,2012,26480002.3332332
Eswatini,SWZ,2011,98708321.7157849
Eswatini,SWZ,2010,135660413.694601
Eswatini,SWZ,2009,65705859.5150369
Eswatini,SWZ,2008,105729374.657006
Eswatini,SWZ,2007,37493846.2379167
Eswatini,SWZ,2006,121031132.733166
Eswatini,SWZ,2005,-45850344.677386
Eswatini,SWZ,2004,69582011.8372507
Eswatini,SWZ,2003,-60190680.4797118
Eswatini,SWZ,2002,92945313.1719951
Eswatini,SWZ,2001,29330084.3469718
Eswatini,SWZ,2000,90658006.1898745
Eswatini,SWZ,1999,98270489.5571515
Eswatini,SWZ,1998,152720441.740437
Eswatini,SWZ,1997,-15313929.4778566
Eswatini,SWZ,1996,21715844.9757608
Eswatini,SWZ,1995,51756162.3176738
Eswatini,SWZ,1994,63262111.4782169
Eswatini,SWZ,1993,71920619.7940122
Eswatini,SWZ,1992,87306719.1987416
Eswatini,SWZ,1991,82134779.9870713
Eswatini,SWZ,1990,30108364.9914567
Eswatini,SWZ,1989,67183250.7046711
Eswatini,SWZ,1988,50583524.9459251
Eswatini,SWZ,1987,56285915.4237816
Eswatini,SWZ,1986,31115542.5305319
Eswatini,SWZ,1985,11621254.7844702
Eswatini,SWZ,1984,5016005.46422893
Eswatini,SWZ,1983,-5654788.61988484
Eswatini,SWZ,1982,-13630304.0985995
Eswatini,SWZ,1981,37033705.3642779
Eswatini,SWZ,1980,26449804.3857835
Eswatini,SWZ,1979,55461694.1311133
Eswatini,SWZ,1978,21734999.9811
Eswatini,SWZ,1977,20009999.9826
Eswatini,SWZ,1976,7359999.9936
Eswatini,SWZ,1975,14469084.2298365
Eswatini,SWZ,1974,3532128.36842073
Eswatini,SWZ,1973,60000.0
Eswatini,SWZ,1972,670000.0
Ethiopia,ETH,2024,4021755290.0
Ethiopia,ETH,2023,3262966283.51939
Ethiopia,ETH,2022,3669991332.17485
Ethiopia,ETH,2021,4259445795.28262
Ethiopia,ETH,2020,2395799880.65984
Ethiopia,ETH,2019,2548743427.35753
Ethiopia,ETH,2018,3360419368.65294
Ethiopia,ETH,2017,4017159564.65434
Ethiopia,ETH,2016,4142937496.46329
Ethiopia,ETH,2015,2626517918.31299
Ethiopia,ETH,2014,1855052153.64106
Ethiopia,ETH,2013,1343876023.73137
Ethiopia,ETH,2012,278562822.162861
Ethiopia,ETH,2011,628624805.998664
Ethiopia,ETH,2010,288271568.250744
Ethiopia,ETH,2009,221459581.361983
Ethiopia,ETH,2008,108537543.965442
Ethiopia,ETH,2007,222000572.994807
Ethiopia,ETH,2006,545257102.178303
Ethiopia,ETH,2005,265111675.482385
Ethiopia,ETH,2004,545100000.0
Ethiopia,ETH,2003,465000000.0
Ethiopia,ETH,2002,255000000.0
Ethiopia,ETH,2001,349400000.0
Ethiopia,ETH,2000,134640000.0
Ethiopia,ETH,1999,69980000.0
Ethiopia,ETH,1998,260670000.0
Ethiopia,ETH,1997,288490000.0
Ethiopia,ETH,1996,21930000.0
Ethiopia,ETH,1995,14140000.0
Ethiopia,ETH,1994,17210000.0
Ethiopia,ETH,1993,3500000.0
Ethiopia,ETH,1992,170000.0
Ethiopia,ETH,1991,6000010.0
Ethiopia,ETH,1990,12000010.0
Ethiopia,ETH,1989,0.0
Ethiopia,ETH,1988,0.0
Ethiopia,ETH,1987,0.0
Ethiopia,ETH,1986,0.0
Ethiopia,ETH,1985,0.0
Ethiopia,ETH,1984,0.0
Ethiopia,ETH,1983,0.0
Ethiopia,ETH,1982,0.0
Ethiopia,ETH,1981,0.0
Ethiopia,ETH,1980,0.0
Ethiopia,ETH,1979,0.0
Ethiopia,ETH,1978,0.0
Ethiopia,ETH,1977,5845410.63084319
Fiji,FJI,2024,203609190.995767
Fiji,FJI,2023,90569882.8356575
Fiji,FJI,2022,103581591.564162
Fiji,FJI,2021,409894560.465738
Fiji,FJI,2020,239380737.90361
Fiji,FJI,2019,322282826.115833
Fiji,FJI,2018,468861002.876234
Fiji,FJI,2017,387602565.305445
Fiji,FJI,2016,391619655.400881
Fiji,FJI,2015,205373209.116505
Fiji,FJI,2014,377869372.267011
Fiji,FJI,2013,243782754.036691
Fiji,FJI,2012,277313671.991809
Fiji,FJI,2011,217158525.728721
Fiji,FJI,2010,178091735.587234
Fiji,FJI,2009,308373711.003253
Fiji,FJI,2008,679220489.280091
Fiji,FJI,2007,464230334.109297
Fiji,FJI,2006,583975309.323135
Fiji,FJI,2005,172951928.727855
Fiji,FJI,2004,250597673.082846
Fiji,FJI,2003,40310494.5421483
Fiji,FJI,2002,30672578.3302518
Fiji,FJI,2001,41301896.3502762
Fiji,FJI,2000,591375.114626135
Fiji,FJI,1999,-147083835.755537
Fiji,FJI,1998,20334035.1819073
Fiji,FJI,1997,-60193603.1308985
Fiji,FJI,1996,-72186987.8144374
Fiji,FJI,1995,-22683100.2607253
Fiji,FJI,1994,-31281482.1138905
Fiji,FJI,1993,-3243015.3556777
Fiji,FJI,1992,37791314.9836244
Fiji,FJI,1991,-40188200.0532002
Fiji,FJI,1990,-30386755.8761796
Fiji,FJI,1989,30606741.5730338
Fiji,FJI,1988,31602682.4990824
Fiji,FJI,1987,16159396.5014773
Fiji,FJI,1986,8032725.26446812
Fiji,FJI,1985,21672150.9326871
Fiji,FJI,1984,23314315.2854096
Fiji,FJI,1983,31946263.9704152
Fiji,FJI,1982,36827764.6420869
Fiji,FJI,1981,36249750.0550676
Fiji,FJI,1980,36334087.8249029
Fiji,FJI,1979,10170587.689665
Fiji,FJI,1978,12190000.0
Fiji,FJI,1977,17100000.0
Fiji,FJI,1976,7330000.0
Fiji,FJI,1975,14100000.0
Fiji,FJI,1974,14300000.0
Fiji,FJI,1973,15699999.9
Fiji,FJI,1972,8500000.0
Fiji,FJI,1971,6500000.0
Fiji,FJI,1970,6400000.0
Finland,FIN,2024,8741865603.01226
Finland,FIN,2023,-114798799.087339
Finland,FIN,2022,13079164235.1595
Finland,FIN,2021,23579233204.9062
Finland,FIN,2020,-2535610877.45159
Finland,FIN,2019,16280099519.3449
Finland,FIN,2018,-10529085853.8372
Finland,FIN,2017,16909619226.7668
Finland,FIN,2016,5228087258.97726
Finland,FIN,2015,17579437753.2438
Finland,FIN,2014,17544672687.0996
Finland,FIN,2013,-4959133088.96143
Finland,FIN,2012,4930356141.26224
Finland,FIN,2011,-6008929965.54385
Finland,FIN,2010,12221047445.4544
Finland,FIN,2009,-8826315342.10639
Finland,FIN,2008,19406654259.4436
Finland,FIN,2007,21980490453.9879
Finland,FIN,2006,4639183791.01375
Finland,FIN,2005,10867806670.7033
Finland,FIN,2004,6777097341.61981
Finland,FIN,2003,5965369887.32256
Finland,FIN,2002,8094575465.08978
Finland,FIN,2001,3224710299.84937
Finland,FIN,2000,13502068644.6076
Finland,FIN,1999,7797795098.68142
Finland,FIN,1998,12514915951.3825
Finland,FIN,1997,2454075989.11363
Finland,FIN,1996,752969481.736254
Finland,FIN,1995,1450710446.10372
Finland,FIN,1994,277840045.043794
Finland,FIN,1993,863526070.917893
Finland,FIN,1992,396369713.714145
Finland,FIN,1991,-232904201.903944
Finland,FIN,1990,812172838.219176
Finland,FIN,1989,490175830.765097
Finland,FIN,1988,531741374.925324
Finland,FIN,1987,273394061.108314
Finland,FIN,1986,405308277.25387
Finland,FIN,1985,112511585.51363
Finland,FIN,1984,136184676.073096
Finland,FIN,1983,84470656.84219
Finland,FIN,1982,910574.132838514
Finland,FIN,1981,99646702.7266323
Finland,FIN,1980,27949721.2814738
Finland,FIN,1979,27528009.7492348
Finland,FIN,1978,33797154.8324691
Finland,FIN,1977,48060229.1996462
Finland,FIN,1976,57984170.9085386
Finland,FIN,1975,68270104.6169261
Finland,FIN,1974,35000000.0
Finland,FIN,1973,13000000.0
Finland,FIN,1972,37000000.0
Finland,FIN,1971,25000000.0
Finland,FIN,1970,18000000.0
France,FRA,2024,52052548617.7634
France,FRA,2023,18051596853.4685
France,FRA,2022,112295479269.655
France,FRA,2021,98012545019.163
France,FRA,2020,19368829836.4654
France,FRA,2019,53499337503.7413
France,FRA,2018,77493098693.2377
France,FRA,2017,43733253503.8812
France,FRA,2016,35623357280.0881
France,FRA,2015,43133325471.3567
France,FRA,2014,5063648998.48313
France,FRA,2013,33461592993.8228
France,FRA,2012,32944663317.8722
France,FRA,2011,44205811126.5791
France,FRA,2010,38889439213.3126
France,FRA,2009,18422928061.913
France,FRA,2008,67997446904.9733
France,FRA,2007,83777598395.4499
France,FRA,2006,78957053786.1348
France,FRA,2005,85137061931.2535
France,FRA,2004,35608535812.8718
France,FRA,2003,42350800678.3508
France,FRA,2002,51550483853.8508
France,FRA,2001,50142053918.8908
France,FRA,2000,41389082664.7627
France,FRA,1999,45971216472.0884
France,FRA,1998,29518429032.2113
France,FRA,1997,23047924754.7559
France,FRA,1996,21971888803.0023
France,FRA,1995,23736300874.0227
France,FRA,1994,15797125294.9865
France,FRA,1993,20754044035.6782
France,FRA,1992,21839501253.074
France,FRA,1991,15152742089.8423
France,FRA,1990,13183285334.811
France,FRA,1989,10303924628.9084
France,FRA,1988,8489906284.29327
France,FRA,1987,5139716801.65678
France,FRA,1986,3255870956.36327
France,FRA,1985,2595492779.80055
France,FRA,1984,2397989218.95718
France,FRA,1983,1725670868.53761
France,FRA,1982,1585298782.09975
France,FRA,1981,2469631624.9973
France,FRA,1980,3282773277.87031
France,FRA,1979,2588309412.66379
France,FRA,1978,2471468400.48404
France,FRA,1977,1896159371.65279
France,FRA,1976,977422843.564051
France,FRA,1975,1563849883.25955
France,FRA,1974,1846644387.7
France,FRA,1973,1125479246.6
France,FRA,1972,656666980.5
France,FRA,1971,525655900.0
France,FRA,1970,621212781.7
French Polynesia,PYF,2024,-13866940.0
French Polynesia,PYF,2023,-6496060.0
French Polynesia,PYF,2022,-9480300.0
French Polynesia,PYF,2021,-25624450.0
French Polynesia,PYF,2020,-15557160.0
French Polynesia,PYF,2019,12731150.0
French Polynesia,PYF,2018,5937840.0
French Polynesia,PYF,2017,90038650.0
French Polynesia,PYF,2016,61544514.3227108
French Polynesia,PYF,2015,26007149.1590192
French Polynesia,PYF,2014,61928773.3065056
French Polynesia,PYF,2013,99207173.3507257
French Polynesia,PYF,2012,147199569.589671
French Polynesia,PYF,2011,133839517.312067
French Polynesia,PYF,2010,64303751.4213863
French Polynesia,PYF,2009,21843717.5640801
French Polynesia,PYF,2008,13884094.4749379
French Polynesia,PYF,2007,58249411.6366849
French Polynesia,PYF,2006,30649550.5407316
French Polynesia,PYF,2005,7818937.09019394
French Polynesia,PYF,2004,6420023.00862775
French Polynesia,PYF,2003,58213238.4950583
French Polynesia,PYF,2002,10930935.8556037
French Polynesia,PYF,2001,23688750.0
French Polynesia,PYF,2000,9874720.0
French Polynesia,PYF,1999,4430000.0
French Polynesia,PYF,1998,10730000.0
French Polynesia,PYF,1997,14370000.0
French Polynesia,PYF,1996,3550000.0
French Polynesia,PYF,1995,2080000.0
French Polynesia,PYF,1994,1550000.0
French Polynesia,PYF,1993,-3240000.0
French Polynesia,PYF,1992,30000.0
French Polynesia,PYF,1991,33820000.0
French Polynesia,PYF,1990,22160000.0
French Polynesia,PYF,1989,41539999.9
French Polynesia,PYF,1988,2009999.9
French Polynesia,PYF,1987,-90000.0
French Polynesia,PYF,1986,-30000.0
French Polynesia,PYF,1985,210000.0
French Polynesia,PYF,1984,1000000.0
French Polynesia,PYF,1983,-4000000.0
French Polynesia,PYF,1982,5000000.0
French Polynesia,PYF,1981,130000.0
French Polynesia,PYF,1979,150000.0
French Polynesia,PYF,1978,460000.0
French Polynesia,PYF,1977,240000.0
French Polynesia,PYF,1976,450000.0
French Polynesia,PYF,1975,30000.0
Gabon,GAB,2024,1144562350.0
Gabon,GAB,2023,1150733280.0
Gabon,GAB,2022,1104592040.0
Gabon,GAB,2021,1529221080.0
Gabon,GAB,2020,1716511510.0
Gabon,GAB,2019,1553136880.0
Gabon,GAB,2018,1379070820.0
Gabon,GAB,2017,1314029330.0
Gabon,GAB,2016,1243660160.0
Gabon,GAB,2015,41707702.3264655
Gabon,GAB,2014,1263109047.12989
Gabon,GAB,2013,324032442.445876
Gabon,GAB,2012,677327365.545557
Gabon,GAB,2011,1123536918.98497
Gabon,GAB,2010,523939106.191844
Gabon,GAB,2009,635674956.848352
Gabon,GAB,2008,693511288.988999
Gabon,GAB,2007,654808577.188853
Gabon,GAB,2006,267805000.0
Gabon,GAB,2005,326161877.897877
Gabon,GAB,2004,313970792.039638
Gabon,GAB,2003,99666154.0233406
Gabon,GAB,2002,1160708.31013769
Gabon,GAB,2001,-100615451.014713
Gabon,GAB,2000,278061231.967685
Gabon,GAB,1999,89452781.6263726
Gabon,GAB,1998,132605754.18622
Gabon,GAB,1997,-114712203.811615
Gabon,GAB,1996,-285112515.098994
Gabon,GAB,1995,-195496960.295521
Gabon,GAB,1994,-99602903.9968595
Gabon,GAB,1993,-113715590.728322
Gabon,GAB,1992,126940086.185977
Gabon,GAB,1991,-54589233.7944703
Gabon,GAB,1990,73457901.5900881
Gabon,GAB,1989,-30532121.0000975
Gabon,GAB,1988,132550733.915725
Gabon,GAB,1987,89806044.8430393
Gabon,GAB,1986,110249347.782176
Gabon,GAB,1985,15091384.2509476
Gabon,GAB,1984,8124375.43113784
Gabon,GAB,1983,111844131.911157
Gabon,GAB,1982,131738211.444365
Gabon,GAB,1981,54575942.022219
Gabon,GAB,1980,31522217.0310212
Gabon,GAB,1979,55048465.0520873
Gabon,GAB,1978,56546282.4088442
Gabon,GAB,1977,34899999.9
Gabon,GAB,1976,38700000.0
Gabon,GAB,1975,166900000.0
Gabon,GAB,1974,79599999.9
Gabon,GAB,1973,15900000.0
Gabon,GAB,1972,17399999.9
Gabon,GAB,1971,15699999.9
Gabon,GAB,1970,-700000.0
"Gambia, The",GMB,2024,232357063.917134
"Gambia, The",GMB,2023,205541473.783854
"Gambia, The",GMB,2022,231488000.0
"Gambia, The",GMB,2021,251822628.807365
"Gambia, The",GMB,2020,189576190.794226
"Gambia, The",GMB,2019,71083305.8667937
"Gambia, The",GMB,2018,81805006.5959045
"Gambia, The",GMB,2017,64338516.0351372
"Gambia, The",GMB,2016,69830172.212844
"Gambia, The",GMB,2015,71976051.7034138
"Gambia, The",GMB,2014,23014092.042456
"Gambia, The",GMB,2013,68340322.3788479
"Gambia, The",GMB,2012,41183457.7698366
"Gambia, The",GMB,2011,36077136.0813734
"Gambia, The",GMB,2010,37140887.8131733
"Gambia, The",GMB,2009,39447343.7084005
"Gambia, The",GMB,2008,70792382.3207137
"Gambia, The",GMB,2007,78094820.9585794
"Gambia, The",GMB,2006,82208102.5877649
"Gambia, The",GMB,2005,53650280.019084
"Gambia, The",GMB,2004,55526319.440783
"Gambia, The",GMB,2003,18272720.342347
"Gambia, The",GMB,2002,42827000.0
"Gambia, The",GMB,2001,35480000.0
"Gambia, The",GMB,2000,43520000.0
"Gambia, The",GMB,1999,49480000.0
"Gambia, The",GMB,1998,23700000.0
"Gambia, The",GMB,1997,11666476.0379732
"Gambia, The",GMB,1996,10655113.9800557
"Gambia, The",GMB,1995,7729249.07225426
"Gambia, The",GMB,1994,9716366.67037366
"Gambia, The",GMB,1993,10741221.6768598
"Gambia, The",GMB,1992,6323269.18631977
"Gambia, The",GMB,1991,9270433.33943913
"Gambia, The",GMB,1990,14120000.0
"Gambia, The",GMB,1989,13713834.3210935
"Gambia, The",GMB,1988,1177623.96914136
"Gambia, The",GMB,1987,1525217.66358355
"Gambia, The",GMB,1986,-1990000.0
"Gambia, The",GMB,1985,-500000.0
"Gambia, The",GMB,1984,-1700000.0
"Gambia, The",GMB,1983,-400000.0
"Gambia, The",GMB,1982,270000.0
"Gambia, The",GMB,1981,2009878.34170447
"Gambia, The",GMB,1980,280000.0
"Gambia, The",GMB,1979,12364861.5970649
"Gambia, The",GMB,1978,2104763.22636564
"Gambia, The",GMB,1977,-560000.0
"Gambia, The",GMB,1976,900000.0
"Gambia, The",GMB,1975,100000.0
"Gambia, The",GMB,1974,1200000.0
"Gambia, The",GMB,1973,1399999.9
"Gambia, The",GMB,1972,1700000.0
"Gambia, The",GMB,1971,1700000.0
"Gambia, The",GMB,1970,100000.0
Georgia,GEO,2024,1602929459.4
Georgia,GEO,2023,2111981302.94
Georgia,GEO,2022,2257736899.85
Georgia,GEO,2021,1290232130.97
Georgia,GEO,2020,557173503.19
Georgia,GEO,2019,1397879177.29
Georgia,GEO,2018,1304024907.7
Georgia,GEO,2017,1930381394.76
Georgia,GEO,2016,1659824033.37
Georgia,GEO,2015,1735307118.63
Georgia,GEO,2014,1836879042.83
Georgia,GEO,2013,1046562195.15
Georgia,GEO,2012,968196197.63
Georgia,GEO,2011,1170087549.5
Georgia,GEO,2010,920915812.73
Georgia,GEO,2009,660800885.27
Georgia,GEO,2008,1602232455.97
Georgia,GEO,2007,1892093991.1
Georgia,GEO,2006,1171394522.25
Georgia,GEO,2005,453107292.01
Georgia,GEO,2004,492732940.01
Georgia,GEO,2003,334891041.62
Georgia,GEO,2002,160398660.46
Georgia,GEO,2001,109871635.49
Georgia,GEO,2000,131466678.34
Georgia,GEO,1999,82300000.0
Georgia,GEO,1998,265300000.0
Georgia,GEO,1997,242500000.0
Georgia,GEO,1994,8000000.0
Georgia,GEO,1993,10000.0
Germany,DEU,2024,47599143488.7827
Germany,DEU,2023,77438957875.1405
Germany,DEU,2022,87215414562.4594
Germany,DEU,2021,127609826748.268
Germany,DEU,2020,176781024357.228
Germany,DEU,2019,75463438450.8916
Germany,DEU,2018,162250938125.842
Germany,DEU,2017,108786501529.106
Germany,DEU,2016,58132711370.7803
Germany,DEU,2015,62418993509.2489
Germany,DEU,2014,17356720097.6154
Germany,DEU,2013,67199694458.9368
Germany,DEU,2012,65443087632.2705
Germany,DEU,2011,97535403952.5493
Germany,DEU,2010,86037502102.1644
Germany,DEU,2009,56701916794.9699
Germany,DEU,2008,30954735498.0249
Germany,DEU,2007,50847183837.0148
Germany,DEU,2006,87444159239.0627
Germany,DEU,2005,59835195025.1916
Germany,DEU,2004,-20408419557.1428
Germany,DEU,2003,65401516009.2492
Germany,DEU,2002,51268214890.6254
Germany,DEU,2001,56948542386.909
Germany,DEU,2000,248007397121.859
Germany,DEU,1999,86035665071.2096
Germany,DEU,1998,29525738645.9539
Germany,DEU,1997,18638428446.4635
Germany,DEU,1996,15590587107.4243
Germany,DEU,1995,12040789985.3198
Germany,DEU,1994,7517424677.09305
Germany,DEU,1993,477658764.448412
Germany,DEU,1992,-2137482962.91706
Germany,DEU,1991,4741546058.51119
Germany,DEU,1990,2556702845.61154
Germany,DEU,1989,5173426485.28624
Germany,DEU,1988,-1508574620.67996
Germany,DEU,1987,1620170656.57848
Germany,DEU,1986,1192024599.72962
Germany,DEU,1985,531108428.984038
Germany,DEU,1984,590664406.972141
Germany,DEU,1983,997855446.932569
Germany,DEU,1982,468263695.135529
Germany,DEU,1981,-415839559.593561
Germany,DEU,1980,-186573401.181116
Germany,DEU,1979,1732552304.02157
Germany,DEU,1978,1603458933.00764
Germany,DEU,1977,949983808.586455
Germany,DEU,1976,1321369937.5521
Germany,DEU,1975,690496822.87674
Germany,DEU,1974,2176992344.38363
Germany,DEU,1973,2102302343.34061
Germany,DEU,1972,1897270695.56092
Germany,DEU,1971,1103338754.95766
Ghana,GHA,2024,1765552579.5641
Ghana,GHA,2023,1319315614.67989
Ghana,GHA,2022,1428411737.133
Ghana,GHA,2021,2533586462.03873
Ghana,GHA,2020,1875782953.46905
Ghana,GHA,2019,3879831469.7
Ghana,GHA,2018,2989035000.0
Ghana,GHA,2017,3254990000.0
Ghana,GHA,2016,3485333369.27963
Ghana,GHA,2015,3192320530.7897
Ghana,GHA,2014,3363389444.44444
Ghana,GHA,2013,3227000000.0
Ghana,GHA,2012,3294520000.0
Ghana,GHA,2011,3247588000.0
Ghana,GHA,2010,2527350000.0
Ghana,GHA,2009,2372540000.0
Ghana,GHA,2008,2714916343.69978
Ghana,GHA,2007,1383177929.85458
Ghana,GHA,2006,636010000.0
Ghana,GHA,2005,144970000.0
Ghana,GHA,2004,139270000.0
Ghana,GHA,2003,136751000.0
Ghana,GHA,2002,58930000.0
Ghana,GHA,2001,89320000.0
Ghana,GHA,2000,165900000.0
Ghana,GHA,1999,243700000.0
Ghana,GHA,1998,167400000.0
Ghana,GHA,1997,81800000.0
Ghana,GHA,1996,120000000.0
Ghana,GHA,1995,106500000.0
Ghana,GHA,1994,233000000.0
Ghana,GHA,1993,125000000.0
Ghana,GHA,1992,22500000.0
Ghana,GHA,1991,20000000.0
Ghana,GHA,1990,14800000.0
Ghana,GHA,1989,15000000.0
Ghana,GHA,1988,5000000.0
Ghana,GHA,1987,4700000.0
Ghana,GHA,1986,4300000.0
Ghana,GHA,1985,5600000.0
Ghana,GHA,1984,2000000.0
Ghana,GHA,1983,2400000.0
Ghana,GHA,1982,16300000.0
Ghana,GHA,1981,16263751.9999695
Ghana,GHA,1980,15600000.0
Ghana,GHA,1979,-2800000.0
Ghana,GHA,1978,9696236.56497192
Ghana,GHA,1977,19217479.3838501
Ghana,GHA,1976,-18260969.9999066
Ghana,GHA,1975,70869954.9990845
Ghana,GHA,1974,14270000.0
Ghana,GHA,1973,14400000.0
Ghana,GHA,1972,11500000.0
Ghana,GHA,1971,30600000.0
Ghana,GHA,1970,67799999.9
Greece,GRC,2024,6742277267.34835
Greece,GRC,2023,4722066764.49033
Greece,GRC,2022,8057970156.10279
Greece,GRC,2021,6585182436.31199
Greece,GRC,2020,3303648833.22836
Greece,GRC,2019,4999635989.53693
Greece,GRC,2018,4025447788.57702
Greece,GRC,2017,3439131879.75516
Greece,GRC,2016,2698544612.16074
Greece,GRC,2015,1268938505.86333
Greece,GRC,2014,2697339246.05447
Greece,GRC,2013,2945271844.68568
Greece,GRC,2012,1662090329.838
Greece,GRC,2011,1092191387.83038
Greece,GRC,2010,532926980.500431
Greece,GRC,2009,2766296835.47184
Greece,GRC,2008,5733447473.24928
Greece,GRC,2007,1957124444.19442
Greece,GRC,2006,5411403362.23117
Greece,GRC,2005,688484256.649083
Greece,GRC,2004,2147927926.75839
Greece,GRC,2003,1408086698.6235
Greece,GRC,2002,34180546.5370638
Greece,GRC,2001,2001266.562202
Greece,GRC,2000,-8195469.28845515
Greece,GRC,1999,82701091.4183122
Greece,GRC,1998,71200000.0
Greece,GRC,1997,984000000.0
Greece,GRC,1996,1058000000.0
Greece,GRC,1995,1053000000.0
Greece,GRC,1994,981000000.0
Greece,GRC,1993,977000000.0
Greece,GRC,1992,1144000000.0
Greece,GRC,1991,1135000000.0
Greece,GRC,1990,1005000000.0
Greece,GRC,1989,752000000.0
Greece,GRC,1988,907000000.0
Greece,GRC,1987,683000000.0
Greece,GRC,1986,471000000.0
Greece,GRC,1985,447000000.0
Greece,GRC,1984,485000000.0
Greece,GRC,1983,439000000.0
Greece,GRC,1982,436000000.0
Greece,GRC,1981,520000000.0
Greece,GRC,1980,672000000.0
Greece,GRC,1979,613000000.0
Greece,GRC,1978,428000000.0
Greece,GRC,1977,387000000.0
Greece,GRC,1976,305000000.0
Greece,GRC,1975,24000000.0
Greece,GRC,1974,67000000.0
Greece,GRC,1973,62000000.0
Greece,GRC,1972,55000000.0
Greece,GRC,1971,42000000.0
Greece,GRC,1970,50000000.0
Grenada,GRD,2024,163925451.481481
Grenada,GRD,2023,220251551.111111
Grenada,GRD,2022,162962004.814814
Grenada,GRD,2021,152223567.037037
Grenada,GRD,2020,141277504.814814
Grenada,GRD,2019,208615795.555555
Grenada,GRD,2018,185990696.386518
Grenada,GRD,2017,153278369.778148
Grenada,GRD,2016,109416203.7508
Grenada,GRD,2015,154268835.19
Grenada,GRD,2014,83736824.3611111
Grenada,GRD,2013,130377747.928618
Grenada,GRD,2012,49813748.8307485
Grenada,GRD,2011,85923082.6467677
Grenada,GRD,2010,55654134.8196244
Grenada,GRD,2009,108699954.353645
Grenada,GRD,2008,144428158.500629
Grenada,GRD,2007,165223965.032908
Grenada,GRD,2006,102721704.256898
Grenada,GRD,2005,81610825.3572085
Grenada,GRD,2004,126368484.200109
Grenada,GRD,2003,99087992.4481011
Grenada,GRD,2002,77853769.5825333
Grenada,GRD,2001,89573443.4257733
Grenada,GRD,2000,57489395.5781314
Grenada,GRD,1999,41551851.8518518
Grenada,GRD,1998,48685185.1851851
Grenada,GRD,1997,33500000.0
Grenada,GRD,1996,16962962.9629629
Grenada,GRD,1995,19977777.7777777
Grenada,GRD,1994,19311111.1111111
Grenada,GRD,1993,20248148.1481481
Grenada,GRD,1992,22581481.4814814
Grenada,GRD,1991,15274074.074074
Grenada,GRD,1990,12874074.074074
Grenada,GRD,1989,10481481.4814815
Grenada,GRD,1988,14981481.4814815
Grenada,GRD,1987,14722222.2222222
Grenada,GRD,1986,4481481.48148148
Grenada,GRD,1985,4111111.11111111
Grenada,GRD,1984,2800000.0
Grenada,GRD,1983,2500000.0
Grenada,GRD,1982,1900000.0
Grenada,GRD,1981,0.0
Grenada,GRD,1980,0.0
Grenada,GRD,1979,0.0
Grenada,GRD,1978,1400000.0
Grenada,GRD,1977,-100000.0
Guatemala,GTM,2024,1848004120.0
Guatemala,GTM,2023,1650310370.0
Guatemala,GTM,2022,1450072830.0
Guatemala,GTM,2021,3626364530.0
Guatemala,GTM,2020,1004371660.0
Guatemala,GTM,2019,1170758860.0
Guatemala,GTM,2018,922397870.0
Guatemala,GTM,2017,998344470.0
Guatemala,GTM,2016,845786560.0
Guatemala,GTM,2015,1203355080.0
Guatemala,GTM,2014,1407555280.0
Guatemala,GTM,2013,1522143500.0
Guatemala,GTM,2012,1399819890.0
Guatemala,GTM,2011,876760590.0
Guatemala,GTM,2010,1102460180.0
Guatemala,GTM,2009,499821250.0
Guatemala,GTM,2008,731386670.0
Guatemala,GTM,2007,859200000.0
Guatemala,GTM,2006,635300000.0
Guatemala,GTM,2005,540000000.0
Guatemala,GTM,2004,321400000.0
Guatemala,GTM,2003,19488617.59936
Guatemala,GTM,2002,-1016996773.78154
Guatemala,GTM,2001,-936494410.38247
Guatemala,GTM,2000,-788600000.0
Guatemala,GTM,1999,924600000.0
Guatemala,GTM,1998,1346300000.0
Guatemala,GTM,1997,631400000.0
Guatemala,GTM,1996,76900000.0
Guatemala,GTM,1995,75200000.0
Guatemala,GTM,1994,65200000.0
Guatemala,GTM,1993,142500000.0
Guatemala,GTM,1992,94100000.0
Guatemala,GTM,1991,90700000.0
Guatemala,GTM,1990,47700000.0
Guatemala,GTM,1989,76200000.0
Guatemala,GTM,1988,329900000.0
Guatemala,GTM,1987,150200000.0
Guatemala,GTM,1986,68800000.0
Guatemala,GTM,1985,61800000.0
Guatemala,GTM,1984,38000000.0
Guatemala,GTM,1983,45000000.0
Guatemala,GTM,1982,77100000.0
Guatemala,GTM,1981,127100000.0
Guatemala,GTM,1980,110700000.0
Guatemala,GTM,1979,117000000.0
Guatemala,GTM,1978,127200000.0
Guatemala,GTM,1977,97500000.0
Guatemala,GTM,1976,12500000.0
Guatemala,GTM,1975,80000000.0
Guatemala,GTM,1974,47399999.9
Guatemala,GTM,1973,34799999.9
Guatemala,GTM,1972,15900000.0
Guatemala,GTM,1971,28600000.0
Guatemala,GTM,1970,29399999.9
Guinea,GIN,2024,1401830000.0
Guinea,GIN,2023,1314930000.0
Guinea,GIN,2022,658300000.0
Guinea,GIN,2021,197610000.0
Guinea,GIN,2020,176350000.0
Guinea,GIN,2019,44400000.0
Guinea,GIN,2018,352760000.0
Guinea,GIN,2017,577590000.0
Guinea,GIN,2016,1618447260.26485
Guinea,GIN,2015,53272458.4212993
Guinea,GIN,2014,-73758603.6635933
Guinea,GIN,2013,189999.999999999
Guinea,GIN,2012,605560000.0
Guinea,GIN,2011,956060000.0
Guinea,GIN,2009,91030000.0
Guinea,GIN,2008,381880000.0
Guinea,GIN,2007,385900000.0
Guinea,GIN,2006,125000000.0
Guinea,GIN,2005,105000000.0
Guinea,GIN,2004,97900000.0
Guinea,GIN,2003,78966000.0
Guinea,GIN,2002,30000000.0
Guinea,GIN,2001,1677000.0
Guinea,GIN,2000,9942000.0
Guinea,GIN,1999,63452427.0
Guinea,GIN,1998,17810000.0
Guinea,GIN,1997,17301000.0
Guinea,GIN,1996,23774000.0
Guinea,GIN,1995,769000.0
Guinea,GIN,1994,210000.0
Guinea,GIN,1993,2720000.0
Guinea,GIN,1992,19690000.0
Guinea,GIN,1991,38770000.0
Guinea,GIN,1990,17860000.0
Guinea,GIN,1989,12330000.0
Guinea,GIN,1988,15680000.0
Guinea,GIN,1987,12850000.0
Guinea,GIN,1986,8400000.0
Guinea,GIN,1985,1110000.0
Guinea,GIN,1984,700000.0
Guinea,GIN,1983,380000.0
Guinea,GIN,1982,-400000.0
Guinea,GIN,1981,-1310000.0
Guinea,GIN,1980,560000.0
Guinea,GIN,1979,-520000.0
Guinea,GIN,1978,630000.0
Guinea,GIN,1977,-1830000.0
Guinea,GIN,1976,-700000.0
Guinea,GIN,1975,870000.0
Guinea,GIN,1974,1450000.0
Guinea,GIN,1973,780000.0
Guinea-Bissau,GNB,2024,26650161.3251044
Guinea-Bissau,GNB,2023,25133300.8212657
Guinea-Bissau,GNB,2022,21658003.8438931
Guinea-Bissau,GNB,2021,18529723.3545945
Guinea-Bissau,GNB,2020,20989721.6146961
Guinea-Bissau,GNB,2019,71658680.3379901
Guinea-Bissau,GNB,2018,20563818.2174004
Guinea-Bissau,GNB,2017,15691197.9520896
Guinea-Bissau,GNB,2016,23998591.3709028
Guinea-Bissau,GNB,2015,18575499.4478127
Guinea-Bissau,GNB,2014,28852727.6882278
Guinea-Bissau,GNB,2013,19639703.7983811
Guinea-Bissau,GNB,2012,6624917.19274534
Guinea-Bissau,GNB,2011,25024047.388377
Guinea-Bissau,GNB,2010,26240200.0
Guinea-Bissau,GNB,2009,18890200.0
Guinea-Bissau,GNB,2008,6630074.02775762
Guinea-Bissau,GNB,2007,18770117.49192
Guinea-Bissau,GNB,2006,17887123.5620828
Guinea-Bissau,GNB,2005,8692468.08975684
Guinea-Bissau,GNB,2004,1915633.35188715
Guinea-Bissau,GNB,2003,4005503.68688217
Guinea-Bissau,GNB,2002,3545253.68893724
Guinea-Bissau,GNB,2001,395613.596288615
Guinea-Bissau,GNB,2000,702270.0
Guinea-Bissau,GNB,1999,730880.0
Guinea-Bissau,GNB,1998,4407140.0
Guinea-Bissau,GNB,1997,11479110.0
Guinea-Bissau,GNB,1996,1030000.0
Guinea-Bissau,GNB,1995,40000.0
Guinea-Bissau,GNB,1994,430000.0
Guinea-Bissau,GNB,1993,3300000.0
Guinea-Bissau,GNB,1992,5830000.0
Guinea-Bissau,GNB,1991,2090000.0
Guinea-Bissau,GNB,1990,2020000.0
Guinea-Bissau,GNB,1989,470000.0
Guinea-Bissau,GNB,1988,680000.0
Guinea-Bissau,GNB,1987,120000.0
Guinea-Bissau,GNB,1986,820000.0
Guinea-Bissau,GNB,1985,1439999.9
Guinea-Bissau,GNB,1984,2290000.0
Guinea-Bissau,GNB,1983,0.0
Guinea-Bissau,GNB,1982,0.0
Guinea-Bissau,GNB,1979,230000.0
Guinea-Bissau,GNB,1977,40000.0
Guinea-Bissau,GNB,1975,-130000.0
Guyana,GUY,2024,8629500000.0
Guyana,GUY,2023,-1135036125.52568
Guyana,GUY,2022,-2996952015.17
Guyana,GUY,2021,2236503735.22896
Guyana,GUY,2020,1283062521.17088
Guyana,GUY,2019,2690327775.794
Guyana,GUY,2018,1231760000.0
Guyana,GUY,2017,212241105.393472
Guyana,GUY,2016,58000000.0
Guyana,GUY,2015,137700000.0
Guyana,GUY,2014,237750048.55
Guyana,GUY,2013,200558390.0
Guyana,GUY,2012,277910000.0
Guyana,GUY,2011,246800000.0
Guyana,GUY,2010,198000000.0
Guyana,GUY,2009,164000000.0
Guyana,GUY,2008,178000000.0
Guyana,GUY,2007,152400000.0
Guyana,GUY,2006,102400000.0
Guyana,GUY,2005,76800000.0
Guyana,GUY,2004,30000000.0
Guyana,GUY,2003,26100000.0
Guyana,GUY,2002,43600000.0
Guyana,GUY,2001,56000000.0
Guyana,GUY,2000,67100000.0
Guyana,GUY,1999,46000000.0
Guyana,GUY,1998,44000000.0
Guyana,GUY,1997,52000000.0
Guyana,GUY,1996,59000000.0
Guyana,GUY,1995,74420000.0
Guyana,GUY,1994,106690000.0
Guyana,GUY,1993,69540000.0
Guyana,GUY,1992,146610000.0
Guyana,GUY,1991,12340000.0
Guyana,GUY,1990,7900000.0
Guyana,GUY,1989,-2060000.0
Guyana,GUY,1988,2100000.0
Guyana,GUY,1987,4349999.9
Guyana,GUY,1986,-9000000.0
Guyana,GUY,1985,1810974.26891343
Guyana,GUY,1984,4489019.5194584
Guyana,GUY,1983,4733333.33491111
Guyana,GUY,1982,4433333.33481111
Guyana,GUY,1981,-1777777.77840988
Guyana,GUY,1980,588235.294348328
Guyana,GUY,1979,588235.294348328
Guyana,GUY,1978,4019999.9
Guyana,GUY,1977,-1764705.88304498
Guyana,GUY,1976,5009999.9
Guyana,GUY,1975,800000.0
Guyana,GUY,1974,1360000.0
Guyana,GUY,1973,8199999.9
Guyana,GUY,1972,2500000.0
Guyana,GUY,1971,-2439999.9
Guyana,GUY,1970,9000000.0
Haiti,HTI,2024,20001152.0
Haiti,HTI,2023,23647920.0
Haiti,HTI,2022,39413200.0
Haiti,HTI,2021,51299000.0
Haiti,HTI,2020,25000000.0
Haiti,HTI,2019,75000000.0
Haiti,HTI,2018,105000000.0
Haiti,HTI,2017,374860000.0
Haiti,HTI,2016,104900000.0
Haiti,HTI,2015,105680000.0
Haiti,HTI,2014,99000000.0
Haiti,HTI,2013,161918586.25
Haiti,HTI,2012,156000000.0
Haiti,HTI,2011,119000000.0
Haiti,HTI,2010,178000000.0
Haiti,HTI,2009,55470000.0
Haiti,HTI,2008,29800000.0
Haiti,HTI,2007,74500000.0
Haiti,HTI,2006,160600000.0
Haiti,HTI,2005,26000000.0
Haiti,HTI,2004,5900000.0
Haiti,HTI,2003,13800000.0
Haiti,HTI,2002,5700000.0
Haiti,HTI,2001,4400000.0
Haiti,HTI,2000,13250000.0
Haiti,HTI,1999,30000000.0
Haiti,HTI,1998,10760000.0
Haiti,HTI,1997,4000000.0
Haiti,HTI,1996,4100000.0
Haiti,HTI,1995,7400000.0
Haiti,HTI,1994,-2800000.0
Haiti,HTI,1993,-2800000.0
Haiti,HTI,1992,-2200000.0
Haiti,HTI,1991,-1800000.0
Haiti,HTI,1990,8000000.0
Haiti,HTI,1989,9360000.0
Haiti,HTI,1988,10100000.0
Haiti,HTI,1987,4680000.0
Haiti,HTI,1986,4820000.0
Haiti,HTI,1985,4920000.0
Haiti,HTI,1984,4460000.00037167
Haiti,HTI,1983,8420000.001684
Haiti,HTI,1982,7080000.001416
Haiti,HTI,1981,8340000.001668
Haiti,HTI,1980,13000000.0026
Haiti,HTI,1979,12000000.0024
Haiti,HTI,1978,10000000.002
Haiti,HTI,1977,8000000.0016
Haiti,HTI,1976,7780000.001556
Haiti,HTI,1975,2640000.000528
Haiti,HTI,1974,7939993.41632895
Haiti,HTI,1973,6979999.99531595
Haiti,HTI,1972,4059985.03910975
Haiti,HTI,1971,3400000.00068
Haiti,HTI,1970,2799999.9
Honduras,HND,2024,1309045847.41366
Honduras,HND,2023,1086111945.15352
Honduras,HND,2022,758286498.804818
Honduras,HND,2021,800315953.182342
Honduras,HND,2020,236016866.159636
Honduras,HND,2019,955095297.980428
Honduras,HND,2018,1442587576.20959
Honduras,HND,2017,949955941.517778
Honduras,HND,2016,1147030449.99683
Honduras,HND,2015,1316679827.33596
Honduras,HND,2014,1704790710.03867
Honduras,HND,2013,1069029263.15977
Honduras,HND,2012,1081346795.58821
Honduras,HND,2011,1042571020.77029
Honduras,HND,2010,607376418.071286
Honduras,HND,2009,494497450.521717
Honduras,HND,2008,1200798087.04613
Honduras,HND,2007,966926354.327952
Honduras,HND,2006,717591908.177829
Honduras,HND,2005,601059572.180071
Honduras,HND,2004,592120092.945896
Honduras,HND,2003,390166272.910662
Honduras,HND,2002,287314899.999999
Honduras,HND,2001,309826700.0
Honduras,HND,2000,349978000.0
Honduras,HND,1999,237300000.0
Honduras,HND,1998,99000000.0
Honduras,HND,1997,121500000.0
Honduras,HND,1996,90900000.0
Honduras,HND,1995,50000000.0
Honduras,HND,1994,34800000.0
Honduras,HND,1993,26700000.0
Honduras,HND,1992,47600000.0
Honduras,HND,1991,52100000.0
Honduras,HND,1990,43500000.0
Honduras,HND,1989,51000000.0
Honduras,HND,1988,48300000.0
Honduras,HND,1987,38650000.0
Honduras,HND,1986,30000000.0
Honduras,HND,1985,27500000.0
Honduras,HND,1984,20450000.0
Honduras,HND,1983,21000000.0
Honduras,HND,1982,13800000.0
Honduras,HND,1981,-3600000.0
Honduras,HND,1980,5800000.0
Honduras,HND,1979,28200000.0
Honduras,HND,1978,13150000.0
Honduras,HND,1977,8900000.0
Honduras,HND,1976,5250000.0
Honduras,HND,1975,7000000.0
Honduras,HND,1974,-1149999.99976168
Honduras,HND,1973,6599999.9
Honduras,HND,1972,3000000.0
Honduras,HND,1971,7400000.0
Honduras,HND,1970,8400000.0
"Hong Kong SAR, China",HKG,2024,125820976919.852
"Hong Kong SAR, China",HKG,2023,121985594745.393
"Hong Kong SAR, China",HKG,2022,122407913138.418
"Hong Kong SAR, China",HKG,2021,137191251277.419
"Hong Kong SAR, China",HKG,2020,117452284750.967
"Hong Kong SAR, China",HKG,2019,58299361094.7774
"Hong Kong SAR, China",HKG,2018,97036255478.9458
"Hong Kong SAR, China",HKG,2017,125716724339.795
"Hong Kong SAR, China",HKG,2016,133259182324.997
"Hong Kong SAR, China",HKG,2015,181047431127.246
"Hong Kong SAR, China",HKG,2014,129847455921.474
"Hong Kong SAR, China",HKG,2013,76857453417.8736
"Hong Kong SAR, China",HKG,2012,74887135901.3219
"Hong Kong SAR, China",HKG,2011,96135081265.0953
"Hong Kong SAR, China",HKG,2010,82709142976.2978
"Hong Kong SAR, China",HKG,2009,54275707074.2543
"Hong Kong SAR, China",HKG,2008,67035187587.6671
"Hong Kong SAR, China",HKG,2007,62121011424.0703
"Hong Kong SAR, China",HKG,2006,44901793968.8763
"Hong Kong SAR, China",HKG,2005,40963127270.6954
"Hong Kong SAR, China",HKG,2004,22194238604.966
"Hong Kong SAR, China",HKG,2003,18567357065.233
"Hong Kong SAR, China",HKG,2002,6747855220.81764
"Hong Kong SAR, China",HKG,2001,31291719644.6149
"Hong Kong SAR, China",HKG,2000,70495739305.8458
"Hong Kong SAR, China",HKG,1999,25355410569.0153
"Hong Kong SAR, China",HKG,1998,13939361335.8581
"Hong Kong SAR, China",HKG,1997,11368147930.0
"Hong Kong SAR, China",HKG,1996,10460173710.0
"Hong Kong SAR, China",HKG,1995,6213362500.0
"Hong Kong SAR, China",HKG,1994,7827938820.0
"Hong Kong SAR, China",HKG,1993,6929625910.0
"Hong Kong SAR, China",HKG,1992,3887467100.0
"Hong Kong SAR, China",HKG,1991,1020860060.0
"Hong Kong SAR, China",HKG,1990,3275072300.0
"Hong Kong SAR, China",HKG,1989,2041094981.4
"Hong Kong SAR, China",HKG,1988,4978949480.4
"Hong Kong SAR, China",HKG,1987,6249829233.7
"Hong Kong SAR, China",HKG,1986,1888313589.9
"Hong Kong SAR, China",HKG,1985,-267220620.9
"Hong Kong SAR, China",HKG,1984,1287739696.0
"Hong Kong SAR, China",HKG,1983,1144127082.4
"Hong Kong SAR, China",HKG,1982,1236856767.6
"Hong Kong SAR, China",HKG,1981,2062785581.9
"Hong Kong SAR, China",HKG,1980,710201409.3
"Hong Kong SAR, China",HKG,1979,648065889.9
"Hong Kong SAR, China",HKG,1978,477382649.1
"Hong Kong SAR, China",HKG,1977,273737273.0
"Hong Kong SAR, China",HKG,1976,255361829.7
"Hong Kong SAR, China",HKG,1975,377359617.8
"Hong Kong SAR, China",HKG,1974,153444422.9
"Hong Kong SAR, China",HKG,1973,271274584.7
"Hong Kong SAR, China",HKG,1972,110442097.0
"Hong Kong SAR, China",HKG,1971,59483393.5
"Hong Kong SAR, China",HKG,1970,49822078.0
Hungary,HUN,2024,-62190710104.0316
Hungary,HUN,2023,-70776661338.3662
Hungary,HUN,2022,-1917371461.47155
Hungary,HUN,2021,33474586358.8648
Hungary,HUN,2020,167399384338.449
Hungary,HUN,2019,98265233190.1349
Hungary,HUN,2018,-64648352413.5288
Hungary,HUN,2017,-12371761179.6433
Hungary,HUN,2016,69453473203.2502
Hungary,HUN,2015,-5469731521.61747
Hungary,HUN,2014,12880113629.556
Hungary,HUN,2013,-3730081935.94212
Hungary,HUN,2012,10670096331.9645
Hungary,HUN,2011,10563869736.8555
Hungary,HUN,2010,-20952692164.6003
Hungary,HUN,2009,-2986078748.11139
Hungary,HUN,2008,74741370128.9626
Hungary,HUN,2007,70631297038.9164
Hungary,HUN,2006,18678720024.6861
Hungary,HUN,2005,27489690204.0215
Hungary,HUN,2004,4538099567.15788
Hungary,HUN,2003,4157510420.33351
Hungary,HUN,2002,3643428379.51995
Hungary,HUN,2001,4058819560.69833
Hungary,HUN,2000,2747712559.81382
Hungary,HUN,1999,3384965975.25316
Hungary,HUN,1998,3261654749.7936
Hungary,HUN,1997,4164123319.59139
Hungary,HUN,1996,3288936448.51942
Hungary,HUN,1995,4804151332.43275
Hungary,HUN,1994,1144083870.1178
Hungary,HUN,1993,2349715110.57644
Hungary,HUN,1992,1479165393.92739
Hungary,HUN,1991,1462141210.2598
Hungary,HUN,1990,553809000.0
Hungary,HUN,1989,0.0
Hungary,HUN,1988,0.0
Hungary,HUN,1987,0.0
Hungary,HUN,1986,0.0
Hungary,HUN,1985,0.0
Hungary,HUN,1984,0.0
Hungary,HUN,1983,0.0
Hungary,HUN,1982,0.0
Iceland,ISL,2024,2832973530.45474
Iceland,ISL,2023,1890181606.88197
Iceland,ISL,2022,1382537404.59093
Iceland,ISL,2021,400954509.175135
Iceland,ISL,2020,-878458464.58691
Iceland,ISL,2019,-556463720.652853
Iceland,ISL,2018,-622718386.260032
Iceland,ISL,2017,-6999892980.93708
Iceland,ISL,2016,-1066286957.46864
Iceland,ISL,2015,1145767444.823
Iceland,ISL,2014,766775539.042213
Iceland,ISL,2013,472607545.774898
Iceland,ISL,2012,1024164328.08697
Iceland,ISL,2011,1106958185.40327
Iceland,ISL,2010,256982201.688046
Iceland,ISL,2009,63588140.7547094
Iceland,ISL,2008,1203686964.67602
Iceland,ISL,2007,6872169567.20657
Iceland,ISL,2006,3876554983.10737
Iceland,ISL,2005,3093680067.57088
Iceland,ISL,2004,755317000.399856
Iceland,ISL,2003,335355205.005774
Iceland,ISL,2002,91905493.0570106
Iceland,ISL,2001,163445772.282047
Iceland,ISL,2000,155160734.106047
Iceland,ISL,1999,66639312.8881672
Iceland,ISL,1998,154082591.966406
Iceland,ISL,1997,148012830.038199
Iceland,ISL,1996,83381484.1223948
Iceland,ISL,1995,-9309003.2336037
Iceland,ISL,1994,2394198.45398917
Iceland,ISL,1993,-1174.965449363
Iceland,ISL,1992,8648079.00261275
Iceland,ISL,1991,-18436099.0772238
Iceland,ISL,1990,-4803187.83042594
Iceland,ISL,1989,-27400000.0
Iceland,ISL,1988,-14800000.0
Iceland,ISL,1987,2400000.0
Iceland,ISL,1986,8500000.0
Iceland,ISL,1985,23600000.0
Iceland,ISL,1984,13700000.0
Iceland,ISL,1983,-23400000.0
Iceland,ISL,1982,35800000.0
Iceland,ISL,1981,53000000.0
Iceland,ISL,1980,22300000.0
Iceland,ISL,1979,3100000.0
Iceland,ISL,1978,8100000.0
Iceland,ISL,1977,4200000.0
Iceland,ISL,1976,4500000.0
Iceland,ISL,1975,42399999.9
Iceland,ISL,1974,13199999.9
Iceland,ISL,1973,-1500000.0
Iceland,ISL,1972,2799999.9
Iceland,ISL,1971,19800000.0
Iceland,ISL,1970,4500000.0
India,IND,2024,27139853378.1402
India,IND,2023,28086193530.3979
India,IND,2022,49940258404.2659
India,IND,2021,44727277562.881
India,IND,2020,64362364994.3754
India,IND,2019,50610647353.5911
India,IND,2018,42117450737.2644
India,IND,2017,39966091358.7384
India,IND,2016,44458571545.798
India,IND,2015,44009492129.5319
India,IND,2014,34576643694.1382
India,IND,2013,28153031270.3202
India,IND,2012,23995685014.2141
India,IND,2011,36498654597.8589
India,IND,2010,27396885033.7838
India,IND,2009,35581372929.6641
India,IND,2008,43406277075.8108
India,IND,2007,25227740886.6819
India,IND,2006,20029119267.1396
India,IND,2005,7269407225.61438
India,IND,2004,5429250989.85717
India,IND,2003,3681984671.43428
India,IND,2002,5208967106.27894
India,IND,2001,5128093561.62688
India,IND,2000,3584217307.18755
India,IND,1999,2168591054.37924
India,IND,1998,2634651657.7714
India,IND,1997,3577330042.34585
India,IND,1996,2426057021.91092
India,IND,1995,2143628110.28391
India,IND,1994,973271468.722873
India,IND,1993,550370024.929383
India,IND,1992,276512438.973893
India,IND,1991,73537638.388533
India,IND,1990,236690000.0
India,IND,1989,252099999.9
India,IND,1988,91250000.0
India,IND,1987,212319999.9
India,IND,1986,117730000.0
India,IND,1985,106090000.0
India,IND,1984,19239999.9
India,IND,1983,5639999.9
India,IND,1982,72079999.9
India,IND,1981,91920000.0
India,IND,1980,79159999.9
India,IND,1979,48570000.0
India,IND,1978,18090000.0
India,IND,1977,-36060000.0
India,IND,1976,-7706430.54257424
India,IND,1975,-10326246.7051639
India,IND,1974,56969999.9
India,IND,1973,37909999.9
India,IND,1972,17789999.9
India,IND,1971,47659999.9
India,IND,1970,45460000.0
Indonesia,IDN,2024,24275445280.2272
Indonesia,IDN,2023,21543358781.3828
Indonesia,IDN,2022,24702029705.0926
Indonesia,IDN,2021,21213080329.8582
Indonesia,IDN,2020,19175077747.8077
Indonesia,IDN,2019,24993551748.0098
Indonesia,IDN,2018,18909826043.5105
Indonesia,IDN,2017,20510310832.4469
Indonesia,IDN,2016,4541713739.23769
Indonesia,IDN,2015,19779127976.9576
Indonesia,IDN,2014,25120732059.5134
Indonesia,IDN,2013,23281742361.5305
Indonesia,IDN,2012,21200778607.8726
Indonesia,IDN,2011,20564938226.7185
Indonesia,IDN,2010,15292009410.5099
Indonesia,IDN,2009,4877369178.4365
Indonesia,IDN,2008,9318453649.82664
Indonesia,IDN,2007,6928480000.0
Indonesia,IDN,2006,4914201435.40071
Indonesia,IDN,2005,8336257207.64285
Indonesia,IDN,2004,1896082770.0
Indonesia,IDN,2003,-596923827.786241
Indonesia,IDN,2002,145085548.722222
Indonesia,IDN,2001,-2977391857.14286
Indonesia,IDN,2000,-4550355285.71428
Indonesia,IDN,1999,-1865620963.49086
Indonesia,IDN,1998,-240800000.0
Indonesia,IDN,1997,4677000000.0
Indonesia,IDN,1996,6194000000.0
Indonesia,IDN,1995,4346000000.0
Indonesia,IDN,1994,2109000000.0
Indonesia,IDN,1993,2004000000.0
Indonesia,IDN,1992,1777000000.0
Indonesia,IDN,1991,1482000000.0
Indonesia,IDN,1990,1093000000.0
Indonesia,IDN,1989,682000000.0
Indonesia,IDN,1988,576000000.0
Indonesia,IDN,1987,385000000.0
Indonesia,IDN,1986,258000000.0
Indonesia,IDN,1985,310000000.0
Indonesia,IDN,1984,222000000.0
Indonesia,IDN,1983,292000000.0
Indonesia,IDN,1982,225000000.0
Indonesia,IDN,1981,133000000.0
Indonesia,IDN,1980,180000000.0
Indonesia,IDN,1979,226000000.0
Indonesia,IDN,1978,417709999.9
Indonesia,IDN,1977,235000000.0
Indonesia,IDN,1976,747590000.0
Indonesia,IDN,1975,1292059999.9
Indonesia,IDN,1974,182120000.0
Indonesia,IDN,1973,581000000.0
Indonesia,IDN,1972,253520000.0
Indonesia,IDN,1971,299069999.9
Indonesia,IDN,1970,145380000.0
"Iran, Islamic Rep.",IRN,2024,1449111110.0
"Iran, Islamic Rep.",IRN,2023,1422333330.0
"Iran, Islamic Rep.",IRN,2022,1500000000.0
"Iran, Islamic Rep.",IRN,2021,1425000000.0
"Iran, Islamic Rep.",IRN,2020,1342000000.0
"Iran, Islamic Rep.",IRN,2019,1508000000.0
"Iran, Islamic Rep.",IRN,2018,2373000000.0
"Iran, Islamic Rep.",IRN,2017,5019000000.0
"Iran, Islamic Rep.",IRN,2016,3372000000.0
"Iran, Islamic Rep.",IRN,2015,2050000000.0
"Iran, Islamic Rep.",IRN,2014,2105494000.0
"Iran, Islamic Rep.",IRN,2013,3049945000.0
"Iran, Islamic Rep.",IRN,2012,4661734400.0
"Iran, Islamic Rep.",IRN,2011,4276718690.0
"Iran, Islamic Rep.",IRN,2010,3648972410.0
"Iran, Islamic Rep.",IRN,2009,2983421910.0
"Iran, Islamic Rep.",IRN,2008,1979988010.0
"Iran, Islamic Rep.",IRN,2007,2017791750.0
"Iran, Islamic Rep.",IRN,2006,2317538500.0
"Iran, Islamic Rep.",IRN,2005,2889191670.0
"Iran, Islamic Rep.",IRN,2004,3037299840.0
"Iran, Islamic Rep.",IRN,2003,2877481500.0
"Iran, Islamic Rep.",IRN,2002,3519380360.0
"Iran, Islamic Rep.",IRN,2001,408118760.0
"Iran, Islamic Rep.",IRN,2000,39000000.0
"Iran, Islamic Rep.",IRN,1999,35000000.0
"Iran, Islamic Rep.",IRN,1998,24000000.0
"Iran, Islamic Rep.",IRN,1997,53000000.0
"Iran, Islamic Rep.",IRN,1996,26000000.0
"Iran, Islamic Rep.",IRN,1995,17000000.0
"Iran, Islamic Rep.",IRN,1994,2000000.0
"Iran, Islamic Rep.",IRN,1993,207550000.0
"Iran, Islamic Rep.",IRN,1992,8500000.0
"Iran, Islamic Rep.",IRN,1991,22590000.0
"Iran, Islamic Rep.",IRN,1990,-361950000.0
"Iran, Islamic Rep.",IRN,1989,-19420000.0
"Iran, Islamic Rep.",IRN,1988,60539999.9
"Iran, Islamic Rep.",IRN,1987,-307630000.0
"Iran, Islamic Rep.",IRN,1986,-112440000.0
"Iran, Islamic Rep.",IRN,1985,-38149999.9
"Iran, Islamic Rep.",IRN,1984,42689999.9
"Iran, Islamic Rep.",IRN,1983,-78519999.9
"Iran, Islamic Rep.",IRN,1982,-136090000.0
"Iran, Islamic Rep.",IRN,1981,28219999.9
"Iran, Islamic Rep.",IRN,1980,80909999.9
"Iran, Islamic Rep.",IRN,1979,164349999.9
"Iran, Islamic Rep.",IRN,1978,909059999.9
"Iran, Islamic Rep.",IRN,1977,345690000.0
"Iran, Islamic Rep.",IRN,1976,-101590000.0
"Iran, Islamic Rep.",IRN,1975,494399999.9
"Iran, Islamic Rep.",IRN,1974,323500000.0
"Iran, Islamic Rep.",IRN,1973,561500000.0
"Iran, Islamic Rep.",IRN,1972,91200000.0
"Iran, Islamic Rep.",IRN,1971,65200000.0
"Iran, Islamic Rep.",IRN,1970,28000000.0
Iraq,IRQ,2024,-7648900000.0
Iraq,IRQ,2023,-5363500000.0
Iraq,IRQ,2022,-2088200000.0
Iraq,IRQ,2021,-2637300000.0
Iraq,IRQ,2020,-2859100000.0
Iraq,IRQ,2019,-3075600000.0
Iraq,IRQ,2018,-4885100000.0
Iraq,IRQ,2017,-5032400000.0
Iraq,IRQ,2016,-6255900000.0
Iraq,IRQ,2015,-7574200000.0
Iraq,IRQ,2014,-10176400000.0
Iraq,IRQ,2013,-2335300000.0
Iraq,IRQ,2012,3400000000.0
Iraq,IRQ,2011,2082000000.0
Iraq,IRQ,2010,1396200000.0
Iraq,IRQ,2009,1598300000.0
Iraq,IRQ,2008,1855700000.0
Iraq,IRQ,2007,971800000.0
Iraq,IRQ,2006,383000000.0
Iraq,IRQ,2005,515300000.0
Iraq,IRQ,2004,300000000.0
Iraq,IRQ,2003,1000000000.0
Iraq,IRQ,2002,-326000.0
Iraq,IRQ,2001,-6656000.0
Iraq,IRQ,2000,-32000.0
Iraq,IRQ,1998,7388000.0
Iraq,IRQ,1997,1153000.0
Iraq,IRQ,1996,-1994000.0
Iraq,IRQ,1994,-30000.0
Iraq,IRQ,1993,803000.0
Iraq,IRQ,1992,93000.0
Iraq,IRQ,1991,7686000.0
Iraq,IRQ,1990,-6810000.0
Iraq,IRQ,1989,390000.0
Iraq,IRQ,1988,-3383000.0
Iraq,IRQ,1987,-4291000.0
Iraq,IRQ,1986,918000.0
Iraq,IRQ,1985,-1159999.9
Iraq,IRQ,1984,-2749000.0
Iraq,IRQ,1983,-234000.0
Iraq,IRQ,1982,2419999.9
Iraq,IRQ,1981,4120000.0
Iraq,IRQ,1980,1530000.0
Iraq,IRQ,1979,1610000.0
Iraq,IRQ,1978,300000.0
Iraq,IRQ,1977,4389999.9
Iraq,IRQ,1976,1350000.0
Iraq,IRQ,1975,-44920000.0
Iraq,IRQ,1974,-8830000.0
Iraq,IRQ,1973,-6549999.9
Iraq,IRQ,1972,-90000.0
Iraq,IRQ,1971,-180000.0
Iraq,IRQ,1970,-910000.0
Ireland,IRL,2024,4818899599.81408
Ireland,IRL,2023,-139972323560.253
Ireland,IRL,2022,-35575910807.5925
Ireland,IRL,2021,77722796051.0396
Ireland,IRL,2020,35288206770.2389
Ireland,IRL,2019,31252184929.3129
Ireland,IRL,2018,80581468516.7593
Ireland,IRL,2017,71124020351.904
Ireland,IRL,2016,79795011377.5093
Ireland,IRL,2015,226022972770.416
Ireland,IRL,2014,104903896347.793
Ireland,IRL,2013,72540330763.7405
Ireland,IRL,2012,58090414122.9928
Ireland,IRL,2011,23699352432.596
Ireland,IRL,2010,37748455283.6937
Ireland,IRL,2009,53974309647.0523
Ireland,IRL,2008,23287686335.9746
Ireland,IRL,2007,59934755383.4485
Ireland,IRL,2006,22070063905.101
Ireland,IRL,2005,47001243614.0877
Ireland,IRL,2004,-10607612700.0
Ireland,IRL,2003,22781292820.0
Ireland,IRL,2002,29323796530.0
Ireland,IRL,2001,9650920350.0
Ireland,IRL,2000,25779436150.0
Ireland,IRL,1999,18210641710.0
Ireland,IRL,1998,8862216910.0
Ireland,IRL,1997,2028797820.0
Ireland,IRL,1996,2617483000.0
Ireland,IRL,1995,1442925000.0
Ireland,IRL,1994,856979000.0
Ireland,IRL,1993,1077890000.0
Ireland,IRL,1992,1458175000.0
Ireland,IRL,1991,1361668000.0
Ireland,IRL,1990,621911000.0
Ireland,IRL,1989,192759335.7
Ireland,IRL,1988,257438683.1
Ireland,IRL,1987,322476620.4
Ireland,IRL,1986,250293354.5
Ireland,IRL,1985,163660000.0
Ireland,IRL,1984,121360000.0
Ireland,IRL,1983,169650000.0
Ireland,IRL,1982,242009999.9
Ireland,IRL,1981,203449999.9
Ireland,IRL,1980,286449999.9
Ireland,IRL,1979,336680000.0
Ireland,IRL,1978,375259999.9
Ireland,IRL,1977,136240000.0
Ireland,IRL,1976,172680000.0
Ireland,IRL,1975,158169999.9
Ireland,IRL,1974,51200000.0
Ireland,IRL,1973,52000000.0
Ireland,IRL,1972,31000000.0
Ireland,IRL,1971,25000000.0
Ireland,IRL,1970,32000000.0
Israel,ISR,2024,14777900000.0
Israel,ISR,2023,16170300000.0
Israel,ISR,2022,22883500000.0
Israel,ISR,2021,18949900000.0
Israel,ISR,2020,20968700000.0
Israel,ISR,2019,17362500000.0
Israel,ISR,2018,21514500000.0
Israel,ISR,2017,16892500000.0
Israel,ISR,2016,11988000000.0
Israel,ISR,2015,11336200000.0
Israel,ISR,2014,6048900000.0
Israel,ISR,2013,11842200000.0
Israel,ISR,2012,9017300000.0
Israel,ISR,2011,8653000000.0
Israel,ISR,2010,6984700000.0
Israel,ISR,2009,4606900000.0
Israel,ISR,2008,10274200000.0
Israel,ISR,2007,8798100000.0
Israel,ISR,2006,14395500000.0
Israel,ISR,2005,4818400000.0
Israel,ISR,2004,2946900000.0
Israel,ISR,2003,3322000000.0
Israel,ISR,2002,1582500000.0
Israel,ISR,2001,1771300000.0
Israel,ISR,2000,8047500000.0
Israel,ISR,1999,4150000000.0
Israel,ISR,1998,1737400000.0
Israel,ISR,1997,1633800000.0
Israel,ISR,1996,1397100000.0
Israel,ISR,1995,1350300000.0
Israel,ISR,1994,441600000.0
Israel,ISR,1993,604900000.0
Israel,ISR,1992,588500000.0
Israel,ISR,1991,345600000.0
Israel,ISR,1990,151000000.0
Israel,ISR,1989,160400000.0
Israel,ISR,1988,267200000.0
Israel,ISR,1987,224100000.0
Israel,ISR,1986,143400000.0
Israel,ISR,1985,112300000.0
Israel,ISR,1984,89500000.0
Israel,ISR,1983,78500000.0
Israel,ISR,1982,21300000.0
Israel,ISR,1981,114400000.0
Israel,ISR,1980,51000000.0
Israel,ISR,1979,11000000.0
Israel,ISR,1978,39000000.0
Israel,ISR,1977,81000000.0
Israel,ISR,1976,47000000.0
Israel,ISR,1975,45000000.0
Israel,ISR,1974,84000000.0
Israel,ISR,1973,149000000.0
Israel,ISR,1972,114000000.0
Israel,ISR,1971,57000000.0
Israel,ISR,1970,49000000.0
Italy,ITA,2024,26903748175.4513
Italy,ITA,2023,42019753074.4716
Italy,ITA,2022,61897757337.9736
Italy,ITA,2021,26253856510.1011
Italy,ITA,2020,-17050399620.8672
Italy,ITA,2019,35760550299.4852
Italy,ITA,2018,44249715319.1483
Italy,ITA,2017,8737024578.66006
Italy,ITA,2016,25656663794.7916
Italy,ITA,2015,13303439230.2377
Italy,ITA,2014,17032744039.0433
Italy,ITA,2013,19531411961.8184
Italy,ITA,2012,34901033.014975
Italy,ITA,2011,34465481829.5316
Italy,ITA,2010,9930501390.90892
Italy,ITA,2009,16607196344.8457
Italy,ITA,2008,-9501579210.4657
Italy,ITA,2007,65975535145.4856
Italy,ITA,2006,56995485107.01
Italy,ITA,2005,36762073074.9389
Italy,ITA,2004,20100742901.8036
Italy,ITA,2003,19572886733.5721
Italy,ITA,2002,17239360004.8834
Italy,ITA,2001,14878086498.8458
Italy,ITA,2000,13172981900.3999
Italy,ITA,1999,6941768225.12833
Italy,ITA,1998,2640065101.35419
Italy,ITA,1997,3687266505.51481
Italy,ITA,1996,3548937154.07852
Italy,ITA,1995,4843882770.49676
Italy,ITA,1994,2208555822.67644
Italy,ITA,1993,3738910087.76316
Italy,ITA,1992,3118551014.86546
Italy,ITA,1991,2403349144.16847
Italy,ITA,1990,6440765876.2042
Italy,ITA,1989,2191462723.60024
Italy,ITA,1988,6789447588.54486
Italy,ITA,1987,4188118186.77518
Italy,ITA,1986,-153004673.097472
Italy,ITA,1985,1066817195.71957
Italy,ITA,1984,1313182671.6535
Italy,ITA,1983,1194907474.96569
Italy,ITA,1982,615183541.114249
Italy,ITA,1981,1124409632.59096
Italy,ITA,1980,578156244.971696
Italy,ITA,1979,415373572.951606
Italy,ITA,1978,477670644.849127
Italy,ITA,1977,1129034014.86375
Italy,ITA,1976,109235548.026999
Italy,ITA,1975,644515567.897932
Italy,ITA,1974,595350461.044662
Italy,ITA,1973,673103003.06248
Italy,ITA,1972,673181132.47583
Italy,ITA,1971,549089964.645401
Italy,ITA,1970,624159999.37584
Jamaica,JAM,2024,305079506.2
Jamaica,JAM,2023,492412229.3
Jamaica,JAM,2022,318736000.0
Jamaica,JAM,2021,320480000.0
Jamaica,JAM,2020,265100553.561346
Jamaica,JAM,2019,665415555.002521
Jamaica,JAM,2018,774620603.114089
Jamaica,JAM,2017,888835228.4786
Jamaica,JAM,2016,927976718.982491
Jamaica,JAM,2015,924977863.710039
Jamaica,JAM,2014,582148741.614111
Jamaica,JAM,2013,544747561.76706
Jamaica,JAM,2012,413333448.071632
Jamaica,JAM,2011,172757165.409787
Jamaica,JAM,2010,185775630.598887
Jamaica,JAM,2009,485164640.147181
Jamaica,JAM,2008,1376602630.06182
Jamaica,JAM,2007,811902426.322257
Jamaica,JAM,2006,842342788.336148
Jamaica,JAM,2005,637901995.872958
Jamaica,JAM,2004,559365888.026738
Jamaica,JAM,2003,683500000.0
Jamaica,JAM,2002,443800000.0
Jamaica,JAM,2001,576500000.0
Jamaica,JAM,2000,419600000.0
Jamaica,JAM,1999,474700000.0
Jamaica,JAM,1998,322100000.0
Jamaica,JAM,1997,155700000.0
Jamaica,JAM,1996,135700000.0
Jamaica,JAM,1995,101800000.0
Jamaica,JAM,1994,79000000.0
Jamaica,JAM,1993,77900000.0
Jamaica,JAM,1992,142400000.0
Jamaica,JAM,1991,133200000.0
Jamaica,JAM,1990,137900000.0
Jamaica,JAM,1989,57100000.0
Jamaica,JAM,1988,-12000000.0
Jamaica,JAM,1987,53400000.0
Jamaica,JAM,1986,-4600000.0
Jamaica,JAM,1985,-9000000.0
Jamaica,JAM,1984,12200000.0
Jamaica,JAM,1983,-18700000.0
Jamaica,JAM,1982,-15800000.0
Jamaica,JAM,1981,-11500000.0
Jamaica,JAM,1980,27700000.0
Jamaica,JAM,1979,-26400000.0
Jamaica,JAM,1978,-26600000.0
Jamaica,JAM,1977,-9700000.0
Jamaica,JAM,1976,-600000.0
Jamaica,JAM,1975,61399999.9
Jamaica,JAM,1974,30500000.0
Jamaica,JAM,1973,73299999.9
Jamaica,JAM,1972,97500000.0
Jamaica,JAM,1971,175199999.9
Jamaica,JAM,1970,162099999.9
Japan,JPN,2024,16160318365.9944
Japan,JPN,2023,19982140844.5082
Japan,JPN,2022,48153832744.0586
Japan,JPN,2021,35027163875.7213
Japan,JPN,2020,62584719398.0912
Japan,JPN,2019,39960544340.0141
Japan,JPN,2018,25289367857.8518
Japan,JPN,2017,18802251208.1068
Japan,JPN,2016,40954181468.5533
Japan,JPN,2015,5252218412.39171
Japan,JPN,2014,19752249424.087
Japan,JPN,2013,10648441636.2071
Japan,JPN,2012,546962692.190725
Japan,JPN,2011,-850717035.068238
Japan,JPN,2010,7440979284.16285
Japan,JPN,2009,12226471578.7438
Japan,JPN,2008,24624845329.5647
Japan,JPN,2007,21631204435.6846
Japan,JPN,2006,-2396909736.30511
Japan,JPN,2005,5459618342.94078
Japan,JPN,2004,7527948175.22323
Japan,JPN,2003,8771535612.31507
Japan,JPN,2002,11557373873.9418
Japan,JPN,2001,4926033619.1846
Japan,JPN,2000,10688168325.6084
Japan,JPN,1999,14780510030.706
Japan,JPN,1998,2512021924.4741
Japan,JPN,1997,2486935040.42281
Japan,JPN,1996,-38203596.3353658
Japan,JPN,1995,41463070.0
Japan,JPN,1994,888384470.0
Japan,JPN,1993,210435440.0
Japan,JPN,1992,2755603980.0
Japan,JPN,1991,1284268820.0
Japan,JPN,1990,1806039010.0
Japan,JPN,1989,-1059696732.4809
Japan,JPN,1988,-483800486.9218
Japan,JPN,1987,1177422254.1794
Japan,JPN,1986,242107761.69
Japan,JPN,1985,608713150.2163
Japan,JPN,1984,-10000000.0
Japan,JPN,1983,416000000.0
Japan,JPN,1982,439000000.0
Japan,JPN,1981,189000000.0
Japan,JPN,1980,278000000.0
Japan,JPN,1979,239000000.0
Japan,JPN,1978,8000000.0
Japan,JPN,1977,21000000.0
Japan,JPN,1976,113000000.0
Japan,JPN,1975,226000000.0
Japan,JPN,1974,202000000.0
Japan,JPN,1973,-42000000.0
Japan,JPN,1972,169000000.0
Japan,JPN,1971,210000000.0
Japan,JPN,1970,94000000.0
Jordan,JOR,2024,1634647887.32394
Jordan,JOR,2023,2006338028.16901
Jordan,JOR,2022,962535211.267605
Jordan,JOR,2021,621830985.915492
Jordan,JOR,2020,760281690.140845
Jordan,JOR,2019,729718309.859154
Jordan,JOR,2018,954929577.464788
Jordan,JOR,2017,2029718309.85915
Jordan,JOR,2016,1552957746.47887
Jordan,JOR,2015,1600281690.14084
Jordan,JOR,2014,2178450704.22535
Jordan,JOR,2013,1946597204.04209
Jordan,JOR,2012,1548450704.22535
Jordan,JOR,2011,1486056338.02816
Jordan,JOR,2010,1688394366.19718
Jordan,JOR,2009,2413098591.54929
Jordan,JOR,2008,2826744496.33301
Jordan,JOR,2007,2622144778.84371
Jordan,JOR,2006,3544005641.74894
Jordan,JOR,2005,1984485190.40902
Jordan,JOR,2004,936812411.847672
Jordan,JOR,2003,546967559.943582
Jordan,JOR,2002,238222874.679327
Jordan,JOR,2001,273628171.251893
Jordan,JOR,2000,913258110.014104
Jordan,JOR,1999,157968970.380818
Jordan,JOR,1998,310014104.372355
Jordan,JOR,1997,360930888.575458
Jordan,JOR,1996,15514809.5909732
Jordan,JOR,1995,13308089.2065636
Jordan,JOR,1994,2854731.793423
Jordan,JOR,1993,-33548530.1487943
Jordan,JOR,1992,40722566.9809784
Jordan,JOR,1991,-11887398.0426124
Jordan,JOR,1990,37646775.3107836
Jordan,JOR,1989,-1349805.31263636
Jordan,JOR,1988,23731746.1964068
Jordan,JOR,1987,39498588.0163604
Jordan,JOR,1986,22754208.3817977
Jordan,JOR,1985,24948927.4552075
Jordan,JOR,1984,77487832.8920638
Jordan,JOR,1983,34864661.930461
Jordan,JOR,1982,59432045.5732508
Jordan,JOR,1981,140813771.704931
Jordan,JOR,1980,33830643.4610655
Jordan,JOR,1979,26371066.4697691
Jordan,JOR,1978,56431307.4522209
Jordan,JOR,1977,11230237.2141552
Jordan,JOR,1976,-7530498.54168533
Jordan,JOR,1975,25641693.8912574
Jordan,JOR,1974,6830353.69898947
Jordan,JOR,1973,2130438.41763228
Jordan,JOR,1972,559999.381979295
Kazakhstan,KAZ,2024,1978987098.02375
Kazakhstan,KAZ,2023,5722500090.69169
Kazakhstan,KAZ,2022,5081682329.11
Kazakhstan,KAZ,2021,4566615415.48999
Kazakhstan,KAZ,2020,7205989084.29
Kazakhstan,KAZ,2019,3730856270.68398
Kazakhstan,KAZ,2018,353291554.55809
Kazakhstan,KAZ,2017,4757396810.52606
Kazakhstan,KAZ,2016,17223789547.9214
Kazakhstan,KAZ,2015,6577824049.679
Kazakhstan,KAZ,2014,7308112644.25121
Kazakhstan,KAZ,2013,10011293285.3074
Kazakhstan,KAZ,2012,13648134373.8439
Kazakhstan,KAZ,2011,13760291528.5033
Kazakhstan,KAZ,2010,7456117901.08145
Kazakhstan,KAZ,2009,14275888207.0144
Kazakhstan,KAZ,2008,16818890680.0
Kazakhstan,KAZ,2007,11972842988.7618
Kazakhstan,KAZ,2006,7611168450.0
Kazakhstan,KAZ,2005,2546065710.0
Kazakhstan,KAZ,2004,5615262947.0
Kazakhstan,KAZ,2003,2483253230.0
Kazakhstan,KAZ,2002,2588491060.0
Kazakhstan,KAZ,2001,2816823050.0
Kazakhstan,KAZ,2000,1370521199.1464
Kazakhstan,KAZ,1999,1587000000.0
Kazakhstan,KAZ,1998,1151400000.0
Kazakhstan,KAZ,1997,1321400000.0
Kazakhstan,KAZ,1996,1137000000.0
Kazakhstan,KAZ,1995,964200000.0
Kazakhstan,KAZ,1994,659700000.0
Kazakhstan,KAZ,1993,1271400000.0
Kazakhstan,KAZ,1992,100000000.0
Kenya,KEN,2024,463439704.196417
Kenya,KEN,2023,507964511.417799
Kenya,KEN,2022,791581760.055161
Kenya,KEN,2021,419719612.932137
Kenya,KEN,2020,-5403752.28986896
Kenya,KEN,2019,469940266.776669
Kenya,KEN,2018,767761506.730644
Kenya,KEN,2017,1346085345.21691
Kenya,KEN,2016,469533310.683932
Kenya,KEN,2015,619724465.016411
Kenya,KEN,2014,820937598.360539
Kenya,KEN,2013,1118825000.1933
Kenya,KEN,2012,1380173661.94265
Kenya,KEN,2011,1450474757.0818
Kenya,KEN,2010,178064606.752108
Kenya,KEN,2009,116257608.986359
Kenya,KEN,2008,95585680.2334439
Kenya,KEN,2007,729044146.043719
Kenya,KEN,2006,50674725.1830694
Kenya,KEN,2005,21211685.3952229
Kenya,KEN,2004,46063931.4543862
Kenya,KEN,2003,81738242.6366211
Kenya,KEN,2002,27618447.058206
Kenya,KEN,2001,5302622.93940565
Kenya,KEN,2000,110904550.399761
Kenya,KEN,1999,51953455.9539555
Kenya,KEN,1998,26548245.9700464
Kenya,KEN,1997,62096809.7799305
Kenya,KEN,1996,108672931.62434
Kenya,KEN,1995,42289248.4582554
Kenya,KEN,1994,7432412.60236848
Kenya,KEN,1993,145655517.114549
Kenya,KEN,1992,6363133.1446811
Kenya,KEN,1991,18830976.8357172
Kenya,KEN,1990,57081096.1781557
Kenya,KEN,1989,62189917.2680637
Kenya,KEN,1988,394430.639372066
Kenya,KEN,1987,39381344.2023682
Kenya,KEN,1986,32725776.7881461
Kenya,KEN,1985,28845949.0411445
Kenya,KEN,1984,10753527.417594
Kenya,KEN,1983,23738842.6826748
Kenya,KEN,1982,13000894.9566675
Kenya,KEN,1981,14147557.1804225
Kenya,KEN,1980,78973745.6201712
Kenya,KEN,1979,84009903.2805679
Kenya,KEN,1978,34414129.6353199
Kenya,KEN,1977,56545225.6651086
Kenya,KEN,1976,46371850.8569701
Kenya,KEN,1975,17158747.4682439
Kenya,KEN,1974,23420000.0
Kenya,KEN,1973,17260000.0
Kenya,KEN,1972,6299999.9
Kenya,KEN,1971,7400000.0
Kenya,KEN,1970,13800000.0
Kiribati,KIR,2024,8072777.37604076
Kiribati,KIR,2023,5110622.6979706
Kiribati,KIR,2022,4270167.12694067
Kiribati,KIR,2021,1031375.96193945
Kiribati,KIR,2020,2624092.83886644
Kiribati,KIR,2019,-558280.502283039
Kiribati,KIR,2018,-1144364.71702218
Kiribati,KIR,2017,784797.254894665
Kiribati,KIR,2016,1806963.91645453
Kiribati,KIR,2015,-819824.352875235
Kiribati,KIR,2014,2632144.43660902
Kiribati,KIR,2013,838137.953237838
Kiribati,KIR,2012,-2385943.81953429
Kiribati,KIR,2011,-348737.579186123
Kiribati,KIR,2010,-6602470.86768583
Kiribati,KIR,2009,4995548.97813979
Kiribati,KIR,2008,-1267679.26219092
Kiribati,KIR,2007,1153044.68975731
Kiribati,KIR,2006,568432.866937296
Kiribati,KIR,2005,2606020.0
Kiribati,KIR,2004,1953670.0
Kiribati,KIR,2003,670760.0
Kiribati,KIR,2002,249790.0
Kiribati,KIR,2001,-273480.0
Kiribati,KIR,2000,721810.0
Kiribati,KIR,1999,451630.0
Kiribati,KIR,1998,439750.0
Kiribati,KIR,1997,512100.0
Kiribati,KIR,1996,538400.0
Kiribati,KIR,1995,387690.0
Kiribati,KIR,1994,431365.118281169
Kiribati,KIR,1993,-769774.779675769
Kiribati,KIR,1992,406859.823082074
Kiribati,KIR,1991,427651.416059778
Kiribati,KIR,1990,299752.548026758
Kiribati,KIR,1989,180294.639397541
Kiribati,KIR,1988,257049.65850419
Kiribati,KIR,1987,219160.04985366
Kiribati,KIR,1986,106285.257840284
Kiribati,KIR,1985,219289.822305159
Kiribati,KIR,1984,0.0
Kiribati,KIR,1983,-900888.727405249
Kiribati,KIR,1982,0.0
Kiribati,KIR,1981,0.0
Kiribati,KIR,1980,0.0
Kiribati,KIR,1979,0.0
"Korea, Dem. People's Rep.",PRK,1989,203000.0
"Korea, Dem. People's Rep.",PRK,1988,136000.0
"Korea, Dem. People's Rep.",PRK,1987,134000.0
"Korea, Dem. People's Rep.",PRK,1986,313000.0
"Korea, Rep.",KOR,2024,12862500000.0
"Korea, Rep.",KOR,2023,18599100000.0
"Korea, Rep.",KOR,2022,25044700000.0
"Korea, Rep.",KOR,2021,22060400000.0
"Korea, Rep.",KOR,2020,8764900000.0
"Korea, Rep.",KOR,2019,9634300000.0
"Korea, Rep.",KOR,2018,12182600000.0
"Korea, Rep.",KOR,2017,17912900000.0
"Korea, Rep.",KOR,2016,12104300000.0
"Korea, Rep.",KOR,2015,4104100000.0
"Korea, Rep.",KOR,2014,9273600000.0
"Korea, Rep.",KOR,2013,12766600000.0
"Korea, Rep.",KOR,2012,9495900000.0
"Korea, Rep.",KOR,2011,9773000000.0
"Korea, Rep.",KOR,2010,9497400000.0
"Korea, Rep.",KOR,2009,9021900000.0
"Korea, Rep.",KOR,2008,11187500000.0
"Korea, Rep.",KOR,2007,8826900000.0
"Korea, Rep.",KOR,2006,9161900000.0
"Korea, Rep.",KOR,2005,13643200000.0
"Korea, Rep.",KOR,2004,13294400000.0
"Korea, Rep.",KOR,2003,7010000000.0
"Korea, Rep.",KOR,2002,5475100000.0
"Korea, Rep.",KOR,2001,6522300000.0
"Korea, Rep.",KOR,2000,11509400000.0
"Korea, Rep.",KOR,1999,10726300000.0
"Korea, Rep.",KOR,1998,5989200000.0
"Korea, Rep.",KOR,1997,3301100000.0
"Korea, Rep.",KOR,1996,2782600000.0
"Korea, Rep.",KOR,1995,2487100000.0
"Korea, Rep.",KOR,1994,1136600000.0
"Korea, Rep.",KOR,1993,832300000.0
"Korea, Rep.",KOR,1992,1001600000.0
"Korea, Rep.",KOR,1991,1455200000.0
"Korea, Rep.",KOR,1990,1045600000.0
"Korea, Rep.",KOR,1989,1389600000.0
"Korea, Rep.",KOR,1988,1293100000.0
"Korea, Rep.",KOR,1987,838600000.0
"Korea, Rep.",KOR,1986,682500000.0
"Korea, Rep.",KOR,1985,355300000.0
"Korea, Rep.",KOR,1984,223300000.0
"Korea, Rep.",KOR,1983,184300000.0
"Korea, Rep.",KOR,1982,120900000.0
"Korea, Rep.",KOR,1981,155100000.0
"Korea, Rep.",KOR,1980,47100000.0
"Korea, Rep.",KOR,1979,172000000.0
"Korea, Rep.",KOR,1978,89000000.0
"Korea, Rep.",KOR,1977,94000000.0
"Korea, Rep.",KOR,1976,81000000.0
"Korea, Rep.",KOR,1975,6000000.0
"Korea, Rep.",KOR,1974,2000000.0
"Korea, Rep.",KOR,1973,4000000.0
"Korea, Rep.",KOR,1972,496000000.0
"Korea, Rep.",KOR,1971,42000000.0
"Korea, Rep.",KOR,1970,66000000.0
Kosovo,XKX,2024,859811341.965554
Kosovo,XKX,2023,908658506.572891
Kosovo,XKX,2022,764162311.373721
Kosovo,XKX,2021,500927943.330253
Kosovo,XKX,2020,394625250.470224
Kosovo,XKX,2019,285081551.307002
Kosovo,XKX,2018,318542991.552637
Kosovo,XKX,2017,286835212.112418
Kosovo,XKX,2016,243787145.164529
Kosovo,XKX,2015,343350610.602172
Kosovo,XKX,2014,199888379.069601
Kosovo,XKX,2013,371492237.256818
Kosovo,XKX,2012,293089797.087295
Kosovo,XKX,2011,535326481.785875
Kosovo,XKX,2010,490048756.138961
Kosovo,XKX,2009,403147913.087694
Kosovo,XKX,2008,543965991.804769
Kosovo,XKX,2007,604021946.026208
Kosovo,XKX,2006,370137201.228158
Kosovo,XKX,2005,133876754.508646
Kosovo,XKX,2004,53385313.2581317
Kuwait,KWT,2024,614580245.831756
Kuwait,KWT,2023,2114603344.83449
Kuwait,KWT,2022,752255305.966945
Kuwait,KWT,2021,-272335307.098366
Kuwait,KWT,2020,-558055522.567384
Kuwait,KWT,2019,515617569.386936
Kuwait,KWT,2018,-21377568.8207292
Kuwait,KWT,2017,113012065.007347
Kuwait,KWT,2016,292026510.202095
Kuwait,KWT,2015,284647623.805361
Kuwait,KWT,2014,485806657.75508
Kuwait,KWT,2013,1433630444.12308
Kuwait,KWT,2012,2872588962.21562
Kuwait,KWT,2011,3259067552.45619
Kuwait,KWT,2010,1304627500.01184
Kuwait,KWT,2009,1113588046.64934
Kuwait,KWT,2008,-5951752.85941426
Kuwait,KWT,2007,111535690.174729
Kuwait,KWT,2006,121305596.280329
Kuwait,KWT,2005,233904109.589041
Kuwait,KWT,2004,23752969.1211401
Kuwait,KWT,2003,-67111499.3383339
Kuwait,KWT,2002,3619441.97735906
Kuwait,KWT,2001,-111516284.529561
Kuwait,KWT,2000,16299834.3665164
Kuwait,KWT,1999,72269842.4517434
Kuwait,KWT,1998,59063714.1284735
Kuwait,KWT,1997,19779208.9756995
Kuwait,KWT,1996,347351454.62161
Kuwait,KWT,1995,6701341.17431203
Kuwait,KWT,1994,1519181869.02587
Kuwait,KWT,1993,13252100.0
Kuwait,KWT,1992,35300000.0
Kuwait,KWT,1991,800000.0
Kuwait,KWT,1990,5600000.0
Kuwait,KWT,1989,3660000.0
Kuwait,KWT,1988,16320000.0
Kuwait,KWT,1987,-6320000.0
Kuwait,KWT,1986,-14529999.9
Kuwait,KWT,1985,7250000.0
Kuwait,KWT,1984,-6030000.0
Kuwait,KWT,1983,40000.0
Kuwait,KWT,1982,-90000.0
Kuwait,KWT,1981,1210000.0
Kuwait,KWT,1980,830000.0
Kuwait,KWT,1979,1280000.0
Kuwait,KWT,1978,760000.0
Kuwait,KWT,1977,1330000.0
Kuwait,KWT,1976,-510000.0
Kuwait,KWT,1975,250000.0
Kuwait,KWT,1974,120000.0
Kuwait,KWT,1973,300000.0
Kuwait,KWT,1972,10000.0
Kuwait,KWT,1971,10000.0
Kuwait,KWT,1970,25989999.9
Kyrgyz Republic,KGZ,2024,705333330.0
Kyrgyz Republic,KGZ,2023,159000000.0
Kyrgyz Republic,KGZ,2022,54849000.0
Kyrgyz Republic,KGZ,2021,226205400.0
Kyrgyz Republic,KGZ,2020,-401518600.0
Kyrgyz Republic,KGZ,2019,403865100.0
Kyrgyz Republic,KGZ,2018,144222600.0
Kyrgyz Republic,KGZ,2017,-107212800.0
Kyrgyz Republic,KGZ,2016,619220700.0
Kyrgyz Republic,KGZ,2015,1144054000.0
Kyrgyz Republic,KGZ,2014,343010700.0
Kyrgyz Republic,KGZ,2013,612016900.0
Kyrgyz Republic,KGZ,2012,260927500.0
Kyrgyz Republic,KGZ,2011,685760800.0
Kyrgyz Republic,KGZ,2010,472768300.0
Kyrgyz Republic,KGZ,2009,189377400.0
Kyrgyz Republic,KGZ,2008,376992152.1
Kyrgyz Republic,KGZ,2007,207919477.6
Kyrgyz Republic,KGZ,2006,182022902.5
Kyrgyz Republic,KGZ,2005,42565248.3
Kyrgyz Republic,KGZ,2004,175458810.076826
Kyrgyz Republic,KGZ,2003,45544627.8
Kyrgyz Republic,KGZ,2002,4661963.54471303
Kyrgyz Republic,KGZ,2001,5006732.8770432
Kyrgyz Republic,KGZ,2000,-2360124.96095706
Kyrgyz Republic,KGZ,1999,44412800.0
Kyrgyz Republic,KGZ,1998,109228485.0
Kyrgyz Republic,KGZ,1997,83820000.0
Kyrgyz Republic,KGZ,1996,47238000.0
Kyrgyz Republic,KGZ,1995,96090000.0
Kyrgyz Republic,KGZ,1994,38178000.0
Kyrgyz Republic,KGZ,1993,10000000.0
Lao PDR,LAO,2024,988457806.788528
Lao PDR,LAO,2023,1781176779.47452
Lao PDR,LAO,2022,726273736.492143
Lao PDR,LAO,2021,1071913715.60885
Lao PDR,LAO,2020,967706086.202045
Lao PDR,LAO,2019,755524124.249368
Lao PDR,LAO,2018,1358019506.22958
Lao PDR,LAO,2017,1686287305.36006
Lao PDR,LAO,2016,935296172.783646
Lao PDR,LAO,2015,1077759914.58895
Lao PDR,LAO,2014,867646121.708671
Lao PDR,LAO,2013,681397257.103792
Lao PDR,LAO,2012,617755394.539664
Lao PDR,LAO,2011,300743507.13
Lao PDR,LAO,2010,278805903.12
Lao PDR,LAO,2009,318598209.09
Lao PDR,LAO,2008,227770000.0
Lao PDR,LAO,2007,323520000.0
Lao PDR,LAO,2006,187310641.0
Lao PDR,LAO,2005,27720000.0
Lao PDR,LAO,2004,16917263.0
Lao PDR,LAO,2003,19484000.8001106
Lao PDR,LAO,2002,4451297.0311068
Lao PDR,LAO,2001,23904284.1333333
Lao PDR,LAO,2000,33890000.0
Lao PDR,LAO,1999,78900000.0
Lao PDR,LAO,1998,45900000.0
Lao PDR,LAO,1997,91000000.0
Lao PDR,LAO,1996,159800000.0
Lao PDR,LAO,1995,95100000.0
Lao PDR,LAO,1994,59200000.0
Lao PDR,LAO,1993,29900000.0
Lao PDR,LAO,1992,7800000.0
Lao PDR,LAO,1991,6900000.0
Lao PDR,LAO,1990,6000000.0
Lao PDR,LAO,1989,4000000.0
Lao PDR,LAO,1988,2000000.0
Lao PDR,LAO,1987,0.0
Lao PDR,LAO,1986,0.0
Lao PDR,LAO,1985,-1620000.0
Lao PDR,LAO,1984,0.0
Lao PDR,LAO,1977,640000.0
Lao PDR,LAO,1975,240000.0
Lao PDR,LAO,1974,430000.0
Lao PDR,LAO,1973,890000.0
Lao PDR,LAO,1972,-130000.0
Lao PDR,LAO,1970,100000.0
Latvia,LVA,2024,1514022170.34634
Latvia,LVA,2023,1689068343.71426
Latvia,LVA,2022,1217386449.16126
Latvia,LVA,2021,3734085089.75473
Latvia,LVA,2020,939356413.88956
Latvia,LVA,2019,1115785160.98483
Latvia,LVA,2018,439128427.014647
Latvia,LVA,2017,1189985285.15419
Latvia,LVA,2016,335420977.516689
Latvia,LVA,2015,812843819.517909
Latvia,LVA,2014,1045107101.19759
Latvia,LVA,2013,989283879.359478
Latvia,LVA,2012,1080778947.54652
Latvia,LVA,2011,1519518896.45561
Latvia,LVA,2010,474983591.197692
Latvia,LVA,2009,-150022148.439266
Latvia,LVA,2008,1434273758.18366
Latvia,LVA,2007,2713412662.12
Latvia,LVA,2006,1705667383.81543
Latvia,LVA,2005,809856372.419322
Latvia,LVA,2004,591589970.743144
Latvia,LVA,2003,316652176.39383
Latvia,LVA,2002,160090702.160432
Latvia,LVA,2001,173500715.825041
Latvia,LVA,2000,324184857.470563
Latvia,LVA,1999,348100000.0
Latvia,LVA,1998,371400000.0
Latvia,LVA,1997,474354000.0
Latvia,LVA,1996,331352000.0
Latvia,LVA,1995,244039000.0
Latvia,LVA,1994,282828000.0
Latvia,LVA,1993,55933000.0
Latvia,LVA,1992,30703329.0
Lebanon,LBN,2024,1842524610.0
Lebanon,LBN,2023,655437382.076387
Lebanon,LBN,2022,526838753.906365
Lebanon,LBN,2021,599788270.817044
Lebanon,LBN,2020,1606894721.93483
Lebanon,LBN,2019,1906392482.4039
Lebanon,LBN,2018,2658003844.61444
Lebanon,LBN,2017,2522409653.4
Lebanon,LBN,2016,2568485071.1
Lebanon,LBN,2015,2159289951.7
Lebanon,LBN,2014,2862509426.6
Lebanon,LBN,2013,2661087127.6
Lebanon,LBN,2012,3111315000.1
Lebanon,LBN,2011,3137050288.4
Lebanon,LBN,2010,4279880834.52716
Lebanon,LBN,2009,4803602660.45614
Lebanon,LBN,2008,4333045470.38383
Lebanon,LBN,2007,3375980757.8597
Lebanon,LBN,2006,2674534372.19901
Lebanon,LBN,2005,2623502612.40255
Lebanon,LBN,2004,1898780570.45821
Lebanon,LBN,2003,2860020313.18819
Lebanon,LBN,2002,1335970000.0
Lebanon,LBN,2001,1453907000.0
Lebanon,LBN,2000,993475000.0
Lebanon,LBN,1999,871676540.0
Lebanon,LBN,1998,1134903120.0
Lebanon,LBN,1997,1799600000.0
Lebanon,LBN,1996,80000000.0
Lebanon,LBN,1995,35000000.0
Lebanon,LBN,1994,22560000.0
Lebanon,LBN,1993,7400000.0
Lebanon,LBN,1992,18460000.0
Lebanon,LBN,1991,1630000.0
Lebanon,LBN,1990,6450000.0
Lebanon,LBN,1989,1590000.0
Lebanon,LBN,1988,-270000.0
Lebanon,LBN,1987,1250000.0
Lebanon,LBN,1986,10480000.0
Lebanon,LBN,1985,6929999.9
Lebanon,LBN,1984,5070000.0
Lebanon,LBN,1983,600000.0
Lebanon,LBN,1982,-670000.0
Lebanon,LBN,1981,1659999.9
Lebanon,LBN,1980,-12160000.0
Lebanon,LBN,1979,290000.0
Lebanon,LBN,1978,2230000.0
Lebanon,LBN,1977,6099999.9
Lebanon,LBN,1976,7490000.0
Lebanon,LBN,1975,5040000.0
Lebanon,LBN,1974,6339999.9
Lebanon,LBN,1973,3950000.0
Lebanon,LBN,1972,760000.0
Lebanon,LBN,1971,-80000.0
Lesotho,LSO,2024,-12572108.0398715
Lesotho,LSO,2023,-25647817.1357354
Lesotho,LSO,2022,-7820069.16054049
Lesotho,LSO,2021,-12372199.9884458
Lesotho,LSO,2020,28001666.9222279
Lesotho,LSO,2019,35732595.8160095
Lesotho,LSO,2018,40874067.2749006
Lesotho,LSO,2017,42168765.5665983
Lesotho,LSO,2016,79234566.0376044
Lesotho,LSO,2015,113220010.397593
Lesotho,LSO,2014,94460146.9805723
Lesotho,LSO,2013,50427512.809291
Lesotho,LSO,2012,56652703.2135149
Lesotho,LSO,2011,61173319.2085145
Lesotho,LSO,2010,9508668.85923674
Lesotho,LSO,2009,91348357.1137564
Lesotho,LSO,2008,11009973.0619521
Lesotho,LSO,2007,75618842.2948835
Lesotho,LSO,2006,24322286.6909769
Lesotho,LSO,2005,27438279.6374854
Lesotho,LSO,2004,55671430.9384429
Lesotho,LSO,2003,43948139.9839825
Lesotho,LSO,2002,28391254.9617369
Lesotho,LSO,2001,29695245.8764432
Lesotho,LSO,2000,32403928.0879325
Lesotho,LSO,1999,22038152.5750662
Lesotho,LSO,1998,28350686.7933334
Lesotho,LSO,1997,32679906.4992636
Lesotho,LSO,1996,29073624.9984808
Lesotho,LSO,1995,24176205.2719455
Lesotho,LSO,1994,43269331.9015972
Lesotho,LSO,1993,15656906.5242141
Lesotho,LSO,1992,8369826.86670975
Lesotho,LSO,1991,7989961.08100077
Lesotho,LSO,1990,16478706.5164181
Lesotho,LSO,1989,13736893.7082981
Lesotho,LSO,1988,21346470.5929797
Lesotho,LSO,1987,5928503.36647174
Lesotho,LSO,1986,2254225.6290837
Lesotho,LSO,1985,4894588.44392393
Lesotho,LSO,1984,2414764.08844348
Lesotho,LSO,1983,5053210.87331657
Lesotho,LSO,1982,3242231.25191236
Lesotho,LSO,1981,4785894.2316913
Lesotho,LSO,1980,4493898.80340982
Lesotho,LSO,1979,200000.0
Lesotho,LSO,1978,20000.0
Lesotho,LSO,1977,440000.0
Lesotho,LSO,1976,0.0
Lesotho,LSO,1975,0.0
Liberia,LBR,2024,471538316.99677
Liberia,LBR,2023,312281351.862
Liberia,LBR,2022,123765393.588
Liberia,LBR,2021,-39290946.93
Liberia,LBR,2020,-94014462.196
Liberia,LBR,2019,86681700.4596762
Liberia,LBR,2018,129129754.833293
Liberia,LBR,2017,247842983.014049
Liberia,LBR,2016,311699760.322874
Liberia,LBR,2015,232679832.473779
Liberia,LBR,2014,501870828.620424
Liberia,LBR,2013,1998675365.66
Liberia,LBR,2012,2309981241.25
Liberia,LBR,2011,2086006933.33333
Liberia,LBR,2010,2064680994.23868
Liberia,LBR,2009,127803424.522852
Liberia,LBR,2008,283536077.408014
Liberia,LBR,2007,131637661.595465
Liberia,LBR,2006,107856671.53394
Liberia,LBR,2005,82802111.4380609
Liberia,LBR,2004,75351731.6495429
Liberia,LBR,2003,372220000.0
Liberia,LBR,2002,2800000.0
Liberia,LBR,2001,8300000.0
Liberia,LBR,2000,20800000.0
Liberia,LBR,1999,256260000.0
Liberia,LBR,1998,190310000.0
Liberia,LBR,1997,213820000.0
Liberia,LBR,1996,-132130000.0
Liberia,LBR,1995,4600000.0
Liberia,LBR,1994,17380000.0
Liberia,LBR,1993,-53620000.0
Liberia,LBR,1992,-10850000.0
Liberia,LBR,1991,8410000.0
Liberia,LBR,1990,225240000.0
Liberia,LBR,1989,656039999.9
Liberia,LBR,1988,290149999.9
Liberia,LBR,1987,829049.407289882
Liberia,LBR,1986,-355306.888838521
Liberia,LBR,1985,-348846.763586911
Liberia,LBR,1984,779521.780685677
Liberia,LBR,1983,1057307.16723739
Liberia,LBR,1982,749374.529936074
Liberia,LBR,1981,287949999.9
Liberia,LBR,1980,71920000.0
Liberia,LBR,1979,41210000.0
Liberia,LBR,1978,144690000.0
Liberia,LBR,1977,170449999.9
Liberia,LBR,1976,83170000.0
Liberia,LBR,1975,180410000.0
Liberia,LBR,1974,57710000.0
Liberia,LBR,1973,74840000.0
Liberia,LBR,1972,20649999.9
Liberia,LBR,1971,-33960000.0
Liberia,LBR,1970,57140000.0
Libya,LBY,2023,794700000.0
Libya,LBY,2022,702000000.0
Libya,LBY,2021,603000000.0
Libya,LBY,2013,702000000.0
Libya,LBY,2012,1425000000.0
Libya,LBY,2010,1784000000.0
Libya,LBY,2009,1371000000.0
Libya,LBY,2008,4111300000.0
Libya,LBY,2007,4689000000.0
Libya,LBY,2006,2064000000.0
Libya,LBY,2005,1038000000.0
Libya,LBY,2004,357000000.0
Libya,LBY,2003,143000000.0
Libya,LBY,2002,145000000.0
Libya,LBY,2001,-133000000.0
Libya,LBY,2000,141000000.0
Libya,LBY,1999,-128069471.477123
Libya,LBY,1998,-127894074.619937
Libya,LBY,1997,-67915602.7333997
Libya,LBY,1996,-111721670.754033
Libya,LBY,1995,-88486065.3924703
Libya,LBY,1994,-72624307.4611704
Libya,LBY,1993,58152864.1986836
Libya,LBY,1992,99093118.9194453
Libya,LBY,1991,91903803.1080736
Libya,LBY,1990,158911104.554973
Libya,LBY,1989,125166197.303941
Libya,LBY,1988,97982197.0463219
Libya,LBY,1987,-97633681.2854538
Libya,LBY,1986,-176920553.658922
Libya,LBY,1985,119235407.173716
Libya,LBY,1984,-16888867.8944498
Libya,LBY,1983,-326630705.630301
Libya,LBY,1982,-391821735.945326
Libya,LBY,1981,-744126662.801779
Libya,LBY,1980,-1089340260.37543
Libya,LBY,1979,-587736574.400142
Libya,LBY,1978,-702581652.156492
Libya,LBY,1977,-451273599.654362
Libya,LBY,1976,262850000.0
Libya,LBY,1975,-576299999.9
Libya,LBY,1974,6200000.0
Libya,LBY,1973,-201280000.0
Libya,LBY,1972,125980000.0
Libya,LBY,1971,70780000.0
Libya,LBY,1970,317220000.0
Liechtenstein,LIE,2018,-87212093508.4059
Liechtenstein,LIE,2017,38999586460.5875
Liechtenstein,LIE,2016,60669833862.7331
Liechtenstein,LIE,2015,80400430107.7698
Liechtenstein,LIE,2014,9340073894.6221
Liechtenstein,LIE,2013,1154916692.2121
Liechtenstein,LIE,2012,29482974346.8535
Liechtenstein,LIE,2011,26414902947.0333
Liechtenstein,LIE,2010,29875940865.4872
Liechtenstein,LIE,2009,29934896948.2693
Liechtenstein,LIE,2008,16214866193.267
Liechtenstein,LIE,2007,33538242375.2676
Liechtenstein,LIE,2006,44598433611.9441
Liechtenstein,LIE,2005,-266949356.7195
Liechtenstein,LIE,2004,1845838359.4692
Liechtenstein,LIE,2003,17305461701.2587
Liechtenstein,LIE,2002,6864257254.8617
Liechtenstein,LIE,2001,9389136115.5717
Liechtenstein,LIE,2000,19854574737.6898
Lithuania,LTU,2024,4700199442.92396
Lithuania,LTU,2023,3831114463.91848
Lithuania,LTU,2022,2419329634.05406
Lithuania,LTU,2021,2507626415.82615
Lithuania,LTU,2020,4560496002.83869
Lithuania,LTU,2019,3434299309.82762
Lithuania,LTU,2018,1299841764.3737
Lithuania,LTU,2017,1383731106.4056
Lithuania,LTU,2016,1177533775.88122
Lithuania,LTU,2015,1036954105.5948
Lithuania,LTU,2014,357323216.168925
Lithuania,LTU,2013,768657971.982436
Lithuania,LTU,2012,677182759.667043
Lithuania,LTU,2011,1880811089.20548
Lithuania,LTU,2010,1102696146.69551
Lithuania,LTU,2009,-360197700.774579
Lithuania,LTU,2008,1727292156.14543
Lithuania,LTU,2007,2601486958.03571
Lithuania,LTU,2006,2259381844.95682
Lithuania,LTU,2005,1292550783.57242
Lithuania,LTU,2004,879540745.774168
Lithuania,LTU,2003,217398839.893753
Lithuania,LTU,2002,660790497.921647
Lithuania,LTU,2001,442400000.0
Lithuania,LTU,2000,380272500.0
Lithuania,LTU,1999,564537500.0
Lithuania,LTU,1998,918775000.0
Lithuania,LTU,1997,362287500.0
Lithuania,LTU,1996,152400000.0
Lithuania,LTU,1995,72557500.0
Lithuania,LTU,1994,31304837.6374328
Lithuania,LTU,1993,30175186.8400217
Lithuania,LTU,1992,10000000.0
Luxembourg,LUX,2024,105986643430.0
Luxembourg,LUX,2023,-9279442930.0
Luxembourg,LUX,2022,-316383115840.0
Luxembourg,LUX,2021,24809164820.0
Luxembourg,LUX,2020,-3358058080.0
Luxembourg,LUX,2019,163717596800.0
Luxembourg,LUX,2018,-83336482550.0
Luxembourg,LUX,2017,-27369776660.0
Luxembourg,LUX,2016,17580970090.0
Luxembourg,LUX,2015,45432153560.0
Luxembourg,LUX,2014,20060313790.0
Luxembourg,LUX,2013,23299023840.0
Luxembourg,LUX,2012,2824125590.0
Luxembourg,LUX,2011,8843156720.0
Luxembourg,LUX,2010,39128528760.0
Luxembourg,LUX,2009,27255154250.0
Luxembourg,LUX,2008,7117112830.0
Luxembourg,LUX,2007,-29679425810.0
Luxembourg,LUX,2006,32219534640.0
Luxembourg,LUX,2005,4644769480.0
Luxembourg,LUX,2004,5179643440.0
Luxembourg,LUX,2003,4291105680.0
Luxembourg,LUX,2002,4243174360.0
"Macao SAR, China",MAC,2024,1891452332.65239
"Macao SAR, China",MAC,2023,1144351033.57612
"Macao SAR, China",MAC,2022,3335746381.09815
"Macao SAR, China",MAC,2021,5628316103.98647
"Macao SAR, China",MAC,2020,-6213336210.19689
"Macao SAR, China",MAC,2019,6479147402.60284
"Macao SAR, China",MAC,2018,1721703376.81634
"Macao SAR, China",MAC,2017,1701002327.73208
"Macao SAR, China",MAC,2016,1859188732.28442
"Macao SAR, China",MAC,2015,486517486.302295
"Macao SAR, China",MAC,2014,2424230566.70926
"Macao SAR, China",MAC,2013,3774560563.63993
"Macao SAR, China",MAC,2012,3565735906.12655
"Macao SAR, China",MAC,2011,1754336190.32971
"Macao SAR, China",MAC,2010,3629274388.55483
"Macao SAR, China",MAC,2009,-412628204.994395
"Macao SAR, China",MAC,2008,3982611127.76311
"Macao SAR, China",MAC,2007,5314514355.6461
"Macao SAR, China",MAC,2006,2916866632.75465
"Macao SAR, China",MAC,2005,1775023637.88
"Macao SAR, China",MAC,2004,771496386.166367
"Macao SAR, China",MAC,2003,506111200.953584
"Macao SAR, China",MAC,2002,393961071.024012
"Macao SAR, China",MAC,2001,160004980.0
"Macao SAR, China",MAC,2000,-790000.0
"Macao SAR, China",MAC,1999,9420000.0
"Macao SAR, China",MAC,1998,-17890000.0
"Macao SAR, China",MAC,1997,2310000.0
"Macao SAR, China",MAC,1996,5940000.0
"Macao SAR, China",MAC,1995,2190000.0
"Macao SAR, China",MAC,1994,3480000.0
"Macao SAR, China",MAC,1993,-3600000.0
"Macao SAR, China",MAC,1992,-19500000.0
"Macao SAR, China",MAC,1991,10720000.0
"Macao SAR, China",MAC,1990,480000.0
"Macao SAR, China",MAC,1989,-600000.0
"Macao SAR, China",MAC,1988,350000.0
"Macao SAR, China",MAC,1987,-90000.0
"Macao SAR, China",MAC,1986,50000.0
"Macao SAR, China",MAC,1985,-380000.0
"Macao SAR, China",MAC,1983,8150000.0
"Macao SAR, China",MAC,1982,260000.0
"Macao SAR, China",MAC,1979,320000.0
"Macao SAR, China",MAC,1976,1220000.0
"Macao SAR, China",MAC,1973,120000.0
"Macao SAR, China",MAC,1972,320000.0
"Macao SAR, China",MAC,1971,20000.0
Madagascar,MDG,2024,606208749.393671
Madagascar,MDG,2023,519515232.451645
Madagascar,MDG,2022,467848664.235501
Madagascar,MDG,2021,357536665.264703
Madagascar,MDG,2020,358467141.414301
Madagascar,MDG,2019,474311425.432436
Madagascar,MDG,2018,612036371.422121
Madagascar,MDG,2017,464856589.648808
Madagascar,MDG,2016,540842779.829333
Madagascar,MDG,2015,328059305.569319
Madagascar,MDG,2014,372872463.262776
Madagascar,MDG,2013,565848886.014276
Madagascar,MDG,2012,814789934.7302
Madagascar,MDG,2011,815534454.532062
Madagascar,MDG,2010,912287179.835568
Madagascar,MDG,2009,1293330142.26094
Madagascar,MDG,2008,1134497642.4209
Madagascar,MDG,2007,789389724.084497
Madagascar,MDG,2006,294681941.542682
Madagascar,MDG,2005,85428623.9021931
Madagascar,MDG,2004,52910748.0
Madagascar,MDG,2003,12874087.0
Madagascar,MDG,2002,14661798.0720596
Madagascar,MDG,2001,93059223.9999997
Madagascar,MDG,2000,82952580.7054988
Madagascar,MDG,1999,58385285.9149158
Madagascar,MDG,1998,16635429.8022046
Madagascar,MDG,1997,14005421.1259566
Madagascar,MDG,1996,10161891.7977257
Madagascar,MDG,1995,9710167.97434065
Madagascar,MDG,1994,5728097.91776414
Madagascar,MDG,1993,15357022.02314
Madagascar,MDG,1992,21132352.1522201
Madagascar,MDG,1991,13681239.6478075
Madagascar,MDG,1990,22387360.4554662
Madagascar,MDG,1989,12816215.1627363
Madagascar,MDG,1988,2910000.0
Madagascar,MDG,1987,3470000.0
Madagascar,MDG,1986,14039999.9
Madagascar,MDG,1985,-180000.0
Madagascar,MDG,1984,8570000.0
Madagascar,MDG,1983,3710000.0
Madagascar,MDG,1982,-90000.0
Madagascar,MDG,1981,-800000.0
Madagascar,MDG,1980,-790000.0
Madagascar,MDG,1979,-6581395.80526257
Madagascar,MDG,1978,-3678181.29499726
Madagascar,MDG,1977,-2767842.15201272
Madagascar,MDG,1976,1381044.46728693
Madagascar,MDG,1975,4572770.62885884
Madagascar,MDG,1974,13709798.8710188
Madagascar,MDG,1973,11000000.0
Madagascar,MDG,1972,12000000.0
Madagascar,MDG,1971,1080000.0
Madagascar,MDG,1970,10000000.0
Malawi,MWI,2024,257972995.435814
Malawi,MWI,2023,213960519.975336
Malawi,MWI,2022,198726519.112982
Malawi,MWI,2021,129497084.504879
Malawi,MWI,2020,252179040.150445
Malawi,MWI,2019,55227831.6285934
Malawi,MWI,2018,77012306.002161
Malawi,MWI,2017,90200000.0
Malawi,MWI,2016,115700000.0
Malawi,MWI,2015,287746689.246669
Malawi,MWI,2014,598086538.121967
Malawi,MWI,2013,451362406.595843
Malawi,MWI,2012,-8885976.21902262
Malawi,MWI,2011,812751769.848632
Malawi,MWI,2010,97010558.6926789
Malawi,MWI,2009,49130371.2258416
Malawi,MWI,2008,195425887.191773
Malawi,MWI,2007,124388649.054177
Malawi,MWI,2006,35561803.9812517
Malawi,MWI,2005,139696402.63469
Malawi,MWI,2004,107811374.012919
Malawi,MWI,2003,65885630.0222282
Malawi,MWI,2002,5899999.35886241
Malawi,MWI,2001,19299991.0892369
Malawi,MWI,2000,25999996.3612225
Malawi,MWI,1999,58528206.2830454
Malawi,MWI,1998,12104230.4024249
Malawi,MWI,1997,14868714.3613081
Malawi,MWI,1996,15797661.1266005
Malawi,MWI,1995,5643045.57927181
Malawi,MWI,1994,24992617.8909746
Malawi,MWI,1993,8000000.0
Malawi,MWI,1992,-7100000.0
Malawi,MWI,1991,-28700000.0
Malawi,MWI,1990,23300000.0
Malawi,MWI,1989,9289999.9
Malawi,MWI,1988,17440000.0
Malawi,MWI,1987,90549.2604955082
Malawi,MWI,1986,-2930000.0
Malawi,MWI,1985,523530.769193591
Malawi,MWI,1984,27289999.9
Malawi,MWI,1983,2553705.85480272
Malawi,MWI,1982,6000000.0
Malawi,MWI,1981,1116945.1859526
Malawi,MWI,1980,9481641.54241471
Malawi,MWI,1979,-1224173.13630506
Malawi,MWI,1978,9125979.11528687
Malawi,MWI,1977,5537539.58685068
Malawi,MWI,1976,9699999.9
Malawi,MWI,1975,22109999.9
Malawi,MWI,1974,22699999.9
Malawi,MWI,1973,7700000.0
Malawi,MWI,1972,10100000.0
Malawi,MWI,1971,9599999.9
Malawi,MWI,1970,8599999.9
Malaysia,MYS,2024,15593246086.7664
Malaysia,MYS,2023,7918601050.23635
Malaysia,MYS,2022,15027992710.6144
Malaysia,MYS,2021,20245157326.8023
Malaysia,MYS,2020,4058769678.64231
Malaysia,MYS,2019,9154921685.03934
Malaysia,MYS,2018,8304480741.65266
Malaysia,MYS,2017,9368469822.66145
Malaysia,MYS,2016,13470089920.807
Malaysia,MYS,2015,9857162111.82329
Malaysia,MYS,2014,10619431582.9781
Malaysia,MYS,2013,11296279513.9209
Malaysia,MYS,2012,8895774250.70401
Malaysia,MYS,2011,15119439203.9543
Malaysia,MYS,2010,10885801851.6194
Malaysia,MYS,2009,114664434.56228
Malaysia,MYS,2008,7572512432.33634
Malaysia,MYS,2007,9071369834.83859
Malaysia,MYS,2006,7690731245.66746
Malaysia,MYS,2005,3924786634.73868
Malaysia,MYS,2004,4376052631.57894
Malaysia,MYS,2003,3218947368.42105
Malaysia,MYS,2002,3192894736.8421
Malaysia,MYS,2001,553947368.421052
Malaysia,MYS,2000,3787631578.94736
Malaysia,MYS,1999,3895263157.89473
Malaysia,MYS,1998,2163401815.57572
Malaysia,MYS,1997,5136514575.67471
Malaysia,MYS,1996,5078414947.87738
Malaysia,MYS,1995,4178239335.0381
Malaysia,MYS,1994,4341800916.32296
Malaysia,MYS,1993,5005642759.8826
Malaysia,MYS,1992,5183358086.40239
Malaysia,MYS,1991,3998448522.46005
Malaysia,MYS,1990,2332455289.06141
Malaysia,MYS,1989,1667871568.72095
Malaysia,MYS,1988,719418050.366902
Malaysia,MYS,1987,422679709.984833
Malaysia,MYS,1986,488874111.042602
Malaysia,MYS,1985,694712466.229254
Malaysia,MYS,1984,797476861.322828
Malaysia,MYS,1983,1260527733.35506
Malaysia,MYS,1982,1397196045.41608
Malaysia,MYS,1981,1264688331.16862
Malaysia,MYS,1980,933903976.260897
Malaysia,MYS,1979,573467421.839787
Malaysia,MYS,1978,499991004.965365
Malaysia,MYS,1977,405885818.525049
Malaysia,MYS,1976,381259652.112456
Malaysia,MYS,1975,350491202.931934
Malaysia,MYS,1974,570819254.595405
Malaysia,MYS,1973,172000000.0
Malaysia,MYS,1972,114000000.0
Malaysia,MYS,1971,100000000.0
Malaysia,MYS,1970,94000000.0
Maldives,MDV,2024,806204043.653671
Maldives,MDV,2023,766835023.508003
Maldives,MDV,2022,731709063.613552
Maldives,MDV,2021,642830713.618008
Maldives,MDV,2020,440711709.435094
Maldives,MDV,2019,961037565.723003
Maldives,MDV,2018,575658028.152192
Maldives,MDV,2017,457808313.566538
Maldives,MDV,2016,456639057.30469
Maldives,MDV,2015,297975993.392527
Maldives,MDV,2014,333375218.034334
Maldives,MDV,2013,360816336.210787
Maldives,MDV,2012,227976866.718899
Maldives,MDV,2011,423530663.953749
Maldives,MDV,2010,216468945.675274
Maldives,MDV,2009,157963586.774204
Maldives,MDV,2008,181255431.772407
Maldives,MDV,2007,132432080.785582
Maldives,MDV,2006,63826812.8939882
Maldives,MDV,2005,52991121.0580686
Maldives,MDV,2004,52933701.7280929
Maldives,MDV,2003,31774435.5684086
Maldives,MDV,2002,24718599.7690471
Maldives,MDV,2001,20541053.2565792
Maldives,MDV,2000,22312447.8248753
Maldives,MDV,1999,12322250.0
Maldives,MDV,1998,11517966.6239708
Maldives,MDV,1997,11408883.3989708
Maldives,MDV,1996,9315251.94973543
Maldives,MDV,1995,7230710.76205489
Maldives,MDV,1994,8742866.2011335
Maldives,MDV,1993,6900000.0
Maldives,MDV,1992,6600000.0
Maldives,MDV,1991,6500000.0
Maldives,MDV,1990,5600000.0
Maldives,MDV,1989,4400000.0
Maldives,MDV,1988,1200000.0
Maldives,MDV,1987,5100000.0
Maldives,MDV,1986,5400000.0
Maldives,MDV,1985,1210000.0
Maldives,MDV,1984,-140000.0
Maldives,MDV,1983,240000.0
Maldives,MDV,1982,-2879999.9
Maldives,MDV,1981,-30000.0
Maldives,MDV,1980,-130000.0
Maldives,MDV,1979,800000.0
Maldives,MDV,1978,970000.0
Maldives,MDV,1977,1200000.0
Maldives,MDV,1976,180000.0
Maldives,MDV,1975,1970000.0
Maldives,MDV,1974,70000.0
Maldives,MDV,1973,-200000.0
Mali,MLI,2024,921044497.586045
Mali,MLI,2023,702559730.160354
Mali,MLI,2022,715469994.852307
Mali,MLI,2021,639944165.358959
Mali,MLI,2020,536851812.897275
Mali,MLI,2019,859091549.188966
Mali,MLI,2018,467295391.077839
Mali,MLI,2017,560747464.368764
Mali,MLI,2016,356476591.902582
Mali,MLI,2015,275525536.040376
Mali,MLI,2014,144214831.237
Mali,MLI,2013,307940910.774012
Mali,MLI,2012,397842480.253921
Mali,MLI,2011,556875894.544289
Mali,MLI,2010,371932364.723095
Mali,MLI,2009,649211715.168639
Mali,MLI,2008,267511185.910909
Mali,MLI,2007,206337322.649108
Mali,MLI,2006,148327333.705249
Mali,MLI,2005,160281952.808321
Mali,MLI,2004,84992921.5331431
Mali,MLI,2003,72517997.3250874
Mali,MLI,2002,-12371106.2038469
Mali,MLI,2001,208998473.655231
Mali,MLI,2000,60331623.1100394
Mali,MLI,1999,30998905.1859112
Mali,MLI,1998,9556713.35023084
Mali,MLI,1997,74360591.896402
Mali,MLI,1996,27209332.1745828
Mali,MLI,1995,111429781.431379
Mali,MLI,1994,17416999.6681669
Mali,MLI,1993,4061271.09744007
Mali,MLI,1992,-21874496.9945478
Mali,MLI,1991,1205216.85000778
Mali,MLI,1990,5729716.32402687
Mali,MLI,1989,6363470.80392176
Mali,MLI,1988,7050570.95296409
Mali,MLI,1987,-5989287.91098446
Mali,MLI,1986,-8374099.22913333
Mali,MLI,1985,2893628.24870677
Mali,MLI,1984,10069648.421692
Mali,MLI,1983,3149060.49491759
Mali,MLI,1982,1521577.86376028
Mali,MLI,1981,3680103.97992036
Mali,MLI,1980,2366532.81013673
Mali,MLI,1979,3060000.0
Mali,MLI,1978,-886305.366909783
Mali,MLI,1977,3052755.44136922
Mali,MLI,1976,2573754.87707782
Mali,MLI,1975,2613001.8263408
Mali,MLI,1974,-150000.0
Mali,MLI,1973,600000.0
Mali,MLI,1972,3399999.9
Mali,MLI,1971,-600000.0
Malta,MLT,2024,42586013467.362
Malta,MLT,2023,24601713594.3614
Malta,MLT,2022,21777714703.2213
Malta,MLT,2021,85551145633.2069
Malta,MLT,2020,31484121888.7381
Malta,MLT,2019,32381439863.0004
Malta,MLT,2018,73050789630.2723
Malta,MLT,2017,42459309426.166
Malta,MLT,2016,2776034107.55999
Malta,MLT,2015,3640705146.70853
Malta,MLT,2014,155878728.130936
Malta,MLT,2013,510057778.082709
Malta,MLT,2012,3323599814.67225
Malta,MLT,2011,7806911229.55313
Malta,MLT,2010,9244998119.92181
Malta,MLT,2009,1444871046.00599
Malta,MLT,2008,14837770104.3279
Malta,MLT,2007,35591477412.0333
Malta,MLT,2006,25035392674.1693
Malta,MLT,2005,21801420447.3893
Malta,MLT,2004,7469040204.51317
Malta,MLT,2003,911474591.335864
Malta,MLT,2002,-497796507.906789
Malta,MLT,2001,416889166.287732
Malta,MLT,2000,743185324.698102
Malta,MLT,1999,667032818.087456
Malta,MLT,1998,323284766.09652
Malta,MLT,1997,136993957.138888
Malta,MLT,1996,312996146.994208
Malta,MLT,1995,392188547.165382
Malta,MLT,1994,151693045.263197
Malta,MLT,1993,56441543.4034257
Malta,MLT,1992,84694336.1518443
Malta,MLT,1991,90037665.220384
Malta,MLT,1990,30019824.4123477
Malta,MLT,1989,51651039.8358645
Malta,MLT,1988,40803167.5347834
Malta,MLT,1987,19392652.9824646
Malta,MLT,1986,21883369.2847757
Malta,MLT,1985,18970276.3546413
Malta,MLT,1984,26245343.3921578
Malta,MLT,1983,24511551.5107052
Malta,MLT,1982,20866569.259095
Malta,MLT,1981,39048273.8526508
Malta,MLT,1980,26633728.4130748
Malta,MLT,1979,16179875.627472
Malta,MLT,1978,21536997.8502885
Malta,MLT,1977,18469880.9169504
Malta,MLT,1976,14113136.4229389
Malta,MLT,1975,15853077.5306963
Malta,MLT,1974,10636044.1109678
Malta,MLT,1973,5151890.39620357
Malta,MLT,1972,4455199.05424475
Malta,MLT,1971,11544861.4936237
Malta,MLT,1970,11600000.0
Marshall Islands,MHL,2024,13358825.6776178
Marshall Islands,MHL,2023,9149255.32927748
Marshall Islands,MHL,2022,-7836134.42196505
Marshall Islands,MHL,2021,499428.443349172
Marshall Islands,MHL,2020,3045061.11336896
Marshall Islands,MHL,2019,5164920.15605116
Marshall Islands,MHL,2018,9752051.36249508
Marshall Islands,MHL,2017,5835497.47968519
Marshall Islands,MHL,2016,-3055847.4488757
Marshall Islands,MHL,2015,-5393638.49927042
Marshall Islands,MHL,2014,9047685.07797494
Marshall Islands,MHL,2013,32548149.3245913
Marshall Islands,MHL,2012,21373811.8080675
Marshall Islands,MHL,2011,-4380881.13767906
Marshall Islands,MHL,2010,-9356673.13181814
Marshall Islands,MHL,2009,14649434.9564544
Marshall Islands,MHL,2008,5694746.71577748
Marshall Islands,MHL,2007,6987311.9877883
Marshall Islands,MHL,2006,1876761.72458854
Marshall Islands,MHL,2005,3279622.36154915
Marshall Islands,MHL,2004,1156000.0
Marshall Islands,MHL,2003,-1152000.0
Marshall Islands,MHL,2002,839000.0
Marshall Islands,MHL,2001,739000.0
Marshall Islands,MHL,2000,739000.0
Mauritania,MRT,2024,1440291135.43106
Mauritania,MRT,2023,848351729.722353
Mauritania,MRT,2022,1401620461.82274
Mauritania,MRT,2021,1070252545.01957
Mauritania,MRT,2020,927916265.774285
Mauritania,MRT,2019,-883561115.825519
Mauritania,MRT,2018,772890480.0
Mauritania,MRT,2017,588217194.758538
Mauritania,MRT,2016,271134844.997291
Mauritania,MRT,2015,501726765.733819
Mauritania,MRT,2014,502589833.818159
Mauritania,MRT,2013,1126004759.60199
Mauritania,MRT,2012,1386098850.60853
Mauritania,MRT,2011,588749560.0
Mauritania,MRT,2010,130528390.0
Mauritania,MRT,2009,-3072040.0
Mauritania,MRT,2008,342770660.0
Mauritania,MRT,2007,139372820.0
Mauritania,MRT,2006,154601640.0
Mauritania,MRT,2005,811869180.0
Mauritania,MRT,2004,404102030.0
Mauritania,MRT,2003,101957950.0
Mauritania,MRT,2002,67340350.0
Mauritania,MRT,2001,76700000.0
Mauritania,MRT,2000,40096000.0
Mauritania,MRT,1999,15119460.0
Mauritania,MRT,1998,132643.000207807
Mauritania,MRT,1997,-3329920.0
Mauritania,MRT,1996,-435540.0
Mauritania,MRT,1995,6989378.50785375
Mauritania,MRT,1994,2079708.67893991
Mauritania,MRT,1993,16091938.1652376
Mauritania,MRT,1992,7549402.913472
Mauritania,MRT,1991,2269792.03742309
Mauritania,MRT,1990,6736220.52128174
Mauritania,MRT,1989,3467748.73270641
Mauritania,MRT,1988,1926632.93213602
Mauritania,MRT,1987,1678435.26518826
Mauritania,MRT,1986,4490756.30253107
Mauritania,MRT,1985,6979308.55552842
Mauritania,MRT,1984,8526200.30308129
Mauritania,MRT,1983,1368321.82931921
Mauritania,MRT,1982,14970300.8547559
Mauritania,MRT,1981,12444137.6930377
Mauritania,MRT,1980,27094083.3336738
Mauritania,MRT,1979,63234733.3442284
Mauritania,MRT,1978,2859463.85052803
Mauritania,MRT,1977,4123975.17572434
Mauritania,MRT,1976,1554786.7998946
Mauritania,MRT,1975,-122702517.736017
Mauritania,MRT,1974,3620000.0
Mauritania,MRT,1973,9849999.9
Mauritania,MRT,1972,2109999.9
Mauritania,MRT,1971,4040000.0
Mauritania,MRT,1970,800000.0
Mauritius,MUS,2024,681276230.0
Mauritius,MUS,2023,759847580.0
Mauritius,MUS,2022,545909420.0
Mauritius,MUS,2021,260543730.0
Mauritius,MUS,2020,224668080.0
Mauritius,MUS,2019,444077760.0
Mauritius,MUS,2018,460511370.0
Mauritius,MUS,2017,479995890.0
Mauritius,MUS,2016,378764430.0
Mauritius,MUS,2015,216455190.0
Mauritius,MUS,2014,455562150.0
Mauritius,MUS,2013,293369160.0
Mauritius,MUS,2012,589018300.0
Mauritius,MUS,2011,433331010.0
Mauritius,MUS,2010,429941790.0
Mauritius,MUS,2009,256680711.820915
Mauritius,MUS,2008,377724738.06254
Mauritius,MUS,2007,340763853.718088
Mauritius,MUS,2006,106758059.108919
Mauritius,MUS,2005,41776995.7786911
Mauritius,MUS,2004,13894736.4049871
Mauritius,MUS,2003,62630665.276514
Mauritius,MUS,2002,32073116.0847954
Mauritius,MUS,2001,-27675565.7136838
Mauritius,MUS,2000,265641239.441184
Mauritius,MUS,1999,49353190.6361288
Mauritius,MUS,1998,12170393.8497831
Mauritius,MUS,1997,55277851.5405021
Mauritius,MUS,1996,36661330.2825559
Mauritius,MUS,1995,18692860.9567485
Mauritius,MUS,1994,19988456.0634433
Mauritius,MUS,1993,14732526.727495
Mauritius,MUS,1992,14714189.7155953
Mauritius,MUS,1991,17377628.5393475
Mauritius,MUS,1990,41040223.9046968
Mauritius,MUS,1989,35803826.506635
Mauritius,MUS,1988,23739137.3911879
Mauritius,MUS,1987,17160761.1302289
Mauritius,MUS,1986,7425912.59824639
Mauritius,MUS,1985,7965040.165258
Mauritius,MUS,1984,4927417.21232317
Mauritius,MUS,1983,1623071.53482315
Mauritius,MUS,1982,1747520.13103901
Mauritius,MUS,1981,671400.663051981
Mauritius,MUS,1980,1171220.50952489
Mauritius,MUS,1979,1743787.42730488
Mauritius,MUS,1978,4380787.81238559
Mauritius,MUS,1977,2270213.41301668
Mauritius,MUS,1976,3142995.0502532
Mauritius,MUS,1975,3899999.9
Mauritius,MUS,1974,3609999.9
Mauritius,MUS,1973,1020000.0
Mauritius,MUS,1972,1560000.0
Mauritius,MUS,1971,1300000.0
Mauritius,MUS,1970,1600000.0
Mexico,MEX,2024,45474733959.0
Mexico,MEX,2023,30682691037.0
Mexico,MEX,2022,39206366288.0
Mexico,MEX,2021,35617195058.0
Mexico,MEX,2020,31546860667.0
Mexico,MEX,2019,29948988013.0
Mexico,MEX,2018,37867130066.0
Mexico,MEX,2017,33138670924.0
Mexico,MEX,2016,38902371602.0
Mexico,MEX,2015,36251271532.0
Mexico,MEX,2014,28438489737.0
Mexico,MEX,2013,50929783746.0
Mexico,MEX,2012,18231597858.0
Mexico,MEX,2011,23894805893.0
Mexico,MEX,2010,30534439564.0
Mexico,MEX,2009,19652900330.0
Mexico,MEX,2008,29771543941.0
Mexico,MEX,2007,31020143997.0
Mexico,MEX,2006,22128838519.0
Mexico,MEX,2005,25161667683.0
Mexico,MEX,2004,25142732841.0
Mexico,MEX,2003,18157929031.0
Mexico,MEX,2002,20160111120.0
Mexico,MEX,2001,30060020323.0
Mexico,MEX,2000,18382284821.0
Mexico,MEX,1999,13941043232.0
Mexico,MEX,1998,12756764558.0
Mexico,MEX,1997,12829800000.0
Mexico,MEX,1996,9185600000.0
Mexico,MEX,1995,9526290000.0
Mexico,MEX,1994,10972500000.0
Mexico,MEX,1993,4389000000.0
Mexico,MEX,1992,4393000000.0
Mexico,MEX,1991,4762000000.0
Mexico,MEX,1990,2634000000.0
Mexico,MEX,1989,3174000000.0
Mexico,MEX,1988,2879000000.0
Mexico,MEX,1987,2634000000.0
Mexico,MEX,1986,2400000000.0
Mexico,MEX,1985,1984000000.0
Mexico,MEX,1984,1542000000.0
Mexico,MEX,1983,2192000000.0
Mexico,MEX,1982,1901000000.0
Mexico,MEX,1981,3078000000.0
Mexico,MEX,1980,2090000000.0
Mexico,MEX,1979,1332000000.0
Mexico,MEX,1978,658162999.9
Mexico,MEX,1977,327101999.9
Mexico,MEX,1976,731451000.0
Mexico,MEX,1975,458411000.0
Mexico,MEX,1974,508755999.9
Mexico,MEX,1973,457000000.0
Mexico,MEX,1972,178384999.9
Mexico,MEX,1971,307000000.0
Mexico,MEX,1970,312107000.0
"Micronesia, Fed. Sts.",FSM,2014,20209300.0
Moldova,MDA,2024,458365804.99
Moldova,MDA,2023,360895447.64
Moldova,MDA,2022,586020000.0
Moldova,MDA,2021,386120000.0
Moldova,MDA,2020,155720000.0
Moldova,MDA,2019,521370000.0
Moldova,MDA,2018,309640000.0
Moldova,MDA,2017,149520000.0
Moldova,MDA,2016,87440000.0
Moldova,MDA,2015,225870000.0
Moldova,MDA,2014,345900000.0
Moldova,MDA,2013,241880000.0
Moldova,MDA,2012,251200000.0
Moldova,MDA,2011,372880000.0
Moldova,MDA,2010,297050000.0
Moldova,MDA,2009,263960000.0
Moldova,MDA,2008,726610000.0
Moldova,MDA,2007,536020000.0
Moldova,MDA,2006,258680000.0
Moldova,MDA,2005,190700000.0
Moldova,MDA,2004,151010000.0
Moldova,MDA,2003,73750000.0
Moldova,MDA,2002,84050000.0
Moldova,MDA,2001,103440000.0
Moldova,MDA,2000,127540000.0
Moldova,MDA,1999,37870000.0
Moldova,MDA,1998,75510000.0
Moldova,MDA,1997,78740000.0
Moldova,MDA,1996,23740000.0
Moldova,MDA,1995,66910000.0
Moldova,MDA,1994,11568000.0
Moldova,MDA,1993,14000000.0
Moldova,MDA,1992,17000000.0
Mongolia,MNG,2024,2782176220.49007
Mongolia,MNG,2023,2247573669.88719
Mongolia,MNG,2022,2504294749.65085
Mongolia,MNG,2021,2173385309.77255
Mongolia,MNG,2020,1719115941.52002
Mongolia,MNG,2019,2443343095.41814
Mongolia,MNG,2018,1951528195.81852
Mongolia,MNG,2017,1494350363.46922
Mongolia,MNG,2016,-4156404703.77687
Mongolia,MNG,2015,94319767.4741563
Mongolia,MNG,2014,337768268.083171
Mongolia,MNG,2013,2059702972.91977
Mongolia,MNG,2012,4272473222.93624
Mongolia,MNG,2011,4571161962.8089
Mongolia,MNG,2010,1691421731.58405
Mongolia,MNG,2009,623609218.24768
Mongolia,MNG,2008,844697949.479072
Mongolia,MNG,2007,372759900.0
Mongolia,MNG,2006,245460000.0
Mongolia,MNG,2005,187620000.0
Mongolia,MNG,2004,92920000.0
Mongolia,MNG,2003,131540000.0
Mongolia,MNG,2002,77751000.0
Mongolia,MNG,2001,63000000.0
Mongolia,MNG,2000,53697000.0
Mongolia,MNG,1999,30400000.0
Mongolia,MNG,1998,18900000.0
Mongolia,MNG,1997,25000000.0
Mongolia,MNG,1996,15900000.0
Mongolia,MNG,1995,9800000.0
Mongolia,MNG,1994,6900000.0
Mongolia,MNG,1993,7700000.0
Mongolia,MNG,1992,2000000.0
Mongolia,MNG,1991,11120000.0
Mongolia,MNG,1988,0.0
Mongolia,MNG,1987,0.0
Mongolia,MNG,1986,140000.0
Mongolia,MNG,1985,0.0
Mongolia,MNG,1984,0.0
Mongolia,MNG,1983,0.0
Mongolia,MNG,1982,0.0
Mongolia,MNG,1981,0.0
Montenegro,MNE,2024,599431454.987814
Montenegro,MNE,2023,525868956.944273
Montenegro,MNE,2022,872558550.293814
Montenegro,MNE,2021,693740795.71383
Montenegro,MNE,2020,530903011.481089
Montenegro,MNE,2019,417589860.078767
Montenegro,MNE,2018,485653127.823428
Montenegro,MNE,2017,560665419.031981
Montenegro,MNE,2016,226702405.905001
Montenegro,MNE,2015,699855695.331557
Montenegro,MNE,2014,496993506.510356
Montenegro,MNE,2013,446456998.007452
Montenegro,MNE,2012,618126498.733883
Montenegro,MNE,2011,556662007.527147
Montenegro,MNE,2010,758254398.556855
Montenegro,MNE,2009,1550285725.39206
Montenegro,MNE,2008,975271781.796617
Montenegro,MNE,2007,937357714.730125
Morocco,MAR,2024,1638999697.24143
Morocco,MAR,2023,1060023610.0797
Morocco,MAR,2022,2294356059.17333
Morocco,MAR,2021,2264148625.4107
Morocco,MAR,2020,1418713118.61153
Morocco,MAR,2019,1720825003.13095
Morocco,MAR,2018,3544387229.27821
Morocco,MAR,2017,2680109856.21237
Morocco,MAR,2016,2153363904.93515
Morocco,MAR,2015,3252913902.35666
Morocco,MAR,2014,3525384612.43801
Morocco,MAR,2013,3360909924.3642
Morocco,MAR,2012,2841954371.38454
Morocco,MAR,2011,2521362080.65559
Morocco,MAR,2010,1240625859.11403
Morocco,MAR,2009,1970323920.01346
Morocco,MAR,2008,2466288357.37233
Morocco,MAR,2007,2825801376.44064
Morocco,MAR,2006,2460787164.18439
Morocco,MAR,2005,1670609688.92877
Morocco,MAR,2004,893325392.835824
Morocco,MAR,2003,2312829823.25089
Morocco,MAR,2002,480355698.049861
Morocco,MAR,2001,2824557251.52006
Morocco,MAR,2000,426553283.860635
Morocco,MAR,1999,826974026.933263
Morocco,MAR,1998,308712164.430614
Morocco,MAR,1997,1079341332.03085
Morocco,MAR,1996,357393801.789474
Morocco,MAR,1995,334768272.8902
Morocco,MAR,1994,550924373.94834
Morocco,MAR,1993,491466064.599826
Morocco,MAR,1992,422470462.497986
Morocco,MAR,1991,317462140.572327
Morocco,MAR,1990,165122977.794538
Morocco,MAR,1989,167056032.101148
Morocco,MAR,1988,84661627.5741094
Morocco,MAR,1987,59574900.7832664
Morocco,MAR,1986,549182.496104443
Morocco,MAR,1985,19975166.8598062
Morocco,MAR,1984,46989196.5550045
Morocco,MAR,1983,46123623.5045972
Morocco,MAR,1982,79528177.1036931
Morocco,MAR,1981,58581335.9912382
Morocco,MAR,1980,89416222.5895141
Morocco,MAR,1979,7437548.63717074
Morocco,MAR,1978,11759988.2428342
Morocco,MAR,1977,7994056.27289948
Morocco,MAR,1976,38014962.7431903
Morocco,MAR,1975,5019999.9
Morocco,MAR,1974,-20399999.9
Morocco,MAR,1973,5490000.0
Morocco,MAR,1972,13000000.0
Morocco,MAR,1971,23100000.0
Morocco,MAR,1970,20000000.0
Mozambique,MOZ,2024,3508626212.16849
Mozambique,MOZ,2023,2683506270.92075
Mozambique,MOZ,2022,3022175565.23802
Mozambique,MOZ,2021,5295396105.25416
Mozambique,MOZ,2020,3187942207.14961
Mozambique,MOZ,2019,3379329136.13929
Mozambique,MOZ,2018,1678061191.83106
Mozambique,MOZ,2017,2319071971.47681
Mozambique,MOZ,2016,3128149928.7
Mozambique,MOZ,2015,3868353884.95
Mozambique,MOZ,2014,4998799334.35621
Mozambique,MOZ,2013,6697422432.4601
Mozambique,MOZ,2012,5635092658.61842
Mozambique,MOZ,2011,3663937118.45157
Mozambique,MOZ,2010,1258453096.82495
Mozambique,MOZ,2009,930100407.78
Mozambique,MOZ,2008,641399415.784251
Mozambique,MOZ,2007,416689348.42081
Mozambique,MOZ,2006,251141650.249999
Mozambique,MOZ,2005,122413755.58
Mozambique,MOZ,2004,475513570.0
Mozambique,MOZ,2003,336698400.0
Mozambique,MOZ,2002,347252830.0
Mozambique,MOZ,2001,255435490.0
Mozambique,MOZ,2000,139300000.0
Mozambique,MOZ,1999,381700000.0
Mozambique,MOZ,1998,234900000.0
Mozambique,MOZ,1997,64400000.0
Mozambique,MOZ,1996,72500000.0
Mozambique,MOZ,1995,45000000.0
Mozambique,MOZ,1994,35000000.0
Mozambique,MOZ,1993,32000000.0
Mozambique,MOZ,1992,25300000.0
Mozambique,MOZ,1991,22500000.0
Mozambique,MOZ,1990,9200000.0
Mozambique,MOZ,1989,3399999.9
Mozambique,MOZ,1988,4500000.0
Mozambique,MOZ,1987,6200000.0
Mozambique,MOZ,1986,1500000.0
Mozambique,MOZ,1985,330000.0
Mozambique,MOZ,1984,-2919999.9
Mozambique,MOZ,1983,2470000.0
Mozambique,MOZ,1982,1929999.9
Mozambique,MOZ,1981,370000.0
Mozambique,MOZ,1980,4360000.0
Mozambique,MOZ,1979,2430000.0
Mozambique,MOZ,1978,2000000.0
Mozambique,MOZ,1976,-12640000.0
Mozambique,MOZ,1975,6669999.9
Mozambique,MOZ,1974,2000000.0
Mozambique,MOZ,1973,4019999.9
Mozambique,MOZ,1972,5500000.0
Mozambique,MOZ,1971,30000.0
Mozambique,MOZ,1970,300000.0
Myanmar,MMR,2024,1095317000.0
Myanmar,MMR,2023,1520172000.0
Myanmar,MMR,2022,1238500000.0
Myanmar,MMR,2021,2066606470.0
Myanmar,MMR,2020,1907154040.0
Myanmar,MMR,2019,1735589412.93376
Myanmar,MMR,2018,1768195522.55912
Myanmar,MMR,2017,4804272487.31986
Myanmar,MMR,2016,3278096409.87385
Myanmar,MMR,2015,4083839111.71186
Myanmar,MMR,2014,2175015283.77713
Myanmar,MMR,2013,2254603965.49345
Myanmar,MMR,2012,1333856137.27031
Myanmar,MMR,2011,2519813313.27459
Myanmar,MMR,2010,901133534.876797
Myanmar,MMR,2009,1078972200.98264
Myanmar,MMR,2008,863880447.312828
Myanmar,MMR,2007,709922015.309805
Myanmar,MMR,2006,275812653.011391
Myanmar,MMR,2005,234904379.027598
Myanmar,MMR,2004,211364294.975748
Myanmar,MMR,2003,248882510.026366
Myanmar,MMR,2002,150511225.813866
Myanmar,MMR,2001,208303564.372066
Myanmar,MMR,2000,254789765.469466
Myanmar,MMR,1999,253110104.66411
Myanmar,MMR,1998,314450998.907852
Myanmar,MMR,1997,387184136.000944
Myanmar,MMR,1996,310437074.890386
Myanmar,MMR,1995,277199199.509049
Myanmar,MMR,1994,126091858.49119
Myanmar,MMR,1993,104674233.142371
Myanmar,MMR,1992,171558719.974061
Myanmar,MMR,1991,238056791.873856
Myanmar,MMR,1990,161144560.314889
Myanmar,MMR,1989,7806630.41152735
Myanmar,MMR,1988,0.0
Myanmar,MMR,1987,-1540000.0
Myanmar,MMR,1986,140000.0
Myanmar,MMR,1985,0.0
Myanmar,MMR,1984,780000.0
Myanmar,MMR,1983,-420000.0
Myanmar,MMR,1982,0.0
Myanmar,MMR,1981,0.0
Myanmar,MMR,1980,380000.0
Myanmar,MMR,1979,0.0
Myanmar,MMR,1978,0.0
Myanmar,MMR,1977,60000.0
Myanmar,MMR,1976,0.0
Myanmar,MMR,1975,3310000.0
Myanmar,MMR,1974,1020000.0
Myanmar,MMR,1973,30000.0
Myanmar,MMR,1972,280000.0
Myanmar,MMR,1971,50000.0
Namibia,NAM,2024,1934933629.43032
Namibia,NAM,2023,2294376188.51043
Namibia,NAM,2022,1056043502.65037
Namibia,NAM,2021,840286915.80155
Namibia,NAM,2020,-150172760.720263
Namibia,NAM,2019,-176478261.583526
Namibia,NAM,2018,234372724.533504
Namibia,NAM,2017,280476974.998847
Namibia,NAM,2016,358727049.605924
Namibia,NAM,2015,838879062.715929
Namibia,NAM,2014,445582247.859425
Namibia,NAM,2013,777073646.376716
Namibia,NAM,2012,1041555413.14222
Namibia,NAM,2011,803600584.603823
Namibia,NAM,2010,287528974.44129
Namibia,NAM,2009,829054473.358438
Namibia,NAM,2008,750426324.20291
Namibia,NAM,2007,669182903.357665
Namibia,NAM,2006,610197796.107758
Namibia,NAM,2005,389850790.391063
Namibia,NAM,2004,223561311.215727
Namibia,NAM,2003,65110887.1077804
Namibia,NAM,2002,147535758.471972
Namibia,NAM,2001,379336366.387132
Namibia,NAM,2000,196350763.262586
Namibia,NAM,1999,51102943.7374422
Namibia,NAM,1998,96232390.3694651
Namibia,NAM,1997,90972979.0142206
Namibia,NAM,1996,128693897.273986
Namibia,NAM,1995,153015438.01703
Namibia,NAM,1994,97977966.4573083
Namibia,NAM,1993,55267528.1671982
Namibia,NAM,1992,118232231.782392
Namibia,NAM,1991,120449858.129188
Namibia,NAM,1990,29567264.7220339
Namibia,NAM,1989,-480000.0
Namibia,NAM,1988,-1510000.0
Namibia,NAM,1987,-170000.0
Namibia,NAM,1986,9000000.0
Namibia,NAM,1985,16359999.9
Nauru,NRU,2024,-5846143.13884661
Nauru,NRU,2023,1446294.792565
Nauru,NRU,2022,-9015925.94529901
Nauru,NRU,2021,6730015.57445208
Nauru,NRU,2020,-3331098.73501151
Nauru,NRU,2019,2189006.37794522
Nauru,NRU,2018,7710629.36574571
Nepal,NPL,2024,56900207.0648416
Nepal,NPL,2023,74821496.0370769
Nepal,NPL,2022,66059660.947571
Nepal,NPL,2021,196326024.034829
Nepal,NPL,2020,126626337.460302
Nepal,NPL,2019,185563265.634425
Nepal,NPL,2018,68261793.9439986
Nepal,NPL,2017,196265098.563574
Nepal,NPL,2016,105996375.590658
Nepal,NPL,2015,51895699.9282915
Nepal,NPL,2014,30402676.784735
Nepal,NPL,2013,74179632.6147952
Nepal,NPL,2012,91954196.0964528
Nepal,NPL,2011,94022157.1167851
Nepal,NPL,2010,87741711.6305985
Nepal,NPL,2009,38271269.9748301
Nepal,NPL,2008,995123.930669508
Nepal,NPL,2007,5741706.05320872
Nepal,NPL,2006,-6647983.90370767
Nepal,NPL,2005,2451784.70709983
Nepal,NPL,2004,-417346.383904295
Nepal,NPL,2003,14778085.6065136
Nepal,NPL,2002,-5952541.12704631
Nepal,NPL,2001,20850000.0
Nepal,NPL,2000,-484826.712274881
Nepal,NPL,1999,4351068.68212705
Nepal,NPL,1998,12024659.8985728
Nepal,NPL,1997,23056467.765552
Nepal,NPL,1996,19160171.0939681
Nepal,NPL,1991,2220000.0
Nepal,NPL,1990,5940000.0
Nepal,NPL,1989,420000.0
Nepal,NPL,1988,680000.0
Nepal,NPL,1987,1389999.9
Nepal,NPL,1986,1169999.9
Nepal,NPL,1985,650000.0
Nepal,NPL,1984,950000.0
Nepal,NPL,1983,-600000.0
Nepal,NPL,1982,-30000.0
Nepal,NPL,1981,-230000.0
Nepal,NPL,1980,300000.0
Nepal,NPL,1979,300000.0
Nepal,NPL,1978,410000.0
Nepal,NPL,1977,0.0
Nepal,NPL,1976,-40000.0
Nepal,NPL,1974,250000.0
Nepal,NPL,1973,-10000.0
Nepal,NPL,1972,30000.0
Netherlands,NLD,2024,-17058018836.8683
Netherlands,NLD,2023,-343402798888.19
Netherlands,NLD,2022,15457596582.8886
Netherlands,NLD,2021,-115702946625.041
Netherlands,NLD,2020,-220886475395.815
Netherlands,NLD,2019,-127784845859.2
Netherlands,NLD,2018,-285034722651.706
Netherlands,NLD,2017,201143110342.962
Netherlands,NLD,2016,277348123316.99
Netherlands,NLD,2015,376007766143.543
Netherlands,NLD,2014,144140814142.929
Netherlands,NLD,2013,324371071610.922
Netherlands,NLD,2012,261353750744.147
Netherlands,NLD,2011,356497878982.879
Netherlands,NLD,2010,55216217341.4169
Netherlands,NLD,2009,203201497699.408
Netherlands,NLD,2008,195530109750.281
Netherlands,NLD,2007,733826501994.516
Netherlands,NLD,2006,375506013118.292
Netherlands,NLD,2005,209888825342.073
Netherlands,NLD,2004,139920688181.89
Netherlands,NLD,2003,20456442247.9522
Netherlands,NLD,2002,25485041348.3329
Netherlands,NLD,2001,51998915897.6427
Netherlands,NLD,2000,63109732334.5287
Netherlands,NLD,1999,41161898489.8175
Netherlands,NLD,1998,37618898706.316
Netherlands,NLD,1997,11033361089.8674
Netherlands,NLD,1996,16604370594.2964
Netherlands,NLD,1995,12206170578.6541
Netherlands,NLD,1994,7126515355.23354
Netherlands,NLD,1993,6380304064.21081
Netherlands,NLD,1992,6186517513.00715
Netherlands,NLD,1991,5623819474.59132
Netherlands,NLD,1990,10675649732.6246
Netherlands,NLD,1989,8559308808.21724
Netherlands,NLD,1988,4781352995.57331
Netherlands,NLD,1987,3029037166.55678
Netherlands,NLD,1986,3129068297.9641
Netherlands,NLD,1985,1504626364.02807
Netherlands,NLD,1984,1716938277.23977
Netherlands,NLD,1983,1357995933.68448
Netherlands,NLD,1982,1227497017.75114
Netherlands,NLD,1981,1799058373.12085
Netherlands,NLD,1980,2278377890.29283
Netherlands,NLD,1979,1715155179.12549
Netherlands,NLD,1978,1082145422.59481
Netherlands,NLD,1977,605297449.113877
Netherlands,NLD,1976,581098299.089074
Netherlands,NLD,1975,1232377357.41231
Netherlands,NLD,1974,1103114453.63161
Netherlands,NLD,1973,1118995448.40256
Netherlands,NLD,1972,754553458.333698
Netherlands,NLD,1971,752897735.480259
Netherlands,NLD,1970,632596684.625027
New Caledonia,NCL,2024,725756860.0
New Caledonia,NCL,2023,687249680.0
New Caledonia,NCL,2022,696307350.0
New Caledonia,NCL,2021,793713550.0
New Caledonia,NCL,2020,571728130.0
New Caledonia,NCL,2019,723480360.0
New Caledonia,NCL,2018,342821270.0
New Caledonia,NCL,2017,486410130.0
New Caledonia,NCL,2016,809821138.3806
New Caledonia,NCL,2015,1203895440.08717
New Caledonia,NCL,2014,1757035866.71921
New Caledonia,NCL,2013,2166812151.02825
New Caledonia,NCL,2012,2682824680.90753
New Caledonia,NCL,2011,1758141868.63992
New Caledonia,NCL,2010,1439085573.36548
New Caledonia,NCL,2009,1182295527.61516
New Caledonia,NCL,2008,1746369905.06476
New Caledonia,NCL,2007,417453934.436208
New Caledonia,NCL,2006,749088411.734889
New Caledonia,NCL,2005,-6738759.00139891
New Caledonia,NCL,2004,27480195.7306092
New Caledonia,NCL,2003,116048161.873983
New Caledonia,NCL,2002,59055445.6614434
New Caledonia,NCL,2001,103041210.0
New Caledonia,NCL,2000,-40626090.0
New Zealand,NZL,2024,1759833655.17084
New Zealand,NZL,2023,4394895399.0027
New Zealand,NZL,2022,9806744153.22003
New Zealand,NZL,2021,5304581495.29245
New Zealand,NZL,2020,4800458072.43248
New Zealand,NZL,2019,3074896211.8177
New Zealand,NZL,2018,2456550920.15587
New Zealand,NZL,2017,2390035935.47737
New Zealand,NZL,2016,2008111275.18133
New Zealand,NZL,2015,-73372796.4211761
New Zealand,NZL,2014,3251563602.30938
New Zealand,NZL,2013,-69519935.42003
New Zealand,NZL,2012,3846884018.51781
New Zealand,NZL,2011,1378410924.39878
New Zealand,NZL,2010,286306902.975605
New Zealand,NZL,2009,-52385533.2387366
New Zealand,NZL,2008,2591966537.02926
New Zealand,NZL,2007,4335506075.93739
New Zealand,NZL,2006,2912645686.56863
New Zealand,NZL,2005,1906665963.75812
New Zealand,NZL,2004,2319819298.42871
New Zealand,NZL,2003,-3363941288.04299
New Zealand,NZL,2002,2848556986.63851
New Zealand,NZL,2001,259321576.79631
New Zealand,NZL,2000,-1507812033.25805
New Zealand,NZL,1999,941464110.0
New Zealand,NZL,1998,1825772780.0
New Zealand,NZL,1997,1917456790.0
New Zealand,NZL,1996,3918617040.0
New Zealand,NZL,1995,2849961940.0
New Zealand,NZL,1994,2616630700.0
New Zealand,NZL,1993,2211822690.0
New Zealand,NZL,1992,1088200070.0
New Zealand,NZL,1991,1691366070.0
New Zealand,NZL,1990,1684763150.0
New Zealand,NZL,1989,433573543.0434
New Zealand,NZL,1988,155922431.8658
New Zealand,NZL,1987,237229723.35
New Zealand,NZL,1986,389408099.6885
New Zealand,NZL,1985,225366591.3797
New Zealand,NZL,1984,116213810.7359
New Zealand,NZL,1983,243190336.5246
New Zealand,NZL,1982,274648997.0809
New Zealand,NZL,1981,176961979.1983
New Zealand,NZL,1980,334086570.3043
New Zealand,NZL,1979,350540000.0
New Zealand,NZL,1978,273740000.0
New Zealand,NZL,1977,154319999.9
New Zealand,NZL,1976,277639999.9
New Zealand,NZL,1975,138169999.9
New Zealand,NZL,1974,251610000.0
New Zealand,NZL,1973,207650000.0
New Zealand,NZL,1972,126690000.0
New Zealand,NZL,1971,110000000.0
New Zealand,NZL,1970,146000000.0
Nicaragua,NIC,2024,1352300000.0
Nicaragua,NIC,2023,1113900000.0
Nicaragua,NIC,2022,1287100000.0
Nicaragua,NIC,2021,1047200000.0
Nicaragua,NIC,2020,746500000.0
Nicaragua,NIC,2019,503000000.0
Nicaragua,NIC,2018,837600000.0
Nicaragua,NIC,2017,1035400000.0
Nicaragua,NIC,2016,989100000.0
Nicaragua,NIC,2015,967000000.0
Nicaragua,NIC,2014,1076800000.0
Nicaragua,NIC,2013,965100000.0
Nicaragua,NIC,2012,775700000.0
Nicaragua,NIC,2011,936300000.0
Nicaragua,NIC,2010,489900000.0
Nicaragua,NIC,2009,433900000.0
Nicaragua,NIC,2008,627300000.0
Nicaragua,NIC,2007,381700000.0
Nicaragua,NIC,2006,286800000.0
Nicaragua,NIC,2005,241100000.0
Nicaragua,NIC,2004,250000000.0
Nicaragua,NIC,2003,201300000.0
Nicaragua,NIC,2002,203900000.0
Nicaragua,NIC,2001,150200000.0
Nicaragua,NIC,2000,266500000.0
Nicaragua,NIC,1999,337300000.0
Nicaragua,NIC,1998,218200000.0
Nicaragua,NIC,1997,203400000.0
Nicaragua,NIC,1996,120000000.0
Nicaragua,NIC,1995,88900000.0
Nicaragua,NIC,1994,46700000.0
Nicaragua,NIC,1993,38800000.0
Nicaragua,NIC,1992,15000000.0
Nicaragua,NIC,1991,42000000.0
Nicaragua,NIC,1990,670000.0
Nicaragua,NIC,1989,2799999.9
Nicaragua,NIC,1988,-90000.0
Nicaragua,NIC,1987,2410000.0
Nicaragua,NIC,1986,60000.0
Nicaragua,NIC,1985,-10000.0
Nicaragua,NIC,1984,7444444.4
Nicaragua,NIC,1983,100000.0
Nicaragua,NIC,1982,9966666.6
Nicaragua,NIC,1981,-30000.0
Nicaragua,NIC,1980,12533333.3
Nicaragua,NIC,1979,2800000.0
Nicaragua,NIC,1978,7000000.0
Nicaragua,NIC,1977,10000000.0
Nicaragua,NIC,1976,12900000.0
Nicaragua,NIC,1975,10900000.0
Nicaragua,NIC,1974,13800000.0
Nicaragua,NIC,1973,13199999.9
Nicaragua,NIC,1972,10000000.0
Nicaragua,NIC,1971,13300000.0
Nicaragua,NIC,1970,15000000.0
Niger,NER,2024,358083456.499382
Niger,NER,2023,1025552444.43008
Niger,NER,2022,965975261.178015
Niger,NER,2021,594829131.824508
Niger,NER,2020,360653574.571152
Niger,NER,2019,717147639.398696
Niger,NER,2018,466042272.996922
Niger,NER,2017,338710710.13916
Niger,NER,2016,301332480.592526
Niger,NER,2015,529476871.090611
Niger,NER,2014,822967023.299915
Niger,NER,2013,719338470.495153
Niger,NER,2012,841227436.917787
Niger,NER,2011,1067186136.05028
Niger,NER,2010,796636157.883319
Niger,NER,2009,633819197.134754
Niger,NER,2008,283076206.886465
Niger,NER,2007,99073671.9321662
Niger,NER,2006,40310044.1411645
Niger,NER,2005,49753596.8290224
Niger,NER,2004,24411286.9008512
Niger,NER,2003,18529138.97363
Niger,NER,2002,7827441.93508379
Niger,NER,2001,22587455.083808
Niger,NER,2000,15767212.3689839
Niger,NER,1999,1605268.5320866
Niger,NER,1998,-1764551.0105694
Niger,NER,1997,18959363.8524857
Niger,NER,1996,8630591.38952389
Niger,NER,1995,2233804.50010765
Niger,NER,1994,4075974.17260204
Niger,NER,1993,-34157055.6995133
Niger,NER,1992,56390110.9051159
Niger,NER,1991,11240419.5040432
Niger,NER,1990,40809537.2283734
Niger,NER,1989,-1564222.62618569
Niger,NER,1988,2155460.26276331
Niger,NER,1987,6405210.68258061
Niger,NER,1986,-12408104.9612365
Niger,NER,1985,-9382033.12946078
Niger,NER,1984,1446367.68238848
Niger,NER,1983,1215012.50762237
Niger,NER,1982,28216139.9055706
Niger,NER,1981,-6112652.71064773
Niger,NER,1980,49119755.0071979
Niger,NER,1979,46788844.8047331
Niger,NER,1978,42657877.3093679
Niger,NER,1977,12850065.2378702
Niger,NER,1976,9889077.68217057
Niger,NER,1975,22555805.050949
Niger,NER,1974,6908881.39527995
Niger,NER,1973,1000000.0
Niger,NER,1972,900000.0
Niger,NER,1971,-5299999.9
Niger,NER,1970,2720000.0
Nigeria,NGA,2024,1080310701.18297
Nigeria,NGA,2023,1872520530.04694
Nigeria,NGA,2022,-186792428.930928
Nigeria,NGA,2021,3313210000.0
Nigeria,NGA,2020,2385277665.91607
Nigeria,NGA,2019,2305099811.70357
Nigeria,NGA,2018,775247400.003029
Nigeria,NGA,2017,2412974916.23263
Nigeria,NGA,2016,3453258407.9848
Nigeria,NGA,2015,3064168904.45333
Nigeria,NGA,2014,4693828631.89583
Nigeria,NGA,2013,5562857987.46966
Nigeria,NGA,2012,7069908427.9365
Nigeria,NGA,2011,8841062050.7726
Nigeria,NGA,2010,6026253091.34715
Nigeria,NGA,2009,8555990006.71681
Nigeria,NGA,2008,8194071895.46246
Nigeria,NGA,2007,6036021404.82068
Nigeria,NGA,2006,4854353979.09082
Nigeria,NGA,2005,4982533930.21737
Nigeria,NGA,2004,1874060886.97608
Nigeria,NGA,2003,2005353563.06397
Nigeria,NGA,2002,1874070753.14013
Nigeria,NGA,2001,1190618643.59161
Nigeria,NGA,2000,1140167556.01589
Nigeria,NGA,1999,1004915630.70931
Nigeria,NGA,1998,299566658.25891
Nigeria,NGA,1997,469577019.807244
Nigeria,NGA,1996,499276809.471006
Nigeria,NGA,1995,335842164.964005
Nigeria,NGA,1994,1959219858.15602
Nigeria,NGA,1993,1345368587.00053
Nigeria,NGA,1992,896641282.4724
Nigeria,NGA,1991,712373362.471169
Nigeria,NGA,1990,587882970.628472
Nigeria,NGA,1989,1884249738.78897
Nigeria,NGA,1988,378667097.69376
Nigeria,NGA,1987,610552091.468468
Nigeria,NGA,1986,193214907.534804
Nigeria,NGA,1985,485581320.932238
Nigeria,NGA,1984,189164784.859178
Nigeria,NGA,1983,364434580.203909
Nigeria,NGA,1982,430611256.454158
Nigeria,NGA,1981,542327289.070406
Nigeria,NGA,1980,-738870004.370972
Nigeria,NGA,1979,309598869.22621
Nigeria,NGA,1978,210933271.432604
Nigeria,NGA,1977,440514242.45646
Nigeria,NGA,1976,339000000.0
Nigeria,NGA,1975,470120000.0
Nigeria,NGA,1974,257000000.0
Nigeria,NGA,1973,373000000.0
Nigeria,NGA,1972,305000000.0
Nigeria,NGA,1971,286000000.0
Nigeria,NGA,1970,205000000.0
North Macedonia,MKD,2024,1056844273.54118
North Macedonia,MKD,2023,641500343.167691
North Macedonia,MKD,2022,854152514.519015
North Macedonia,MKD,2021,696255528.136466
North Macedonia,MKD,2020,7693779.7036069
North Macedonia,MKD,2019,549500829.877789
North Macedonia,MKD,2018,648732424.984646
North Macedonia,MKD,2017,380738977.544776
North Macedonia,MKD,2016,549371101.55116
North Macedonia,MKD,2015,296604200.381223
North Macedonia,MKD,2014,60879915.45137
North Macedonia,MKD,2013,402458309.805886
North Macedonia,MKD,2012,337911248.192571
North Macedonia,MKD,2011,507920732.789
North Macedonia,MKD,2010,301441681.708
North Macedonia,MKD,2009,259530321.486
North Macedonia,MKD,2008,611688378.605769
North Macedonia,MKD,2007,733466879.0
North Macedonia,MKD,2006,427444589.2688
North Macedonia,MKD,2005,145329601.532
North Macedonia,MKD,2004,309137638.54
North Macedonia,MKD,2003,119041753.232
North Macedonia,MKD,2002,114193471.4194
North Macedonia,MKD,2001,469570706.3984
North Macedonia,MKD,2000,217507099.15808
North Macedonia,MKD,1999,91325732.42024
North Macedonia,MKD,1998,151156392.0
North Macedonia,MKD,1997,15740000.0
North Macedonia,MKD,1996,11210000.0
North Macedonia,MKD,1995,9490000.0
North Macedonia,MKD,1994,24000000.0
Norway,NOR,2024,12134206004.188
Norway,NOR,2023,13785279525.4261
Norway,NOR,2022,14278134699.4272
Norway,NOR,2021,18355008694.1956
Norway,NOR,2020,-3281320956.65563
Norway,NOR,2019,16329824317.6769
Norway,NOR,2018,-5664319361.82195
Norway,NOR,2017,5900604723.78859
Norway,NOR,2016,-18668572814.4236
Norway,NOR,2015,7274086872.47209
Norway,NOR,2014,3242240088.15462
Norway,NOR,2013,-1368607170.8397
Norway,NOR,2012,27897968327.9334
Norway,NOR,2011,10296323075.6965
Norway,NOR,2010,21634265662.593
Norway,NOR,2009,8635762892.0964
Norway,NOR,2008,20578219685.1148
Norway,NOR,2007,24806091102.6882
Norway,NOR,2006,11877923790.1756
Norway,NOR,2005,10058759829.6279
Norway,NOR,2004,4918494986.32395
Norway,NOR,2003,4179380423.17369
Norway,NOR,2002,3011752930.34114
Norway,NOR,2001,3190216069.0008
Norway,NOR,2000,8332062185.99552
Norway,NOR,1999,5822113545.61373
Norway,NOR,1998,5645870320.85841
Norway,NOR,1997,4514609379.62998
Norway,NOR,1996,3827495491.09076
Norway,NOR,1995,2392766980.23558
Norway,NOR,1994,2736393919.77787
Norway,NOR,1993,991524094.747358
Norway,NOR,1992,-668114802.999061
Norway,NOR,1991,-353675743.891887
Norway,NOR,1990,1001987071.60056
Norway,NOR,1989,1510287425.14685
Norway,NOR,1988,280910586.824811
Norway,NOR,1987,190047506.051317
Norway,NOR,1986,1018718111.85879
Norway,NOR,1985,-424225256.616571
Norway,NOR,1984,-177399975.797689
Norway,NOR,1983,332396807.781831
Norway,NOR,1982,450026119.56608
Norway,NOR,1981,668006461.004453
Norway,NOR,1980,59815997.6520173
Norway,NOR,1979,401356278.159852
Norway,NOR,1978,489814167.580236
Norway,NOR,1977,768296209.74682
Norway,NOR,1976,371391272.280849
Norway,NOR,1975,219677309.752939
Norway,NOR,1974,346000000.0
Norway,NOR,1973,209000000.0
Norway,NOR,1972,121000000.0
Norway,NOR,1971,94000000.0
Norway,NOR,1970,64000000.0
Oman,OMN,2024,12465539661.8985
Oman,OMN,2023,12545383615.0845
Oman,OMN,2022,6871781534.46033
Oman,OMN,2021,8745643693.10793
Oman,OMN,2020,1909492847.85435
Oman,OMN,2019,1998179453.83615
Oman,OMN,2018,5600780234.07022
Oman,OMN,2017,2878543563.06892
Oman,OMN,2016,2266070221.06632
Oman,OMN,2015,-2172431729.51885
Oman,OMN,2014,1286345903.77113
Oman,OMN,2013,1612430962.28868
Oman,OMN,2012,1364629388.81664
Oman,OMN,2011,1629144343.30298
Oman,OMN,2010,1242652795.83875
Oman,OMN,2009,1509232769.83094
Oman,OMN,2008,2951885565.6697
Oman,OMN,2007,3332119635.89076
Oman,OMN,2006,1596098829.64889
Oman,OMN,2005,1538361508.45253
Oman,OMN,2004,111053315.994798
Oman,OMN,2003,24967490.2470741
Oman,OMN,2002,109232769.830949
Oman,OMN,2001,5201560.46814044
Oman,OMN,2000,82000000.0
Oman,OMN,1999,40099999.7392717
Oman,OMN,1998,101999999.336801
Oman,OMN,1997,64499999.1612483
Oman,OMN,1996,60599999.2119635
Oman,OMN,1995,46293888.1664499
Oman,OMN,1994,76462938.8816645
Oman,OMN,1993,142002600.780234
Oman,OMN,1992,104291287.386215
Oman,OMN,1991,135240572.171651
Oman,OMN,1990,142262678.803641
Oman,OMN,1989,112353706.111833
Oman,OMN,1988,91807542.2626788
Oman,OMN,1987,34850455.136541
Oman,OMN,1986,140320778.71051
Oman,OMN,1985,161264639.036465
Oman,OMN,1984,158078735.560814
Oman,OMN,1983,154603358.872621
Oman,OMN,1982,182107701.743219
Oman,OMN,1981,62536190.1057794
Oman,OMN,1980,98436595.5368749
Oman,OMN,1979,117544875.846974
Oman,OMN,1978,86276780.7940845
Oman,OMN,1977,48060220.173886
Oman,OMN,1976,81354951.0172407
Oman,OMN,1975,106253619.300097
Oman,OMN,1974,-61088593.11259
Oman,OMN,1973,1486666.6
Oman,OMN,1972,1710000.0
Oman,OMN,1971,-270000.0
Oman,OMN,1970,3020000.0
Pakistan,PAK,2024,2663000000.0
Pakistan,PAK,2023,2048000000.0
Pakistan,PAK,2022,1462000000.0
Pakistan,PAK,2021,2147000000.0
Pakistan,PAK,2020,2057000000.0
Pakistan,PAK,2019,2234000000.0
Pakistan,PAK,2018,1737000000.0
Pakistan,PAK,2017,2496000000.0
Pakistan,PAK,2016,2576000000.0
Pakistan,PAK,2015,1673000000.0
Pakistan,PAK,2014,1887000000.0
Pakistan,PAK,2013,1333000000.0
Pakistan,PAK,2012,859000000.0
Pakistan,PAK,2011,1326000000.0
Pakistan,PAK,2010,2022000000.0
Pakistan,PAK,2009,2338000000.0
Pakistan,PAK,2008,5438000000.0
Pakistan,PAK,2007,5590000000.0
Pakistan,PAK,2006,4273000000.0
Pakistan,PAK,2005,2201000000.0
Pakistan,PAK,2004,1118000000.0
Pakistan,PAK,2003,534000000.0
Pakistan,PAK,2002,826000000.0
Pakistan,PAK,2001,378000000.0
Pakistan,PAK,2000,308000000.0
Pakistan,PAK,1999,532000000.0
Pakistan,PAK,1998,506000000.0
Pakistan,PAK,1997,716253125.440908
Pakistan,PAK,1996,921976182.51983
Pakistan,PAK,1995,722631560.660743
Pakistan,PAK,1994,421024638.454287
Pakistan,PAK,1993,348556957.814185
Pakistan,PAK,1992,336479857.130617
Pakistan,PAK,1991,258414487.035347
Pakistan,PAK,1990,245262963.460759
Pakistan,PAK,1989,210599917.11983
Pakistan,PAK,1988,186491557.33337
Pakistan,PAK,1987,129377643.59248
Pakistan,PAK,1986,105730331.820871
Pakistan,PAK,1985,131389252.246715
Pakistan,PAK,1984,55510169.7116457
Pakistan,PAK,1983,29457026.6648159
Pakistan,PAK,1982,63833091.6241583
Pakistan,PAK,1981,108084748.503728
Pakistan,PAK,1980,63632992.7810683
Pakistan,PAK,1979,58254127.3625728
Pakistan,PAK,1978,32273192.5109724
Pakistan,PAK,1977,15223204.0146096
Pakistan,PAK,1976,8220530.16788921
Pakistan,PAK,1975,25000000.0
Pakistan,PAK,1974,4000000.0
Pakistan,PAK,1973,-4000000.0
Pakistan,PAK,1972,17000000.0
Pakistan,PAK,1971,1000000.0
Pakistan,PAK,1970,23000000.0
Palau,PLW,2024,69080770.0
Palau,PLW,2023,79895000.0
Palau,PLW,2022,74365000.0
Palau,PLW,2021,32082000.0
Palau,PLW,2020,44059000.0
Palau,PLW,2019,45532000.0
Palau,PLW,2018,50753000.0
Palau,PLW,2017,47740000.0
Palau,PLW,2016,64657000.0
Palau,PLW,2015,34583158.147185
Palau,PLW,2014,39860115.385
Palau,PLW,2013,18041109.837
Palau,PLW,2012,21639126.3213
Palau,PLW,2011,8326127.02949998
Palau,PLW,2010,2685244.1157
Palau,PLW,2009,2790871.0058
Palau,PLW,2008,4741656.7068
Palau,PLW,2007,4383239.14069999
Palau,PLW,2006,33283255.639
Palau,PLW,2005,3971994.26960001
Palau,PLW,2004,6845040.0
Palau,PLW,2003,4593710.0
Palau,PLW,2002,1901010.0
Palau,PLW,2001,-1431860.0
Palau,PLW,2000,3177650.0
Palau,PLW,1995,-210000.0
Palau,PLW,1992,1000000.0
Palau,PLW,1991,1000000.0
Palau,PLW,1990,1000000.0
Palau,PLW,1989,1000000.0
Panama,PAN,2024,3240411694.0
Panama,PAN,2023,2387194713.99
Panama,PAN,2022,2466522438.3
Panama,PAN,2021,1833062357.12
Panama,PAN,2020,-1631797634.11
Panama,PAN,2019,4684615504.15
Panama,PAN,2018,4304245890.55
Panama,PAN,2017,4082062468.94
Panama,PAN,2016,5248354450.21
Panama,PAN,2015,5119300000.0
Panama,PAN,2014,4984400000.0
Panama,PAN,2013,3799000000.0
Panama,PAN,2012,3381900000.0
Panama,PAN,2011,4395600000.0
Panama,PAN,2010,2549100000.0
Panama,PAN,2009,1085500000.0
Panama,PAN,2008,2390000000.0
Panama,PAN,2007,2224000000.0
Panama,PAN,2006,2944300000.0
Panama,PAN,2005,1104400000.0
Panama,PAN,2004,1277900000.0
Panama,PAN,2003,1050600000.0
Panama,PAN,2002,247100000.0
Panama,PAN,2001,606800000.0
Panama,PAN,2000,827800000.0
Panama,PAN,1999,1043500000.0
Panama,PAN,1998,1315200000.0
Panama,PAN,1997,1312200000.0
Panama,PAN,1996,428300000.0
Panama,PAN,1995,281300000.0
Panama,PAN,1994,401500000.0
Panama,PAN,1993,177000000.0
Panama,PAN,1992,150500000.0
Panama,PAN,1991,124700000.0
Panama,PAN,1990,135500000.0
Panama,PAN,1989,51500000.0
Panama,PAN,1988,-460500000.0
Panama,PAN,1987,-447900000.0
Panama,PAN,1986,126100000.0
Panama,PAN,1985,67300000.0
Panama,PAN,1984,22200000.0
Panama,PAN,1983,79400000.0
Panama,PAN,1982,366600000.0
Panama,PAN,1981,303200000.0
Panama,PAN,1980,252300000.0
Panama,PAN,1979,49800000.0
Panama,PAN,1978,-2500000.0
Panama,PAN,1977,10900000.0
Papua New Guinea,PNG,2024,-198317385.750346
Papua New Guinea,PNG,2023,43303090.2099809
Papua New Guinea,PNG,2022,1193266177.1021
Papua New Guinea,PNG,2021,-34418191.65
Papua New Guinea,PNG,2020,112992633.547177
Papua New Guinea,PNG,2019,335572154.293926
Papua New Guinea,PNG,2018,306641515.183538
Papua New Guinea,PNG,2017,-179266211.514927
Papua New Guinea,PNG,2016,-39113258.47665
Papua New Guinea,PNG,2015,30027878.6317396
Papua New Guinea,PNG,2014,29436963.9060112
Papua New Guinea,PNG,2013,26804026.0357082
Papua New Guinea,PNG,2012,28796707.5152696
Papua New Guinea,PNG,2011,36419303.6839464
Papua New Guinea,PNG,2010,35591312.4342647
Papua New Guinea,PNG,2009,420038762.450145
Papua New Guinea,PNG,2008,47858884.7753667
Papua New Guinea,PNG,2007,130634896.797515
Papua New Guinea,PNG,2006,128548222.840092
Papua New Guinea,PNG,2005,39976364.7337651
Papua New Guinea,PNG,2004,32542985.2516694
Papua New Guinea,PNG,2003,168604378.870458
Papua New Guinea,PNG,2002,20160425.6683546
Papua New Guinea,PNG,2001,63183318.6554422
Papua New Guinea,PNG,2000,96495382.3146878
Papua New Guinea,PNG,1999,298023960.390566
Papua New Guinea,PNG,1998,109438501.40012
Papua New Guinea,PNG,1997,28312794.6432836
Papua New Guinea,PNG,1996,109832527.834516
Papua New Guinea,PNG,1995,454568860.072136
Papua New Guinea,PNG,1994,59713464.6652474
Papua New Guinea,PNG,1993,62052593.04906
Papua New Guinea,PNG,1992,106342711.865506
Papua New Guinea,PNG,1991,120597590.858182
Papua New Guinea,PNG,1990,155413498.325654
Papua New Guinea,PNG,1989,203390734.434008
Papua New Guinea,PNG,1988,153493786.438467
Papua New Guinea,PNG,1987,93178868.6851381
Papua New Guinea,PNG,1986,90804634.292244
Papua New Guinea,PNG,1985,83349062.3085891
Papua New Guinea,PNG,1984,115687425.550227
Papua New Guinea,PNG,1983,138866933.622189
Papua New Guinea,PNG,1982,85888142.9040138
Papua New Guinea,PNG,1981,86179343.0115958
Papua New Guinea,PNG,1980,75523630.6946499
Papua New Guinea,PNG,1979,44202748.9266241
Papua New Guinea,PNG,1978,38906963.6529981
Papua New Guinea,PNG,1977,19802242.9724937
Papua New Guinea,PNG,1976,20830132.1537563
Papua New Guinea,PNG,1975,-2230000.0
Papua New Guinea,PNG,1974,72689999.9
Papua New Guinea,PNG,1973,111900000.0
Papua New Guinea,PNG,1972,85879999.9
Papua New Guinea,PNG,1971,47490000.0
Papua New Guinea,PNG,1970,129650000.0
Paraguay,PRY,2024,1097421000.73062
Paraguay,PRY,2023,1111730623.98132
Paraguay,PRY,2022,855187935.971631
Paraguay,PRY,2021,584062882.351206
Paraguay,PRY,2020,289383009.978369
Paraguay,PRY,2019,485530746.257602
Paraguay,PRY,2018,316757299.336565
Paraguay,PRY,2017,759201269.701266
Paraguay,PRY,2016,819354145.915891
Paraguay,PRY,2015,805164471.805832
Paraguay,PRY,2014,1014914413.16378
Paraguay,PRY,2013,435973725.176715
Paraguay,PRY,2012,868971987.142734
Paraguay,PRY,2011,661201187.936451
Paraguay,PRY,2010,752873109.973014
Paraguay,PRY,2009,192405074.519124
Paraguay,PRY,2008,451699193.490108
Paraguay,PRY,2007,105000000.0
Paraguay,PRY,2006,187800000.0
Paraguay,PRY,2005,7300000.0
Paraguay,PRY,2004,93979000.0
Paraguay,PRY,2003,-57700000.0
Paraguay,PRY,2002,90400000.0
Paraguay,PRY,2001,99200000.0
Paraguay,PRY,2000,107800000.0
Paraguay,PRY,1999,87200000.0
Paraguay,PRY,1998,340600000.0
Paraguay,PRY,1997,230900000.0
Paraguay,PRY,1996,139800000.0
Paraguay,PRY,1995,94500000.0
Paraguay,PRY,1994,137100000.0
Paraguay,PRY,1993,75000000.0
Paraguay,PRY,1992,117500000.0
Paraguay,PRY,1991,86100000.0
Paraguay,PRY,1990,76900000.0
Paraguay,PRY,1989,12800000.0
Paraguay,PRY,1988,8400000.0
Paraguay,PRY,1987,5300000.0
Paraguay,PRY,1986,600000.0
Paraguay,PRY,1985,700000.0
Paraguay,PRY,1984,5200000.0
Paraguay,PRY,1983,4900000.0
Paraguay,PRY,1982,36600000.0
Paraguay,PRY,1981,31900000.0
Paraguay,PRY,1980,31700000.0
Paraguay,PRY,1979,50200000.0
Paraguay,PRY,1978,24600000.0
Paraguay,PRY,1977,21700000.0
Paraguay,PRY,1976,22000000.0
Paraguay,PRY,1975,24400000.0
Paraguay,PRY,1974,23655999.9
Paraguay,PRY,1973,9199999.9
Paraguay,PRY,1972,3480999.9
Paraguay,PRY,1971,7099999.9
Paraguay,PRY,1970,4751999.9
Peru,PER,2024,6799395299.75657
Peru,PER,2023,4339006806.56427
Peru,PER,2022,11201435821.3347
Peru,PER,2021,7142277305.62546
Peru,PER,2020,663417504.946494
Peru,PER,2019,4775376809.84597
Peru,PER,2018,5872657139.17008
Peru,PER,2017,7413409959.49823
Peru,PER,2016,6805247718.18016
Peru,PER,2015,7336859044.51778
Peru,PER,2014,4262751633.55747
Peru,PER,2013,9570622714.00791
Peru,PER,2012,14182387604.3103
Peru,PER,2011,7682261108.57854
Peru,PER,2010,8454627587.91059
Peru,PER,2009,6430652960.91184
Peru,PER,2008,6923651284.62578
Peru,PER,2007,5490961307.08951
Peru,PER,2006,3466531061.27321
Peru,PER,2005,2578719365.11
Peru,PER,2004,1599038388.965
Peru,PER,2003,1335007073.0402
Peru,PER,2002,2155836814.73345
Peru,PER,2001,1144260000.0
Peru,PER,2000,809696760.032968
Peru,PER,1999,1940008799.99999
Peru,PER,1998,1643949119.92647
Peru,PER,1997,2139260000.0
Peru,PER,1996,3471149000.0
Peru,PER,1995,2556981500.0
Peru,PER,1994,3289186723.23
Peru,PER,1993,760588959.23
Peru,PER,1992,-79000000.0
Peru,PER,1991,-7000000.0
Peru,PER,1990,41000000.0
Peru,PER,1989,59000000.0
Peru,PER,1988,26000000.0
Peru,PER,1987,32000000.0
Peru,PER,1986,22000000.0
Peru,PER,1985,1000000.0
Peru,PER,1984,-89000000.0
Peru,PER,1983,38000000.0
Peru,PER,1982,48000000.0
Peru,PER,1981,125000000.0
Peru,PER,1980,26900000.0
Peru,PER,1979,71000000.0
Peru,PER,1978,25000000.0
Peru,PER,1977,54100000.0
Peru,PER,1976,71888999.9
Peru,PER,1975,81105000.0
Peru,PER,1974,62371999.9
Peru,PER,1973,95629999.9
Peru,PER,1972,60312999.9
Peru,PER,1971,-3220000.0
Peru,PER,1970,-13960000.0
Philippines,PHL,2024,9398326659.59308
Philippines,PHL,2023,8925128471.59541
Philippines,PHL,2022,9492234668.1091
Philippines,PHL,2021,11983363327.4771
Philippines,PHL,2020,6822133290.81919
Philippines,PHL,2019,8671365873.65689
Philippines,PHL,2018,9948598823.96867
Philippines,PHL,2017,10256442398.8834
Philippines,PHL,2016,8279548274.88501
Philippines,PHL,2015,5639155961.87389
Philippines,PHL,2014,5739574024.13183
Philippines,PHL,2013,3737371739.84519
Philippines,PHL,2012,3215415155.43566
Philippines,PHL,2011,2007150725.40003
Philippines,PHL,2010,1070386939.91896
Philippines,PHL,2009,2064620677.76657
Philippines,PHL,2008,1340027563.20325
Philippines,PHL,2007,2918724840.50407
Philippines,PHL,2006,2707414996.79964
Philippines,PHL,2005,1664000000.0
Philippines,PHL,2004,592000000.0
Philippines,PHL,2003,492000000.0
Philippines,PHL,2002,1769000000.0
Philippines,PHL,2001,760000000.0
Philippines,PHL,2000,1487000000.0
Philippines,PHL,1999,1829000000.0
Philippines,PHL,1998,2287000000.0
Philippines,PHL,1997,1222000000.0
Philippines,PHL,1996,1517000000.0
Philippines,PHL,1995,1478000000.0
Philippines,PHL,1994,1591000000.0
Philippines,PHL,1993,1238000000.0
Philippines,PHL,1992,228000000.0
Philippines,PHL,1991,544000000.0
Philippines,PHL,1990,530000000.0
Philippines,PHL,1989,563000000.0
Philippines,PHL,1988,936000000.0
Philippines,PHL,1987,307000000.0
Philippines,PHL,1986,127000000.0
Philippines,PHL,1985,12000000.0
Philippines,PHL,1984,9000000.0
Philippines,PHL,1983,105000000.0
Philippines,PHL,1982,16000000.0
Philippines,PHL,1981,172000000.0
Philippines,PHL,1980,-106000000.0
Philippines,PHL,1979,7000000.0
Philippines,PHL,1978,101000000.0
Philippines,PHL,1977,210000000.0
Philippines,PHL,1976,153500000.0
Philippines,PHL,1975,114000000.0
Philippines,PHL,1974,130740000.0
Philippines,PHL,1973,59299999.9
Philippines,PHL,1972,4099999.9
Philippines,PHL,1971,21590000.0
Philippines,PHL,1970,-1040000.0
Poland,POL,2024,20606000000.0
Poland,POL,2023,35660000000.0
Poland,POL,2022,41780000000.0
Poland,POL,2021,37512000000.0
Poland,POL,2020,20086000000.0
Poland,POL,2019,19012000000.0
Poland,POL,2018,19908000000.0
Poland,POL,2017,12565000000.0
Poland,POL,2016,18060000000.0
Poland,POL,2015,15820000000.0
Poland,POL,2014,20877000000.0
Poland,POL,2013,1342000000.0
Poland,POL,2012,7616000000.0
Poland,POL,2011,18851000000.0
Poland,POL,2010,18861000000.0
Poland,POL,2009,14025000000.0
Poland,POL,2008,14574000000.0
Poland,POL,2007,25031000000.0
Poland,POL,2006,21473000000.0
Poland,POL,2005,11041000000.0
Poland,POL,2004,13868000000.0
Poland,POL,2003,5371000000.0
Poland,POL,2002,4091000000.0
Poland,POL,2001,5677000000.0
Poland,POL,2000,9335000000.0
Poland,POL,1999,7407000000.0
Poland,POL,1998,6383000000.0
Poland,POL,1997,4910000000.0
Poland,POL,1996,4500000000.0
Poland,POL,1995,3659000000.0
Poland,POL,1994,1875000000.0
Poland,POL,1993,1715000000.0
Poland,POL,1992,678000000.0
Poland,POL,1991,291000000.0
Poland,POL,1990,89000000.0
Poland,POL,1989,11000000.0
Poland,POL,1988,15000000.0
Poland,POL,1987,12000000.0
Poland,POL,1986,16000000.0
Poland,POL,1985,15000000.0
Poland,POL,1984,28000000.0
Poland,POL,1983,16000000.0
Poland,POL,1982,14000000.0
Poland,POL,1981,18000000.0
Poland,POL,1980,10000000.0
Poland,POL,1979,30000000.0
Poland,POL,1978,25000000.0
Poland,POL,1977,5000000.0
Poland,POL,1976,6000000.0
Portugal,PRT,2024,13486433394.8596
Portugal,PRT,2023,11585535574.2868
Portugal,PRT,2022,13059930355.7495
Portugal,PRT,2021,9239418034.41564
Portugal,PRT,2020,4165618741.23914
Portugal,PRT,2019,10814567640.9901
Portugal,PRT,2018,8390559335.10071
Portugal,PRT,2017,11088239861.7227
Portugal,PRT,2016,7350311647.43462
Portugal,PRT,2015,1264336592.67287
Portugal,PRT,2014,12512849286.8004
Portugal,PRT,2013,14590189381.8209
Portugal,PRT,2012,15623883335.1177
Portugal,PRT,2011,10397474492.0791
Portugal,PRT,2010,8998318741.70269
Portugal,PRT,2009,5752968835.13299
Portugal,PRT,2008,7820637675.50865
Portugal,PRT,2007,6014642426.68108
Portugal,PRT,2006,13394502768.4966
Portugal,PRT,2005,3367937006.69595
Portugal,PRT,2004,2485161769.22788
Portugal,PRT,2003,10354679114.3825
Portugal,PRT,2002,587893729.664139
Portugal,PRT,2001,6113785653.77637
Portugal,PRT,2000,7292581671.38613
Portugal,PRT,1999,740701804.322356
Portugal,PRT,1998,6071328302.64666
Portugal,PRT,1997,2710655379.72436
Portugal,PRT,1996,1571447864.59408
Portugal,PRT,1995,684572213.806635
Portugal,PRT,1994,1269714975.99473
Portugal,PRT,1993,1533880550.51382
Portugal,PRT,1992,1873428553.39102
Portugal,PRT,1991,2448454130.74956
Portugal,PRT,1990,2609986420.64141
Portugal,PRT,1989,1736891396.64047
Portugal,PRT,1988,921583433.36042
Portugal,PRT,1987,465868832.532615
Portugal,PRT,1986,238151215.917245
Portugal,PRT,1985,274036105.15449
Portugal,PRT,1984,198221489.400355
Portugal,PRT,1983,146837896.831381
Portugal,PRT,1982,144033051.576479
Portugal,PRT,1981,174486586.144107
Portugal,PRT,1980,156950738.21926
Portugal,PRT,1979,78304050.81546
Portugal,PRT,1978,65993577.4559346
Portugal,PRT,1977,57914757.951664
Portugal,PRT,1976,62999101.1965024
Portugal,PRT,1975,115351290.512931
Portugal,PRT,1974,106000000.0
Portugal,PRT,1973,95000000.0
Portugal,PRT,1972,73000000.0
Portugal,PRT,1971,56000000.0
Portugal,PRT,1970,28899999.9
Qatar,QAT,2024,460164835.164835
Qatar,QAT,2023,-474175824.175824
Qatar,QAT,2022,76098901.0989008
Qatar,QAT,2021,-1093406593.40659
Qatar,QAT,2020,-2434065934.06593
Qatar,QAT,2019,-2812637362.63736
Qatar,QAT,2018,-2186263736.26373
Qatar,QAT,2017,985989010.989011
Qatar,QAT,2016,773901098.901099
Qatar,QAT,2015,1070879120.87912
Qatar,QAT,2014,1040384615.38461
Qatar,QAT,2013,-840384615.384615
Qatar,QAT,2012,395879120.879121
Qatar,QAT,2011,938516483.516483
Qatar,QAT,2010,4670329670.0
Qatar,QAT,2009,8124736260.0
Qatar,QAT,2008,3778626370.0
Qatar,QAT,2007,4700000000.0
Qatar,QAT,2006,3500000000.0
Qatar,QAT,2005,2500000000.0
Qatar,QAT,2004,1198970000.0
Qatar,QAT,2003,624920000.0
Qatar,QAT,2002,623920000.0
Qatar,QAT,2001,295520000.0
Qatar,QAT,2000,251600000.0
Qatar,QAT,1999,113250000.0
Qatar,QAT,1998,347300000.0
Qatar,QAT,1997,418330000.0
Qatar,QAT,1996,338870000.0
Qatar,QAT,1995,93560000.0
Qatar,QAT,1994,131850000.0
Qatar,QAT,1993,72050000.0
Qatar,QAT,1992,39580000.0
Qatar,QAT,1991,42540000.0
Qatar,QAT,1990,4880000.0
Qatar,QAT,1989,-1500000.0
Qatar,QAT,1988,-20629999.9
Qatar,QAT,1987,-2970000.0
Qatar,QAT,1986,-1470000.0
Qatar,QAT,1985,7969999.9
Qatar,QAT,1984,-14940000.0
Qatar,QAT,1983,950000.0
Qatar,QAT,1982,3710000.0
Qatar,QAT,1981,3779999.9
Qatar,QAT,1980,10840000.0
Qatar,QAT,1979,4570000.0
Qatar,QAT,1978,8910000.0
Qatar,QAT,1977,2020000.0
Qatar,QAT,1976,200000.0
Qatar,QAT,1975,9119999.9
Qatar,QAT,1974,12970000.0
Qatar,QAT,1973,1320000.0
Qatar,QAT,1972,10000.0
Qatar,QAT,1971,27340000.0
Qatar,QAT,1970,5690000.0
Romania,ROU,2024,7159113565.92973
Romania,ROU,2023,8708794314.55245
Romania,ROU,2022,11477511658.9305
Romania,ROU,2021,11768726824.985
Romania,ROU,2020,3602418172.35715
Romania,ROU,2019,7365441773.73218
Romania,ROU,2018,7343560129.25216
Romania,ROU,2017,5952909608.10491
Romania,ROU,2016,6252035766.42822
Romania,ROU,2015,4317731472.30632
Romania,ROU,2014,3869197075.10542
Romania,ROU,2013,3854819397.63757
Romania,ROU,2012,3047569714.39733
Romania,ROU,2011,2370097222.61814
Romania,ROU,2010,3213737651.98387
Romania,ROU,2009,4637684879.54339
Romania,ROU,2008,13667824244.7472
Romania,ROU,2007,10103086514.314
Romania,ROU,2006,11006614841.8417
Romania,ROU,2005,6498650462.86646
Romania,ROU,2004,6443000000.0
Romania,ROU,2003,1844000000.0
Romania,ROU,2002,1144000000.0
Romania,ROU,2001,1157000000.0
Romania,ROU,2000,1037000000.0
Romania,ROU,1999,1041000000.0
Romania,ROU,1998,2031000000.0
Romania,ROU,1997,1215000000.0
Romania,ROU,1996,263000000.0
Romania,ROU,1995,419000000.0
Romania,ROU,1994,341000000.0
Romania,ROU,1993,94000000.0
Romania,ROU,1992,77000000.0
Romania,ROU,1991,40000000.0
Romania,ROU,1990,10000.0
Romania,ROU,1989,0.0
Romania,ROU,1988,0.0
Romania,ROU,1987,0.0
Romania,ROU,1986,0.0
Romania,ROU,1985,0.0
Romania,ROU,1984,0.0
Romania,ROU,1983,0.0
Romania,ROU,1982,0.0
Romania,ROU,1981,0.0
Romania,ROU,1980,0.0
Romania,ROU,1979,0.0
Romania,ROU,1978,0.0
Romania,ROU,1977,0.0
Romania,ROU,1976,0.0
Romania,ROU,1975,0.0
Romania,ROU,1974,0.0
Romania,ROU,1973,0.0
Romania,ROU,1972,0.0
Romania,ROU,1971,0.0
Russian Federation,RUS,2024,-9350250000.0
Russian Federation,RUS,2023,-10045120000.0
Russian Federation,RUS,2022,-39800944226.9805
Russian Federation,RUS,2021,40450000000.0
Russian Federation,RUS,2020,9478810000.0
Russian Federation,RUS,2019,31974770000.0
Russian Federation,RUS,2018,8784850000.0
Russian Federation,RUS,2017,28557440000.0
Russian Federation,RUS,2016,32538900000.0
Russian Federation,RUS,2015,6852970000.0
Russian Federation,RUS,2014,22031340000.0
Russian Federation,RUS,2013,69218890000.0
Russian Federation,RUS,2012,50587560000.0
Russian Federation,RUS,2011,55083630000.0
Russian Federation,RUS,2010,43167780000.0
Russian Federation,RUS,2009,36583100000.0
Russian Federation,RUS,2008,74782910000.0
Russian Federation,RUS,2007,55873680000.0
Russian Federation,RUS,2006,37594770000.0
Russian Federation,RUS,2005,15508050000.0
Russian Federation,RUS,2004,15402990000.0
Russian Federation,RUS,2003,7928630000.0
Russian Federation,RUS,2002,3473830000.0
Russian Federation,RUS,2001,2847300000.0
Russian Federation,RUS,2000,2678030000.0
Russian Federation,RUS,1999,3256530000.0
Russian Federation,RUS,1998,2761360000.0
Russian Federation,RUS,1997,4864650000.0
Russian Federation,RUS,1996,2579330000.0
Russian Federation,RUS,1995,2065720000.0
Russian Federation,RUS,1994,689570000.0
Russian Federation,RUS,1993,1210782000.0
Russian Federation,RUS,1992,1161000000.0
Rwanda,RWA,2024,572929300.014102
Rwanda,RWA,2023,457644003.006828
Rwanda,RWA,2022,305101863.38
Rwanda,RWA,2021,233384938.77
Rwanda,RWA,2020,152614120.95
Rwanda,RWA,2019,263172335.23
Rwanda,RWA,2018,366192315.50624
Rwanda,RWA,2017,274025990.659944
Rwanda,RWA,2016,279747327.598381
Rwanda,RWA,2015,162083820.997161
Rwanda,RWA,2014,313997162.787606
Rwanda,RWA,2013,233763793.607834
Rwanda,RWA,2012,269615550.35029
Rwanda,RWA,2011,112127535.812557
Rwanda,RWA,2010,216192556.81734
Rwanda,RWA,2009,118670000.0
Rwanda,RWA,2008,102290000.0
Rwanda,RWA,2007,82283170.0
Rwanda,RWA,2006,30643970.0
Rwanda,RWA,2005,7960000.0
Rwanda,RWA,2004,7700000.0
Rwanda,RWA,2003,4700000.0
Rwanda,RWA,2002,1500000.0
Rwanda,RWA,2001,18500000.0
Rwanda,RWA,2000,8100000.0
Rwanda,RWA,1999,1740000.0
Rwanda,RWA,1998,7100000.0
Rwanda,RWA,1997,2590000.0
Rwanda,RWA,1996,2220000.0
Rwanda,RWA,1995,2000000.0
Rwanda,RWA,1994,1000.0
Rwanda,RWA,1993,5840000.0
Rwanda,RWA,1992,5500000.0
Rwanda,RWA,1991,4580000.0
Rwanda,RWA,1990,7660000.0
Rwanda,RWA,1989,15539999.9
Rwanda,RWA,1988,21050000.0
Rwanda,RWA,1987,17550000.0
Rwanda,RWA,1986,17579999.9
Rwanda,RWA,1985,14619999.9
Rwanda,RWA,1984,15070000.0
Rwanda,RWA,1983,11119999.9
Rwanda,RWA,1982,20699999.9
Rwanda,RWA,1981,18030000.0
Rwanda,RWA,1980,16420000.0
Rwanda,RWA,1979,12570000.0
Rwanda,RWA,1978,4690000.0
Rwanda,RWA,1977,4950000.0
Rwanda,RWA,1976,5860000.0
Rwanda,RWA,1975,3000000.0
Rwanda,RWA,1974,2200000.0
Rwanda,RWA,1973,2000000.0
Rwanda,RWA,1972,500000.0
Rwanda,RWA,1971,1700000.0
Rwanda,RWA,1970,60000.0
Samoa,WSM,2024,3741016.49935468
Samoa,WSM,2023,2395914.97600409
Samoa,WSM,2022,4800455.4647742
Samoa,WSM,2021,8948924.65459641
Samoa,WSM,2020,4426082.01552919
Samoa,WSM,2019,-2178815.55211665
Samoa,WSM,2018,16713450.8645979
Samoa,WSM,2017,9215371.78697386
Samoa,WSM,2016,2520673.5113578
Samoa,WSM,2015,26867532.323914
Samoa,WSM,2014,22849692.3024683
Samoa,WSM,2013,13791695.1653076
Samoa,WSM,2012,20871549.7245611
Samoa,WSM,2011,15191487.5741784
Samoa,WSM,2010,336435.068839145
Samoa,WSM,2009,9868116.50800967
Samoa,WSM,2008,45899093.7937883
Samoa,WSM,2007,6821727.4387444
Samoa,WSM,2006,21927671.8857047
Samoa,WSM,2005,3763664.37138603
Samoa,WSM,2004,2480936.28437362
Samoa,WSM,2003,2724300.0
Samoa,WSM,2002,1599400.0
Samoa,WSM,2001,1414590.0
Samoa,WSM,2000,-1206810.0
Samoa,WSM,1999,-718520.0
Samoa,WSM,1998,3000000.0
Samoa,WSM,1997,19990000.0
Samoa,WSM,1996,1160000.0
Samoa,WSM,1995,3440000.0
Samoa,WSM,1994,3000000.0
Samoa,WSM,1993,5000000.0
Samoa,WSM,1992,5000000.0
Samoa,WSM,1991,3190000.0
Samoa,WSM,1990,6600000.0
Samoa,WSM,1989,156666.6
Samoa,WSM,1988,120000.0
Samoa,WSM,1987,550000.0
Samoa,WSM,1986,-200000.0
Samoa,WSM,1985,430000.0
Samoa,WSM,1984,10000.0
Samoa,WSM,1983,-100000.0
Samoa,WSM,1982,160370.3
Samoa,WSM,1981,197777.7
Samoa,WSM,1980,223333.3
Samoa,WSM,1979,60000.0
Samoa,WSM,1978,310000.0
Samoa,WSM,1977,300000.0
Samoa,WSM,1976,65000.0
Samoa,WSM,1975,20000.0
Samoa,WSM,1974,160000.0
Samoa,WSM,1973,15000.0
Samoa,WSM,1972,15000.0
Samoa,WSM,1971,10000.0
Samoa,WSM,1970,20000.0
San Marino,SMR,2023,-18112873.5752826
San Marino,SMR,2022,71867929.5595936
San Marino,SMR,2021,125318432.294571
Sao Tome and Principe,STP,2024,-16681873.0789849
Sao Tome and Principe,STP,2023,-25799601.0965511
Sao Tome and Principe,STP,2022,55605987.5124977
Sao Tome and Principe,STP,2021,59000132.7402932
Sao Tome and Principe,STP,2020,47112184.7725813
Sao Tome and Principe,STP,2019,24191799.5128287
Sao Tome and Principe,STP,2018,23698321.4864449
Sao Tome and Principe,STP,2017,34208489.0333144
Sao Tome and Principe,STP,2016,23331087.1205747
Sao Tome and Principe,STP,2015,27924059.1401315
Sao Tome and Principe,STP,2014,26489982.1283667
Sao Tome and Principe,STP,2013,12162344.8222509
Sao Tome and Principe,STP,2012,22471527.027027
Sao Tome and Principe,STP,2011,32152348.5469533
Sao Tome and Principe,STP,2010,50600000.0
Sao Tome and Principe,STP,2009,15500000.0
Sao Tome and Principe,STP,2008,79143388.7554088
Sao Tome and Principe,STP,2007,36028527.82392
Sao Tome and Principe,STP,2006,38015839.45735
Sao Tome and Principe,STP,2005,15664000.0
Sao Tome and Principe,STP,2004,3501000.0
Sao Tome and Principe,STP,2003,3400000.0
Sao Tome and Principe,STP,2002,3600000.0
Sao Tome and Principe,STP,2001,3000000.0
Sao Tome and Principe,STP,2000,3800000.0
Sao Tome and Principe,STP,1999,3000000.0
Sao Tome and Principe,STP,1998,4200000.0
Sao Tome and Principe,STP,1997,400000.0
Sao Tome and Principe,STP,1996,320000.0
Sao Tome and Principe,STP,1995,30000.0
Sao Tome and Principe,STP,1993,-480000.0
Sao Tome and Principe,STP,1989,-50000.0
Sao Tome and Principe,STP,1988,200000.0
Sao Tome and Principe,STP,1987,240000.0
Sao Tome and Principe,STP,1986,0.0
Sao Tome and Principe,STP,1985,0.0
Sao Tome and Principe,STP,1984,0.0
Sao Tome and Principe,STP,1983,0.0
Sao Tome and Principe,STP,1982,0.0
Sao Tome and Principe,STP,1981,0.0
Sao Tome and Principe,STP,1980,0.0
Sao Tome and Principe,STP,1979,0.0
Sao Tome and Principe,STP,1978,0.0
Sao Tome and Principe,STP,1977,0.0
Sao Tome and Principe,STP,1976,0.0
Sao Tome and Principe,STP,1975,0.0
Sao Tome and Principe,STP,1974,0.0
Saudi Arabia,SAU,2024,21337562069.6656
Saudi Arabia,SAU,2023,22803498160.5828
Saudi Arabia,SAU,2022,26710062133.3333
Saudi Arabia,SAU,2021,28350373333.3333
Saudi Arabia,SAU,2020,1621264195.43532
Saudi Arabia,SAU,2019,3079217251.32355
Saudi Arabia,SAU,2018,12141122232.9039
Saudi Arabia,SAU,2017,1014062501.14036
Saudi Arabia,SAU,2016,21954833889.956
Saudi Arabia,SAU,2015,3970644084.62136
Saudi Arabia,SAU,2014,1509063087.30334
Saudi Arabia,SAU,2013,3371408456.52722
Saudi Arabia,SAU,2012,5035060850.94588
Saudi Arabia,SAU,2011,4683855881.26771
Saudi Arabia,SAU,2010,4878894395.25169
Saudi Arabia,SAU,2009,436351281.582906
Saudi Arabia,SAU,2008,5505983968.58641
Saudi Arabia,SAU,2007,6175321114.57165
Saudi Arabia,SAU,2006,5975887388.89812
Saudi Arabia,SAU,2005,4385456396.44642
Saudi Arabia,SAU,2004,-334320000.0
Saudi Arabia,SAU,2003,-586506666.666666
Saudi Arabia,SAU,2002,-614133333.333333
Saudi Arabia,SAU,2001,19640000.0
Saudi Arabia,SAU,2000,-1881066666.66666
Saudi Arabia,SAU,1999,-778933333.333333
Saudi Arabia,SAU,1998,4283466666.66666
Saudi Arabia,SAU,1997,3039466666.66666
Saudi Arabia,SAU,1996,-1127466666.66666
Saudi Arabia,SAU,1995,-1874666666.66666
Saudi Arabia,SAU,1994,349333333.333333
Saudi Arabia,SAU,1993,1367200000.0
Saudi Arabia,SAU,1992,-78933333.3333333
Saudi Arabia,SAU,1991,160000000.0
Saudi Arabia,SAU,1990,1861333333.33333
Saudi Arabia,SAU,1989,-653333333.333333
Saudi Arabia,SAU,1988,-328000000.0
Saudi Arabia,SAU,1987,-1173333333.33333
Saudi Arabia,SAU,1986,965935919.055649
Saudi Arabia,SAU,1985,491422763.249557
Saudi Arabia,SAU,1984,4849863063.00966
Saudi Arabia,SAU,1983,4943904677.7352
Saudi Arabia,SAU,1982,11128383579.7373
Saudi Arabia,SAU,1981,6498136246.48581
Saudi Arabia,SAU,1980,-3192312799.51874
Saudi Arabia,SAU,1979,-1270516964.90373
Saudi Arabia,SAU,1978,555954027.570011
Saudi Arabia,SAU,1977,782964285.987057
Saudi Arabia,SAU,1976,-396600566.684589
Saudi Arabia,SAU,1975,1864901265.2374
Saudi Arabia,SAU,1974,-3732394367.24856
Saudi Arabia,SAU,1973,-625912388.694585
Saudi Arabia,SAU,1972,33777644.4208395
Saudi Arabia,SAU,1971,-111437265.378197
Saudi Arabia,SAU,1970,7360000.0
Senegal,SEN,2024,2016428880.0
Senegal,SEN,2023,4789996739.26742
Senegal,SEN,2022,2928675555.20778
Senegal,SEN,2021,2588127208.45378
Senegal,SEN,2020,1845665272.73822
Senegal,SEN,2019,1065461344.07465
Senegal,SEN,2018,847841574.790215
Senegal,SEN,2017,588292997.958708
Senegal,SEN,2016,472409799.846776
Senegal,SEN,2015,409166125.814909
Senegal,SEN,2014,403098056.387862
Senegal,SEN,2013,311366768.819424
Senegal,SEN,2012,276159533.004473
Senegal,SEN,2011,338661995.579347
Senegal,SEN,2010,272092888.456612
Senegal,SEN,2009,331473910.250357
Senegal,SEN,2008,455739867.976293
Senegal,SEN,2007,351458732.442619
Senegal,SEN,2006,289840300.29228
Senegal,SEN,2005,167944230.519191
Senegal,SEN,2004,137583476.929811
Senegal,SEN,2003,86499780.3681952
Senegal,SEN,2002,82692671.5664975
Senegal,SEN,2001,45083429.8139549
Senegal,SEN,2000,81643690.1235186
Senegal,SEN,1999,161686935.933265
Senegal,SEN,1998,71105812.0483919
Senegal,SEN,1997,178810136.257773
Senegal,SEN,1996,13955558.7609991
Senegal,SEN,1995,31673945.4230511
Senegal,SEN,1994,66876235.5407485
Senegal,SEN,1993,-812254.219488014
Senegal,SEN,1992,21383359.7563283
Senegal,SEN,1991,-7550329.08975466
Senegal,SEN,1990,56893144.7815232
Senegal,SEN,1989,26801810.528833
Senegal,SEN,1988,14940495.5908049
Senegal,SEN,1987,-3959584.78559528
Senegal,SEN,1986,-8431851.63761011
Senegal,SEN,1985,-15803661.9737062
Senegal,SEN,1984,29087552.5999329
Senegal,SEN,1983,-34692149.7856755
Senegal,SEN,1982,28057895.8077396
Senegal,SEN,1981,34372171.1724562
Senegal,SEN,1980,14483180.7980368
Senegal,SEN,1979,8931860.25610297
Senegal,SEN,1978,-5007625.32304027
Senegal,SEN,1977,27963239.8429421
Senegal,SEN,1976,35865169.5878975
Senegal,SEN,1975,22537140.7521894
Senegal,SEN,1974,10261537.6105481
Senegal,SEN,1973,4900000.0
Senegal,SEN,1972,15199999.9
Senegal,SEN,1971,9800000.0
Senegal,SEN,1970,5000000.0
Serbia,SRB,2024,5587596147.57206
Serbia,SRB,2023,4937541972.22336
Serbia,SRB,2022,4612248811.51068
Serbia,SRB,2021,4600176721.12403
Serbia,SRB,2020,3485786682.97844
Serbia,SRB,2019,4268709249.60984
Serbia,SRB,2018,4071895067.82105
Serbia,SRB,2017,2894615965.2376
Serbia,SRB,2016,2355214636.94213
Serbia,SRB,2015,2343139735.74774
Serbia,SRB,2014,1999539187.45686
Serbia,SRB,2013,2059297316.504
Serbia,SRB,2012,1275339755.6278
Serbia,SRB,2011,4930532020.14552
Serbia,SRB,2010,1693250318.85146
Serbia,SRB,2009,2929226709.60338
Serbia,SRB,2008,4055798181.8009
Serbia,SRB,2007,4423192680.1188
Serbia,SRB,2006,5247573105.0
Serbia,SRB,2005,2211650937.0
Serbia,SRB,2004,1076486431.0
Serbia,SRB,2003,1516418093.0
Serbia,SRB,2002,562525836.0
Serbia,SRB,2001,177670943.0
Serbia,SRB,2000,49783554.0
Serbia,SRB,1999,112000009.0
Serbia,SRB,1998,113000009.0
Serbia,SRB,1997,740000002.0
Serbia,SRB,1996,1033.0
Serbia,SRB,1995,44985366.0
Serbia,SRB,1994,62823925.0
Serbia,SRB,1993,104107351.0
Serbia,SRB,1992,137681321.0
Seychelles,SYC,2024,226134114.454496
Seychelles,SYC,2023,239706294.201897
Seychelles,SYC,2022,189827389.279515
Seychelles,SYC,2021,111955764.374216
Seychelles,SYC,2020,80053481.4058233
Seychelles,SYC,2019,257086351.804392
Seychelles,SYC,2018,305172393.791332
Seychelles,SYC,2017,197311244.14602
Seychelles,SYC,2016,68346743.9281733
Seychelles,SYC,2015,105893597.203314
Seychelles,SYC,2014,108355443.10197
Seychelles,SYC,2013,57289065.622999
Seychelles,SYC,2012,613208776.273067
Seychelles,SYC,2011,143240665.103454
Seychelles,SYC,2010,159795374.999999
Seychelles,SYC,2009,168251661.935522
Seychelles,SYC,2008,179825444.152504
Seychelles,SYC,2007,175923646.509834
Seychelles,SYC,2006,140555693.466973
Seychelles,SYC,2005,80729739.0909091
Seychelles,SYC,2004,38014852.1
Seychelles,SYC,2003,58425540.7263851
Seychelles,SYC,2002,47717748.0672259
Seychelles,SYC,2001,64740256.5069248
Seychelles,SYC,2000,24326996.8409907
Seychelles,SYC,1999,55216733.4778743
Seychelles,SYC,1998,53209768.4266537
Seychelles,SYC,1997,53398677.9649215
Seychelles,SYC,1996,28812973.8865657
Seychelles,SYC,1995,45884323.2062327
Seychelles,SYC,1994,30736620.718869
Seychelles,SYC,1993,18836123.155308
Seychelles,SYC,1992,9014031.00305697
Seychelles,SYC,1991,19582923.9588518
Seychelles,SYC,1990,20239899.1951931
Seychelles,SYC,1989,22429117.3616108
Seychelles,SYC,1988,23202323.4798627
Seychelles,SYC,1987,19404469.3169033
Seychelles,SYC,1986,14197369.6683444
Seychelles,SYC,1985,11646628.4189368
Seychelles,SYC,1984,9773108.98615299
Seychelles,SYC,1983,9122965.2620583
Seychelles,SYC,1982,10014685.8002898
Seychelles,SYC,1981,10069846.4840279
Seychelles,SYC,1980,9519566.79522695
Seychelles,SYC,1979,7506481.80344417
Seychelles,SYC,1978,6328689.09926386
Seychelles,SYC,1977,7064934.15966293
Seychelles,SYC,1976,6335185.2150895
Seychelles,SYC,1975,4580000.0
Seychelles,SYC,1974,1730000.0
Seychelles,SYC,1973,5839999.9
Seychelles,SYC,1972,1350000.0
Seychelles,SYC,1971,1810000.0
Seychelles,SYC,1970,2200000.0
Sierra Leone,SLE,2024,121785333.781549
Sierra Leone,SLE,2023,145910237.670517
Sierra Leone,SLE,2022,145000000.0
Sierra Leone,SLE,2021,214000000.0
Sierra Leone,SLE,2020,51000000.0
Sierra Leone,SLE,2019,121782194.444714
Sierra Leone,SLE,2018,185646292.276508
Sierra Leone,SLE,2017,413724600.631129
Sierra Leone,SLE,2016,138517339.824904
Sierra Leone,SLE,2015,252435829.433901
Sierra Leone,SLE,2014,375089628.512417
Sierra Leone,SLE,2013,429664580.136067
Sierra Leone,SLE,2012,722447405.067387
Sierra Leone,SLE,2011,950477791.380297
Sierra Leone,SLE,2010,238404209.34276
Sierra Leone,SLE,2009,110430202.517695
Sierra Leone,SLE,2008,53095068.0674311
Sierra Leone,SLE,2007,95470171.3159827
Sierra Leone,SLE,2006,58869143.9072179
Sierra Leone,SLE,2005,90731669.7377148
Sierra Leone,SLE,2004,61153314.1933297
Sierra Leone,SLE,2003,8615049.66773899
Sierra Leone,SLE,2002,10413409.4634409
Sierra Leone,SLE,2001,9835742.02237573
Sierra Leone,SLE,2000,39000824.5205233
Sierra Leone,SLE,1999,533201.78805506
Sierra Leone,SLE,1998,104884.95271863
Sierra Leone,SLE,1997,1800032.09430631
Sierra Leone,SLE,1996,663927.905227631
Sierra Leone,SLE,1995,7287055.90785857
Sierra Leone,SLE,1994,-2874187.6100227
Sierra Leone,SLE,1993,-7462923.50557742
Sierra Leone,SLE,1992,-5599050.4066039
Sierra Leone,SLE,1991,7504465.1296651
Sierra Leone,SLE,1990,32434698.8747351
Sierra Leone,SLE,1989,22356434.2668809
Sierra Leone,SLE,1988,-23088456.5406273
Sierra Leone,SLE,1987,39409532.6360192
Sierra Leone,SLE,1986,-140310793.680454
Sierra Leone,SLE,1985,-30957002.2550321
Sierra Leone,SLE,1984,5856690.37329043
Sierra Leone,SLE,1983,1697315.44211398
Sierra Leone,SLE,1982,4682515.64366817
Sierra Leone,SLE,1981,7505833.38400777
Sierra Leone,SLE,1980,-18670264.7086585
Sierra Leone,SLE,1979,16083672.2666094
Sierra Leone,SLE,1978,24258785.8702591
Sierra Leone,SLE,1977,5058889.54871564
Sierra Leone,SLE,1976,8500000.0
Sierra Leone,SLE,1975,10100000.0
Sierra Leone,SLE,1974,10500000.0
Sierra Leone,SLE,1973,6240000.0
Sierra Leone,SLE,1972,3799999.9
Sierra Leone,SLE,1971,5200000.0
Sierra Leone,SLE,1970,8199999.9
Singapore,SGP,2024,135077157183.126
Singapore,SGP,2023,125786783506.69
Singapore,SGP,2022,144147823984.526
Singapore,SGP,2021,142313339701.522
Singapore,SGP,2020,79322385229.1189
Singapore,SGP,2019,106174185547.865
Singapore,SGP,2018,86126491248.6639
Singapore,SGP,2017,101970056302.84
Singapore,SGP,2016,65133174223.0873
Singapore,SGP,2015,69774553124.9431
Singapore,SGP,2014,68698472830.5907
Singapore,SGP,2013,64389514904.4993
Singapore,SGP,2012,55310807547.7033
Singapore,SGP,2011,49155657316.2945
Singapore,SGP,2010,55322434161.874
Singapore,SGP,2009,23436064059.7506
Singapore,SGP,2008,13598298537.0174
Singapore,SGP,2007,47337947782.7751
Singapore,SGP,2006,39129332046.656
Singapore,SGP,2005,19316058814.0753
Singapore,SGP,2004,24390254965.552
Singapore,SGP,2003,17051420152.8733
Singapore,SGP,2002,6157194143.82423
Singapore,SGP,2001,17006818857.2728
Singapore,SGP,2000,15515295182.2254
Singapore,SGP,1999,18852989358.6266
Singapore,SGP,1998,5958646073.68738
Singapore,SGP,1997,15701783678.7862
Singapore,SGP,1996,11432363956.3629
Singapore,SGP,1995,11942852103.36
Singapore,SGP,1994,8550165226.98866
Singapore,SGP,1993,4686312017.48988
Singapore,SGP,1992,2204342221.03992
Singapore,SGP,1991,4887094440.10303
Singapore,SGP,1990,5574738855.37737
Singapore,SGP,1989,2886591947.22067
Singapore,SGP,1988,3654794588.61821
Singapore,SGP,1987,2836204781.61429
Singapore,SGP,1986,1710283593.07362
Singapore,SGP,1985,1046746812.8759
Singapore,SGP,1984,1301871313.24794
Singapore,SGP,1983,1133905965.84743
Singapore,SGP,1982,1601850446.29613
Singapore,SGP,1981,1659967735.20666
Singapore,SGP,1980,1235750842.05265
Singapore,SGP,1979,836031838.203172
Singapore,SGP,1978,299908752.212453
Singapore,SGP,1977,291465114.461998
Singapore,SGP,1976,230690621.686814
Singapore,SGP,1975,291823050.760134
Singapore,SGP,1974,340190955.715055
Singapore,SGP,1973,352816700.92403
Singapore,SGP,1972,161066666.723935
Singapore,SGP,1971,116000000.0
Singapore,SGP,1970,93000000.0
Sint Maarten (Dutch part),SXM,2024,37113740.0
Sint Maarten (Dutch part),SXM,2023,45267218.4134078
Sint Maarten (Dutch part),SXM,2022,17081418.575419
Sint Maarten (Dutch part),SXM,2021,26815119.6089385
Sint Maarten (Dutch part),SXM,2020,22167460.0446927
Sint Maarten (Dutch part),SXM,2019,73868338.1005587
Sint Maarten (Dutch part),SXM,2018,-47915083.4748603
Sint Maarten (Dutch part),SXM,2017,64248297.0446927
Sint Maarten (Dutch part),SXM,2016,41553072.6256983
Sint Maarten (Dutch part),SXM,2015,27770949.7206704
Sint Maarten (Dutch part),SXM,2014,47709497.2067039
Sint Maarten (Dutch part),SXM,2013,47357541.8994413
Sint Maarten (Dutch part),SXM,2012,13508379.8882682
Sint Maarten (Dutch part),SXM,2011,-48480446.9273743
Slovak Republic,SVK,2024,5010258031.63869
Slovak Republic,SVK,2023,526114297.449295
Slovak Republic,SVK,2022,4827084865.74814
Slovak Republic,SVK,2021,2719672546.6337
Slovak Republic,SVK,2020,-1141703441.49018
Slovak Republic,SVK,2019,2279811254.28143
Slovak Republic,SVK,2018,2252379829.31736
Slovak Republic,SVK,2017,4222907458.3899
Slovak Republic,SVK,2016,4768259092.47383
Slovak Republic,SVK,2015,1520379416.31372
Slovak Republic,SVK,2014,-362915353.373398
Slovak Republic,SVK,2013,1003901887.84675
Slovak Republic,SVK,2012,1776566141.06018
Slovak Republic,SVK,2011,5431592591.91496
Slovak Republic,SVK,2010,2115832960.23964
Slovak Republic,SVK,2009,1521083444.32739
Slovak Republic,SVK,2008,4640891412.00326
Slovak Republic,SVK,2007,5058234422.17002
Slovak Republic,SVK,2006,5701436726.94246
Slovak Republic,SVK,2005,3923508331.49578
Slovak Republic,SVK,2004,4063498784.60235
Slovak Republic,SVK,2003,969200518.93397
Slovak Republic,SVK,2002,4212437461.031
Slovak Republic,SVK,2001,1532584052.08437
Slovak Republic,SVK,2000,2183119136.13343
Slovak Republic,SVK,1999,338895206.310938
Slovak Republic,SVK,1998,646612354.420817
Slovak Republic,SVK,1997,176706776.809273
Slovak Republic,SVK,1996,350826240.038054
Slovak Republic,SVK,1995,236132979.234655
Slovak Republic,SVK,1994,269877766.169792
Slovak Republic,SVK,1993,198834261.915409
Slovenia,SVN,2024,1867182324.38168
Slovenia,SVN,2023,1447634542.25338
Slovenia,SVN,2022,2180392923.46605
Slovenia,SVN,2021,2219247755.80674
Slovenia,SVN,2020,506269486.820005
Slovenia,SVN,2019,2151537534.12248
Slovenia,SVN,2018,1538137615.35452
Slovenia,SVN,2017,1196228604.6928
Slovenia,SVN,2016,1446274234.68465
Slovenia,SVN,2015,1730147099.28225
Slovenia,SVN,2014,1019380613.49719
Slovenia,SVN,2013,104022716.628649
Slovenia,SVN,2012,33537889.4917907
Slovenia,SVN,2011,875946337.67601
Slovenia,SVN,2010,319143932.57504
Slovenia,SVN,2009,-346971372.900937
Slovenia,SVN,2008,1080741791.92196
Slovenia,SVN,2007,1884506372.67515
Slovenia,SVN,2006,692021551.718703
Slovenia,SVN,2005,970800000.0
Slovenia,SVN,2004,763100000.0
Slovenia,SVN,2003,535600000.0
Slovenia,SVN,2002,1849800000.0
Slovenia,SVN,2001,501200000.0
Slovenia,SVN,2000,135800000.0
Slovenia,SVN,1999,106600000.0
Slovenia,SVN,1998,215700000.0
Slovenia,SVN,1997,334500000.0
Slovenia,SVN,1996,173300000.0
Slovenia,SVN,1995,150400000.0
Slovenia,SVN,1994,116900000.0
Slovenia,SVN,1993,112600000.0
Slovenia,SVN,1992,111000000.0
Solomon Islands,SLB,2024,32966760.5535094
Solomon Islands,SLB,2023,78895436.2399953
Solomon Islands,SLB,2022,40718832.6899573
Solomon Islands,SLB,2021,27919072.2390487
Solomon Islands,SLB,2020,8980046.94191946
Solomon Islands,SLB,2019,32787092.7202953
Solomon Islands,SLB,2018,24992541.5163262
Solomon Islands,SLB,2017,42883975.6278544
Solomon Islands,SLB,2016,37343622.7695982
Solomon Islands,SLB,2015,32222728.5635439
Solomon Islands,SLB,2014,21022029.974167
Solomon Islands,SLB,2013,53434351.3773386
Solomon Islands,SLB,2012,23881499.2959446
Solomon Islands,SLB,2011,120052792.508287
Solomon Islands,SLB,2010,165920898.269922
Solomon Islands,SLB,2009,48583116.3415325
Solomon Islands,SLB,2008,75177085.3799648
Solomon Islands,SLB,2007,85983505.9852651
Solomon Islands,SLB,2006,44307544.5596453
Solomon Islands,SLB,2005,548149.349449344
Solomon Islands,SLB,2004,-3005254.99388774
Solomon Islands,SLB,2003,-1009361.68105639
Solomon Islands,SLB,2002,145800.744935118
Solomon Islands,SLB,2001,-8617173.10745275
Solomon Islands,SLB,2000,2004350.29165425
Solomon Islands,SLB,1999,9900495.54150439
Solomon Islands,SLB,1998,8804628.10569498
Solomon Islands,SLB,1997,33871933.2426075
Solomon Islands,SLB,1996,5944439.12207364
Solomon Islands,SLB,1995,2025896.23887959
Solomon Islands,SLB,1994,2096398.9031884
Solomon Islands,SLB,1993,23370838.2131504
Solomon Islands,SLB,1992,14173013.2167617
Solomon Islands,SLB,1991,14513306.9343401
Solomon Islands,SLB,1990,10439803.0673512
Solomon Islands,SLB,1989,11599300.8441471
Solomon Islands,SLB,1988,1680658.81825675
Solomon Islands,SLB,1987,10482747.1453233
Solomon Islands,SLB,1986,3100775.19409521
Solomon Islands,SLB,1985,675325.844796088
Solomon Islands,SLB,1984,1962762.25689445
Solomon Islands,SLB,1983,435328.354535009
Solomon Islands,SLB,1982,1029755.41971478
Solomon Islands,SLB,1981,229841.126601245
Solomon Islands,SLB,1980,2410140.22039901
Solomon Islands,SLB,1979,3464345.96012538
Solomon Islands,SLB,1978,4578448.85968008
Solomon Islands,SLB,1977,4435491.3230701
Solomon Islands,SLB,1976,4888282.37977881
Solomon Islands,SLB,1975,7854773.95706057
Solomon Islands,SLB,1974,-50000.0
Solomon Islands,SLB,1973,700000.0
Solomon Islands,SLB,1972,-10000.0
Solomon Islands,SLB,1971,-170000.0
"Somalia, Fed. Rep.",SOM,2024,765000000.0
"Somalia, Fed. Rep.",SOM,2023,676500000.0
"Somalia, Fed. Rep.",SOM,2022,636000000.0
"Somalia, Fed. Rep.",SOM,2021,601000000.0
"Somalia, Fed. Rep.",SOM,2020,534000000.0
"Somalia, Fed. Rep.",SOM,2019,447000000.0
"Somalia, Fed. Rep.",SOM,2018,408000000.0
"Somalia, Fed. Rep.",SOM,2017,369000000.0
"Somalia, Fed. Rep.",SOM,2016,330000000.0
"Somalia, Fed. Rep.",SOM,2015,303000000.0
"Somalia, Fed. Rep.",SOM,2014,261000000.0
"Somalia, Fed. Rep.",SOM,2013,258000000.0
"Somalia, Fed. Rep.",SOM,2012,107330000.0
"Somalia, Fed. Rep.",SOM,2011,102000000.0
"Somalia, Fed. Rep.",SOM,2010,112000000.0
"Somalia, Fed. Rep.",SOM,2009,108000000.0
"Somalia, Fed. Rep.",SOM,2008,87000000.0
"Somalia, Fed. Rep.",SOM,2007,141000000.0
"Somalia, Fed. Rep.",SOM,2006,96000000.0
"Somalia, Fed. Rep.",SOM,2005,24000000.0
"Somalia, Fed. Rep.",SOM,2004,-4790000.0
"Somalia, Fed. Rep.",SOM,2003,-850000.0
"Somalia, Fed. Rep.",SOM,2002,140000.0
"Somalia, Fed. Rep.",SOM,2001,40000.0
"Somalia, Fed. Rep.",SOM,2000,270000.0
"Somalia, Fed. Rep.",SOM,1999,-810000.0
"Somalia, Fed. Rep.",SOM,1998,40000.0
"Somalia, Fed. Rep.",SOM,1997,1100000.0
"Somalia, Fed. Rep.",SOM,1996,1300000.0
"Somalia, Fed. Rep.",SOM,1995,1000000.0
"Somalia, Fed. Rep.",SOM,1994,1000000.0
"Somalia, Fed. Rep.",SOM,1993,2000000.0
"Somalia, Fed. Rep.",SOM,1992,-60000.0
"Somalia, Fed. Rep.",SOM,1991,-150000.0
"Somalia, Fed. Rep.",SOM,1990,5590000.0
"Somalia, Fed. Rep.",SOM,1989,-41159999.9
"Somalia, Fed. Rep.",SOM,1988,-43390000.0
"Somalia, Fed. Rep.",SOM,1987,64340000.0
"Somalia, Fed. Rep.",SOM,1986,3060000.0
"Somalia, Fed. Rep.",SOM,1985,-710000.0
"Somalia, Fed. Rep.",SOM,1984,-14940000.0
"Somalia, Fed. Rep.",SOM,1983,-8230000.0
"Somalia, Fed. Rep.",SOM,1982,-760000.0
"Somalia, Fed. Rep.",SOM,1981,110000.0
"Somalia, Fed. Rep.",SOM,1980,-30000.0
"Somalia, Fed. Rep.",SOM,1979,10000.0
"Somalia, Fed. Rep.",SOM,1978,300000.0
"Somalia, Fed. Rep.",SOM,1977,7780000.0
"Somalia, Fed. Rep.",SOM,1976,2200000.0
"Somalia, Fed. Rep.",SOM,1975,11789999.9
"Somalia, Fed. Rep.",SOM,1974,700000.0
"Somalia, Fed. Rep.",SOM,1973,600000.0
"Somalia, Fed. Rep.",SOM,1972,4500000.0
"Somalia, Fed. Rep.",SOM,1971,1700000.0
"Somalia, Fed. Rep.",SOM,1970,4500000.0
South Africa,ZAF,2024,2330218039.32031
South Africa,ZAF,2023,3862994369.64947
South Africa,ZAF,2022,9238990828.45042
South Africa,ZAF,2021,40658789144.9382
South Africa,ZAF,2020,3153552569.39324
South Africa,ZAF,2019,5116098443.48715
South Africa,ZAF,2018,5569462350.15206
South Africa,ZAF,2017,2058579911.05235
South Africa,ZAF,2016,2215307020.39541
South Africa,ZAF,2015,1521139945.30531
South Africa,ZAF,2014,5791659020.09996
South Africa,ZAF,2013,8232518815.62083
South Africa,ZAF,2012,4626029122.40006
South Africa,ZAF,2011,4139289122.68736
South Africa,ZAF,2010,3693271715.48139
South Africa,ZAF,2009,7624489973.88189
South Africa,ZAF,2008,9885001293.44358
South Africa,ZAF,2007,6586792253.1097
South Africa,ZAF,2006,623291744.343519
South Africa,ZAF,2005,6522098178.1805
South Africa,ZAF,2004,701422007.629778
South Africa,ZAF,2003,783136092.25814
South Africa,ZAF,2002,1479804588.75226
South Africa,ZAF,2001,7270344986.4768
South Africa,ZAF,2000,968831355.95909
South Africa,ZAF,1999,1503332454.41011
South Africa,ZAF,1998,550338595.971811
South Africa,ZAF,1997,3810543923.03317
South Africa,ZAF,1996,816389273.755428
South Africa,ZAF,1995,1248424932.7343
South Africa,ZAF,1994,374410441.074406
South Africa,ZAF,1993,11290546.0235309
South Africa,ZAF,1992,3358018.17406729
South Africa,ZAF,1991,254133621.74014
South Africa,ZAF,1990,-75722412.1197067
South Africa,ZAF,1989,-201208430.59616
South Africa,ZAF,1988,158437159.450014
South Africa,ZAF,1987,-191667969.848626
South Africa,ZAF,1986,-50487073.695263
South Africa,ZAF,1985,-452643658.30137
South Africa,ZAF,1984,419500000.0
South Africa,ZAF,1983,70900000.0
South Africa,ZAF,1982,329699999.9
South Africa,ZAF,1981,65000000.0
South Africa,ZAF,1980,-10300000.0
South Africa,ZAF,1979,-484547334.2
South Africa,ZAF,1978,-109250027.3125
South Africa,ZAF,1977,-121900030.475
South Africa,ZAF,1976,18400004.6
South Africa,ZAF,1975,187962807.7046
South Africa,ZAF,1974,696123636.2673
South Africa,ZAF,1973,27379139.1134
South Africa,ZAF,1972,114478245.8811
South Africa,ZAF,1971,260060932.5561
South Africa,ZAF,1970,334599866.1601
South Sudan,SSD,2024,83417020.0
South Sudan,SSD,2023,-6335000.0
South Sudan,SSD,2022,121500000.0
South Sudan,SSD,2021,67500000.0
South Sudan,SSD,2020,17500000.0
South Sudan,SSD,2019,-2210000.0
South Sudan,SSD,2018,60140000.0
South Sudan,SSD,2017,1420000.0
South Sudan,SSD,2016,-7850000.0
South Sudan,SSD,2015,150000.0
South Sudan,SSD,2014,1035825.73
South Sudan,SSD,2013,-793000000.0
South Sudan,SSD,2012,161000000.0
Spain,ESP,2024,42778827261.0579
Spain,ESP,2023,46961991977.1583
Spain,ESP,2022,67459796903.6798
Spain,ESP,2021,64626902393.5776
Spain,ESP,2020,37683095972.4205
Spain,ESP,2019,30322872791.4496
Spain,ESP,2018,63958429156.7585
Spain,ESP,2017,33577736758.6064
Spain,ESP,2016,44962670965.5697
Spain,ESP,2015,23777330434.0906
Spain,ESP,2014,31972292815.4555
Spain,ESP,2013,47143326585.2815
Spain,ESP,2012,19250404232.1962
Spain,ESP,2011,25874478945.7384
Spain,ESP,2010,35969020812.8424
Spain,ESP,2009,7562359636.56542
Spain,ESP,2008,71347116196.2984
Spain,ESP,2007,70291846189.2949
Spain,ESP,2006,35455663078.3571
Spain,ESP,2005,28282647905.3934
Spain,ESP,2004,25642926665.1153
Spain,ESP,2003,31005892770.6414
Spain,ESP,2002,39314607366.2039
Spain,ESP,2001,29016725788.2085
Spain,ESP,2000,40723543114.0509
Spain,ESP,1999,19806975250.9892
Spain,ESP,1998,15714658309.1109
Spain,ESP,1997,9433660064.59713
Spain,ESP,1996,9801379213.11597
Spain,ESP,1995,8281607344.6532
Spain,ESP,1994,8772628136.87355
Spain,ESP,1993,10808165172.6316
Spain,ESP,1992,13275723087.2105
Spain,ESP,1991,12492782828.6164
Spain,ESP,1990,13983611812.0264
Spain,ESP,1989,8428379548.62269
Spain,ESP,1988,7020568173.67176
Spain,ESP,1987,4570700793.28043
Spain,ESP,1986,3450598177.34751
Spain,ESP,1985,1967804468.48446
Spain,ESP,1984,1771829759.76171
Spain,ESP,1983,1622388936.13354
Spain,ESP,1982,1782685065.75119
Spain,ESP,1981,1706766879.37235
Spain,ESP,1980,1492697189.6098
Spain,ESP,1979,1396810448.79965
Spain,ESP,1978,1178156262.29804
Spain,ESP,1977,607674770.017613
Spain,ESP,1976,477622019.881708
Spain,ESP,1975,682635310.557578
Spain,ESP,1974,358000000.0
Spain,ESP,1973,390000000.0
Spain,ESP,1972,268000000.0
Spain,ESP,1971,202000000.0
Spain,ESP,1970,222000000.0
Sri Lanka,LKA,2024,761144545.734856
Sri Lanka,LKA,2023,713015364.59864
Sri Lanka,LKA,2022,884150491.430207
Sri Lanka,LKA,2021,592289969.90297
Sri Lanka,LKA,2020,434075668.46642
Sri Lanka,LKA,2019,743466231.468031
Sri Lanka,LKA,2018,1614044009.22883
Sri Lanka,LKA,2017,1372723043.13401
Sri Lanka,LKA,2016,897049375.883533
Sri Lanka,LKA,2015,679655644.244788
Sri Lanka,LKA,2014,893628980.287065
Sri Lanka,LKA,2013,932551317.582881
Sri Lanka,LKA,2012,941116591.230408
Sri Lanka,LKA,2011,955920000.0
Sri Lanka,LKA,2010,477559000.0
Sri Lanka,LKA,2009,404000000.0
Sri Lanka,LKA,2008,752200000.0
Sri Lanka,LKA,2007,603000000.0
Sri Lanka,LKA,2006,479700000.0
Sri Lanka,LKA,2005,272400000.0
Sri Lanka,LKA,2004,232800000.0
Sri Lanka,LKA,2003,228720000.0
Sri Lanka,LKA,2002,196500000.0
Sri Lanka,LKA,2001,171790000.0
Sri Lanka,LKA,2000,172941409.8305
Sri Lanka,LKA,1999,176410171.3141
Sri Lanka,LKA,1998,193424023.1433
Sri Lanka,LKA,1997,430056151.833
Sri Lanka,LKA,1996,119874349.6993
Sri Lanka,LKA,1995,55995587.566
Sri Lanka,LKA,1994,166412940.1008
Sri Lanka,LKA,1993,194479070.2388
Sri Lanka,LKA,1992,122625843.129
Sri Lanka,LKA,1991,48349173.7319
Sri Lanka,LKA,1990,43355119.7231
Sri Lanka,LKA,1989,19741313.056
Sri Lanka,LKA,1988,45722528.5962
Sri Lanka,LKA,1987,59504201.9008
Sri Lanka,LKA,1986,29723119.8603
Sri Lanka,LKA,1985,26162080.1604
Sri Lanka,LKA,1984,32612391.0542
Sri Lanka,LKA,1983,37778897.5011
Sri Lanka,LKA,1982,63567608.833
Sri Lanka,LKA,1981,49264554.4202
Sri Lanka,LKA,1980,43010507.2449
Sri Lanka,LKA,1979,46911742.0857
Sri Lanka,LKA,1978,1474392.3733
Sri Lanka,LKA,1977,-1218567.2109
Sri Lanka,LKA,1976,1000.0
Sri Lanka,LKA,1975,142711.034
Sri Lanka,LKA,1974,1399999.9
Sri Lanka,LKA,1973,500000.0
Sri Lanka,LKA,1972,300000.0
Sri Lanka,LKA,1971,300000.0
Sri Lanka,LKA,1970,-300000.0
St. Kitts and Nevis,KNA,2024,42084863.7037037
St. Kitts and Nevis,KNA,2023,29833142.5925925
St. Kitts and Nevis,KNA,2022,41091854.4444444
St. Kitts and Nevis,KNA,2021,19191295.5555555
St. Kitts and Nevis,KNA,2020,2838722.96296296
St. Kitts and Nevis,KNA,2019,62459225.9259259
St. Kitts and Nevis,KNA,2018,40051767.037037
St. Kitts and Nevis,KNA,2017,48026116.2962963
St. Kitts and Nevis,KNA,2016,121415245.555555
St. Kitts and Nevis,KNA,2015,128276604.814814
St. Kitts and Nevis,KNA,2014,156658594.074074
St. Kitts and Nevis,KNA,2013,144187233.020451
St. Kitts and Nevis,KNA,2012,113741914.670388
St. Kitts and Nevis,KNA,2011,88510971.8472674
St. Kitts and Nevis,KNA,2010,123013536.407214
St. Kitts and Nevis,KNA,2009,133668978.788776
St. Kitts and Nevis,KNA,2008,149760827.747706
St. Kitts and Nevis,KNA,2007,125639552.910681
St. Kitts and Nevis,KNA,2006,100518806.407185
St. Kitts and Nevis,KNA,2005,54183295.707814
St. Kitts and Nevis,KNA,2004,45998927.3890751
St. Kitts and Nevis,KNA,2003,75511019.0749648
St. Kitts and Nevis,KNA,2002,75728571.8527133
St. Kitts and Nevis,KNA,2001,83560099.5490107
St. Kitts and Nevis,KNA,2000,86171497.7289418
St. Kitts and Nevis,KNA,1999,57737037.037037
St. Kitts and Nevis,KNA,1998,31925925.9259259
St. Kitts and Nevis,KNA,1997,19670370.3703703
St. Kitts and Nevis,KNA,1996,35174074.074074
St. Kitts and Nevis,KNA,1995,20470370.3703703
St. Kitts and Nevis,KNA,1994,15348148.1481481
St. Kitts and Nevis,KNA,1993,13759259.2592592
St. Kitts and Nevis,KNA,1992,12529629.6296296
St. Kitts and Nevis,KNA,1991,21448148.1481481
St. Kitts and Nevis,KNA,1990,48785185.1851851
St. Kitts and Nevis,KNA,1989,40800000.0
St. Kitts and Nevis,KNA,1988,13133333.3333333
St. Kitts and Nevis,KNA,1987,16648148.1481481
St. Kitts and Nevis,KNA,1986,9203703.7037037
St. Kitts and Nevis,KNA,1985,8000000.0
St. Kitts and Nevis,KNA,1984,6000000.0
St. Kitts and Nevis,KNA,1983,13500000.0
St. Kitts and Nevis,KNA,1982,2200000.0
St. Kitts and Nevis,KNA,1981,900000.0
St. Kitts and Nevis,KNA,1980,1000000.0
St. Lucia,LCA,2024,186610180.74074
St. Lucia,LCA,2023,203075681.111111
St. Lucia,LCA,2022,58043440.7407407
St. Lucia,LCA,2021,70224234.4444444
St. Lucia,LCA,2020,99135484.8148148
St. Lucia,LCA,2019,75509997.7777777
St. Lucia,LCA,2018,45522200.8444974
St. Lucia,LCA,2017,89941452.0910666
St. Lucia,LCA,2016,161613065.584917
St. Lucia,LCA,2015,152240176.107528
St. Lucia,LCA,2014,67259296.1343377
St. Lucia,LCA,2013,125625100.051193
St. Lucia,LCA,2012,117962499.495274
St. Lucia,LCA,2011,97165774.7066814
St. Lucia,LCA,2010,174224983.181416
St. Lucia,LCA,2009,134978250.841726
St. Lucia,LCA,2008,195623250.593938
St. Lucia,LCA,2007,202997586.419843
St. Lucia,LCA,2006,288917009.217448
St. Lucia,LCA,2005,115484418.136258
St. Lucia,LCA,2004,121554429.100413
St. Lucia,LCA,2003,163844777.42511
St. Lucia,LCA,2002,99909211.2583796
St. Lucia,LCA,2001,104822050.834347
St. Lucia,LCA,2000,96087233.5092607
St. Lucia,LCA,1999,83151851.8518518
St. Lucia,LCA,1998,83396296.2962963
St. Lucia,LCA,1997,47825925.9259259
St. Lucia,LCA,1996,18414814.8148148
St. Lucia,LCA,1995,32751851.8518518
St. Lucia,LCA,1994,32522222.2222222
St. Lucia,LCA,1993,34162962.9629629
St. Lucia,LCA,1992,40940740.7407407
St. Lucia,LCA,1991,57744444.4444444
St. Lucia,LCA,1990,44785185.1851851
St. Lucia,LCA,1989,26629629.6296296
St. Lucia,LCA,1988,16444444.4444444
St. Lucia,LCA,1987,15000000.0
St. Lucia,LCA,1986,14518518.5185185
St. Lucia,LCA,1985,17000000.0
St. Lucia,LCA,1984,12000000.0
St. Lucia,LCA,1983,10000000.0
St. Lucia,LCA,1982,26500000.0
St. Lucia,LCA,1981,38200000.0
St. Lucia,LCA,1980,30900000.0
St. Lucia,LCA,1979,26000000.0
St. Lucia,LCA,1978,20600000.0
St. Lucia,LCA,1977,13000000.0
St. Lucia,LCA,1976,2998465.39057628
St. Vincent and the Grenadines,VCT,2024,138934684.814814
St. Vincent and the Grenadines,VCT,2023,73835578.8888888
St. Vincent and the Grenadines,VCT,2022,65238462.9629629
St. Vincent and the Grenadines,VCT,2021,167885445.555555
St. Vincent and the Grenadines,VCT,2020,65244280.3703703
St. Vincent and the Grenadines,VCT,2019,68838376.2962963
St. Vincent and the Grenadines,VCT,2018,40008167.534307
St. Vincent and the Grenadines,VCT,2017,165393134.603197
St. Vincent and the Grenadines,VCT,2016,70524768.2973118
St. Vincent and the Grenadines,VCT,2015,123879207.964814
St. Vincent and the Grenadines,VCT,2014,124422677.780362
St. Vincent and the Grenadines,VCT,2013,153550360.571618
St. Vincent and the Grenadines,VCT,2012,132856056.92065
St. Vincent and the Grenadines,VCT,2011,84639172.9036292
St. Vincent and the Grenadines,VCT,2010,95883709.7891707
St. Vincent and the Grenadines,VCT,2009,109298134.973141
St. Vincent and the Grenadines,VCT,2008,157163408.172397
St. Vincent and the Grenadines,VCT,2007,84073030.5438959
St. Vincent and the Grenadines,VCT,2006,119972299.600058
St. Vincent and the Grenadines,VCT,2005,39910587.0405329
St. Vincent and the Grenadines,VCT,2004,83145514.8378896
St. Vincent and the Grenadines,VCT,2003,34879095.4175604
St. Vincent and the Grenadines,VCT,2002,26280196.6102451
St. Vincent and the Grenadines,VCT,2001,17842528.7730403
St. Vincent and the Grenadines,VCT,2000,54312300.7349925
St. Vincent and the Grenadines,VCT,1999,56796296.2962963
St. Vincent and the Grenadines,VCT,1998,88951851.8518518
St. Vincent and the Grenadines,VCT,1997,92470370.3703703
St. Vincent and the Grenadines,VCT,1996,42644444.4444444
St. Vincent and the Grenadines,VCT,1995,30640740.7407407
St. Vincent and the Grenadines,VCT,1994,46914814.8148148
St. Vincent and the Grenadines,VCT,1993,31400000.0
St. Vincent and the Grenadines,VCT,1992,13900000.0
St. Vincent and the Grenadines,VCT,1991,8896296.29629629
St. Vincent and the Grenadines,VCT,1990,7666666.66666666
St. Vincent and the Grenadines,VCT,1989,10592592.5925926
St. Vincent and the Grenadines,VCT,1988,9111111.11111111
St. Vincent and the Grenadines,VCT,1987,4962962.96296296
St. Vincent and the Grenadines,VCT,1986,7370370.37037037
St. Vincent and the Grenadines,VCT,1985,1800000.0
St. Vincent and the Grenadines,VCT,1984,1400000.0
St. Vincent and the Grenadines,VCT,1983,2100000.0
St. Vincent and the Grenadines,VCT,1982,1500000.0
St. Vincent and the Grenadines,VCT,1981,500000.0
St. Vincent and the Grenadines,VCT,1980,1100000.0
St. Vincent and the Grenadines,VCT,1979,600000.0
St. Vincent and the Grenadines,VCT,1978,-500000.0
Sudan,SDN,2023,548200000.0
Sudan,SDN,2022,573504494.776
Sudan,SDN,2021,522869616.855921
Sudan,SDN,2020,716939710.59488
Sudan,SDN,2019,825354992.310273
Sudan,SDN,2018,1135787164.04941
Sudan,SDN,2017,1065298481.41867
Sudan,SDN,2016,1063767535.33587
Sudan,SDN,2015,1728373403.43067
Sudan,SDN,2014,1251280889.37784
Sudan,SDN,2013,1687884178.79722
Sudan,SDN,2012,2311460739.75953
Sudan,SDN,2011,1734376994.48388
Sudan,SDN,2010,2063730997.66213
Sudan,SDN,2009,1726298402.95145
Sudan,SDN,2008,1653120315.475
Sudan,SDN,2007,1504379838.38584
Sudan,SDN,2006,1841833814.08367
Sudan,SDN,2005,1561689996.89435
Sudan,SDN,2004,1511070000.0
Sudan,SDN,2003,1349190000.0
Sudan,SDN,2002,713180000.0
Sudan,SDN,2001,574000000.0
Sudan,SDN,2000,392200000.0
Sudan,SDN,1999,370800000.0
Sudan,SDN,1998,370700000.0
Sudan,SDN,1997,97900000.0
Sudan,SDN,1996,400000.0
Sudan,SDN,1995,12000000.0
Sudan,SDN,1994,99180000.0
Sudan,SDN,1993,-160000.0
Sudan,SDN,1992,90000.0
Sudan,SDN,1991,-620000.0
Sudan,SDN,1990,-31130000.0
Sudan,SDN,1989,3488888.88888889
Sudan,SDN,1988,2020000.0
Sudan,SDN,1987,11650000.0
Sudan,SDN,1986,-8169999.9
Sudan,SDN,1985,-3040000.0
Sudan,SDN,1984,9076923.07692308
Sudan,SDN,1983,6320000.0
Sudan,SDN,1982,16789999.9
Sudan,SDN,1981,19329999.9
Sudan,SDN,1980,8849999.9
Sudan,SDN,1979,-2660000.0
Sudan,SDN,1978,5990000.0
Sudan,SDN,1977,8269999.9
Sudan,SDN,1976,5839999.9
Sudan,SDN,1975,1300000.0
Sudan,SDN,1974,-1159999.9
Sudan,SDN,1973,260000.0
Sudan,SDN,1972,610000.0
Sudan,SDN,1970,1659999.9
Suriname,SUR,2024,-37555190.3524557
Suriname,SUR,2023,-53096300.2393143
Suriname,SUR,2022,-9305315.36959886
Suriname,SUR,2021,-132705617.4897
Suriname,SUR,2020,1039899.7054992
Suriname,SUR,2019,84160363.8257407
Suriname,SUR,2018,130960766.326423
Suriname,SUR,2017,96075554.7414536
Suriname,SUR,2016,231666845.653765
Suriname,SUR,2015,183665852.697559
Suriname,SUR,2014,-59673138.0841936
Suriname,SUR,2013,186765030.570088
Suriname,SUR,2012,169442185.072792
Suriname,SUR,2011,145288761.2
Suriname,SUR,2010,-255700000.0
Suriname,SUR,2009,-93400000.0
Suriname,SUR,2008,-231400000.0
Suriname,SUR,2007,-246700000.0
Suriname,SUR,2006,-163400000.0
Suriname,SUR,2005,28000000.0
Suriname,SUR,2004,-37300000.0
Suriname,SUR,2003,-76100000.0
Suriname,SUR,2002,-73600000.0
Suriname,SUR,2001,-26800000.0
Suriname,SUR,2000,-97200000.0
Suriname,SUR,1999,-61500000.0
Suriname,SUR,1998,9100000.0
Suriname,SUR,1997,-9200000.0
Suriname,SUR,1996,19100000.0
Suriname,SUR,1995,-20600000.0
Suriname,SUR,1994,-30200000.0
Suriname,SUR,1993,-46600000.0
Suriname,SUR,1992,-54300000.0
Suriname,SUR,1991,18500000.0
Suriname,SUR,1990,-76800000.0
Suriname,SUR,1989,-299699999.9
Suriname,SUR,1988,-171000000.0
Suriname,SUR,1987,-129599999.9
Suriname,SUR,1986,-60399999.9
Suriname,SUR,1985,21300000.0
Suriname,SUR,1984,-70900000.0
Suriname,SUR,1983,81500000.0
Suriname,SUR,1982,-11100000.0
Suriname,SUR,1981,61700000.0
Suriname,SUR,1980,18100000.0
Suriname,SUR,1979,-27399999.9
Suriname,SUR,1978,-13500000.0
Suriname,SUR,1977,-22600000.0
Suriname,SUR,1976,1060000.0
Suriname,SUR,1975,1159999.9
Suriname,SUR,1974,7450000.0
Suriname,SUR,1973,14199999.9
Suriname,SUR,1972,3009999.9
Suriname,SUR,1971,-6799999.9
Suriname,SUR,1970,-5000000.0
Sweden,SWE,2024,27034877940.548
Sweden,SWE,2023,18673173170.72
Sweden,SWE,2022,53782285500.4412
Sweden,SWE,2021,57981119709.6784
Sweden,SWE,2020,18307766875.476
Sweden,SWE,2019,15692851350.2202
Sweden,SWE,2018,-714153381.400277
Sweden,SWE,2017,24305209924.7369
Sweden,SWE,2016,15470455705.9977
Sweden,SWE,2015,9777569491.28413
Sweden,SWE,2014,-6039792919.86722
Sweden,SWE,2013,1487752726.3122
Sweden,SWE,2012,4273531542.41647
Sweden,SWE,2011,6979353755.44351
Sweden,SWE,2010,625102142.469452
Sweden,SWE,2009,8960871620.904
Sweden,SWE,2008,41436553995.9454
Sweden,SWE,2007,46143507532.9674
Sweden,SWE,2006,22052656378.599
Sweden,SWE,2005,20782686615.8206
Sweden,SWE,2004,16854649893.5473
Sweden,SWE,2003,6007683415.88432
Sweden,SWE,2002,18381645407.9826
Sweden,SWE,2001,18217810086.486
Sweden,SWE,2000,22817836820.9439
Sweden,SWE,1999,62910430888.1708
Sweden,SWE,1998,23334866534.9283
Sweden,SWE,1997,10271066268.9351
Sweden,SWE,1996,5491883747.97058
Sweden,SWE,1995,14939375567.4951
Sweden,SWE,1994,6268780977.81991
Sweden,SWE,1993,3704921362.33015
Sweden,SWE,1992,-5418689.9178421
Sweden,SWE,1991,6350883200.4646
Sweden,SWE,1990,1982424727.63651
Sweden,SWE,1989,1812004570.52244
Sweden,SWE,1988,1673425167.82549
Sweden,SWE,1987,639212993.084742
Sweden,SWE,1986,1082656171.41941
Sweden,SWE,1985,392953911.939895
Sweden,SWE,1984,290015353.034728
Sweden,SWE,1983,225698175.702732
Sweden,SWE,1982,355014408.987199
Sweden,SWE,1981,181117388.512144
Sweden,SWE,1980,250911512.531221
Sweden,SWE,1979,112469609.885329
Sweden,SWE,1978,69712036.8529415
Sweden,SWE,1977,81453706.8607516
Sweden,SWE,1976,4864300.2675861
Sweden,SWE,1975,80215154.576941
Sweden,SWE,1974,76586494.8898982
Sweden,SWE,1973,83963592.6690626
Sweden,SWE,1972,65306129.6047817
Sweden,SWE,1971,84100267.0133291
Sweden,SWE,1970,108250003.295488
Switzerland,CHE,2024,-108395568633.839
Switzerland,CHE,2023,-115458607844.803
Switzerland,CHE,2022,-12414047154.6242
Switzerland,CHE,2021,-120778435587.715
Switzerland,CHE,2020,-238563810399.583
Switzerland,CHE,2019,22355117767.168
Switzerland,CHE,2018,-161796242279.339
Switzerland,CHE,2017,146779212954.995
Switzerland,CHE,2016,170848654800.932
Switzerland,CHE,2015,120722433557.54
Switzerland,CHE,2014,21003091521.7733
Switzerland,CHE,2013,-24926465856.5785
Switzerland,CHE,2012,39943494321.6384
Switzerland,CHE,2011,20764483834.5029
Switzerland,CHE,2010,17670735602.9225
Switzerland,CHE,2009,47658570354.7325
Switzerland,CHE,2008,2990936685.10851
Switzerland,CHE,2007,48688296542.6701
Switzerland,CHE,2006,53760772986.3034
Switzerland,CHE,2005,2664910821.00243
Switzerland,CHE,2004,7102294152.72321
Switzerland,CHE,2003,19721053893.3921
Switzerland,CHE,2002,8258050580.17819
Switzerland,CHE,2001,9765012889.09899
Switzerland,CHE,2000,23080879762.6769
Switzerland,CHE,1999,14541329307.925
Switzerland,CHE,1998,11345529735.0727
Switzerland,CHE,1997,8391921105.89552
Switzerland,CHE,1996,4880219415.70052
Switzerland,CHE,1995,4158247959.95385
Switzerland,CHE,1994,3682699144.72734
Switzerland,CHE,1993,1706937974.44082
Switzerland,CHE,1992,1128487634.0919
Switzerland,CHE,1991,2838789160.79242
Switzerland,CHE,1990,5544796309.51595
Switzerland,CHE,1989,2497180494.21581
Switzerland,CHE,1988,405248411.125538
Switzerland,CHE,1987,2320291936.53845
Switzerland,CHE,1986,2122388474.7415
Switzerland,CHE,1985,1267334791.67726
Switzerland,CHE,1984,777125995.866918
Switzerland,CHE,1983,642643620.490481
Syrian Arab Republic,SYR,2011,804162640.0
Syrian Arab Republic,SYR,2010,1469196863.48146
Syrian Arab Republic,SYR,2009,2569548271.53071
Syrian Arab Republic,SYR,2008,1465623386.27635
Syrian Arab Republic,SYR,2007,1241959115.11048
Syrian Arab Republic,SYR,2006,659000000.0
Syrian Arab Republic,SYR,2005,500000000.0
Syrian Arab Republic,SYR,2004,275000000.0
Syrian Arab Republic,SYR,2003,160000000.0
Syrian Arab Republic,SYR,2002,115000000.0
Syrian Arab Republic,SYR,2001,110000000.0
Syrian Arab Republic,SYR,2000,270000000.0
Syrian Arab Republic,SYR,1999,263000000.0
Syrian Arab Republic,SYR,1998,82000000.0
Syrian Arab Republic,SYR,1997,80000000.0
Syrian Arab Republic,SYR,1996,89000000.0
Syrian Arab Republic,SYR,1995,100000000.0
Syrian Arab Republic,SYR,1994,251000000.0
Syrian Arab Republic,SYR,1993,109000000.0
Syrian Arab Republic,SYR,1992,57000000.0
Syrian Arab Republic,SYR,1991,54000000.0
Syrian Arab Republic,SYR,1990,40000000.0
Syrian Arab Republic,SYR,1989,30000000.0
Syrian Arab Republic,SYR,1988,27000000.0
Syrian Arab Republic,SYR,1987,22000000.0
Syrian Arab Republic,SYR,1986,20000000.0
Syrian Arab Republic,SYR,1985,15000000.0
Syrian Arab Republic,SYR,1984,50000.0
Syrian Arab Republic,SYR,1983,-20000.0
Syrian Arab Republic,SYR,1982,95000.0
Syrian Arab Republic,SYR,1981,40000.0
Syrian Arab Republic,SYR,1980,-40000.0
Syrian Arab Republic,SYR,1979,40000.0
Syrian Arab Republic,SYR,1978,0.0
Syrian Arab Republic,SYR,1977,90000.0
Syrian Arab Republic,SYR,1976,100000.0
Syrian Arab Republic,SYR,1975,140000.0
Syrian Arab Republic,SYR,1974,10000.0
Syrian Arab Republic,SYR,1973,-45000.0
Syrian Arab Republic,SYR,1972,10000.0
Syrian Arab Republic,SYR,1970,-100000.0
Tajikistan,TJK,2024,291312572.578438
Tajikistan,TJK,2023,140579836.626079
Tajikistan,TJK,2022,174022240.52391
Tajikistan,TJK,2021,84038181.4649617
Tajikistan,TJK,2020,106534792.807916
Tajikistan,TJK,2019,212809730.699296
Tajikistan,TJK,2018,220862232.3377
Tajikistan,TJK,2017,185827080.700794
Tajikistan,TJK,2016,241616267.20903
Tajikistan,TJK,2015,454012320.0
Tajikistan,TJK,2014,326593810.0
Tajikistan,TJK,2013,283140730.0
Tajikistan,TJK,2012,241736370.0
Tajikistan,TJK,2011,145883670.0
Tajikistan,TJK,2010,93940670.0
Tajikistan,TJK,2009,149060550.0
Tajikistan,TJK,2008,486614340.0
Tajikistan,TJK,2007,359967400.0
Tajikistan,TJK,2006,338627400.0
Tajikistan,TJK,2005,54479300.0
Tajikistan,TJK,2004,272025100.0
Tajikistan,TJK,2003,31649700.0
Tajikistan,TJK,2002,36066400.0
Tajikistan,TJK,2001,9495400.0
Tajikistan,TJK,2000,23543300.0
Tajikistan,TJK,1999,6702900.0
Tajikistan,TJK,1998,29940400.0
Tajikistan,TJK,1997,18000000.0
Tajikistan,TJK,1996,18000000.0
Tajikistan,TJK,1995,10000000.0
Tajikistan,TJK,1994,12000000.0
Tajikistan,TJK,1993,9000000.0
Tajikistan,TJK,1992,9000000.0
Tanzania,TZA,2024,1717575169.471
Tanzania,TZA,2023,1648913856.30485
Tanzania,TZA,2022,1437575169.471
Tanzania,TZA,2021,1190507398.784
Tanzania,TZA,2020,943765261.692
Tanzania,TZA,2019,1217235252.41973
Tanzania,TZA,2018,971576866.042756
Tanzania,TZA,2017,937700000.0
Tanzania,TZA,2016,864040000.0
Tanzania,TZA,2015,1506024896.011
Tanzania,TZA,2014,1416088064.811
Tanzania,TZA,2013,2087261309.71597
Tanzania,TZA,2012,1799646137.43448
Tanzania,TZA,2011,1229361018.44368
Tanzania,TZA,2010,1813200000.0
Tanzania,TZA,2009,952630000.0
Tanzania,TZA,2008,1383260000.0
Tanzania,TZA,2007,581511806.98
Tanzania,TZA,2006,403038991.36
Tanzania,TZA,2005,935520591.71
Tanzania,TZA,2004,442539548.35
Tanzania,TZA,2003,318401298.68
Tanzania,TZA,2002,395567134.0
Tanzania,TZA,2001,549270351.46
Tanzania,TZA,2000,463400858.7823
Tanzania,TZA,1999,516700641.7478
Tanzania,TZA,1998,172306244.8984
Tanzania,TZA,1997,157885063.8557
Tanzania,TZA,1996,150066381.9809
Tanzania,TZA,1995,119936653.7517
Tanzania,TZA,1994,50000895.2558
Tanzania,TZA,1993,20457763.5354
Tanzania,TZA,1992,12169639.3307
Tanzania,TZA,1991,10000.0
Tanzania,TZA,1990,10000.0
Tanzania,TZA,1989,5839999.9
Tanzania,TZA,1988,3759999.9
Tanzania,TZA,1987,-470000.0
Tanzania,TZA,1986,-7490000.0
Tanzania,TZA,1985,14510000.0
Tanzania,TZA,1984,-8419999.9
Tanzania,TZA,1983,1520000.0
Tanzania,TZA,1982,17309999.9
Tanzania,TZA,1981,18920000.0
Tanzania,TZA,1980,4580000.0
Tanzania,TZA,1979,8019999.9
Tanzania,TZA,1978,6120000.0
Tanzania,TZA,1977,2939999.9
Tanzania,TZA,1976,6559999.9
Tanzania,TZA,1975,-870000.0
Tanzania,TZA,1974,-2060000.0
Tanzania,TZA,1973,6030000.0
Tanzania,TZA,1972,7690000.0
Tanzania,TZA,1971,5150000.0
Tanzania,TZA,1970,3069999.9
Thailand,THA,2024,14302158846.415
Thailand,THA,2023,10327587425.687
Thailand,THA,2022,11854822037.8762
Thailand,THA,2021,15389597696.242
Thailand,THA,2020,-4293910676.95961
Thailand,THA,2019,5534140214.60468
Thailand,THA,2018,13747219811.1792
Thailand,THA,2017,8285169819.69135
Thailand,THA,2016,3486184390.30069
Thailand,THA,2015,8927579182.16216
Thailand,THA,2014,4975455660.4459
Thailand,THA,2013,15935960664.8073
Thailand,THA,2012,12899036062.7558
Thailand,THA,2011,2473685995.7
Thailand,THA,2010,14746672919.5999
Thailand,THA,2009,6411458544.60001
Thailand,THA,2008,8561557724.60001
Thailand,THA,2007,8633903440.6
Thailand,THA,2006,8917470351.2
Thailand,THA,2005,8215637195.30001
Thailand,THA,2004,5860255942.60102
Thailand,THA,2003,5232270340.1941
Thailand,THA,2002,3341612007.23692
Thailand,THA,2001,5067170388.09022
Thailand,THA,2000,3365987582.58309
Thailand,THA,1999,6102677671.18095
Thailand,THA,1998,7314804931.33013
Thailand,THA,1997,3894755071.04503
Thailand,THA,1996,2335837474.93165
Thailand,THA,1995,2067936429.29444
Thailand,THA,1994,1366440824.95193
Thailand,THA,1993,1804040984.75618
Thailand,THA,1992,2113021867.31996
Thailand,THA,1991,2013985971.10096
Thailand,THA,1990,2443549743.009
Thailand,THA,1989,1775449345.30598
Thailand,THA,1988,1105370109.53568
Thailand,THA,1987,351932497.41629
Thailand,THA,1986,262504153.775044
Thailand,THA,1985,163200657.950608
Thailand,THA,1984,401019248.882659
Thailand,THA,1983,349606931.777924
Thailand,THA,1982,190868602.226724
Thailand,THA,1981,290555396.431713
Thailand,THA,1980,189859432.271733
Thailand,THA,1979,55280864.5720976
Thailand,THA,1978,55653209.3150277
Thailand,THA,1977,106077896.182212
Thailand,THA,1976,79117247.8919088
Thailand,THA,1975,85626229.2045746
Thailand,THA,1974,188288646.4
Thailand,THA,1973,77833711.6
Thailand,THA,1972,68610576.9
Thailand,THA,1971,38865384.6
Thailand,THA,1970,42802884.6
Timor-Leste,TLS,2024,225465667.670416
Timor-Leste,TLS,2023,122186169.249457
Timor-Leste,TLS,2022,53663376.0160201
Timor-Leste,TLS,2021,-239021184.526346
Timor-Leste,TLS,2020,-350458946.391372
Timor-Leste,TLS,2019,-158426602.364189
Timor-Leste,TLS,2018,47925664.570816
Timor-Leste,TLS,2017,6715937.46714799
Timor-Leste,TLS,2016,5478700.0
Timor-Leste,TLS,2015,42995500.0
Timor-Leste,TLS,2014,33905491.522696
Timor-Leste,TLS,2013,55857105.62
Timor-Leste,TLS,2012,40382443.85
Timor-Leste,TLS,2011,49058168.54
Timor-Leste,TLS,2010,30332806.77
Timor-Leste,TLS,2009,47954750.66
Timor-Leste,TLS,2008,39697970.7526887
Timor-Leste,TLS,2007,8695061.68836722
Timor-Leste,TLS,2006,8478084.46190102
Timor-Leste,TLS,2005,908000.0
Timor-Leste,TLS,2003,4519000.0
Togo,TGO,2024,83754750.0
Togo,TGO,2023,79736910.0
Togo,TGO,2022,-173300710.0
Togo,TGO,2021,-136221500.0
Togo,TGO,2020,-59206820.0004109
Togo,TGO,2019,345697546.971432
Togo,TGO,2018,-180972714.795729
Togo,TGO,2017,88558699.5022234
Togo,TGO,2016,-46308331.6178517
Togo,TGO,2015,257860036.464441
Togo,TGO,2014,54020342.354686
Togo,TGO,2013,183599248.958183
Togo,TGO,2012,121511565.575361
Togo,TGO,2011,728710878.416044
Togo,TGO,2010,125064101.838993
Togo,TGO,2009,46304496.1277116
Togo,TGO,2008,50892371.9537828
Togo,TGO,2007,62406802.6278744
Togo,TGO,2006,91396741.8990609
Togo,TGO,2005,96003598.2087157
Togo,TGO,2004,79967681.861951
Togo,TGO,2003,45773612.370036
Togo,TGO,2002,57806307.3736271
Togo,TGO,2001,72617650.8875252
Togo,TGO,2000,52818330.9863658
Togo,TGO,1999,15089199.2484699
Togo,TGO,1998,11116162.8504459
Togo,TGO,1997,12260365.7806242
Togo,TGO,1996,2253923.41384395
Togo,TGO,1995,-7813307.2201075
Togo,TGO,1994,-3265462.29559324
Togo,TGO,1993,-18575900.8456824
Togo,TGO,1992,-13109580.0
Togo,TGO,1991,6479812.94651245
Togo,TGO,1990,18239596.9648189
Togo,TGO,1989,9169040.44407446
Togo,TGO,1988,12966335.7239749
Togo,TGO,1987,7150544.2892809
Togo,TGO,1986,6113092.43726733
Togo,TGO,1985,16275545.9650337
Togo,TGO,1984,-9936912.14704239
Togo,TGO,1983,1443319.3935039
Togo,TGO,1982,16131768.5115865
Togo,TGO,1981,10193888.0243794
Togo,TGO,1980,42734849.485449
Togo,TGO,1979,52585152.0130357
Togo,TGO,1978,92893665.5058144
Togo,TGO,1977,11258562.0677697
Togo,TGO,1976,5624596.024053
Togo,TGO,1975,5212005.42861192
Togo,TGO,1974,-44328180.6901005
Togo,TGO,1973,3299999.9
Togo,TGO,1972,1200000.0
Togo,TGO,1971,4599999.9
Togo,TGO,1970,700000.0
Tonga,TON,2024,-12079633.359431
Tonga,TON,2023,2622141.7789236
Tonga,TON,2022,2911551.97014838
Tonga,TON,2021,258487.567441336
Tonga,TON,2020,3824444.91119021
Tonga,TON,2019,-6108376.82484508
Tonga,TON,2018,23210808.8977196
Tonga,TON,2017,-15671794.4503866
Tonga,TON,2016,16625145.1000078
Tonga,TON,2015,14759825.6788605
Tonga,TON,2014,13241447.4869654
Tonga,TON,2013,6269513.29007397
Tonga,TON,2012,-841513.978316334
Tonga,TON,2011,7641551.9580818
Tonga,TON,2010,4661006.00282213
Tonga,TON,2009,247006.485014144
Tonga,TON,2008,21517757.3452398
Tonga,TON,2007,17583867.2029788
Tonga,TON,2006,10987468.9682818
Tonga,TON,2005,6005489.53244256
Tonga,TON,2004,5533664.04017913
Tonga,TON,2003,182273.330595786
Tonga,TON,2002,4692080.0
Tonga,TON,2001,7628660.0
Tonga,TON,2000,9212400.0
Tonga,TON,1999,958150.0
Tonga,TON,1998,45710.0
Tonga,TON,1997,-10530.0
Tonga,TON,1996,284990.0
Tonga,TON,1995,1028450.0
Tonga,TON,1994,2489172.17535184
Tonga,TON,1993,351311.271985408
Tonga,TON,1992,1244111.86394824
Tonga,TON,1991,200289.442508179
Tonga,TON,1990,99521.4242284111
Tonga,TON,1989,110538.249869289
Tonga,TON,1988,58146.1298512139
Tonga,TON,1987,194192.947529696
Tonga,TON,1986,113399.922982405
Tonga,TON,1985,20946.8912734552
Tonga,TON,1984,20000.0
Tonga,TON,1983,0.0
Tonga,TON,1982,0.0
Tonga,TON,1981,0.0
Tonga,TON,1980,0.0
Tonga,TON,1979,0.0
Tonga,TON,1978,50000.0
Tonga,TON,1977,40000.0
Tonga,TON,1976,0.0
Tonga,TON,1975,0.0
Tonga,TON,1974,0.0
Tonga,TON,1973,0.0
Tonga,TON,1972,0.0
Tonga,TON,1971,0.0
Trinidad and Tobago,TTO,2024,-453157051.59894
Trinidad and Tobago,TTO,2023,-1498430153.06408
Trinidad and Tobago,TTO,2022,1172466106.04211
Trinidad and Tobago,TTO,2021,-934781798.364976
Trinidad and Tobago,TTO,2020,1055969147.72389
Trinidad and Tobago,TTO,2019,183972765.263861
Trinidad and Tobago,TTO,2018,-700185701.199984
Trinidad and Tobago,TTO,2017,-470882577.73977
Trinidad and Tobago,TTO,2016,-23598182.380677
Trinidad and Tobago,TTO,2015,176829744.888445
Trinidad and Tobago,TTO,2014,661413505.43737
Trinidad and Tobago,TTO,2013,-1129966025.63165
Trinidad and Tobago,TTO,2012,-1904347649.2578
Trinidad and Tobago,TTO,2011,41047454.4570203
Trinidad and Tobago,TTO,2010,549400000.0
Trinidad and Tobago,TTO,2009,709100000.0
Trinidad and Tobago,TTO,2008,2800800000.0
Trinidad and Tobago,TTO,2007,830000000.0
Trinidad and Tobago,TTO,2006,882700000.0
Trinidad and Tobago,TTO,2005,939700000.0
Trinidad and Tobago,TTO,2004,998100000.0
Trinidad and Tobago,TTO,2003,808300000.0
Trinidad and Tobago,TTO,2002,1007800000.0
Trinidad and Tobago,TTO,2001,834900044.583722
Trinidad and Tobago,TTO,2000,679500035.953542
Trinidad and Tobago,TTO,1999,643300000.0
Trinidad and Tobago,TTO,1998,729767481.18443
Trinidad and Tobago,TTO,1997,999347641.846576
Trinidad and Tobago,TTO,1996,355399933.861396
Trinidad and Tobago,TTO,1995,298934269.067463
Trinidad and Tobago,TTO,1994,516174947.239172
Trinidad and Tobago,TTO,1993,379211987.075547
Trinidad and Tobago,TTO,1992,177882352.941177
Trinidad and Tobago,TTO,1991,169341176.470588
Trinidad and Tobago,TTO,1990,109411764.705882
Trinidad and Tobago,TTO,1989,148894117.647059
Trinidad and Tobago,TTO,1988,62907317.0731708
Trinidad and Tobago,TTO,1987,33138888.8888889
Trinidad and Tobago,TTO,1986,-14527777.7777778
Trinidad and Tobago,TTO,1985,1183673.46938708
Trinidad and Tobago,TTO,1984,113208333.333334
Trinidad and Tobago,TTO,1983,117708333.382378
Trinidad and Tobago,TTO,1982,203500000.084792
Trinidad and Tobago,TTO,1981,258083333.440868
Trinidad and Tobago,TTO,1980,184541666.743559
Trinidad and Tobago,TTO,1979,93833333.3724302
Trinidad and Tobago,TTO,1978,128833333.387014
Trinidad and Tobago,TTO,1977,83541666.7014757
Trinidad and Tobago,TTO,1976,132154443.349673
Trinidad and Tobago,TTO,1975,92957979.3277485
Trinidad and Tobago,TTO,1974,120152999.9
Trinidad and Tobago,TTO,1973,65599999.9
Trinidad and Tobago,TTO,1972,86099999.9
Trinidad and Tobago,TTO,1971,103300000.0
Trinidad and Tobago,TTO,1970,83200000.0
Tunisia,TUN,2024,759601641.198674
Tunisia,TUN,2023,705491409.559272
Tunisia,TUN,2022,643213141.17869
Tunisia,TUN,2021,547411353.644915
Tunisia,TUN,2020,623075275.921852
Tunisia,TUN,2019,815012991.372017
Tunisia,TUN,2018,991385678.114219
Tunisia,TUN,2017,810936482.841997
Tunisia,TUN,2016,622569482.161978
Tunisia,TUN,2015,970521888.740202
Tunisia,TUN,2014,1024754443.57724
Tunisia,TUN,2013,1058622582.18394
Tunisia,TUN,2012,1554269128.7808
Tunisia,TUN,2011,432666011.578487
Tunisia,TUN,2010,1334497694.56476
Tunisia,TUN,2009,1525244857.52902
Tunisia,TUN,2008,2600674976.49755
Tunisia,TUN,2007,1515345043.99628
Tunisia,TUN,2006,3239909092.61659
Tunisia,TUN,2005,712714847.262545
Tunisia,TUN,2004,592147521.678619
Tunisia,TUN,2003,539481939.009799
Tunisia,TUN,2002,790302916.627592
Tunisia,TUN,2001,451514809.247851
Tunisia,TUN,2000,750720443.574374
Tunisia,TUN,1999,347320280.722459
Tunisia,TUN,1998,650727787.657248
Tunisia,TUN,1997,342704714.827179
Tunisia,TUN,1996,238337799.313409
Tunisia,TUN,1995,275971451.229183
Tunisia,TUN,1994,432008501.76914
Tunisia,TUN,1993,561897566.604951
Tunisia,TUN,1992,525760373.874043
Tunisia,TUN,1991,125456831.403863
Tunisia,TUN,1990,77419354.8387096
Tunisia,TUN,1989,77950464.5865246
Tunisia,TUN,1988,60619896.7324515
Tunisia,TUN,1987,91714057.2911167
Tunisia,TUN,1986,64229378.6437316
Tunisia,TUN,1985,107849549.88869
Tunisia,TUN,1984,113280411.98953
Tunisia,TUN,1983,184157540.886133
Tunisia,TUN,1982,340281452.27431
Tunisia,TUN,1981,295663767.442891
Tunisia,TUN,1980,234594450.568507
Tunisia,TUN,1979,49205031.3354984
Tunisia,TUN,1978,91308657.5215915
Tunisia,TUN,1977,93250961.8679356
Tunisia,TUN,1976,109614599.98744
Tunisia,TUN,1975,45000000.0
Tunisia,TUN,1974,28000000.0
Tunisia,TUN,1973,58000000.0
Tunisia,TUN,1972,33000000.0
Tunisia,TUN,1971,23000000.0
Tunisia,TUN,1970,16000000.0
Turkiye,TUR,2024,11698000000.0
Turkiye,TUR,2023,10657000000.0
Turkiye,TUR,2022,13784000000.0
Turkiye,TUR,2021,12674000000.0
Turkiye,TUR,2020,7522000000.0
Turkiye,TUR,2019,9507000000.0
Turkiye,TUR,2018,12450000000.0
Turkiye,TUR,2017,11190000000.0
Turkiye,TUR,2016,13835000000.0
Turkiye,TUR,2015,19263000000.0
Turkiye,TUR,2014,13337000000.0
Turkiye,TUR,2013,13563000000.0
Turkiye,TUR,2012,13744000000.0
Turkiye,TUR,2011,16182000000.0
Turkiye,TUR,2010,9099000000.0
Turkiye,TUR,2009,8585000000.0
Turkiye,TUR,2008,19851000000.0
Turkiye,TUR,2007,22047000000.0
Turkiye,TUR,2006,20185000000.0
Turkiye,TUR,2005,10031000000.0
Turkiye,TUR,2004,2785000000.0
Turkiye,TUR,2003,1702000000.0
Turkiye,TUR,2002,1082000000.0
Turkiye,TUR,2001,3352000000.0
Turkiye,TUR,2000,982000000.0
Turkiye,TUR,1999,783000000.0
Turkiye,TUR,1998,940000000.0
Turkiye,TUR,1997,805000000.0
Turkiye,TUR,1996,722000000.0
Turkiye,TUR,1995,885000000.0
Turkiye,TUR,1994,608000000.0
Turkiye,TUR,1993,678000000.0
Turkiye,TUR,1992,844000000.0
Turkiye,TUR,1991,810000000.0
Turkiye,TUR,1990,715000000.0
Turkiye,TUR,1989,663000000.0
Turkiye,TUR,1988,354000000.0
Turkiye,TUR,1987,115000000.0
Turkiye,TUR,1986,125000000.0
Turkiye,TUR,1985,99000000.0
Turkiye,TUR,1984,113000000.0
Turkiye,TUR,1983,46000000.0
Turkiye,TUR,1982,55000000.0
Turkiye,TUR,1981,95000000.0
Turkiye,TUR,1980,18000000.0
Turkiye,TUR,1979,75000000.0
Turkiye,TUR,1978,34000000.0
Turkiye,TUR,1977,27000000.0
Turkiye,TUR,1976,10000000.0
Turkiye,TUR,1975,114000000.0
Turkiye,TUR,1974,64000000.0
Turkiye,TUR,1973,79000000.0
Turkiye,TUR,1972,43000000.0
Turkiye,TUR,1971,45000000.0
Turkiye,TUR,1970,58000000.0
Turkmenistan,TKM,2024,1644770160.0
Turkmenistan,TKM,2023,1378312080.0
Turkmenistan,TKM,2022,936039710.0
Turkmenistan,TKM,2021,1287334690.0
Turkmenistan,TKM,2020,1436241800.0
Turkmenistan,TKM,2019,1853632130.0
Turkmenistan,TKM,2018,1606640190.0
Turkmenistan,TKM,2017,2085944140.0
Turkmenistan,TKM,2016,2243160000.0
Turkmenistan,TKM,2015,3042968000.0
Turkmenistan,TKM,2014,3830131000.0
Turkmenistan,TKM,2013,2861420710.0
Turkmenistan,TKM,2012,3129614740.0
Turkmenistan,TKM,2011,3391067000.0
Turkmenistan,TKM,2010,3632300000.0
Turkmenistan,TKM,2009,4553000000.0
Turkmenistan,TKM,2008,1277000000.0
Turkmenistan,TKM,2007,856000000.0
Turkmenistan,TKM,2006,730900000.0
Turkmenistan,TKM,2005,418200000.0
Turkmenistan,TKM,2004,353700000.0
Turkmenistan,TKM,2003,226000000.0
Turkmenistan,TKM,2002,276000000.0
Turkmenistan,TKM,2001,170000000.0
Turkmenistan,TKM,2000,131000000.0
Turkmenistan,TKM,1999,125000000.0
Turkmenistan,TKM,1998,62300000.0
Turkmenistan,TKM,1997,107860000.0
Turkmenistan,TKM,1996,108060000.0
Turkmenistan,TKM,1995,233000000.0
Turkmenistan,TKM,1994,103000000.0
Turkmenistan,TKM,1993,79000000.0
Turkmenistan,TKM,1992,10.0
Turks and Caicos Islands,TCA,2024,43999760.0
Turks and Caicos Islands,TCA,2023,32659570.0
Turks and Caicos Islands,TCA,2022,35000000.0
Turks and Caicos Islands,TCA,2021,28690280.0
Turks and Caicos Islands,TCA,2020,30418890.0
Turks and Caicos Islands,TCA,2019,26961670.0
Turks and Caicos Islands,TCA,2018,42227000.0
Turks and Caicos Islands,TCA,2017,22068000.0
Turks and Caicos Islands,TCA,2016,16590000.0
Turks and Caicos Islands,TCA,2015,-69888000.0
Turks and Caicos Islands,TCA,2014,-69533000.0
Tuvalu,TUV,2024,258080.0
Tuvalu,TUV,2023,166290.0
Tuvalu,TUV,2022,199430.0
Tuvalu,TUV,2021,199430.0
Tuvalu,TUV,2020,100000.0
Tuvalu,TUV,2019,298860.0
Tuvalu,TUV,2018,298860.0
Tuvalu,TUV,2017,300000.0
Tuvalu,TUV,2016,300000.0
Tuvalu,TUV,2015,300000.0
Tuvalu,TUV,2014,300000.0
Tuvalu,TUV,2013,337000.0
Tuvalu,TUV,2012,1325042.53066613
Tuvalu,TUV,2011,-119087.670246489
Tuvalu,TUV,2010,455233.53400427
Tuvalu,TUV,2009,1751074.67213384
Tuvalu,TUV,2008,1687799.95633287
Tuvalu,TUV,2007,-11053.9506207364
Tuvalu,TUV,2006,-10582.6523719545
Tuvalu,TUV,2005,-11417.1946991411
Tuvalu,TUV,2004,-11696.8345342259
Tuvalu,TUV,2003,-10973.3734638276
Tuvalu,TUV,2002,-9779.61900234303
Tuvalu,TUV,2001,-9309.81914383282
Uganda,UGA,2024,3257198201.79845
Uganda,UGA,2023,2993518989.0
Uganda,UGA,2022,2952941687.83427
Uganda,UGA,2021,1648240262.6506
Uganda,UGA,2020,1191485423.71975
Uganda,UGA,2019,1303005005.33932
Uganda,UGA,2018,1055353352.63033
Uganda,UGA,2017,802704141.008568
Uganda,UGA,2016,625704361.867068
Uganda,UGA,2015,737652140.151428
Uganda,UGA,2014,1058564540.34684
Uganda,UGA,2013,1096000000.0
Uganda,UGA,2012,1205388487.79374
Uganda,UGA,2011,894293858.0
Uganda,UGA,2010,543872727.272728
Uganda,UGA,2009,841570802.74764
Uganda,UGA,2008,728860900.652408
Uganda,UGA,2007,792305780.891244
Uganda,UGA,2006,644262499.946512
Uganda,UGA,2005,379808340.667061
Uganda,UGA,2004,295416479.800691
Uganda,UGA,2003,202192593.6185
Uganda,UGA,2002,184648059.1975
Uganda,UGA,2001,151496150.651927
Uganda,UGA,2000,160700000.0
Uganda,UGA,1999,140200000.0
Uganda,UGA,1998,210000000.0
Uganda,UGA,1997,175000000.0
Uganda,UGA,1996,121000000.0
Uganda,UGA,1995,121200000.0
Uganda,UGA,1994,88200000.0
Uganda,UGA,1993,54600000.0
Uganda,UGA,1992,3000000.0
Uganda,UGA,1991,1000000.0
Uganda,UGA,1990,-5910000.0
Uganda,UGA,1989,-1760000.0
Uganda,UGA,1988,4700000.0
Uganda,UGA,1987,0.0
Uganda,UGA,1986,0.0
Uganda,UGA,1985,-4000000.0
Uganda,UGA,1984,0.0
Uganda,UGA,1983,0.0
Uganda,UGA,1982,2020000.0
Uganda,UGA,1981,0.0
Uganda,UGA,1980,4000000.0
Uganda,UGA,1979,2000000.0
Uganda,UGA,1978,1970000.0
Uganda,UGA,1977,800000.0
Uganda,UGA,1976,2049999.9
Uganda,UGA,1975,2100000.0
Uganda,UGA,1974,1700000.0
Uganda,UGA,1973,5200000.0
Uganda,UGA,1972,-11900000.0
Uganda,UGA,1971,-1200000.0
Uganda,UGA,1970,4200000.0
Ukraine,UKR,2024,4018000000.0
Ukraine,UKR,2023,4572000000.0
Ukraine,UKR,2022,221000000.0
Ukraine,UKR,2021,7954000000.0
Ukraine,UKR,2020,304000000.0
Ukraine,UKR,2019,5796000000.0
Ukraine,UKR,2018,4975000000.0
Ukraine,UKR,2017,3680000000.0
Ukraine,UKR,2016,4128000000.0
Ukraine,UKR,2015,-198000000.0
Ukraine,UKR,2014,847000000.0
Ukraine,UKR,2013,4509000000.0
Ukraine,UKR,2012,8175000000.0
Ukraine,UKR,2011,7207000000.0
Ukraine,UKR,2010,6451000000.0
Ukraine,UKR,2009,4769000000.0
Ukraine,UKR,2008,10700000000.0
Ukraine,UKR,2007,10193000000.0
Ukraine,UKR,2006,5604000000.0
Ukraine,UKR,2005,7808000000.0
Ukraine,UKR,2004,1715000000.0
Ukraine,UKR,2003,1424000000.0
Ukraine,UKR,2002,693000000.0
Ukraine,UKR,2001,792000000.0
Ukraine,UKR,2000,595000000.0
Ukraine,UKR,1999,496000000.0
Ukraine,UKR,1998,743000000.0
Ukraine,UKR,1997,623000000.0
Ukraine,UKR,1996,521000000.0
Ukraine,UKR,1995,267000000.0
Ukraine,UKR,1994,159000000.0
Ukraine,UKR,1993,200000000.0
Ukraine,UKR,1992,200000000.0
United Arab Emirates,ARE,2024,45636487406.3989
United Arab Emirates,ARE,2023,30687542545.9496
United Arab Emirates,ARE,2022,22736555480.0
United Arab Emirates,ARE,2021,20667120000.0
United Arab Emirates,ARE,2020,19884470000.0
United Arab Emirates,ARE,2019,17874660000.0
United Arab Emirates,ARE,2018,10385286000.0
United Arab Emirates,ARE,2017,10354223000.0
United Arab Emirates,ARE,2016,9604773000.0
United Arab Emirates,ARE,2015,8550901850.0
United Arab Emirates,ARE,2014,11071537020.0
United Arab Emirates,ARE,2013,9764914530.0
United Arab Emirates,ARE,2012,9566651350.0
United Arab Emirates,ARE,2011,7152095830.0
United Arab Emirates,ARE,2010,8796769640.0
United Arab Emirates,ARE,2009,1134288140.0
United Arab Emirates,ARE,2008,5062972000.0
United Arab Emirates,ARE,2007,14186521440.0
United Arab Emirates,ARE,2006,12805990470.0
United Arab Emirates,ARE,2005,10899931930.0
United Arab Emirates,ARE,2004,10003500000.0
United Arab Emirates,ARE,2003,4255956430.0
United Arab Emirates,ARE,2002,95300000.0
United Arab Emirates,ARE,2001,1183840000.0
United Arab Emirates,ARE,2000,-506330000.0
United Arab Emirates,ARE,1999,-985340000.0
United Arab Emirates,ARE,1998,257660000.0
United Arab Emirates,ARE,1997,232430000.0
United Arab Emirates,ARE,1996,300520000.0
United Arab Emirates,ARE,1995,399850000.0
United Arab Emirates,ARE,1994,62460000.0
United Arab Emirates,ARE,1993,401320000.0
United Arab Emirates,ARE,1992,129720000.0
United Arab Emirates,ARE,1991,25940000.0
United Arab Emirates,ARE,1990,-115820000.0
United Arab Emirates,ARE,1989,38789999.9
United Arab Emirates,ARE,1988,188889999.9
United Arab Emirates,ARE,1987,46719999.9
United Arab Emirates,ARE,1986,110209999.9
United Arab Emirates,ARE,1985,-220960000.0
United Arab Emirates,ARE,1984,170240000.0
United Arab Emirates,ARE,1983,45539999.9
United Arab Emirates,ARE,1982,95060000.0
United Arab Emirates,ARE,1981,-16940000.0
United Arab Emirates,ARE,1980,97640000.0
United Arab Emirates,ARE,1979,64579999.9
United Arab Emirates,ARE,1978,39119999.9
United Arab Emirates,ARE,1977,112239999.9
United Arab Emirates,ARE,1976,49430000.0
United Arab Emirates,ARE,1975,15949999.9
United Arab Emirates,ARE,1974,1629999.9
United Arab Emirates,ARE,1973,3410000.0
United Arab Emirates,ARE,1972,10510000.0
United Arab Emirates,ARE,1971,6940000.0
United Arab Emirates,ARE,1970,7780000.0
United Kingdom,GBR,2024,-12955141484.5037
United Kingdom,GBR,2023,13789803776.1608
United Kingdom,GBR,2022,92776358059.3492
United Kingdom,GBR,2021,102431564639.492
United Kingdom,GBR,2020,157185559299.989
United Kingdom,GBR,2019,19790761929.1276
United Kingdom,GBR,2018,-25055440306.9073
United Kingdom,GBR,2017,125358809934.12
United Kingdom,GBR,2016,324813224213.021
United Kingdom,GBR,2015,45333483122.0899
United Kingdom,GBR,2014,58890445252.7139
United Kingdom,GBR,2013,54473175400.2415
United Kingdom,GBR,2012,46750789727.7263
United Kingdom,GBR,2011,27012050072.3452
United Kingdom,GBR,2010,66734551294.0913
United Kingdom,GBR,2009,14547108445.0914
United Kingdom,GBR,2008,253454117907.321
United Kingdom,GBR,2007,209514959646.908
United Kingdom,GBR,2006,203636431868.244
United Kingdom,GBR,2005,252653397148.111
United Kingdom,GBR,2004,87059621382.2838
United Kingdom,GBR,2003,36011240472.8341
United Kingdom,GBR,2002,89760582753.2234
United Kingdom,GBR,2001,56090924808.7937
United Kingdom,GBR,2000,164130335444.122
United Kingdom,GBR,1999,129891584490.273
United Kingdom,GBR,1998,109817612847.492
United Kingdom,GBR,1997,51311836383.8207
United Kingdom,GBR,1996,32412668835.2521
United Kingdom,GBR,1995,29129258040.8363
United Kingdom,GBR,1994,19561337402.3077
United Kingdom,GBR,1993,19686257926.6484
United Kingdom,GBR,1992,23011210833.6831
United Kingdom,GBR,1991,23244186242.4529
United Kingdom,GBR,1990,41363405438.8264
United Kingdom,GBR,1989,27108240789.3914
United Kingdom,GBR,1988,26430921298.4346
United Kingdom,GBR,1987,13074923701.8406
United Kingdom,GBR,1986,8569621721.76597
United Kingdom,GBR,1985,5476472897.18803
United Kingdom,GBR,1984,-347322544.783191
United Kingdom,GBR,1983,5178781725.93574
United Kingdom,GBR,1982,5413259759.41739
United Kingdom,GBR,1981,5879375698.17586
United Kingdom,GBR,1980,10122844315.8157
United Kingdom,GBR,1979,6469481160.44532
United Kingdom,GBR,1978,3787370849.09204
United Kingdom,GBR,1977,4426545753.96917
United Kingdom,GBR,1976,3006207709.47437
United Kingdom,GBR,1975,3318535789.63079
United Kingdom,GBR,1974,4373743379.63996
United Kingdom,GBR,1973,2722732319.90587
United Kingdom,GBR,1972,1207963191.18523
United Kingdom,GBR,1971,1771224349.2066
United Kingdom,GBR,1970,1487998811.68415
United States,USA,2024,297058000000.0
United States,USA,2023,361944000000.0
United States,USA,2022,416890000000.0
United States,USA,2021,477956000000.0
United States,USA,2020,137066000000.0
United States,USA,2019,315984000000.0
United States,USA,2018,214715000000.0
United States,USA,2017,380823000000.0
United States,USA,2016,474388000000.0
United States,USA,2015,511434000000.0
United States,USA,2014,251856000000.0
United States,USA,2013,288131000000.0
United States,USA,2012,250345000000.0
United States,USA,2011,263497000000.0
United States,USA,2010,264039000000.0
United States,USA,2009,161083000000.0
United States,USA,2008,341092000000.0
United States,USA,2007,346613000000.0
United States,USA,2006,298463000000.0
United States,USA,2005,142344000000.0
United States,USA,2004,213641000000.0
United States,USA,2003,117106000000.0
United States,USA,2002,111055000000.0
United States,USA,2001,172496000000.0
United States,USA,2000,349125000000.0
United States,USA,1999,312449000000.0
United States,USA,1998,211150000000.0
United States,USA,1997,122150000000.0
United States,USA,1996,97660000000.0
United States,USA,1995,69080000000.0
United States,USA,1994,55940000000.0
United States,USA,1993,50230000000.0
United States,USA,1992,30310000000.0
United States,USA,1991,34550000000.0
United States,USA,1990,71230000000.0
United States,USA,1989,75780000000.0
United States,USA,1988,56910000000.0
United States,USA,1987,63235000000.0
United States,USA,1986,30946000000.0
United States,USA,1985,9630000000.0
United States,USA,1984,25230000000.0
United States,USA,1983,11500000000.0
United States,USA,1982,21230000000.0
United States,USA,1981,25680000000.0
United States,USA,1980,16740000000.0
United States,USA,1979,8050000000.0
United States,USA,1978,5500000000.0
United States,USA,1977,2920000000.0
United States,USA,1976,2910000000.0
United States,USA,1975,2310000000.0
United States,USA,1974,3540000000.0
United States,USA,1973,1930000000.0
United States,USA,1972,1270000000.0
United States,USA,1971,770000000.0
United States,USA,1970,1220000000.0
Uruguay,URY,2024,-3936668278.41077
Uruguay,URY,2023,-5248090937.05745
Uruguay,URY,2022,8810431894.6504
Uruguay,URY,2021,5165277108.36511
Uruguay,URY,2020,973445343.93392
Uruguay,URY,2019,1466600721.56301
Uruguay,URY,2018,1726550037.27184
Uruguay,URY,2017,2686509353.42749
Uruguay,URY,2016,-515650078.425119
Uruguay,URY,2015,2673041339.41285
Uruguay,URY,2014,4085227626.74536
Uruguay,URY,2013,986930050.603523
Uruguay,URY,2012,6394069821.71275
Uruguay,URY,2011,2690094196.66276
Uruguay,URY,2010,2191067966.51532
Uruguay,URY,2009,1602591812.77207
Uruguay,URY,2008,2141969341.14865
Uruguay,URY,2007,1358736505.93223
Uruguay,URY,2006,1508350268.54176
Uruguay,URY,2005,826626704.297552
Uruguay,URY,2004,352712784.345572
Uruguay,URY,2003,402717369.251732
Uruguay,URY,2002,179852187.798716
Uruguay,URY,2001,310402928.18663
Uruguay,URY,2000,262825000.0
Uruguay,URY,1999,235300000.0
Uruguay,URY,1998,164100000.0
Uruguay,URY,1997,113200000.0
Uruguay,URY,1996,136800000.0
Uruguay,URY,1995,156600000.0
Uruguay,URY,1994,154500000.0
Uruguay,URY,1993,101500000.0
Uruguay,URY,1992,11300000.0
Uruguay,URY,1991,32340000.0
Uruguay,URY,1990,41540000.0
Uruguay,URY,1989,37700000.0
Uruguay,URY,1988,46800000.0
Uruguay,URY,1987,50100000.0
Uruguay,URY,1986,37000000.0
Uruguay,URY,1985,-7900000.0
Uruguay,URY,1984,3399999.9
Uruguay,URY,1983,5599999.9
Uruguay,URY,1982,-13699999.9
Uruguay,URY,1981,48600000.0
Uruguay,URY,1980,289500000.0
Uruguay,URY,1979,215500000.0
Uruguay,URY,1978,128800000.0
Uruguay,URY,1977,66000000.0
Uruguay,URY,1976,3149999.9
Uruguay,URY,1975,22640000.0
Uruguay,URY,1974,-80000.0
Uruguay,URY,1973,1389999.9
Uruguay,URY,1972,-1139999.9
Uruguay,URY,1971,-830000.0
Uruguay,URY,1970,2129999.9
Uzbekistan,UZB,2024,2985959445.03231
Uzbekistan,UZB,2023,2156350918.89039
Uzbekistan,UZB,2022,2657356365.09623
Uzbekistan,UZB,2021,2280290469.82797
Uzbekistan,UZB,2020,1728247827.58199
Uzbekistan,UZB,2019,2316482962.28621
Uzbekistan,UZB,2018,624686535.504395
Uzbekistan,UZB,2017,1798299474.68216
Uzbekistan,UZB,2016,1662886452.22485
Uzbekistan,UZB,2015,1041199291.09392
Uzbekistan,UZB,2014,808675996.570486
Uzbekistan,UZB,2013,691576225.994762
Uzbekistan,UZB,2012,744244552.244516
Uzbekistan,UZB,2011,1615052149.82
Uzbekistan,UZB,2010,1662748216.26524
Uzbekistan,UZB,2009,613093923.0
Uzbekistan,UZB,2008,547961216.4
Uzbekistan,UZB,2007,667503821.44
Uzbekistan,UZB,2006,207156423.36
Uzbekistan,UZB,2005,213491019.599999
Uzbekistan,UZB,2004,176600000.0
Uzbekistan,UZB,2003,82600000.0
Uzbekistan,UZB,2002,65300000.0
Uzbekistan,UZB,2001,82800000.0
Uzbekistan,UZB,2000,74700000.0
Uzbekistan,UZB,1999,121200000.0
Uzbekistan,UZB,1998,139600000.0
Uzbekistan,UZB,1997,166800000.0
Uzbekistan,UZB,1996,90000000.0
Uzbekistan,UZB,1995,-24000000.0
Uzbekistan,UZB,1994,73000000.0
Uzbekistan,UZB,1993,48000000.0
Uzbekistan,UZB,1992,9000000.0
Vanuatu,VUT,2024,28862040.0
Vanuatu,VUT,2023,9268550.0
Vanuatu,VUT,2022,10694983.2150241
Vanuatu,VUT,2021,43055519.3446168
Vanuatu,VUT,2020,41158955.8450913
Vanuatu,VUT,2019,52849932.2026135
Vanuatu,VUT,2018,37583468.4179765
Vanuatu,VUT,2017,38222690.1627779
Vanuatu,VUT,2016,44178569.3949991
Vanuatu,VUT,2015,31021245.7737035
Vanuatu,VUT,2014,13266163.5152466
Vanuatu,VUT,2013,59379212.8028741
Vanuatu,VUT,2012,60388540.2101009
Vanuatu,VUT,2011,61117730.8986634
Vanuatu,VUT,2010,63109398.8219535
Vanuatu,VUT,2009,32140846.4295061
Vanuatu,VUT,2008,37694497.4912752
Vanuatu,VUT,2007,34155234.6761075
Vanuatu,VUT,2006,43447011.6286544
Vanuatu,VUT,2005,13251642.4085469
Vanuatu,VUT,2004,19840843.5043493
Vanuatu,VUT,2003,18010732.3935714
Vanuatu,VUT,2002,14162544.8083713
Vanuatu,VUT,2001,18004322.0771219
Vanuatu,VUT,2000,20256089.6407318
Vanuatu,VUT,1999,13403366.6167586
Vanuatu,VUT,1998,20383379.4203026
Vanuatu,VUT,1997,30233300.3604651
Vanuatu,VUT,1996,32732115.6063049
Vanuatu,VUT,1995,31044914.6654407
Vanuatu,VUT,1994,29786175.5550177
Vanuatu,VUT,1993,25967921.3059155
Vanuatu,VUT,1992,26452893.6172552
Vanuatu,VUT,1991,25474518.484233
Vanuatu,VUT,1990,13111196.8709722
Vanuatu,VUT,1989,9168584.20456194
Vanuatu,VUT,1988,10813576.8563531
Vanuatu,VUT,1987,12893061.8352693
Vanuatu,VUT,1986,2017424.64118443
Vanuatu,VUT,1985,4625776.26727185
Vanuatu,VUT,1984,7437905.97206159
Vanuatu,VUT,1983,5867099.90253371
Vanuatu,VUT,1982,6932931.42430729
Vanuatu,VUT,1981,7121000.0
Vanuatu,VUT,1980,4635500.0
Vanuatu,VUT,1979,4889999.9
Vanuatu,VUT,1978,4919999.9
Vanuatu,VUT,1977,2350000.0
Vanuatu,VUT,1976,10100000.0
Vanuatu,VUT,1975,3250000.0
Vanuatu,VUT,1974,1790000.0
Vanuatu,VUT,1973,2799999.9
Vanuatu,VUT,1972,40000.0
Vanuatu,VUT,1971,10000.0
"Venezuela, RB",VEN,2024,1632583330.0
"Venezuela, RB",VEN,2023,13000000.0
"Venezuela, RB",VEN,2022,2349000000.0
"Venezuela, RB",VEN,2021,1213000000.0
"Venezuela, RB",VEN,2020,1504000000.0
"Venezuela, RB",VEN,2019,564000000.0
"Venezuela, RB",VEN,2018,622000000.0
"Venezuela, RB",VEN,2017,-299000000.0
"Venezuela, RB",VEN,2016,1587000000.0
"Venezuela, RB",VEN,2015,2956000000.0
"Venezuela, RB",VEN,2014,1135000000.0
"Venezuela, RB",VEN,2013,2145000000.0
"Venezuela, RB",VEN,2012,4986000000.0
"Venezuela, RB",VEN,2011,5855000000.0
"Venezuela, RB",VEN,2010,1583000000.0
"Venezuela, RB",VEN,2009,-1137000000.0
"Venezuela, RB",VEN,2008,2083000000.0
"Venezuela, RB",VEN,2007,4358000000.0
"Venezuela, RB",VEN,2006,198000000.0
"Venezuela, RB",VEN,2005,2450000000.0
"Venezuela, RB",VEN,2004,1489000000.0
"Venezuela, RB",VEN,2003,1573000000.0
"Venezuela, RB",VEN,2002,761000000.0
"Venezuela, RB",VEN,2001,3704000000.0
"Venezuela, RB",VEN,2000,4703000000.0
"Venezuela, RB",VEN,1999,2932000000.0
"Venezuela, RB",VEN,1998,5024000000.0
"Venezuela, RB",VEN,1997,6202000000.0
"Venezuela, RB",VEN,1996,2183000000.0
"Venezuela, RB",VEN,1995,996000000.0
"Venezuela, RB",VEN,1994,801000000.0
"Venezuela, RB",VEN,1993,372000000.0
"Venezuela, RB",VEN,1992,629000000.0
"Venezuela, RB",VEN,1991,1916000000.0
"Venezuela, RB",VEN,1990,451000000.0
"Venezuela, RB",VEN,1989,213000000.0
"Venezuela, RB",VEN,1988,89000000.0
"Venezuela, RB",VEN,1987,21000000.0
"Venezuela, RB",VEN,1986,16000000.0
"Venezuela, RB",VEN,1985,68000000.0
"Venezuela, RB",VEN,1984,18000000.0
"Venezuela, RB",VEN,1983,86000000.0
"Venezuela, RB",VEN,1982,257000000.0
"Venezuela, RB",VEN,1981,184000000.0
"Venezuela, RB",VEN,1980,55000000.0
"Venezuela, RB",VEN,1979,88000000.0
"Venezuela, RB",VEN,1978,67000000.0
"Venezuela, RB",VEN,1977,-3000000.0
"Venezuela, RB",VEN,1976,-889000000.0
"Venezuela, RB",VEN,1975,418000000.0
"Venezuela, RB",VEN,1974,-430000000.0
"Venezuela, RB",VEN,1973,-84000000.0
"Venezuela, RB",VEN,1972,-376000000.0
"Venezuela, RB",VEN,1971,211000000.0
"Venezuela, RB",VEN,1970,-23000000.0
Viet Nam,VNM,2024,20170000000.0
Viet Nam,VNM,2023,18500000000.0
Viet Nam,VNM,2022,17900000000.0
Viet Nam,VNM,2021,15660000000.0
Viet Nam,VNM,2020,15800000000.0
Viet Nam,VNM,2019,16120000000.0
Viet Nam,VNM,2018,15500000000.0
Viet Nam,VNM,2017,14100000000.0
Viet Nam,VNM,2016,12600000000.0
Viet Nam,VNM,2015,11800000000.0
Viet Nam,VNM,2014,9200000000.0
Viet Nam,VNM,2013,8900000000.0
Viet Nam,VNM,2012,8368000000.0
Viet Nam,VNM,2011,7430000000.0
Viet Nam,VNM,2010,8000000000.0
Viet Nam,VNM,2009,7600000000.0
Viet Nam,VNM,2008,9579000000.0
Viet Nam,VNM,2007,6700000000.0
Viet Nam,VNM,2006,2400000000.0
Viet Nam,VNM,2005,1954000000.0
Viet Nam,VNM,2004,1610000000.0
Viet Nam,VNM,2003,1450000000.0
Viet Nam,VNM,2002,1400000000.0
Viet Nam,VNM,2001,1300000000.0
Viet Nam,VNM,2000,1298000000.0
Viet Nam,VNM,1999,1412000000.0
Viet Nam,VNM,1998,1671000000.0
Viet Nam,VNM,1997,2220000000.0
Viet Nam,VNM,1996,2395000000.0
Viet Nam,VNM,1995,1780400000.0
Viet Nam,VNM,1994,1944515940.0
Viet Nam,VNM,1993,926303710.0
Viet Nam,VNM,1992,473945860.0
Viet Nam,VNM,1991,375190280.0
Viet Nam,VNM,1990,180000000.0
Viet Nam,VNM,1989,4070000.0
Viet Nam,VNM,1988,7679999.9
Viet Nam,VNM,1987,10363703.7
Viet Nam,VNM,1986,40000.0
Viet Nam,VNM,1985,-80000.0
Viet Nam,VNM,1984,690000.0
Viet Nam,VNM,1983,131111.1
Viet Nam,VNM,1982,13050000.0
Viet Nam,VNM,1981,17910000.0
Viet Nam,VNM,1980,1666666.6
Viet Nam,VNM,1979,-60000.0
Viet Nam,VNM,1978,463333.3
Viet Nam,VNM,1977,-10000.0
Viet Nam,VNM,1976,-340000.0
Viet Nam,VNM,1975,4089999.9
Viet Nam,VNM,1974,1250000.0
Viet Nam,VNM,1973,1030000.0
Viet Nam,VNM,1972,-890000.0
Viet Nam,VNM,1971,1820000.0
Viet Nam,VNM,1970,70000.0
West Bank and Gaza,PSE,2024,162176714.137186
West Bank and Gaza,PSE,2023,103535363.986695
West Bank and Gaza,PSE,2022,310825494.481581
West Bank and Gaza,PSE,2021,353477054.949858
West Bank and Gaza,PSE,2020,79744992.3247409
West Bank and Gaza,PSE,2019,131879984.168895
West Bank and Gaza,PSE,2018,210694555.545304
West Bank and Gaza,PSE,2017,183950642.861711
West Bank and Gaza,PSE,2016,296473530.843925
West Bank and Gaza,PSE,2015,104937726.658029
West Bank and Gaza,PSE,2014,159711665.338642
West Bank and Gaza,PSE,2013,189560177.039613
West Bank and Gaza,PSE,2012,62985366.1058955
West Bank and Gaza,PSE,2011,238840690.55525
West Bank and Gaza,PSE,2010,179941047.792492
West Bank and Gaza,PSE,2009,300468000.0
West Bank and Gaza,PSE,2008,51508000.0
West Bank and Gaza,PSE,2007,19596000.0
West Bank and Gaza,PSE,2006,18587960.0
West Bank and Gaza,PSE,2005,36242000.0
West Bank and Gaza,PSE,2004,20520000.0
West Bank and Gaza,PSE,2003,12872000.0
West Bank and Gaza,PSE,2002,9440000.0
West Bank and Gaza,PSE,2001,19176400.668
West Bank and Gaza,PSE,2000,62005481.8276937
West Bank and Gaza,PSE,1999,189721781.969895
West Bank and Gaza,PSE,1998,208973104.707612
West Bank and Gaza,PSE,1997,163000000.0
West Bank and Gaza,PSE,1996,177200000.0
West Bank and Gaza,PSE,1995,122600000.0
"Yemen, Rep.",YEM,2019,-370982780.0
"Yemen, Rep.",YEM,2018,-282098330.0
"Yemen, Rep.",YEM,2017,-269850000.0
"Yemen, Rep.",YEM,2016,-561000000.0
"Yemen, Rep.",YEM,2015,-15444808.3545508
"Yemen, Rep.",YEM,2014,-233104668.580815
"Yemen, Rep.",YEM,2013,-133570895.625639
"Yemen, Rep.",YEM,2012,-14239188.3601923
"Yemen, Rep.",YEM,2011,-517842928.476896
"Yemen, Rep.",YEM,2010,188641795.777668
"Yemen, Rep.",YEM,2009,129200000.0
"Yemen, Rep.",YEM,2008,1554630000.0
"Yemen, Rep.",YEM,2007,917300000.0
"Yemen, Rep.",YEM,2006,1120970000.0
"Yemen, Rep.",YEM,2005,-302056736.757507
"Yemen, Rep.",YEM,2004,143578000.0
"Yemen, Rep.",YEM,2003,-89107000.0
"Yemen, Rep.",YEM,2002,114302000.0
"Yemen, Rep.",YEM,2001,155141000.0
"Yemen, Rep.",YEM,2000,6399510.0
"Yemen, Rep.",YEM,1999,-307600000.0
"Yemen, Rep.",YEM,1998,-219400000.0
"Yemen, Rep.",YEM,1997,-138500000.0
"Yemen, Rep.",YEM,1996,-60100000.0
"Yemen, Rep.",YEM,1995,-217700000.0
"Yemen, Rep.",YEM,1994,15800000.0
"Yemen, Rep.",YEM,1993,903000000.0
"Yemen, Rep.",YEM,1992,718000000.0
"Yemen, Rep.",YEM,1991,282500000.0
"Yemen, Rep.",YEM,1990,-130900000.0
Zambia,ZMB,2024,2359364621.18767
Zambia,ZMB,2023,641091890.665879
Zambia,ZMB,2022,-65118862.8223029
Zambia,ZMB,2021,394217415.177069
Zambia,ZMB,2020,245205491.395466
Zambia,ZMB,2019,547967909.612401
Zambia,ZMB,2018,408438491.702336
Zambia,ZMB,2017,1107519804.84533
Zambia,ZMB,2016,662813935.420472
Zambia,ZMB,2015,1582666666.66666
Zambia,ZMB,2014,1507800000.0
Zambia,ZMB,2013,2099800000.0
Zambia,ZMB,2012,1731500000.0
Zambia,ZMB,2011,1108500000.0
Zambia,ZMB,2010,1729300000.0
Zambia,ZMB,2009,694800000.0
Zambia,ZMB,2008,938620000.0
Zambia,ZMB,2007,1323900000.0
Zambia,ZMB,2006,615789999.999999
Zambia,ZMB,2005,356940000.0
Zambia,ZMB,2004,364040000.0
Zambia,ZMB,2003,347000000.0
Zambia,ZMB,2002,298390000.0
Zambia,ZMB,2001,145000000.0
Zambia,ZMB,2000,121700000.0
Zambia,ZMB,1999,162000000.0
Zambia,ZMB,1998,198000000.0
Zambia,ZMB,1997,207400000.0
Zambia,ZMB,1996,127100000.0
Zambia,ZMB,1995,107000000.0
Zambia,ZMB,1994,40000000.0
Zambia,ZMB,1993,314400000.0
Zambia,ZMB,1992,45000000.0
Zambia,ZMB,1991,34300000.0
Zambia,ZMB,1990,202700000.0
Zambia,ZMB,1989,163700000.0
Zambia,ZMB,1988,93300000.0
Zambia,ZMB,1987,74500000.0
Zambia,ZMB,1986,28300000.0
Zambia,ZMB,1985,51500000.0
Zambia,ZMB,1984,17200000.0
Zambia,ZMB,1983,25700000.0
Zambia,ZMB,1982,39000000.0
Zambia,ZMB,1981,-38400000.0
Zambia,ZMB,1980,61700000.0
Zambia,ZMB,1979,35200000.0
Zambia,ZMB,1978,38600000.0
Zambia,ZMB,1977,42960000.0
Zambia,ZMB,1976,31000000.0
Zambia,ZMB,1975,38000000.0
Zambia,ZMB,1974,38000000.0
Zambia,ZMB,1973,32000000.0
Zambia,ZMB,1972,29000000.0
Zambia,ZMB,1971,8419999.9
Zambia,ZMB,1970,9519999.9
Zimbabwe,ZWE,2024,465433000.0
Zimbabwe,ZWE,2023,604196000.0
Zimbabwe,ZWE,2022,336761000.0
Zimbabwe,ZWE,2021,237480367.76
Zimbabwe,ZWE,2020,150461768.075241
Zimbabwe,ZWE,2019,249673369.8045
Zimbabwe,ZWE,2018,413857379.43885
Zimbabwe,ZWE,2017,307187738.788
Zimbabwe,ZWE,2016,343013813.38
Zimbabwe,ZWE,2015,399200000.0
Zimbabwe,ZWE,2014,472800000.0
Zimbabwe,ZWE,2013,373050000.0
Zimbabwe,ZWE,2012,349850000.0
Zimbabwe,ZWE,2011,344300000.0
Zimbabwe,ZWE,2010,122586666.666667
Zimbabwe,ZWE,2009,105000000.0
Zimbabwe,ZWE,2008,51600000.0
Zimbabwe,ZWE,2007,68900000.0
Zimbabwe,ZWE,2006,40000000.0
Zimbabwe,ZWE,2005,102800000.0
Zimbabwe,ZWE,2004,8700000.0
Zimbabwe,ZWE,2003,3800000.0
Zimbabwe,ZWE,2002,25900000.0
Zimbabwe,ZWE,2001,3800000.0
Zimbabwe,ZWE,2000,23200000.0
Zimbabwe,ZWE,1999,59000000.0
Zimbabwe,ZWE,1998,444300000.0
Zimbabwe,ZWE,1997,135100000.0
Zimbabwe,ZWE,1996,80900000.0
Zimbabwe,ZWE,1995,117700000.0
Zimbabwe,ZWE,1994,34648879.6465878
Zimbabwe,ZWE,1993,27955135.3523667
Zimbabwe,ZWE,1992,14949899.5465682
Zimbabwe,ZWE,1991,2790485.89552002
Zimbabwe,ZWE,1990,-12205847.8193433
Zimbabwe,ZWE,1989,-10180763.0839124
Zimbabwe,ZWE,1988,-18033621.8649553
Zimbabwe,ZWE,1987,-30506683.7479327
Zimbabwe,ZWE,1986,7445128.0941093
Zimbabwe,ZWE,1985,2848609.09866397
Zimbabwe,ZWE,1984,-2488197.112551
Zimbabwe,ZWE,1983,-2074321.69132811
Zimbabwe,ZWE,1982,-841285.040182456
Zimbabwe,ZWE,1981,3546064.69890712
Zimbabwe,ZWE,1980,1549689.61046654
Zimbabwe,ZWE,1979,146951.392464029
Zimbabwe,ZWE,1978,2519175.29266073
Zimbabwe,ZWE,1977,-3815193.51652908
Zimbabwe,ZWE,1976,29090000.0
Zimbabwe,ZWE,1975,28870000.0
Zimbabwe,ZWE,1974,33350000.0
Zimbabwe,ZWE,1973,30489999.9
Zimbabwe,ZWE,1972,23489999.9
Zimbabwe,ZWE,1971,21840000.0
Zimbabwe,ZWE,1970,18670000.0
