country,country_code,year,imports_gdp_value
Africa Eastern and Southern,AFE,2024,353911296000.791
Africa Eastern and Southern,AFE,2023,346591524551.15
Africa Eastern and Southern,AFE,2022,363758667656.584
Africa Eastern and Southern,AFE,2021,293472370079.719
Africa Eastern and Southern,AFE,2020,229922202921.687
Africa Eastern and Southern,AFE,2019,279922661411.389
Africa Eastern and Southern,AFE,2018,291010920854.981
Africa Eastern and Southern,AFE,2017,268310010002.039
Africa Eastern and Southern,AFE,2016,238740759005.449
Africa Eastern and Southern,AFE,2015,279424769127.365
Africa Eastern and Southern,AFE,2014,329277092543.426
Africa Eastern and Southern,AFE,2013,330755300480.903
Africa Eastern and Southern,AFE,2012,316243447188.107
Africa Eastern and Southern,AFE,2011,303939834339.117
Africa Eastern and Southern,AFE,2010,254008563830.368
Africa Eastern and Southern,AFE,2009,223099999729.664
Africa Eastern and Southern,AFE,2008,256622742325.34
Africa Eastern and Southern,AFE,2007,211231779358.008
Africa Eastern and Southern,AFE,2006,170583402367.3
Africa Eastern and Southern,AFE,2005,144905666678.381
Africa Eastern and Southern,AFE,2004,119031371728.125
Africa Eastern and Southern,AFE,2003,93069616164.3611
Africa Eastern and Southern,AFE,2002,73887244061.7634
Africa Eastern and Southern,AFE,2001,69175239266.2971
Africa Eastern and Southern,AFE,2000,74087298432.6786
Africa Eastern and Southern,AFE,1999,68056532484.2345
Africa Eastern and Southern,AFE,1998,72987232469.2889
Africa Eastern and Southern,AFE,1997,75031246031.9883
Africa Eastern and Southern,AFE,1996,72170432083.7042
Africa Eastern and Southern,AFE,1995,70673532976.877
Africa Eastern and Southern,AFE,1994,58418272886.7585
Africa Eastern and Southern,AFE,1993,50794520943.927
Africa Eastern and Southern,AFE,1992,50713974468.1156
Africa Eastern and Southern,AFE,1991,53840313158.0523
Africa Eastern and Southern,AFE,1990,50292505607.7702
Arab World,ARB,2023,1442408635395.27
Arab World,ARB,2022,1347544151195.3
Arab World,ARB,2021,1100075212127.14
Arab World,ARB,2020,956783106695.988
Arab World,ARB,2019,1100322098044.2
Arab World,ARB,2018,1060948628698.69
Arab World,ARB,2017,1011982482127.38
Arab World,ARB,2016,965620540388.829
Arab World,ARB,2015,1043462245987.72
Arab World,ARB,2014,1121742139986.09
Arab World,ARB,2013,1065674829558.49
Arab World,ARB,2012,1008739390197.88
Arab World,ARB,2011,905876750485.066
Arab World,ARB,2010,793195572758.651
Arab World,ARB,2009,763005679625.529
Arab World,ARB,2008,850720003913.679
Arab World,ARB,2007,659466368096.303
Arab World,ARB,2006,504046943770.686
Arab World,ARB,2005,424861018836.126
Arab World,ARB,2004,346771768049.521
Arab World,ARB,2003,270285770305.673
Arab World,ARB,2002,236570249758.347
Arab World,ARB,2001,229202068214.968
Arab World,ARB,2000,228444125489.675
Arab World,ARB,1999,208471442974.251
Arab World,ARB,1998,200264296495.035
Arab World,ARB,1997,196015975802.298
Arab World,ARB,1996,183015126349.419
Arab World,ARB,1995,177663831403.694
Arab World,ARB,1994,164392846820.283
Arab World,ARB,1993,177738380510.816
Arab World,ARB,1992,177013721402.327
Arab World,ARB,1991,178921493037.465
Arab World,ARB,1990,174625574198.145
Central Europe and the Baltics,CEB,2024,1384637635372.88
Central Europe and the Baltics,CEB,2023,1359490867503.63
Central Europe and the Baltics,CEB,2022,1369937873927.03
Central Europe and the Baltics,CEB,2021,1195424137407.83
Central Europe and the Baltics,CEB,2020,933317416084.835
Central Europe and the Baltics,CEB,2019,999312218970.536
Central Europe and the Baltics,CEB,2018,1008013381125.97
Central Europe and the Baltics,CEB,2017,882869134789.06
Central Europe and the Baltics,CEB,2016,774374735885.704
Central Europe and the Baltics,CEB,2015,757919867637.49
Central Europe and the Baltics,CEB,2014,865728142350.757
Central Europe and the Baltics,CEB,2013,823863148895.858
Central Europe and the Baltics,CEB,2012,790596493355.214
Central Europe and the Baltics,CEB,2011,830974395026.481
Central Europe and the Baltics,CEB,2010,700837899946.086
Central Europe and the Baltics,CEB,2009,611551103896.565
Central Europe and the Baltics,CEB,2008,843623938431.084
Central Europe and the Baltics,CEB,2007,703106621114.106
Central Europe and the Baltics,CEB,2006,543375354276.539
Central Europe and the Baltics,CEB,2005,442593122083.355
Central Europe and the Baltics,CEB,2004,376320284444.567
Central Europe and the Baltics,CEB,2003,289139223646.298
Central Europe and the Baltics,CEB,2002,226952702444.044
Central Europe and the Baltics,CEB,2001,201853772889.998
Central Europe and the Baltics,CEB,2000,186074913846.291
Central Europe and the Baltics,CEB,1999,173088751451.69
Central Europe and the Baltics,CEB,1998,177945883384.852
Central Europe and the Baltics,CEB,1997,161184211244.665
Central Europe and the Baltics,CEB,1996,150372219797.605
Central Europe and the Baltics,CEB,1995,131346416499.872
Early-demographic dividend,EAR,2024,4222794742714.86
Early-demographic dividend,EAR,2023,4069215165008.22
Early-demographic dividend,EAR,2022,4165533517806.79
Early-demographic dividend,EAR,2021,3418514303655.12
Early-demographic dividend,EAR,2020,2598274201895.11
Early-demographic dividend,EAR,2019,3081127525002.31
Early-demographic dividend,EAR,2018,3191409184093.19
Early-demographic dividend,EAR,2017,2947276074904.71
Early-demographic dividend,EAR,2016,2625473507772.15
Early-demographic dividend,EAR,2015,2712428510246.18
Early-demographic dividend,EAR,2014,2976772729421.54
Early-demographic dividend,EAR,2013,2985186427785.64
Early-demographic dividend,EAR,2012,2974247295762.3
Early-demographic dividend,EAR,2011,2803975577706.73
Early-demographic dividend,EAR,2010,2359372246428.41
Early-demographic dividend,EAR,2009,1934227598278.22
Early-demographic dividend,EAR,2008,2240226651009.05
Early-demographic dividend,EAR,2007,1879968975701.22
Early-demographic dividend,EAR,2006,1554650074001.64
Early-demographic dividend,EAR,2005,1311438862518.63
Early-demographic dividend,EAR,2004,1093771973452.92
Early-demographic dividend,EAR,2003,868380044330.938
Early-demographic dividend,EAR,2002,778127081918.102
Early-demographic dividend,EAR,2001,759160153721.973
Early-demographic dividend,EAR,2000,783330105708.879
Early-demographic dividend,EAR,1999,680332228014.373
Early-demographic dividend,EAR,1998,676683209418.722
Early-demographic dividend,EAR,1997,689599179615.387
Early-demographic dividend,EAR,1996,627330873358.796
Early-demographic dividend,EAR,1995,566424665664.084
Early-demographic dividend,EAR,1994,502411861070.186
Early-demographic dividend,EAR,1993,480976959173.341
Early-demographic dividend,EAR,1992,471158611976.212
Early-demographic dividend,EAR,1991,427353381263.62
Early-demographic dividend,EAR,1990,380826196561.867
Early-demographic dividend,EAR,1989,330117172670.573
Early-demographic dividend,EAR,1988,305073456504.32
Early-demographic dividend,EAR,1987,262611571390.76
Early-demographic dividend,EAR,1986,252411711973.202
Early-demographic dividend,EAR,1985,266754516757.608
Early-demographic dividend,EAR,1984,290176322373.493
Early-demographic dividend,EAR,1983,306044394566.217
Early-demographic dividend,EAR,1982,312740337036.637
Early-demographic dividend,EAR,1981,329135708705.326
Early-demographic dividend,EAR,1980,288043812430.337
Early-demographic dividend,EAR,1979,219117387579.873
Early-demographic dividend,EAR,1978,191713375175.964
Early-demographic dividend,EAR,1977,171667548738.713
Early-demographic dividend,EAR,1976,141729458361.828
Early-demographic dividend,EAR,1975,131697275637.201
Early-demographic dividend,EAR,1974,104577321602.607
Early-demographic dividend,EAR,1973,64712659632.7894
Early-demographic dividend,EAR,1972,46748855401.5355
Early-demographic dividend,EAR,1971,42395861680.9973
Early-demographic dividend,EAR,1970,38537770023.7886
Early-demographic dividend,EAR,1969,34942759637.5584
Early-demographic dividend,EAR,1968,31836965140.28
Early-demographic dividend,EAR,1967,30269368931.7999
Early-demographic dividend,EAR,1966,28581836624.4384
Early-demographic dividend,EAR,1965,27751128402.519
Early-demographic dividend,EAR,1964,26470318945.99
Early-demographic dividend,EAR,1963,24116991781.6636
Early-demographic dividend,EAR,1962,21498792927.4519
Early-demographic dividend,EAR,1961,21504522615.7979
Early-demographic dividend,EAR,1960,21532794671.2713
East Asia & Pacific,EAS,2024,8957807249077.88
East Asia & Pacific,EAS,2023,8583496818075.2
East Asia & Pacific,EAS,2022,8889505924319.94
East Asia & Pacific,EAS,2021,8208489984255.98
East Asia & Pacific,EAS,2020,6525700199237.51
East Asia & Pacific,EAS,2019,7112141306363.7
East Asia & Pacific,EAS,2018,7316743777479.87
East Asia & Pacific,EAS,2017,6507724812391.76
East Asia & Pacific,EAS,2016,5815711986859.29
East Asia & Pacific,EAS,2015,6011410130277.32
East Asia & Pacific,EAS,2014,6779874108837.67
East Asia & Pacific,EAS,2013,6632224335628.47
East Asia & Pacific,EAS,2012,6436980434760.96
East Asia & Pacific,EAS,2011,6097204739866.08
East Asia & Pacific,EAS,2010,4979784450277.01
East Asia & Pacific,EAS,2009,3828888768175.76
East Asia & Pacific,EAS,2008,4645771695076.52
East Asia & Pacific,EAS,2007,3914019933881.09
East Asia & Pacific,EAS,2006,3429367623906.78
East Asia & Pacific,EAS,2005,2993502370902.83
East Asia & Pacific,EAS,2004,2612283728905.08
East Asia & Pacific,EAS,2003,2085753291026.78
East Asia & Pacific,EAS,2002,1786322315465.9
East Asia & Pacific,EAS,2001,1697105984810.12
East Asia & Pacific,EAS,2000,1811393274110.59
East Asia & Pacific,EAS,1999,1484435959688.38
East Asia & Pacific,EAS,1998,1373847669060.28
East Asia & Pacific,EAS,1997,1640215932207.97
East Asia & Pacific,EAS,1996,1630174529165.1
East Asia & Pacific,EAS,1995,1528644489580.11
East Asia & Pacific,EAS,1994,1238376470511.34
East Asia & Pacific,EAS,1993,1066077027985.21
East Asia & Pacific,EAS,1992,965272166689.975
East Asia & Pacific,EAS,1991,886731034472.719
East Asia & Pacific,EAS,1990,808970758622.944
East Asia & Pacific,EAS,1989,730458906572.363
East Asia & Pacific,EAS,1988,639717638671.353
East Asia & Pacific,EAS,1987,498011810091.059
East Asia & Pacific,EAS,1986,414465050099.795
East Asia & Pacific,EAS,1985,403725163319.205
East Asia & Pacific,EAS,1984,404343133587.581
East Asia & Pacific,EAS,1983,379231137392.555
East Asia & Pacific,EAS,1982,383847037287.132
East Asia & Pacific,EAS,1981,400287600215.962
East Asia & Pacific,EAS,1980,364230930607.623
East Asia & Pacific,EAS,1979,290653290699.288
East Asia & Pacific,EAS,1978,217009082166.724
East Asia & Pacific,EAS,1977,181115725145.822
East Asia & Pacific,EAS,1976,159231976028.148
East Asia & Pacific,EAS,1975,142364202218.11
East Asia & Pacific,EAS,1974,141692028796.156
East Asia & Pacific,EAS,1973,89447813882.7072
East Asia & Pacific,EAS,1972,58286159436.3296
East Asia & Pacific,EAS,1971,49531342224.4607
East Asia & Pacific,EAS,1970,45509172395.4013
East Asia & Pacific,EAS,1969,39234231866.6061
East Asia & Pacific,EAS,1968,35518777094.9982
East Asia & Pacific,EAS,1967,31095816605.0687
East Asia & Pacific,EAS,1966,29727219087.6101
East Asia & Pacific,EAS,1965,26872575617.6786
East Asia & Pacific,EAS,1964,23537379286.6409
East Asia & Pacific,EAS,1963,22290114959.9312
East Asia & Pacific,EAS,1962,19178959903.1277
East Asia & Pacific,EAS,1961,19792634879.9048
East Asia & Pacific,EAS,1960,20289002328.1198
East Asia & Pacific (excluding high income),EAP,2024,4835429641640.66
East Asia & Pacific (excluding high income),EAP,2023,4581560251871.87
East Asia & Pacific (excluding high income),EAP,2022,4690383387527.66
East Asia & Pacific (excluding high income),EAP,2021,4436621447993.38
East Asia & Pacific (excluding high income),EAP,2020,3427576027531.51
East Asia & Pacific (excluding high income),EAP,2019,3694170623525.21
East Asia & Pacific (excluding high income),EAP,2018,3776337888728.54
East Asia & Pacific (excluding high income),EAP,2017,3273098437288.03
East Asia & Pacific (excluding high income),EAP,2016,2876394553710.85
East Asia & Pacific (excluding high income),EAP,2015,2931453061125.02
East Asia & Pacific (excluding high income),EAP,2014,3242223832709.26
East Asia & Pacific (excluding high income),EAP,2013,3122223971784.54
East Asia & Pacific (excluding high income),EAP,2012,2917988987803.56
East Asia & Pacific (excluding high income),EAP,2011,2740541351737.77
East Asia & Pacific (excluding high income),EAP,2010,2189360215087.74
East Asia & Pacific (excluding high income),EAP,2009,1618788352727.31
East Asia & Pacific (excluding high income),EAP,2008,1857548631493.97
East Asia & Pacific (excluding high income),EAP,2007,1538062782148.45
East Asia & Pacific (excluding high income),EAP,2006,1290783743315.38
East Asia & Pacific (excluding high income),EAP,2005,1101810017896.38
East Asia & Pacific (excluding high income),EAP,2004,946039643620.928
East Asia & Pacific (excluding high income),EAP,2003,727278124947.706
East Asia & Pacific (excluding high income),EAP,2002,583341979292.408
East Asia & Pacific (excluding high income),EAP,2001,512664666786.561
East Asia & Pacific (excluding high income),EAP,2000,504149803461.866
East Asia & Pacific (excluding high income),EAP,1999,396616969836.028
East Asia & Pacific (excluding high income),EAP,1998,356297830513.924
East Asia & Pacific (excluding high income),EAP,1997,431744122324.996
East Asia & Pacific (excluding high income),EAP,1996,427403406350.501
East Asia & Pacific (excluding high income),EAP,1995,389131711769.252
East Asia & Pacific (excluding high income),EAP,1994,308851716890.141
East Asia & Pacific (excluding high income),EAP,1993,258454636748.024
East Asia & Pacific (excluding high income),EAP,1992,210982806653.927
East Asia & Pacific (excluding high income),EAP,1991,179250008979.166
East Asia & Pacific (excluding high income),EAP,1990,153190669369.757
East Asia & Pacific (excluding high income),EAP,1989,139213599405.774
East Asia & Pacific (excluding high income),EAP,1988,127251146911.881
East Asia & Pacific (excluding high income),EAP,1987,98979227755.2197
East Asia & Pacific (excluding high income),EAP,1986,89283916795.3876
East Asia & Pacific (excluding high income),EAP,1985,96641355936.1484
East Asia & Pacific (excluding high income),EAP,1984,87785812399.9414
East Asia & Pacific (excluding high income),EAP,1983,87137374445.4513
East Asia & Pacific (excluding high income),EAP,1982,82859278856.7741
East Asia & Pacific (excluding high income),EAP,1981,85808162474.2986
East Asia & Pacific (excluding high income),EAP,1980,76008639710.0096
East Asia & Pacific (excluding high income),EAP,1979,56769536010.4214
East Asia & Pacific (excluding high income),EAP,1978,44688277025.2499
East Asia & Pacific (excluding high income),EAP,1977,34795272742.6839
East Asia & Pacific (excluding high income),EAP,1976,29355348566.9068
East Asia & Pacific (excluding high income),EAP,1975,28306629650.3686
East Asia & Pacific (excluding high income),EAP,1974,26354333703.2683
East Asia & Pacific (excluding high income),EAP,1973,16778092540.6542
East Asia & Pacific (excluding high income),EAP,1972,10773811974.4403
East Asia & Pacific (excluding high income),EAP,1971,8812009417.50045
East Asia & Pacific (excluding high income),EAP,1970,8472792852.20303
East Asia & Pacific (excluding high income),EAP,1969,7264674463.23032
East Asia & Pacific (excluding high income),EAP,1968,7038859624.88928
East Asia & Pacific (excluding high income),EAP,1967,6652965834.84372
East Asia & Pacific (excluding high income),EAP,1966,6738677672.30352
East Asia & Pacific (excluding high income),EAP,1965,6044702971.63191
East Asia & Pacific (excluding high income),EAP,1964,5210342388.17211
East Asia & Pacific (excluding high income),EAP,1963,4671742431.10103
East Asia & Pacific (excluding high income),EAP,1962,4084104415.69186
East Asia & Pacific (excluding high income),EAP,1961,4240953804.73478
East Asia & Pacific (excluding high income),EAP,1960,4876955675.28192
East Asia & Pacific (IDA & IBRD countries),TEA,2024,4826489709914.53
East Asia & Pacific (IDA & IBRD countries),TEA,2023,4573071410217.51
East Asia & Pacific (IDA & IBRD countries),TEA,2022,4681700677903.54
East Asia & Pacific (IDA & IBRD countries),TEA,2021,4428350205680.74
East Asia & Pacific (IDA & IBRD countries),TEA,2020,3421269491284.17
East Asia & Pacific (IDA & IBRD countries),TEA,2019,3687361355419.14
East Asia & Pacific (IDA & IBRD countries),TEA,2018,3769361074767.66
East Asia & Pacific (IDA & IBRD countries),TEA,2017,3267079860468.79
East Asia & Pacific (IDA & IBRD countries),TEA,2016,2871140032364.75
East Asia & Pacific (IDA & IBRD countries),TEA,2015,2926102893727.2
East Asia & Pacific (IDA & IBRD countries),TEA,2014,3236271450933.11
East Asia & Pacific (IDA & IBRD countries),TEA,2013,3116453309503.39
East Asia & Pacific (IDA & IBRD countries),TEA,2012,2912586309009.82
East Asia & Pacific (IDA & IBRD countries),TEA,2011,2735451253543.63
East Asia & Pacific (IDA & IBRD countries),TEA,2010,2185288994822.62
East Asia & Pacific (IDA & IBRD countries),TEA,2009,1615817102078.23
East Asia & Pacific (IDA & IBRD countries),TEA,2008,1854144131155.3
East Asia & Pacific (IDA & IBRD countries),TEA,2007,1535255617264.95
East Asia & Pacific (IDA & IBRD countries),TEA,2006,1288463057886.93
East Asia & Pacific (IDA & IBRD countries),TEA,2005,1099840479549.94
East Asia & Pacific (IDA & IBRD countries),TEA,2004,944348552302.92
East Asia & Pacific (IDA & IBRD countries),TEA,2003,725978080355.315
East Asia & Pacific (IDA & IBRD countries),TEA,2002,582299227476.178
East Asia & Pacific (IDA & IBRD countries),TEA,2001,511748254062.318
East Asia & Pacific (IDA & IBRD countries),TEA,2000,503248611464.936
East Asia & Pacific (IDA & IBRD countries),TEA,1999,395907997945.91
East Asia & Pacific (IDA & IBRD countries),TEA,1998,355660931022.587
East Asia & Pacific (IDA & IBRD countries),TEA,1997,430972358962.025
East Asia & Pacific (IDA & IBRD countries),TEA,1996,426639402225.896
East Asia & Pacific (IDA & IBRD countries),TEA,1995,388436120137.578
East Asia & Pacific (IDA & IBRD countries),TEA,1994,308299629606.583
East Asia & Pacific (IDA & IBRD countries),TEA,1993,257992636666.684
East Asia & Pacific (IDA & IBRD countries),TEA,1992,210605664749.793
East Asia & Pacific (IDA & IBRD countries),TEA,1991,178929590975.564
East Asia & Pacific (IDA & IBRD countries),TEA,1990,152916833687.798
East Asia & Pacific (IDA & IBRD countries),TEA,1989,138964748407.942
East Asia & Pacific (IDA & IBRD countries),TEA,1988,127023679372.65
East Asia & Pacific (IDA & IBRD countries),TEA,1987,98802297629.8823
East Asia & Pacific (IDA & IBRD countries),TEA,1986,89124317504.2283
East Asia & Pacific (IDA & IBRD countries),TEA,1985,96468604869.017
East Asia & Pacific (IDA & IBRD countries),TEA,1984,87628891042.3695
East Asia & Pacific (IDA & IBRD countries),TEA,1983,86981612201.879
East Asia & Pacific (IDA & IBRD countries),TEA,1982,82711163914.6192
East Asia & Pacific (IDA & IBRD countries),TEA,1981,85654776260.9904
East Asia & Pacific (IDA & IBRD countries),TEA,1980,75872770614.4871
East Asia & Pacific (IDA & IBRD countries),TEA,1979,56668057737.1567
East Asia & Pacific (IDA & IBRD countries),TEA,1978,44608394582.898
East Asia & Pacific (IDA & IBRD countries),TEA,1977,34733074520.8233
East Asia & Pacific (IDA & IBRD countries),TEA,1976,29302874470.8863
East Asia & Pacific (IDA & IBRD countries),TEA,1975,28256030189.8
East Asia & Pacific (IDA & IBRD countries),TEA,1974,26307224065.5084
East Asia & Pacific (IDA & IBRD countries),TEA,1973,16748100894.0889
East Asia & Pacific (IDA & IBRD countries),TEA,1972,10754553267.879
East Asia & Pacific (IDA & IBRD countries),TEA,1971,8796257527.26982
East Asia & Pacific (IDA & IBRD countries),TEA,1970,8457647327.88145
East Asia & Pacific (IDA & IBRD countries),TEA,1969,7251688508.57634
East Asia & Pacific (IDA & IBRD countries),TEA,1968,7026277325.10872
East Asia & Pacific (IDA & IBRD countries),TEA,1967,6641073338.75418
East Asia & Pacific (IDA & IBRD countries),TEA,1966,6726631962.18626
East Asia & Pacific (IDA & IBRD countries),TEA,1965,6033897774.636
East Asia & Pacific (IDA & IBRD countries),TEA,1964,5201028650.80824
East Asia & Pacific (IDA & IBRD countries),TEA,1963,4663391467.03892
East Asia & Pacific (IDA & IBRD countries),TEA,1962,4076803882.81696
East Asia & Pacific (IDA & IBRD countries),TEA,1961,4233372896.04071
East Asia & Pacific (IDA & IBRD countries),TEA,1960,4868237882.68581
Euro area,EMU,2024,7383770624026.43
Euro area,EMU,2023,7409439776796.92
Euro area,EMU,2022,7529762439233.67
Euro area,EMU,2021,6646992274731.29
Euro area,EMU,2020,5451749906528.58
Euro area,EMU,2019,5969165354304.75
Euro area,EMU,2018,5985448082581.01
Euro area,EMU,2017,5387031003600.01
Euro area,EMU,2016,4874027146251.31
Euro area,EMU,2015,4804946889794.03
Euro area,EMU,2014,5436774662637.01
Euro area,EMU,2013,5277250905238.88
Euro area,EMU,2012,5091589166619.32
Euro area,EMU,2011,5448252412034.76
Euro area,EMU,2010,4706760024222.59
Euro area,EMU,2009,4290815259128.48
Euro area,EMU,2008,5461038821029.53
Euro area,EMU,2007,4887251503329.64
Euro area,EMU,2006,4148829578156.29
Euro area,EMU,2005,3662543746769.64
Euro area,EMU,2004,3342719019984.98
Euro area,EMU,2003,2798957892968.63
Euro area,EMU,2002,2306769475875.21
Euro area,EMU,2001,2217281057266.28
Euro area,EMU,2000,2228378010003.78
Euro area,EMU,1999,2138431571841.06
Euro area,EMU,1998,2086456748835.65
Euro area,EMU,1997,1969138644201.66
Euro area,EMU,1996,2007565832619.29
Euro area,EMU,1995,1975075283758.54
Euro area,EMU,1994,1620505614645.37
Euro area,EMU,1993,1456232856521.32
Euro area,EMU,1992,1682212409353.35
Euro area,EMU,1991,1562010381656.66
Euro area,EMU,1990,1509376999259.62
Euro area,EMU,1989,1223079352624.28
Euro area,EMU,1988,1130465650164.37
Euro area,EMU,1987,1004812757512.47
Euro area,EMU,1986,814356539831.635
Euro area,EMU,1985,672724928004.167
Euro area,EMU,1984,650906046867.621
Euro area,EMU,1983,650583915496.453
Euro area,EMU,1982,685887396794.416
Euro area,EMU,1981,719578756561.612
Euro area,EMU,1980,801055446864.488
Euro area,EMU,1979,659434284201.213
Euro area,EMU,1978,506666043414.167
Euro area,EMU,1977,432099543044.94
Euro area,EMU,1976,381951999311.959
Euro area,EMU,1975,337638203423.051
Euro area,EMU,1974,321079739681.659
Euro area,EMU,1973,236727909909.592
Euro area,EMU,1972,171553225203.285
Euro area,EMU,1971,141567803925.178
Euro area,EMU,1970,126469622002.928
Europe & Central Asia,ECS,2024,12136428850995.6
Europe & Central Asia,ECS,2023,12038146750069.3
Europe & Central Asia,ECS,2022,12029778269177.6
Europe & Central Asia,ECS,2021,10606058220022.2
Europe & Central Asia,ECS,2020,8709145241387.07
Europe & Central Asia,ECS,2019,9551320072543.44
Europe & Central Asia,ECS,2018,9581855928986.91
Europe & Central Asia,ECS,2017,8692719575245.97
Europe & Central Asia,ECS,2016,7884816621616.75
Europe & Central Asia,ECS,2015,7845132102097.38
Europe & Central Asia,ECS,2014,8981485019647.96
Europe & Central Asia,ECS,2013,8841577019321.36
Europe & Central Asia,ECS,2012,8508228803350.72
Europe & Central Asia,ECS,2011,8880981533729.91
Europe & Central Asia,ECS,2010,7562521330859.46
Europe & Central Asia,ECS,2009,6754900619108.04
Europe & Central Asia,ECS,2008,8669517994643.48
Europe & Central Asia,ECS,2007,7680479729818.02
Europe & Central Asia,ECS,2006,6492228354961.6
Europe & Central Asia,ECS,2005,5663748783926.69
Europe & Central Asia,ECS,2004,5098587651276.2
Europe & Central Asia,ECS,2003,4227499973569.05
Europe & Central Asia,ECS,2002,3516924537447.47
Europe & Central Asia,ECS,2001,3337793644723.22
Europe & Central Asia,ECS,2000,3340764339719.02
Europe & Central Asia,ECS,1999,3181190062267.92
Europe & Central Asia,ECS,1998,3147842106709.57
Europe & Central Asia,ECS,1997,3010875303078.02
Europe & Central Asia,ECS,1996,3004076114937.82
Europe & Central Asia,ECS,1995,2927871963799.41
Europe & Central Asia,ECS,1994,2430705254442.92
Europe & Central Asia,ECS,1993,2250377516604.55
Europe & Central Asia,ECS,1992,2599724740747.75
Europe & Central Asia,ECS,1991,2280310276770.73
Europe & Central Asia,ECS,1990,2300180896054.74
Europe & Central Asia,ECS,1989,1941808065840.24
Europe & Central Asia,ECS,1988,1810860276532.43
Europe & Central Asia,ECS,1987,1601026951286.06
Europe & Central Asia,ECS,1986,1306645003800.02
Europe & Central Asia,ECS,1985,1078939563754.46
Europe & Central Asia,ECS,1984,1039396487983.77
Europe & Central Asia,ECS,1983,1031168573179.36
Europe & Central Asia,ECS,1982,1076658402815.2
Europe & Central Asia,ECS,1981,1123273125481.47
Europe & Central Asia,ECS,1980,1242704457888.18
Europe & Central Asia,ECS,1979,1033276229840.62
Europe & Central Asia,ECS,1978,796892221351.788
Europe & Central Asia,ECS,1977,685241526746.568
Europe & Central Asia,ECS,1976,606943243930.601
Europe & Central Asia,ECS,1975,543162991829.8
Europe & Central Asia,ECS,1974,519081724932.763
Europe & Central Asia,ECS,1973,382680100141.221
Europe & Central Asia,ECS,1972,278055053337.797
Europe & Central Asia,ECS,1971,232702826972.527
Europe & Central Asia,ECS,1970,208730068846.495
Europe & Central Asia (excluding high income),ECA,2024,837949147603.378
Europe & Central Asia (excluding high income),ECA,2023,830569694682.722
Europe & Central Asia (excluding high income),ECA,2022,783462045315.31
Europe & Central Asia (excluding high income),ECA,2021,635210192176.811
Europe & Central Asia (excluding high income),ECA,2020,510550295783.425
Europe & Central Asia (excluding high income),ECA,2019,553256613832.143
Europe & Central Asia (excluding high income),ECA,2018,551780787295.111
Europe & Central Asia (excluding high income),ECA,2017,525820049049.157
Europe & Central Asia (excluding high income),ECA,2016,461122198355.47
Europe & Central Asia (excluding high income),ECA,2015,480463860677.227
Europe & Central Asia (excluding high income),ECA,2014,580450834043.348
Europe & Central Asia (excluding high income),ECA,2013,623586643561.718
Europe & Central Asia (excluding high income),ECA,2012,595565647325.11
Europe & Central Asia (excluding high income),ECA,2011,576246622294.199
Europe & Central Asia (excluding high income),ECA,2010,450208417671.946
Europe & Central Asia (excluding high income),ECA,2009,372231058153.325
Europe & Central Asia (excluding high income),ECA,2008,510290778875.344
Europe & Central Asia (excluding high income),ECA,2007,408643209460.369
Europe & Central Asia (excluding high income),ECA,2006,319407233082.911
Europe & Central Asia (excluding high income),ECA,2005,262107173289.936
Europe & Central Asia (excluding high income),ECA,2004,222471244046.653
Europe & Central Asia (excluding high income),ECA,2003,161683765120.33
Europe & Central Asia (excluding high income),ECA,2002,124836203201.719
Europe & Central Asia (excluding high income),ECA,2001,108710472314.593
Europe & Central Asia (excluding high income),ECA,2000,117453684883.182
Europe & Central Asia (excluding high income),ECA,1999,99864668108.0554
Europe & Central Asia (excluding high income),ECA,1998,116021345745.499
Europe & Central Asia (excluding high income),ECA,1997,121410623263.507
Europe & Central Asia (excluding high income),ECA,1996,109454721274.897
Europe & Central Asia (excluding high income),ECA,1995,100439329754.977
Europe & Central Asia (excluding high income),ECA,1994,86925803778.6035
Europe & Central Asia (excluding high income),ECA,1993,94087371718.9701
Europe & Central Asia (excluding high income),ECA,1992,88179602830.4139
Europe & Central Asia (excluding high income),ECA,1991,84293371315.7321
Europe & Central Asia (excluding high income),ECA,1990,100682224456.967
Europe & Central Asia (IDA & IBRD countries),TEC,2024,1933774114969.91
Europe & Central Asia (IDA & IBRD countries),TEC,2023,1893640561618.69
Europe & Central Asia (IDA & IBRD countries),TEC,2022,1808846565343.2
Europe & Central Asia (IDA & IBRD countries),TEC,2021,1601300257916.01
Europe & Central Asia (IDA & IBRD countries),TEC,2020,1269263795881.27
Europe & Central Asia (IDA & IBRD countries),TEC,2019,1384982670460.11
Europe & Central Asia (IDA & IBRD countries),TEC,2018,1377027942203.68
Europe & Central Asia (IDA & IBRD countries),TEC,2017,1269662116688.47
Europe & Central Asia (IDA & IBRD countries),TEC,2016,1083504802477.91
Europe & Central Asia (IDA & IBRD countries),TEC,2015,1108614963569.59
Europe & Central Asia (IDA & IBRD countries),TEC,2014,1401575462030.7
Europe & Central Asia (IDA & IBRD countries),TEC,2013,1462841426978.1
Europe & Central Asia (IDA & IBRD countries),TEC,2012,1396794024352.02
Europe & Central Asia (IDA & IBRD countries),TEC,2011,1358320619308.98
Europe & Central Asia (IDA & IBRD countries),TEC,2010,1089048117029.08
Europe & Central Asia (IDA & IBRD countries),TEC,2009,896403122217.044
Europe & Central Asia (IDA & IBRD countries),TEC,2008,1261232735123.57
Europe & Central Asia (IDA & IBRD countries),TEC,2007,996761356370.531
Europe & Central Asia (IDA & IBRD countries),TEC,2006,755609879559.366
Europe & Central Asia (IDA & IBRD countries),TEC,2005,607877349755.433
Europe & Central Asia (IDA & IBRD countries),TEC,2004,506614780174.381
Europe & Central Asia (IDA & IBRD countries),TEC,2003,387125097955.325
Europe & Central Asia (IDA & IBRD countries),TEC,2002,306107607369.829
Europe & Central Asia (IDA & IBRD countries),TEC,2001,270162180131.786
Europe & Central Asia (IDA & IBRD countries),TEC,2000,262086079589.691
Europe & Central Asia (IDA & IBRD countries),TEC,1999,228449823257.178
Europe & Central Asia (IDA & IBRD countries),TEC,1998,263692864004.694
Europe & Central Asia (IDA & IBRD countries),TEC,1997,283203805471.772
Europe & Central Asia (IDA & IBRD countries),TEC,1996,258860102801.565
Europe & Central Asia (IDA & IBRD countries),TEC,1995,256778555089.917
Europe & Central Asia (IDA & IBRD countries),TEC,1994,224469253134.88
Europe & Central Asia (IDA & IBRD countries),TEC,1993,282364987451.936
Europe & Central Asia (IDA & IBRD countries),TEC,1992,386991979000.325
Europe & Central Asia (IDA & IBRD countries),TEC,1991,175932270110.301
Europe & Central Asia (IDA & IBRD countries),TEC,1990,235103795291.701
European Union,EUU,2024,8991181681613.97
European Union,EUU,2023,8976889808875.39
European Union,EUU,2022,9096397740119.17
European Union,EUU,2021,8032263203877.46
European Union,EUU,2020,6545984506679.86
European Union,EUU,2019,7136050991411.25
European Union,EUU,2018,7166967140523.92
European Union,EUU,2017,6433041444189.87
European Union,EUU,2016,5805422952838.29
European Union,EUU,2015,5720132826780.0
European Union,EUU,2014,6483312940861.62
European Union,EUU,2013,6274355182258.51
European Union,EUU,2012,6057005765437.75
European Union,EUU,2011,6463445228790.72
European Union,EUU,2010,5572316942178.52
European Union,EUU,2009,5050698301260.72
European Union,EUU,2008,6487806038654.37
European Union,EUU,2007,5759095226041.95
European Union,EUU,2006,4843297270405.71
European Union,EUU,2005,4242957145697.7
European Union,EUU,2004,3846076233709.49
European Union,EUU,2003,3202963873026.26
European Union,EUU,2002,2635779781991.41
European Union,EUU,2001,2518947108155.47
European Union,EUU,2000,2529227222242.42
European Union,EUU,1999,2418482883181.5
European Union,EUU,1998,2366262100568.77
European Union,EUU,1997,2224796722508.13
European Union,EUU,1996,2258341452079.6
European Union,EUU,1995,2207419274203.52
European Union,EUU,1994,1806136652683.79
European Union,EUU,1993,1618583472432.15
European Union,EUU,1992,1861042499870.72
European Union,EUU,1991,1726306428029.6
European Union,EUU,1990,1687475392145.96
European Union,EUU,1989,1378347309185.56
European Union,EUU,1988,1276365532167.27
European Union,EUU,1987,1138797439510.38
European Union,EUU,1986,923788957006.466
European Union,EUU,1985,763205447134.163
European Union,EUU,1984,735397024099.597
European Union,EUU,1983,733893686228.197
European Union,EUU,1982,773610232836.754
European Union,EUU,1981,810507205512.208
European Union,EUU,1980,900723570774.85
European Union,EUU,1979,746210334601.673
European Union,EUU,1978,572873264652.654
European Union,EUU,1977,492323987088.654
European Union,EUU,1976,437639982830.288
European Union,EUU,1975,386504276854.023
European Union,EUU,1974,366935886717.086
European Union,EUU,1973,269839815834.208
European Union,EUU,1972,195573630756.531
European Union,EUU,1971,162232273624.697
European Union,EUU,1970,145896601456.123
Fragile and conflict affected situations,FCS,2024,527270578396.519
Fragile and conflict affected situations,FCS,2023,498616998100.36
Fragile and conflict affected situations,FCS,2022,490153927658.042
Fragile and conflict affected situations,FCS,2021,415220570855.235
Fragile and conflict affected situations,FCS,2020,341599808359.506
Fragile and conflict affected situations,FCS,2019,432753838269.443
Fragile and conflict affected situations,FCS,2018,413035340073.883
Fragile and conflict affected situations,FCS,2017,368252547448.148
Fragile and conflict affected situations,FCS,2016,336945020033.009
Fragile and conflict affected situations,FCS,2015,383302355874.115
Fragile and conflict affected situations,FCS,2014,478372523324.455
Fragile and conflict affected situations,FCS,2013,565115615694.09
Fragile and conflict affected situations,FCS,2012,541950658333.728
Fragile and conflict affected situations,FCS,2011,478379090571.926
Fragile and conflict affected situations,FCS,2010,447660714049.297
Fragile and conflict affected situations,FCS,2009,401659174626.605
Fragile and conflict affected situations,FCS,2008,459012324339.106
Fragile and conflict affected situations,FCS,2007,357270575180.254
Fragile and conflict affected situations,FCS,2006,279073970165.715
Fragile and conflict affected situations,FCS,2005,246151118416.66
Fragile and conflict affected situations,FCS,2004,198707738572.227
Fragile and conflict affected situations,FCS,2003,149546096291.48
Fragile and conflict affected situations,FCS,2002,135918621542.658
Fragile and conflict affected situations,FCS,2001,144373405148.217
Fragile and conflict affected situations,FCS,2000,140753097519.317
Fragile and conflict affected situations,FCS,1999,129010166845.057
Fragile and conflict affected situations,FCS,1998,122907943925.867
Fragile and conflict affected situations,FCS,1997,123975689613.258
Fragile and conflict affected situations,FCS,1996,106233759049.448
Fragile and conflict affected situations,FCS,1995,109810442950.38
Fragile and conflict affected situations,FCS,1994,101220696562.126
Fragile and conflict affected situations,FCS,1993,103418599277.24
Fragile and conflict affected situations,FCS,1992,97555909326.0639
Fragile and conflict affected situations,FCS,1991,100821718883.495
Fragile and conflict affected situations,FCS,1990,109450637125.846
Fragile and conflict affected situations,FCS,1989,113513927144.513
Heavily indebted poor countries (HIPC),HPC,2024,342795901171.753
Heavily indebted poor countries (HIPC),HPC,2023,327433193520.019
Heavily indebted poor countries (HIPC),HPC,2022,325962647773.243
Heavily indebted poor countries (HIPC),HPC,2021,275525932282.092
Heavily indebted poor countries (HIPC),HPC,2020,228147798940.798
Heavily indebted poor countries (HIPC),HPC,2019,252677934187.009
Heavily indebted poor countries (HIPC),HPC,2018,252748598670.375
Heavily indebted poor countries (HIPC),HPC,2017,227060656182.674
Heavily indebted poor countries (HIPC),HPC,2016,220406584920.205
Heavily indebted poor countries (HIPC),HPC,2015,230990014289.878
Heavily indebted poor countries (HIPC),HPC,2014,247150333409.706
Heavily indebted poor countries (HIPC),HPC,2013,240210048788.262
Heavily indebted poor countries (HIPC),HPC,2012,221982368264.241
Heavily indebted poor countries (HIPC),HPC,2011,206103489740.358
Heavily indebted poor countries (HIPC),HPC,2010,174460379105.677
Heavily indebted poor countries (HIPC),HPC,2009,151549162841.099
Heavily indebted poor countries (HIPC),HPC,2008,168763829523.425
Heavily indebted poor countries (HIPC),HPC,2007,138116493960.702
Heavily indebted poor countries (HIPC),HPC,2006,109007269555.523
Heavily indebted poor countries (HIPC),HPC,2005,95473510406.9883
Heavily indebted poor countries (HIPC),HPC,2004,78746947183.6902
Heavily indebted poor countries (HIPC),HPC,2003,66007757908.6475
Heavily indebted poor countries (HIPC),HPC,2002,57053783115.1491
Heavily indebted poor countries (HIPC),HPC,2001,50870107079.1257
Heavily indebted poor countries (HIPC),HPC,2000,51391089866.9446
Heavily indebted poor countries (HIPC),HPC,1999,50126963385.0329
Heavily indebted poor countries (HIPC),HPC,1998,49544397604.0928
Heavily indebted poor countries (HIPC),HPC,1997,45951554744.4367
Heavily indebted poor countries (HIPC),HPC,1996,44778524709.1691
Heavily indebted poor countries (HIPC),HPC,1995,40979876354.6746
Heavily indebted poor countries (HIPC),HPC,1994,34669419355.9267
Heavily indebted poor countries (HIPC),HPC,1993,34386375462.1451
Heavily indebted poor countries (HIPC),HPC,1992,34841555814.1569
Heavily indebted poor countries (HIPC),HPC,1991,39239702829.7026
Heavily indebted poor countries (HIPC),HPC,1990,35341336084.0364
Heavily indebted poor countries (HIPC),HPC,1989,32513855748.2544
Heavily indebted poor countries (HIPC),HPC,1988,32957168332.1054
Heavily indebted poor countries (HIPC),HPC,1987,32501330461.92
Heavily indebted poor countries (HIPC),HPC,1986,29363212196.1306
High income,,2024,21755286778920.5
High income,,2023,21233327053466.9
High income,,2022,21531968968770.7
High income,,2021,18926354741804.0
High income,,2020,15551548262924.6
High income,,2019,17192367195560.4
High income,,2018,17342718213447.3
High income,,2017,15884640123094.9
High income,,2016,14563142236814.0
High income,,2015,14763035580249.2
High income,,2014,16463164549472.6
High income,,2013,16082392290140.9
High income,,2012,15746473548335.6
High income,,2011,15813523376509.4
High income,,2010,13529708006137.9
High income,,2009,11682583445838.2
High income,,2008,14842852512163.1
High income,,2007,13173560242783.4
High income,,2006,11518640347475.2
High income,,2005,10151150217121.0
High income,,2004,9050456185399.96
High income,,2003,7568981255681.79
High income,,2002,6561004035831.73
High income,,2001,6334670769549.34
High income,,2000,6549013701624.19
High income,,1999,5907146066824.17
High income,,1998,5630905929663.88
High income,,1997,5615902773734.83
High income,,1996,5485039370877.6
High income,,1995,5271113006478.75
High income,,1994,4446118955378.57
High income,,1993,4028142522983.01
High income,,1992,4262788349415.45
High income,,1991,3845751417937.06
High income,,1990,3783121247920.86
High income,,1989,3314325743109.04
High income,,1988,3044378718586.47
High income,,1987,2655441457771.26
High income,,1986,2229376439656.67
High income,,1985,1960043355965.38
High income,,1984,1932503260590.44
High income,,1983,1811331892935.44
High income,,1982,1829352642495.92
High income,,1981,1916738930747.89
High income,,1980,1951940347394.31
High income,,1979,1630743141887.99
High income,,1978,1278834914885.74
High income,,1977,1094551260623.16
High income,,1976,954078133526.117
High income,,1975,834994050966.514
High income,,1974,810448578001.255
High income,,1973,580368888039.049
High income,,1972,426961851530.283
High income,,1971,358919848121.632
High income,,1970,322781139980.799
IBRD only,IBD,2024,9956819497401.46
IBRD only,IBD,2023,9491308252779.66
IBRD only,IBD,2022,9642265012744.64
IBRD only,IBD,2021,8634731609015.47
IBRD only,IBD,2020,6613295238848.13
IBRD only,IBD,2019,7423661954201.89
IBRD only,IBD,2018,7590597685598.91
IBRD only,IBD,2017,6780385728500.63
IBRD only,IBD,2016,5954224581763.36
IBRD only,IBD,2015,6138014889126.77
IBRD only,IBD,2014,7063517598158.76
IBRD only,IBD,2013,7051467829631.88
IBRD only,IBD,2012,6792438087420.06
IBRD only,IBD,2011,6438301455197.29
IBRD only,IBD,2010,5255967980712.02
IBRD only,IBD,2009,4127762943346.46
IBRD only,IBD,2008,4974403435630.92
IBRD only,IBD,2007,4051741906700.06
IBRD only,IBD,2006,3283697231300.46
IBRD only,IBD,2005,2765042376626.3
IBRD only,IBD,2004,2327510307871.54
IBRD only,IBD,2003,1808651076695.75
IBRD only,IBD,2002,1520713335429.24
IBRD only,IBD,2001,1429451096216.25
IBRD only,IBD,2000,1416954550625.56
IBRD only,IBD,1999,1199575151063.08
IBRD only,IBD,1998,1200281261901.11
IBRD only,IBD,1997,1267644127750.12
IBRD only,IBD,1996,1169806783379.21
IBRD only,IBD,1995,1091140273183.35
IBRD only,IBD,1994,922154686725.069
IBRD only,IBD,1993,871207958731.829
IBRD only,IBD,1992,907045944006.286
IBRD only,IBD,1991,661162238279.792
IBRD only,IBD,1990,669307326762.35
IBRD only,IBD,1989,624289365162.737
IBRD only,IBD,1988,575644154782.795
IBRD only,IBD,1987,478454381803.603
IBRD only,IBD,1986,447722329441.314
IBRD only,IBD,1985,461441306850.575
IBRD only,IBD,1984,455121027644.517
IBRD only,IBD,1983,458740382797.912
IBRD only,IBD,1982,498618234480.223
IBRD only,IBD,1981,538675637009.484
IBRD only,IBD,1980,483047887442.839
IBRD only,IBD,1979,355792633516.128
IBRD only,IBD,1978,294969006218.57
IBRD only,IBD,1977,269948454407.077
IBRD only,IBD,1976,231190472979.167
IBRD only,IBD,1975,222385988382.198
IBRD only,IBD,1974,189874186133.059
IBRD only,IBD,1973,115039794867.694
IBRD only,IBD,1972,81961445867.604
IBRD only,IBD,1971,72197535455.0034
IBRD only,IBD,1970,64046232650.9567
IBRD only,IBD,1969,56223700533.1016
IBRD only,IBD,1968,51644670691.237
IBRD only,IBD,1967,48178050623.181
IBRD only,IBD,1966,46525533611.6048
IBRD only,IBD,1965,42893442901.5436
IBRD only,IBD,1964,41507120546.5843
IBRD only,IBD,1963,39472881394.337
IBRD only,IBD,1962,33945167226.8896
IBRD only,IBD,1961,34483261332.6732
IBRD only,IBD,1960,35327469483.3936
IDA & IBRD total,IBT,2024,10801900595071.3
IDA & IBRD total,IBT,2023,10298927074648.2
IDA & IBRD total,IBT,2022,10490473709467.1
IDA & IBRD total,IBT,2021,9345382734690.8
IDA & IBRD total,IBT,2020,7189318369048.37
IDA & IBRD total,IBT,2019,8072351021964.3
IDA & IBRD total,IBT,2018,8243128223175.41
IDA & IBRD total,IBT,2017,7360425350234.12
IDA & IBRD total,IBT,2016,6476445542636.05
IDA & IBRD total,IBT,2015,6678649014176.76
IDA & IBRD total,IBT,2014,7642734802037.51
IDA & IBRD total,IBT,2013,7621405326716.52
IDA & IBRD total,IBT,2012,7335723133887.73
IDA & IBRD total,IBT,2011,6953371839456.71
IDA & IBRD total,IBT,2010,5687630452944.99
IDA & IBRD total,IBT,2009,4501152706632.13
IDA & IBRD total,IBT,2008,5395647892095.35
IDA & IBRD total,IBT,2007,4392217556444.41
IDA & IBRD total,IBT,2006,3562731586420.24
IDA & IBRD total,IBT,2005,3001930681146.0
IDA & IBRD total,IBT,2004,2521370982555.16
IDA & IBRD total,IBT,2003,1967298982204.19
IDA & IBRD total,IBT,2002,1659093515394.28
IDA & IBRD total,IBT,2001,1561804274359.19
IDA & IBRD total,IBT,2000,1546913149084.43
IDA & IBRD total,IBT,1999,1319323894778.5
IDA & IBRD total,IBT,1998,1319483830673.83
IDA & IBRD total,IBT,1997,1390497736142.16
IDA & IBRD total,IBT,1996,1289127323303.63
IDA & IBRD total,IBT,1995,1202393562019.18
IDA & IBRD total,IBT,1994,1020233320945.78
IDA & IBRD total,IBT,1993,967910306851.135
IDA & IBRD total,IBT,1992,998926317001.889
IDA & IBRD total,IBT,1991,746750328857.023
IDA & IBRD total,IBT,1990,747995932307.829
IDA & IBRD total,IBT,1989,697699769444.928
IDA & IBRD total,IBT,1988,646826062191.953
IDA & IBRD total,IBT,1987,545387726501.794
IDA & IBRD total,IBT,1986,509698261917.798
IDA & IBRD total,IBT,1985,523539150713.382
IDA & IBRD total,IBT,1984,516414414671.692
IDA & IBRD total,IBT,1983,520130451449.492
IDA & IBRD total,IBT,1982,563477821119.173
IDA & IBRD total,IBT,1981,609418500762.783
IDA & IBRD total,IBT,1980,552988109526.847
IDA & IBRD total,IBT,1979,410870643720.03
IDA & IBRD total,IBT,1978,340446939090.079
IDA & IBRD total,IBT,1977,308737041702.829
IDA & IBRD total,IBT,1976,265661092072.789
IDA & IBRD total,IBT,1975,255887342091.044
IDA & IBRD total,IBT,1974,217721786075.729
IDA & IBRD total,IBT,1973,133802161193.539
IDA & IBRD total,IBT,1972,97338714938.8001
IDA & IBRD total,IBT,1971,87513507127.1362
IDA & IBRD total,IBT,1970,78334682528.7056
IDA & IBRD total,IBT,1969,68941559725.4715
IDA & IBRD total,IBT,1968,63457678362.6515
IDA & IBRD total,IBT,1967,59662881615.4696
IDA & IBRD total,IBT,1966,57436224275.867
IDA & IBRD total,IBT,1965,53619757666.1848
IDA & IBRD total,IBT,1964,50861363259.3412
IDA & IBRD total,IBT,1963,48010124024.4042
IDA & IBRD total,IBT,1962,41729773853.4145
IDA & IBRD total,IBT,1961,42077318054.2716
IDA & IBRD total,IBT,1960,42226626395.9762
IDA blend,IDB,2024,284575095403.398
IDA blend,IDB,2023,271436189128.34
IDA blend,IDB,2022,302152657050.789
IDA blend,IDB,2021,240306730843.412
IDA blend,IDB,2020,193161219919.279
IDA blend,IDB,2019,224434795677.957
IDA blend,IDB,2018,230737309834.771
IDA blend,IDB,2017,209096605494.91
IDA blend,IDB,2016,177395807036.5
IDA blend,IDB,2015,184469388098.731
IDA blend,IDB,2014,193506121980.74
IDA blend,IDB,2013,185806958148.05
IDA blend,IDB,2012,186191363065.201
IDA blend,IDB,2011,173934769061.97
IDA blend,IDB,2010,150898809354.155
IDA blend,IDB,2009,140914448792.034
IDA blend,IDB,2008,153236299454.891
IDA blend,IDB,2007,121786876310.037
IDA blend,IDB,2006,102915004576.498
IDA blend,IDB,2005,84634487071.955
IDA blend,IDB,2004,67087845064.4449
IDA blend,IDB,2003,55951884189.6471
IDA blend,IDB,2002,48069417138.3567
IDA blend,IDB,2001,49268454922.9218
IDA blend,IDB,2000,46830651400.9551
IDA blend,IDB,1999,45407210986.3115
IDA blend,IDB,1998,48041865991.6283
IDA blend,IDB,1997,54127202696.9666
IDA blend,IDB,1996,53272543673.7264
IDA blend,IDB,1995,46114122880.4498
IDA blend,IDB,1994,37886998958.9433
IDA blend,IDB,1993,38840467331.3378
IDA blend,IDB,1992,38358358605.9035
IDA blend,IDB,1991,34853280178.4335
IDA blend,IDB,1990,34017107882.0531
IDA blend,IDB,1989,33958696702.1447
IDA blend,IDB,1988,32245208164.8704
IDA blend,IDB,1987,30606249288.3531
IDA blend,IDB,1986,30021386927.3444
IDA blend,IDB,1985,29693430151.6989
IDA blend,IDB,1984,28672909066.8041
IDA blend,IDB,1983,28011424266.7794
IDA blend,IDB,1982,30781487434.6291
IDA blend,IDB,1981,32251287803.3722
IDA blend,IDB,1980,30858323664.1638
IDA blend,IDB,1979,23947306951.6684
IDA blend,IDB,1978,20099627877.319
IDA blend,IDB,1977,16009280841.7652
IDA blend,IDB,1976,13440981907.1402
IDA blend,IDB,1975,13148337594.2436
IDA blend,IDB,1974,10474915353.0153
IDA blend,IDB,1973,7053108078.54919
IDA blend,IDB,1972,5818912082.40803
IDA blend,IDB,1971,6100268512.11489
IDA blend,IDB,1970,5369808770.0237
IDA blend,IDB,1969,4599220979.26731
IDA blend,IDB,1968,4469177897.32481
IDA blend,IDB,1967,4316734133.10308
IDA blend,IDB,1966,3776440611.44488
IDA blend,IDB,1965,3960606414.11464
IDA blend,IDB,1964,3319328082.30676
IDA blend,IDB,1963,2959220618.62403
IDA blend,IDB,1962,2657859857.50896
IDA blend,IDB,1961,2588299116.94898
IDA blend,IDB,1960,2300923323.09615
IDA only,IDX,2024,552949772181.232
IDA only,IDX,2023,529343315348.781
IDA only,IDX,2022,548733030865.997
IDA only,IDX,2021,460096430906.835
IDA only,IDX,2020,380348490837.127
IDA only,IDX,2019,423475134060.375
IDA only,IDX,2018,420022285424.151
IDA only,IDX,2017,369730850505.288
IDA only,IDX,2016,343979118340.192
IDA only,IDX,2015,355925500947.215
IDA only,IDX,2014,373900135006.875
IDA only,IDX,2013,369382315197.962
IDA only,IDX,2012,342987048363.195
IDA only,IDX,2011,327348879558.392
IDA only,IDX,2010,273776974880.635
IDA only,IDX,2009,239099005438.797
IDA only,IDX,2008,267368581443.54
IDA only,IDX,2007,217087255525.511
IDA only,IDX,2006,176191103995.356
IDA only,IDX,2005,152483533163.297
IDA only,IDX,2004,124963842430.641
IDA only,IDX,2003,103671474216.1
IDA only,IDX,2002,92455774464.4615
IDA only,IDX,2001,86116775754.7466
IDA only,IDX,2000,85606101648.4602
IDA only,IDX,1999,79511530700.7145
IDA only,IDX,1998,76532189535.9637
IDA only,IDX,1997,74125858865.1967
IDA only,IDX,1996,73205775393.3269
IDA only,IDX,1995,70959127894.4713
IDA only,IDX,1994,65652637314.2801
IDA only,IDX,1993,64627779571.574
IDA only,IDX,1992,57675458763.6804
IDA only,IDX,1991,59901530760.449
IDA only,IDX,1990,51294427868.1741
IDA total,IDA,2024,841007480963.787
IDA total,IDA,2023,804254356999.615
IDA total,IDA,2022,851183588175.234
IDA total,IDA,2021,702894614747.556
IDA total,IDA,2020,576550495151.651
IDA total,IDA,2019,649741985201.712
IDA total,IDA,2018,651228602702.41
IDA total,IDA,2017,578247903969.38
IDA total,IDA,2016,523586220423.175
IDA total,IDA,2015,542524486637.276
IDA total,IDA,2014,569679168675.535
IDA total,IDA,2013,558091905704.84
IDA total,IDA,2012,530176590443.026
IDA total,IDA,2011,502679224571.073
IDA total,IDA,2010,425328578826.405
IDA total,IDA,2009,379812624018.324
IDA total,IDA,2008,420906984483.856
IDA total,IDA,2007,339382573437.471
IDA total,IDA,2006,279139141631.885
IDA total,IDA,2005,237606440815.397
IDA total,IDA,2004,192698148917.114
IDA total,IDA,2003,160137039273.263
IDA total,IDA,2002,141123628076.868
IDA total,IDA,2001,135603770137.434
IDA total,IDA,2000,132815758309.023
IDA total,IDA,1999,125104404281.151
IDA total,IDA,1998,124375205241.742
IDA total,IDA,1997,127399068524.799
IDA total,IDA,1996,125663740913.538
IDA total,IDA,1995,117154304899.274
IDA total,IDA,1994,104355165773.164
IDA total,IDA,1993,104075217989.688
IDA total,IDA,1992,96176871447.55
IDA total,IDA,1991,95426250864.5489
IDA total,IDA,1990,85544876556.6479
IDA total,IDA,1989,79811767400.8961
IDA total,IDA,1988,77462005474.8759
IDA total,IDA,1987,73136512637.7655
IDA total,IDA,1986,67703495930.9271
IDA total,IDA,1985,67793880024.4162
IDA total,IDA,1984,66916774468.4436
IDA total,IDA,1983,67011542337.4198
IDA total,IDA,1982,70746909083.6609
IDA total,IDA,1981,77183432666.7781
IDA total,IDA,1980,76247517350.3192
Late-demographic dividend,LTE,2024,7977879182814.67
Late-demographic dividend,LTE,2023,7574218259499.07
Late-demographic dividend,LTE,2022,7556203650143.6
Late-demographic dividend,LTE,2021,6985500145168.9
Late-demographic dividend,LTE,2020,5603338734047.87
Late-demographic dividend,LTE,2019,6024275507550.09
Late-demographic dividend,LTE,2018,5943397050517.61
Late-demographic dividend,LTE,2017,5300693326269.03
Late-demographic dividend,LTE,2016,4707239537644.73
Late-demographic dividend,LTE,2015,4772552885038.03
Late-demographic dividend,LTE,2014,5388594033122.77
Late-demographic dividend,LTE,2013,5243258725492.14
Late-demographic dividend,LTE,2012,4917507591348.36
Late-demographic dividend,LTE,2011,4685603087487.21
Late-demographic dividend,LTE,2010,3803609561354.55
Late-demographic dividend,LTE,2009,3041554920201.68
Late-demographic dividend,LTE,2008,3698384638825.86
Late-demographic dividend,LTE,2007,3024436074043.78
Late-demographic dividend,LTE,2006,2425084176703.08
Late-demographic dividend,LTE,2005,2026103410739.88
Late-demographic dividend,LTE,2004,1721071167285.69
Late-demographic dividend,LTE,2003,1342616142949.44
Late-demographic dividend,LTE,2002,1096162482481.07
Late-demographic dividend,LTE,2001,1003376468890.69
Late-demographic dividend,LTE,2000,954811588953.534
Late-demographic dividend,LTE,1999,806302313596.049
Late-demographic dividend,LTE,1998,806834292734.232
Late-demographic dividend,LTE,1997,857725642368.745
Late-demographic dividend,LTE,1996,819651252454.694
Late-demographic dividend,LTE,1995,776164735417.534
Late-demographic dividend,LTE,1994,626401354388.021
Late-demographic dividend,LTE,1993,595797865340.719
Late-demographic dividend,LTE,1992,647758579295.943
Late-demographic dividend,LTE,1991,419510825769.867
Late-demographic dividend,LTE,1990,422938345307.502
Late-demographic dividend,LTE,1989,406897453186.453
Late-demographic dividend,LTE,1988,368251510966.597
Late-demographic dividend,LTE,1987,303027889554.995
Late-demographic dividend,LTE,1986,275334691872.738
Late-demographic dividend,LTE,1985,278416181380.036
Late-demographic dividend,LTE,1984,259355225220.234
Late-demographic dividend,LTE,1983,248123032271.318
Late-demographic dividend,LTE,1982,256782279937.708
Late-demographic dividend,LTE,1981,280826381095.72
Late-demographic dividend,LTE,1980,274662064159.776
Late-demographic dividend,LTE,1979,210992823923.23
Late-demographic dividend,LTE,1978,163516207959.081
Late-demographic dividend,LTE,1977,137946331897.342
Late-demographic dividend,LTE,1976,118644751037.95
Late-demographic dividend,LTE,1975,112273044407.31
Late-demographic dividend,LTE,1974,107104439566.063
Late-demographic dividend,LTE,1973,68669528765.8336
Late-demographic dividend,LTE,1972,48601094432.0378
Late-demographic dividend,LTE,1971,41610475207.4558
Late-demographic dividend,LTE,1970,37559471105.1426
Latin America & Caribbean,LCN,2024,1843213767925.96
Latin America & Caribbean,LCN,2023,1766854466959.3
Latin America & Caribbean,LCN,2022,1844516546095.26
Latin America & Caribbean,LCN,2021,1517968993139.15
Latin America & Caribbean,LCN,2020,1130328523968.8
Latin America & Caribbean,LCN,2019,1369639229254.35
Latin America & Caribbean,LCN,2018,1406675375716.72
Latin America & Caribbean,LCN,2017,1288579834675.44
Latin America & Caribbean,LCN,2016,1176257707749.03
Latin America & Caribbean,LCN,2015,1250018933520.51
Latin America & Caribbean,LCN,2014,1413617615101.34
Latin America & Caribbean,LCN,2013,1456022867303.15
Latin America & Caribbean,LCN,2012,1406256687419.18
Latin America & Caribbean,LCN,2011,1358362964882.55
Latin America & Caribbean,LCN,2010,1138001938773.24
Latin America & Caribbean,LCN,2009,897259160841.111
Latin America & Caribbean,LCN,2008,1124727463560.87
Latin America & Caribbean,LCN,2007,931062324829.897
Latin America & Caribbean,LCN,2006,788360097536.551
Latin America & Caribbean,LCN,2005,670998604247.537
Latin America & Caribbean,LCN,2004,568901312819.098
Latin America & Caribbean,LCN,2003,476105414361.848
Latin America & Caribbean,LCN,2002,453152118342.361
Latin America & Caribbean,LCN,2001,485090319826.806
Latin America & Caribbean,LCN,2000,489727732226.99
Latin America & Caribbean,LCN,1999,424542490349.274
Latin America & Caribbean,LCN,1998,440324586415.312
Latin America & Caribbean,LCN,1997,420474578833.394
Latin America & Caribbean,LCN,1996,360770751858.295
Latin America & Caribbean,LCN,1995,329051761679.658
Latin America & Caribbean,LCN,1994,295659790644.685
Latin America & Caribbean,LCN,1993,251887611796.21
Latin America & Caribbean,LCN,1992,229032290504.543
Latin America & Caribbean,LCN,1991,197081774762.395
Latin America & Caribbean,LCN,1990,176730043882.515
Latin America & Caribbean,LCN,1989,151505094573.975
Latin America & Caribbean,LCN,1988,143132305031.859
Latin America & Caribbean,LCN,1987,119296326208.545
Latin America & Caribbean,LCN,1986,109887232661.309
Latin America & Caribbean,LCN,1985,105470973491.259
Latin America & Caribbean,LCN,1984,107178045452.658
Latin America & Caribbean,LCN,1983,101104613209.794
Latin America & Caribbean,LCN,1982,123888536663.677
Latin America & Caribbean,LCN,1981,146788695791.038
Latin America & Caribbean,LCN,1980,133386861347.232
Latin America & Caribbean,LCN,1979,106387113312.987
Latin America & Caribbean,LCN,1978,90015586267.7206
Latin America & Caribbean,LCN,1977,77681535321.8071
Latin America & Caribbean,LCN,1976,68843310183.5885
Latin America & Caribbean,LCN,1975,64427669373.3517
Latin America & Caribbean,LCN,1974,61419080418.7444
Latin America & Caribbean,LCN,1973,40459226883.9458
Latin America & Caribbean,LCN,1972,31279845707.7664
Latin America & Caribbean,LCN,1971,27512114953.6928
Latin America & Caribbean,LCN,1970,23937215126.4609
Latin America & Caribbean,LCN,1969,21665790830.4561
Latin America & Caribbean,LCN,1968,19317342804.6489
Latin America & Caribbean,LCN,1967,17297232383.0103
Latin America & Caribbean,LCN,1966,16763078422.7681
Latin America & Caribbean,LCN,1965,14764316354.8271
Latin America & Caribbean,LCN,1964,14387584258.4979
Latin America & Caribbean,LCN,1963,14385670825.9262
Latin America & Caribbean,LCN,1962,12717658998.4601
Latin America & Caribbean,LCN,1961,11638781128.9229
Latin America & Caribbean,LCN,1960,11346604369.7252
Latin America & Caribbean (excluding high income),LAC,2024,1546950345108.33
Latin America & Caribbean (excluding high income),LAC,2023,1470146389122.96
Latin America & Caribbean (excluding high income),LAC,2022,1535104599441.2
Latin America & Caribbean (excluding high income),LAC,2021,1259912415878.27
Latin America & Caribbean (excluding high income),LAC,2020,936164484661.012
Latin America & Caribbean (excluding high income),LAC,2019,1132311907581.77
Latin America & Caribbean (excluding high income),LAC,2018,1160141046702.38
Latin America & Caribbean (excluding high income),LAC,2017,1062608932361.56
Latin America & Caribbean (excluding high income),LAC,2016,966082180959.89
Latin America & Caribbean (excluding high income),LAC,2015,1021928171803.55
Latin America & Caribbean (excluding high income),LAC,2014,1143062141884.11
Latin America & Caribbean (excluding high income),LAC,2013,1134793921709.68
Latin America & Caribbean (excluding high income),LAC,2012,1088446149841.45
Latin America & Caribbean (excluding high income),LAC,2011,1060227721829.04
Latin America & Caribbean (excluding high income),LAC,2010,873060239220.705
Latin America & Caribbean (excluding high income),LAC,2009,666725909349.576
Latin America & Caribbean (excluding high income),LAC,2008,848502680473.896
Latin America & Caribbean (excluding high income),LAC,2007,700088807727.442
Latin America & Caribbean (excluding high income),LAC,2006,595365239093.191
Latin America & Caribbean (excluding high income),LAC,2005,508266490632.81
Latin America & Caribbean (excluding high income),LAC,2004,433319469176.119
Latin America & Caribbean (excluding high income),LAC,2003,367179239025.404
Latin America & Caribbean (excluding high income),LAC,2002,351221929150.803
Latin America & Caribbean (excluding high income),LAC,2001,373370510567.177
Latin America & Caribbean (excluding high income),LAC,2000,380950060268.703
Latin America & Caribbean (excluding high income),LAC,1999,325197615375.802
Latin America & Caribbean (excluding high income),LAC,1998,336925618498.61
Latin America & Caribbean (excluding high income),LAC,1997,320538526003.599
Latin America & Caribbean (excluding high income),LAC,1996,274585206358.826
Latin America & Caribbean (excluding high income),LAC,1995,245733942013.536
Latin America & Caribbean (excluding high income),LAC,1994,225103894070.822
Latin America & Caribbean (excluding high income),LAC,1993,182379290857.516
Latin America & Caribbean (excluding high income),LAC,1992,162620122735.615
Latin America & Caribbean (excluding high income),LAC,1991,139112043661.334
Latin America & Caribbean (excluding high income),LAC,1990,126102046601.176
Latin America & Caribbean (excluding high income),LAC,1989,106160446630.559
Latin America & Caribbean (excluding high income),LAC,1988,96244259911.1219
Latin America & Caribbean (excluding high income),LAC,1987,80252497437.4318
Latin America & Caribbean (excluding high income),LAC,1986,72185226937.2903
Latin America & Caribbean (excluding high income),LAC,1985,70277865653.5928
Latin America & Caribbean (excluding high income),LAC,1984,72478135198.1068
Latin America & Caribbean (excluding high income),LAC,1983,70020311544.6497
Latin America & Caribbean (excluding high income),LAC,1982,81070984814.4056
Latin America & Caribbean (excluding high income),LAC,1981,99046409628.4771
Latin America & Caribbean (excluding high income),LAC,1980,89792870893.6657
Latin America & Caribbean (excluding high income),LAC,1979,69677710495.4778
Latin America & Caribbean (excluding high income),LAC,1978,56878433267.3538
Latin America & Caribbean (excluding high income),LAC,1977,48548814797.3753
Latin America & Caribbean (excluding high income),LAC,1976,45824518789.8419
Latin America & Caribbean (excluding high income),LAC,1975,44462358596.9377
Latin America & Caribbean (excluding high income),LAC,1974,43418151840.2911
Latin America & Caribbean (excluding high income),LAC,1973,27342303764.0071
Latin America & Caribbean (excluding high income),LAC,1972,20703325658.8848
Latin America & Caribbean (excluding high income),LAC,1971,18053383151.3156
Latin America & Caribbean (excluding high income),LAC,1970,15443427565.4696
Latin America & Caribbean (excluding high income),LAC,1969,14045518554.1873
Latin America & Caribbean (excluding high income),LAC,1968,12577480885.5265
Latin America & Caribbean (excluding high income),LAC,1967,11158388089.5021
Latin America & Caribbean (excluding high income),LAC,1966,10954862457.3226
Latin America & Caribbean (excluding high income),LAC,1965,9247634384.68973
Latin America & Caribbean (excluding high income),LAC,1964,9351125980.48045
Latin America & Caribbean (excluding high income),LAC,1963,9675766847.03391
Latin America & Caribbean (excluding high income),LAC,1962,8198261016.25197
Latin America & Caribbean (excluding high income),LAC,1961,7370974710.2015
Latin America & Caribbean (excluding high income),LAC,1960,7212606865.87143
Latin America & the Caribbean (IDA & IBRD countries),TLA,2024,1751273664534.58
Latin America & the Caribbean (IDA & IBRD countries),TLA,2023,1673936306144.84
Latin America & the Caribbean (IDA & IBRD countries),TLA,2022,1756127614553.84
Latin America & the Caribbean (IDA & IBRD countries),TLA,2021,1443124035594.3
Latin America & the Caribbean (IDA & IBRD countries),TLA,2020,1063356147322.47
Latin America & the Caribbean (IDA & IBRD countries),TLA,2019,1291027854992.94
Latin America & the Caribbean (IDA & IBRD countries),TLA,2018,1329319209652.28
Latin America & the Caribbean (IDA & IBRD countries),TLA,2017,1214697457609.4
Latin America & the Caribbean (IDA & IBRD countries),TLA,2016,1107161527559.01
Latin America & the Caribbean (IDA & IBRD countries),TLA,2015,1180439795699.89
Latin America & the Caribbean (IDA & IBRD countries),TLA,2014,1340174607301.78
Latin America & the Caribbean (IDA & IBRD countries),TLA,2013,1378487258371.31
Latin America & the Caribbean (IDA & IBRD countries),TLA,2012,1327160469631.17
Latin America & the Caribbean (IDA & IBRD countries),TLA,2011,1269632756326.73
Latin America & the Caribbean (IDA & IBRD countries),TLA,2010,1061636060652.38
Latin America & the Caribbean (IDA & IBRD countries),TLA,2009,825374884103.987
Latin America & the Caribbean (IDA & IBRD countries),TLA,2008,1033991756256.98
Latin America & the Caribbean (IDA & IBRD countries),TLA,2007,850859770611.758
Latin America & the Caribbean (IDA & IBRD countries),TLA,2006,712759836003.685
Latin America & the Caribbean (IDA & IBRD countries),TLA,2005,603187046572.85
Latin America & the Caribbean (IDA & IBRD countries),TLA,2004,507463728523.963
Latin America & the Caribbean (IDA & IBRD countries),TLA,2003,423698918864.038
Latin America & the Caribbean (IDA & IBRD countries),TLA,2002,407953594823.116
Latin America & the Caribbean (IDA & IBRD countries),TLA,2001,438428885981.159
Latin America & the Caribbean (IDA & IBRD countries),TLA,2000,444901685822.186
Latin America & the Caribbean (IDA & IBRD countries),TLA,1999,382932241532.056
Latin America & the Caribbean (IDA & IBRD countries),TLA,1998,402421608986.252
Latin America & the Caribbean (IDA & IBRD countries),TLA,1997,383765539338.773
Latin America & the Caribbean (IDA & IBRD countries),TLA,1996,328243843090.322
Latin America & the Caribbean (IDA & IBRD countries),TLA,1995,297009557915.008
Latin America & the Caribbean (IDA & IBRD countries),TLA,1994,267297002231.553
Latin America & the Caribbean (IDA & IBRD countries),TLA,1993,225378826540.279
Latin America & the Caribbean (IDA & IBRD countries),TLA,1992,203434554978.607
Latin America & the Caribbean (IDA & IBRD countries),TLA,1991,168305635862.69
Latin America & the Caribbean (IDA & IBRD countries),TLA,1990,143716491413.665
Latin America & the Caribbean (IDA & IBRD countries),TLA,1989,120288621858.488
Latin America & the Caribbean (IDA & IBRD countries),TLA,1988,114660180885.806
Latin America & the Caribbean (IDA & IBRD countries),TLA,1987,93460924345.6331
Latin America & the Caribbean (IDA & IBRD countries),TLA,1986,85406613522.9976
Latin America & the Caribbean (IDA & IBRD countries),TLA,1985,81410457128.5277
Latin America & the Caribbean (IDA & IBRD countries),TLA,1984,83577868564.1333
Latin America & the Caribbean (IDA & IBRD countries),TLA,1983,79701956638.2492
Latin America & the Caribbean (IDA & IBRD countries),TLA,1982,102742792200.954
Latin America & the Caribbean (IDA & IBRD countries),TLA,1981,124922159347.455
Latin America & the Caribbean (IDA & IBRD countries),TLA,1980,112489885465.932
Latin America & the Caribbean (IDA & IBRD countries),TLA,1979,87531401010.4973
Latin America & the Caribbean (IDA & IBRD countries),TLA,1978,73185282468.3949
Latin America & the Caribbean (IDA & IBRD countries),TLA,1977,63245003014.9869
Latin America & the Caribbean (IDA & IBRD countries),TLA,1976,55483432480.3378
Latin America & the Caribbean (IDA & IBRD countries),TLA,1975,52005839705.0786
Latin America & the Caribbean (IDA & IBRD countries),TLA,1974,50511842228.3316
Latin America & the Caribbean (IDA & IBRD countries),TLA,1973,31439268188.8623
Latin America & the Caribbean (IDA & IBRD countries),TLA,1972,23701101656.9678
Latin America & the Caribbean (IDA & IBRD countries),TLA,1971,20805771938.2933
Latin America & the Caribbean (IDA & IBRD countries),TLA,1970,18240723506.7455
Latin America & the Caribbean (IDA & IBRD countries),TLA,1969,16554729714.7193
Latin America & the Caribbean (IDA & IBRD countries),TLA,1968,14803157612.6996
Latin America & the Caribbean (IDA & IBRD countries),TLA,1967,13201595730.7791
Latin America & the Caribbean (IDA & IBRD countries),TLA,1966,12890722766.5437
Latin America & the Caribbean (IDA & IBRD countries),TLA,1965,11298780209.1229
Latin America & the Caribbean (IDA & IBRD countries),TLA,1964,11141384393.6647
Latin America & the Caribbean (IDA & IBRD countries),TLA,1963,11344243246.4242
Latin America & the Caribbean (IDA & IBRD countries),TLA,1962,10028883529.2683
Latin America & the Caribbean (IDA & IBRD countries),TLA,1961,9178102697.89016
Latin America & the Caribbean (IDA & IBRD countries),TLA,1960,8947698133.00068
Least developed countries: UN classification,LDC,2024,440956289592.053
Least developed countries: UN classification,LDC,2023,429512281630.606
Least developed countries: UN classification,LDC,2022,459881380855.551
Least developed countries: UN classification,LDC,2021,372609662856.866
Least developed countries: UN classification,LDC,2020,311554718959.247
Least developed countries: UN classification,LDC,2019,340650750470.241
Least developed countries: UN classification,LDC,2018,338485973959.131
Least developed countries: UN classification,LDC,2017,290063145665.602
Least developed countries: UN classification,LDC,2016,267937250939.667
Least developed countries: UN classification,LDC,2015,297118187938.004
Least developed countries: UN classification,LDC,2014,332168236941.923
Least developed countries: UN classification,LDC,2013,324179880151.466
Least developed countries: UN classification,LDC,2012,293547925891.438
Least developed countries: UN classification,LDC,2011,271739035203.518
Least developed countries: UN classification,LDC,2010,226398272892.474
Least developed countries: UN classification,LDC,2009,214374453060.401
Least developed countries: UN classification,LDC,2008,225742903408.185
Least developed countries: UN classification,LDC,2007,172277225138.679
Least developed countries: UN classification,LDC,2006,132853687860.033
Least developed countries: UN classification,LDC,2005,116677370648.852
Least developed countries: UN classification,LDC,2004,91083023080.3629
Least developed countries: UN classification,LDC,2003,77667219042.1228
Least developed countries: UN classification,LDC,2002,68050719369.9969
Least developed countries: UN classification,LDC,2001,61729422391.2602
Least developed countries: UN classification,LDC,2000,60188065335.176
Least developed countries: UN classification,LDC,1999,55811317756.3888
Least developed countries: UN classification,LDC,1998,54311312459.8463
Least developed countries: UN classification,LDC,1997,51896875473.664
Least developed countries: UN classification,LDC,1996,53293210369.7512
Least developed countries: UN classification,LDC,1995,54510008820.9372
Least developed countries: UN classification,LDC,1994,50015886455.3575
Least developed countries: UN classification,LDC,1993,48978854726.6611
Low & middle income,LMY,2024,9494074512833.42
Low & middle income,LMY,2023,9025330393139.51
Low & middle income,LMY,2022,9236488358602.96
Low & middle income,LMY,2021,8189361771786.66
Low & middle income,LMY,2020,6295350958486.71
Low & middle income,LMY,2019,7073494745875.49
Low & middle income,LMY,2018,7240860023516.29
Low & middle income,LMY,2017,6456967369696.56
Low & middle income,LMY,2016,5704931342162.24
Low & middle income,LMY,2015,5884253584189.41
Low & middle income,LMY,2014,6616964920172.29
Low & middle income,LMY,2013,6532586107993.86
Low & middle income,LMY,2012,6289549395555.79
Low & middle income,LMY,2011,5958599736336.83
Low & middle income,LMY,2010,4858092822720.77
Low & middle income,LMY,2009,3816456590519.38
Low & middle income,LMY,2008,4453769579176.37
Low & middle income,LMY,2007,3649946255002.57
Low & middle income,LMY,2006,3007571751513.99
Low & middle income,LMY,2005,2560915008520.15
Low & middle income,LMY,2004,2163269787487.22
Low & middle income,LMY,2003,1685748709817.24
Low & middle income,LMY,2002,1422108895050.69
Low & middle income,LMY,2001,1337408773977.73
Low & middle income,LMY,2000,1341297312696.67
Low & middle income,LMY,1999,1136289261153.86
Low & middle income,LMY,1998,1108609659592.11
Low & middle income,LMY,1997,1167190550501.04
Low & middle income,LMY,1996,1087459107162.52
Low & middle income,LMY,1995,996000725883.536
Low & middle income,LMY,1994,842592281992.204
Low & middle income,LMY,1993,747708939027.058
Low & middle income,LMY,1992,684952403288.378
Low & middle income,LMY,1991,621198372205.649
Low & middle income,LMY,1990,597828191130.682
Low & middle income,LMY,1989,533367329621.187
Low & middle income,LMY,1988,487459986117.898
Low & middle income,LMY,1987,409820820168.436
Low & middle income,LMY,1986,384861856597.948
Low & middle income,LMY,1985,400287318978.81
Low & middle income,LMY,1984,395468569120.886
Low & middle income,LMY,1983,400923825616.807
Low & middle income,LMY,1982,421067232908.503
Low & middle income,LMY,1981,452691364158.133
Low & middle income,LMY,1980,411902051582.669
Low & middle income,LMY,1979,304822813610.159
Low & middle income,LMY,1978,250687034146.103
Low & middle income,LMY,1977,227427258114.424
Low & middle income,LMY,1976,199472292500.542
Low & middle income,LMY,1975,194361418027.098
Low & middle income,LMY,1974,164575852160.088
Low & middle income,LMY,1973,101482625020.041
Low & middle income,LMY,1972,73813959200.1134
Low & middle income,LMY,1971,66284150294.4454
Low & middle income,LMY,1970,58899168021.0607
Low & middle income,LMY,1969,51672931304.8017
Low & middle income,LMY,1968,47754010619.6436
Low & middle income,LMY,1967,45111069298.2158
Low & middle income,LMY,1966,43423649989.2441
Low & middle income,LMY,1965,40413064855.0134
Low & middle income,LMY,1964,38416661667.9342
Low & middle income,LMY,1963,36090594901.8279
Low & middle income,LMY,1962,30876789888.3706
Low & middle income,LMY,1961,31405924237.6418
Low & middle income,LMY,1960,31674517875.8023
Low income,,2024,183882775193.909
Low income,,2023,164264335867.487
Low income,,2022,166479650066.376
Low income,,2021,138354747086.674
Low income,,2020,115972988156.241
Low income,,2019,125999019484.02
Low income,,2018,125941364727.009
Low income,,2017,107637263894.628
Low income,,2016,102507823152.764
Low income,,2015,110683990038.689
Low income,,2014,130794120169.373
Low income,,2013,131661672747.383
Low income,,2012,120125096319.359
Low income,,2011,127819569294.155
Low income,,2010,116082938766.902
Low income,,2009,104896330938.012
Low income,,2008,113184277183.983
Low income,,2007,91252078417.7397
Low income,,2006,73689303877.639
Low income,,2005,66069431974.7694
Low income,,2004,52477755342.5116
Low income,,2003,42284070021.3842
Low income,,2002,38582438441.3279
Low income,,2001,30810017090.3252
Low income,,2000,31797223304.2463
Low income,,1999,28474223797.4043
Low income,,1998,28532075086.6762
Low income,,1997,26598328619.7702
Low income,,1996,28397805604.3483
Low income,,1995,29202206199.5811
Low income,,1994,31027854458.3617
Low income,,1993,31882319585.0789
Low income,,1992,27971052509.8191
Low income,,1991,31739215944.7562
Low income,,1990,22983368156.3178
Lower middle income,,2024,2435312729495.65
Lower middle income,,2023,2274147723674.55
Lower middle income,,2022,2416066842950.6
Lower middle income,,2021,2039982358830.02
Lower middle income,,2020,1542598225976.66
Lower middle income,,2019,1759730245692.58
Lower middle income,,2018,1781264957382.14
Lower middle income,,2017,1608541602664.78
Lower middle income,,2016,1383366800561.29
Lower middle income,,2015,1373862657888.69
Lower middle income,,2014,1462920357727.51
Lower middle income,,2013,1422143655084.03
Lower middle income,,2012,1422971842466.33
Lower middle income,,2011,1363140283084.49
Lower middle income,,2010,1125616758257.77
Lower middle income,,2009,954081875600.306
Lower middle income,,2008,1022586571697.66
Lower middle income,,2007,830513394385.036
Lower middle income,,2006,649130702833.663
Lower middle income,,2005,544362471863.228
Lower middle income,,2004,443936188514.216
Lower middle income,,2003,347398524133.186
Lower middle income,,2002,300391220877.909
Lower middle income,,2001,283351215652.076
Lower middle income,,2000,279665415635.21
Lower middle income,,1999,264548233712.106
Lower middle income,,1998,253379696566.438
Lower middle income,,1997,257880338398.129
Lower middle income,,1996,239868448168.859
Lower middle income,,1995,216790390851.702
Lower middle income,,1994,177018304713.429
Lower middle income,,1993,160620333532.784
Lower middle income,,1992,151778071122.581
Lower middle income,,1991,135843788803.845
Lower middle income,,1990,139260244376.947
Lower middle income,,1989,124176343918.869
Lower middle income,,1988,119334211932.458
Lower middle income,,1987,107273110113.055
Lower middle income,,1986,98620401809.4258
Lower middle income,,1985,99958002205.4743
Lower middle income,,1984,99820442173.1154
Lower middle income,,1983,100431224418.867
Lower middle income,,1982,104625787463.076
Lower middle income,,1981,106853824087.397
Lower middle income,,1980,103681000727.119
Lower middle income,,1979,80704467994.1159
Lower middle income,,1978,62825720582.9502
Lower middle income,,1977,54266753008.9292
Lower middle income,,1976,46547585532.3928
"Middle East, North Africa, Afghanistan & Pakistan",MEA,2024,1905697979516.59
"Middle East, North Africa, Afghanistan & Pakistan",MEA,2023,1777303260720.27
"Middle East, North Africa, Afghanistan & Pakistan",MEA,2022,1702403883383.95
"Middle East, North Africa, Afghanistan & Pakistan",MEA,2021,1390580335652.81
"Middle East, North Africa, Afghanistan & Pakistan",MEA,2020,1196368199004.83
"Middle East, North Africa, Afghanistan & Pakistan",MEA,2019,1377095352883.38
"Middle East, North Africa, Afghanistan & Pakistan",MEA,2018,1362914057869.24
"Middle East, North Africa, Afghanistan & Pakistan",MEA,2017,1288213489282.01
"Middle East, North Africa, Afghanistan & Pakistan",MEA,2016,1210058487537.83
"Middle East, North Africa, Afghanistan & Pakistan",MEA,2015,1271192851456.21
"Middle East, North Africa, Afghanistan & Pakistan",MEA,2014,1377109256103.16
"Middle East, North Africa, Afghanistan & Pakistan",MEA,2013,1321748430894.02
"Middle East, North Africa, Afghanistan & Pakistan",MEA,2012,1295730082269.49
"Middle East, North Africa, Afghanistan & Pakistan",MEA,2011,1148480586245.4
"Middle East, North Africa, Afghanistan & Pakistan",MEA,2010,1003996899162.0
"Middle East, North Africa, Afghanistan & Pakistan",MEA,2009,953258786057.781
"Middle East, North Africa, Afghanistan & Pakistan",MEA,2008,1069182015781.3
"Middle East, North Africa, Afghanistan & Pakistan",MEA,2007,841776799439.609
"Middle East, North Africa, Afghanistan & Pakistan",MEA,2006,660306847808.359
"Middle East, North Africa, Afghanistan & Pakistan",MEA,2005,561891343449.533
"Middle East, North Africa, Afghanistan & Pakistan",MEA,2004,468143943585.118
"Middle East, North Africa, Afghanistan & Pakistan",MEA,2003,371313613586.774
"Middle East, North Africa, Afghanistan & Pakistan",MEA,2002,324265414143.927
"Middle East, North Africa, Afghanistan & Pakistan",MEA,2001,315558271161.612
"Middle East, North Africa, Afghanistan & Pakistan",MEA,2000,312257488162.955
"Middle East, North Africa, Afghanistan & Pakistan",MEA,1999,279775192612.554
"Middle East, North Africa, Afghanistan & Pakistan",MEA,1998,266794562828.731
"Middle East, North Africa, Afghanistan & Pakistan",MEA,1997,265709989825.704
"Middle East, North Africa, Afghanistan & Pakistan",MEA,1996,255572794055.661
"Middle East, North Africa, Afghanistan & Pakistan",MEA,1995,239795019713.266
"Middle East, North Africa, Afghanistan & Pakistan",MEA,1994,215053566774.508
"Middle East, North Africa, Afghanistan & Pakistan",MEA,1993,230194405216.626
"Middle East, North Africa, Afghanistan & Pakistan",MEA,1992,247120804191.795
"Middle East, North Africa, Afghanistan & Pakistan",MEA,1991,248400135914.549
"Middle East, North Africa, Afghanistan & Pakistan",MEA,1990,232299705810.651
"Middle East, North Africa, Afghanistan & Pakistan",MEA,1989,210665826506.339
"Middle East, North Africa, Afghanistan & Pakistan",MEA,1988,188714957324.272
"Middle East, North Africa, Afghanistan & Pakistan",MEA,1987,172572274655.638
"Middle East, North Africa, Afghanistan & Pakistan",MEA,1986,178562650093.82
"Middle East, North Africa, Afghanistan & Pakistan",MEA,1985,201461519156.428
"Middle East, North Africa, Afghanistan & Pakistan",MEA,1984,223503614892.581
"Middle East, North Africa, Afghanistan & Pakistan",MEA,1983,243195694294.647
"Middle East, North Africa, Afghanistan & Pakistan",MEA,1982,249326710261.329
"Middle East, North Africa, Afghanistan & Pakistan",MEA,1981,239433855277.693
"Middle East, North Africa, Afghanistan & Pakistan",MEA,1980,208764052799.074
"Middle East, North Africa, Afghanistan & Pakistan",MEA,1979,159787878349.03
"Middle East, North Africa, Afghanistan & Pakistan",MEA,1978,138468185798.393
"Middle East, North Africa, Afghanistan & Pakistan",MEA,1977,128593304682.943
"Middle East, North Africa, Afghanistan & Pakistan",MEA,1976,99055681765.5732
"Middle East, North Africa, Afghanistan & Pakistan (excluding high income)",MNA,2024,668222490200.195
"Middle East, North Africa, Afghanistan & Pakistan (excluding high income)",MNA,2023,616877456919.264
"Middle East, North Africa, Afghanistan & Pakistan (excluding high income)",MNA,2022,629276246707.571
"Middle East, North Africa, Afghanistan & Pakistan (excluding high income)",MNA,2021,510046976994.607
"Middle East, North Africa, Afghanistan & Pakistan (excluding high income)",MNA,2020,440056769767.545
"Middle East, North Africa, Afghanistan & Pakistan (excluding high income)",MNA,2019,544384298667.414
"Middle East, North Africa, Afghanistan & Pakistan (excluding high income)",MNA,2018,555019343976.847
"Middle East, North Africa, Afghanistan & Pakistan (excluding high income)",MNA,2017,512626742919.012
"Middle East, North Africa, Afghanistan & Pakistan (excluding high income)",MNA,2016,469348152807.371
"Middle East, North Africa, Afghanistan & Pakistan (excluding high income)",MNA,2015,488457920440.019
"Middle East, North Africa, Afghanistan & Pakistan (excluding high income)",MNA,2014,558238190824.674
"Middle East, North Africa, Afghanistan & Pakistan (excluding high income)",MNA,2013,561005346709.577
"Middle East, North Africa, Afghanistan & Pakistan (excluding high income)",MNA,2012,579241323170.578
"Middle East, North Africa, Afghanistan & Pakistan (excluding high income)",MNA,2011,498602040660.845
"Middle East, North Africa, Afghanistan & Pakistan (excluding high income)",MNA,2010,465618775891.593
"Middle East, North Africa, Afghanistan & Pakistan (excluding high income)",MNA,2009,442194435817.581
"Middle East, North Africa, Afghanistan & Pakistan (excluding high income)",MNA,2008,467095331939.983
"Middle East, North Africa, Afghanistan & Pakistan (excluding high income)",MNA,2007,356158105569.95
"Middle East, North Africa, Afghanistan & Pakistan (excluding high income)",MNA,2006,294021218907.026
"Middle East, North Africa, Afghanistan & Pakistan (excluding high income)",MNA,2005,266120866500.164
"Middle East, North Africa, Afghanistan & Pakistan (excluding high income)",MNA,2004,223664419814.688
"Middle East, North Africa, Afghanistan & Pakistan (excluding high income)",MNA,2003,175265850005.463
"Middle East, North Africa, Afghanistan & Pakistan (excluding high income)",MNA,2002,152670562331.686
"Middle East, North Africa, Afghanistan & Pakistan (excluding high income)",MNA,2001,153171584611.138
"Middle East, North Africa, Afghanistan & Pakistan (excluding high income)",MNA,2000,146199918305.113
"Middle East, North Africa, Afghanistan & Pakistan (excluding high income)",MNA,1999,135641785224.084
"Middle East, North Africa, Afghanistan & Pakistan (excluding high income)",MNA,1998,125100214391.613
"Middle East, North Africa, Afghanistan & Pakistan (excluding high income)",MNA,1997,121516449043.427
"Middle East, North Africa, Afghanistan & Pakistan (excluding high income)",MNA,1996,113495045857.847
"Middle East, North Africa, Afghanistan & Pakistan (excluding high income)",MNA,1995,106513637395.097
"Middle East, North Africa, Afghanistan & Pakistan (excluding high income)",MNA,1994,97183904415.1745
"Middle East, North Africa, Afghanistan & Pakistan (excluding high income)",MNA,1993,104350992865.244
"Middle East, North Africa, Afghanistan & Pakistan (excluding high income)",MNA,1992,116697920667.257
"Middle East, North Africa, Afghanistan & Pakistan (excluding high income)",MNA,1991,118471045471.053
"Middle East, North Africa, Afghanistan & Pakistan (excluding high income)",MNA,1990,122839616302.852
"Middle East, North Africa, Afghanistan & Pakistan (excluding high income)",MNA,1989,109529173353.001
"Middle East, North Africa, Afghanistan & Pakistan (excluding high income)",MNA,1988,98245032997.673
"Middle East, North Africa, Afghanistan & Pakistan (excluding high income)",MNA,1987,84461964995.1225
"Middle East, North Africa, Afghanistan & Pakistan (excluding high income)",MNA,1986,95101399031.7663
"Middle East, North Africa, Afghanistan & Pakistan (excluding high income)",MNA,1985,106979740304.745
"Middle East, North Africa, Afghanistan & Pakistan (excluding high income)",MNA,1984,107505635218.289
"Middle East, North Africa, Afghanistan & Pakistan (excluding high income)",MNA,1983,116665433656.769
"Middle East, North Africa, Afghanistan & Pakistan (excluding high income)",MNA,1982,122561431734.775
"Middle East, North Africa, Afghanistan & Pakistan (excluding high income)",MNA,1981,120312716730.213
"Middle East, North Africa, Afghanistan & Pakistan (excluding high income)",MNA,1980,106433116798.514
"Middle East, North Africa, Afghanistan & Pakistan (excluding high income)",MNA,1979,75533602021.1254
"Middle East, North Africa, Afghanistan & Pakistan (excluding high income)",MNA,1978,65507236783.3948
"Middle East, North Africa, Afghanistan & Pakistan (excluding high income)",MNA,1977,69531630948.5007
"Middle East, North Africa, Afghanistan & Pakistan (excluding high income)",MNA,1976,56329014714.4119
"Middle East, North Africa, Afghanistan & Pakistan (excluding high income)",MNA,1975,53804287730.7371
"Middle East, North Africa, Afghanistan & Pakistan (excluding high income)",MNA,1974,35514581250.9284
"Middle East, North Africa, Afghanistan & Pakistan (excluding high income)",MNA,1973,18889274524.085
"Middle East, North Africa, Afghanistan & Pakistan (excluding high income)",MNA,1972,13717206960.9013
"Middle East, North Africa, Afghanistan & Pakistan (excluding high income)",MNA,1971,12172368117.1059
"Middle East, North Africa, Afghanistan & Pakistan (excluding high income)",MNA,1970,10561057552.738
"Middle East, North Africa, Afghanistan & Pakistan (excluding high income)",MNA,1969,8934294182.38335
"Middle East, North Africa, Afghanistan & Pakistan (excluding high income)",MNA,1968,7928185012.66058
"Middle East, North Africa, Afghanistan & Pakistan (excluding high income)",MNA,1967,7383368635.18125
"Middle East, North Africa, Afghanistan & Pakistan (excluding high income)",MNA,1966,6708446750.37327
"Middle East, North Africa, Afghanistan & Pakistan (excluding high income)",MNA,1965,6501672083.40701
"Middle East, North Africa, Afghanistan & Pakistan (IDA & IBRD)",TMN,2024,660003839613.813
"Middle East, North Africa, Afghanistan & Pakistan (IDA & IBRD)",TMN,2023,605844573907.495
"Middle East, North Africa, Afghanistan & Pakistan (IDA & IBRD)",TMN,2022,616999074788.218
"Middle East, North Africa, Afghanistan & Pakistan (IDA & IBRD)",TMN,2021,499936614958.124
"Middle East, North Africa, Afghanistan & Pakistan (IDA & IBRD)",TMN,2020,431979009349.643
"Middle East, North Africa, Afghanistan & Pakistan (IDA & IBRD)",TMN,2019,535223840433.123
"Middle East, North Africa, Afghanistan & Pakistan (IDA & IBRD)",TMN,2018,546003186546.747
"Middle East, North Africa, Afghanistan & Pakistan (IDA & IBRD)",TMN,2017,504126964335.638
"Middle East, North Africa, Afghanistan & Pakistan (IDA & IBRD)",TMN,2016,461478265588.17
"Middle East, North Africa, Afghanistan & Pakistan (IDA & IBRD)",TMN,2015,480824919949.817
"Middle East, North Africa, Afghanistan & Pakistan (IDA & IBRD)",TMN,2014,551018676897.344
"Middle East, North Africa, Afghanistan & Pakistan (IDA & IBRD)",TMN,2013,554212222171.391
"Middle East, North Africa, Afghanistan & Pakistan (IDA & IBRD)",TMN,2012,573016707166.531
"Middle East, North Africa, Afghanistan & Pakistan (IDA & IBRD)",TMN,2011,492935476596.775
"Middle East, North Africa, Afghanistan & Pakistan (IDA & IBRD)",TMN,2010,460409548964.405
"Middle East, North Africa, Afghanistan & Pakistan (IDA & IBRD)",TMN,2009,437305068282.506
"Middle East, North Africa, Afghanistan & Pakistan (IDA & IBRD)",TMN,2008,462522566405.69
"Middle East, North Africa, Afghanistan & Pakistan (IDA & IBRD)",TMN,2007,351909133034.97
"Middle East, North Africa, Afghanistan & Pakistan (IDA & IBRD)",TMN,2006,290362827979.241
"Middle East, North Africa, Afghanistan & Pakistan (IDA & IBRD)",TMN,2005,262563075246.811
"Middle East, North Africa, Afghanistan & Pakistan (IDA & IBRD)",TMN,2004,220536923546.946
"Middle East, North Africa, Afghanistan & Pakistan (IDA & IBRD)",TMN,2003,172755636185.298
"Middle East, North Africa, Afghanistan & Pakistan (IDA & IBRD)",TMN,2002,150441219344.834
"Middle East, North Africa, Afghanistan & Pakistan (IDA & IBRD)",TMN,2001,150467275209.604
"Middle East, North Africa, Afghanistan & Pakistan (IDA & IBRD)",TMN,2000,143288023910.83
"Middle East, North Africa, Afghanistan & Pakistan (IDA & IBRD)",TMN,1999,132244566637.747
"Middle East, North Africa, Afghanistan & Pakistan (IDA & IBRD)",TMN,1998,122189403718.837
"Middle East, North Africa, Afghanistan & Pakistan (IDA & IBRD)",TMN,1997,118747303429.015
"Middle East, North Africa, Afghanistan & Pakistan (IDA & IBRD)",TMN,1996,110977742877.95
"Middle East, North Africa, Afghanistan & Pakistan (IDA & IBRD)",TMN,1995,104051398653.84
"Middle East, North Africa, Afghanistan & Pakistan (IDA & IBRD)",TMN,1994,95124975951.8788
"Middle East, North Africa, Afghanistan & Pakistan (IDA & IBRD)",TMN,1993,102140223184.027
"Middle East, North Africa, Afghanistan & Pakistan (IDA & IBRD)",TMN,1992,114225570210.511
"Middle East, North Africa, Afghanistan & Pakistan (IDA & IBRD)",TMN,1991,115961129769.841
"Middle East, North Africa, Afghanistan & Pakistan (IDA & IBRD)",TMN,1990,120237148497.63
"Middle East, North Africa, Afghanistan & Pakistan (IDA & IBRD)",TMN,1989,107208699258.708
"Middle East, North Africa, Afghanistan & Pakistan (IDA & IBRD)",TMN,1988,96163623570.5297
"Middle East, North Africa, Afghanistan & Pakistan (IDA & IBRD)",TMN,1987,82672562265.9275
"Middle East, North Africa, Afghanistan & Pakistan (IDA & IBRD)",TMN,1986,93086590318.9032
"Middle East, North Africa, Afghanistan & Pakistan (IDA & IBRD)",TMN,1985,104713278243.616
"Middle East, North Africa, Afghanistan & Pakistan (IDA & IBRD)",TMN,1984,105228031600.204
"Middle East, North Africa, Afghanistan & Pakistan (IDA & IBRD)",TMN,1983,114193771466.573
"Middle East, North Africa, Afghanistan & Pakistan (IDA & IBRD)",TMN,1982,119964857519.944
"Middle East, North Africa, Afghanistan & Pakistan (IDA & IBRD)",TMN,1981,117763783566.199
"Middle East, North Africa, Afghanistan & Pakistan (IDA & IBRD)",TMN,1980,104178235448.228
"Middle East, North Africa, Afghanistan & Pakistan (IDA & IBRD)",TMN,1979,73933354695.476
"Middle East, North Africa, Afghanistan & Pakistan (IDA & IBRD)",TMN,1978,64119407027.2554
"Middle East, North Africa, Afghanistan & Pakistan (IDA & IBRD)",TMN,1977,68058540780.7332
"Middle East, North Africa, Afghanistan & Pakistan (IDA & IBRD)",TMN,1976,55135633851.5743
"Middle East, North Africa, Afghanistan & Pakistan (IDA & IBRD)",TMN,1975,52664395480.8547
"Middle East, North Africa, Afghanistan & Pakistan (IDA & IBRD)",TMN,1974,34762172890.3095
"Middle East, North Africa, Afghanistan & Pakistan (IDA & IBRD)",TMN,1973,18489088246.2987
"Middle East, North Africa, Afghanistan & Pakistan (IDA & IBRD)",TMN,1972,13426595588.3837
"Middle East, North Africa, Afghanistan & Pakistan (IDA & IBRD)",TMN,1971,11914485545.5747
"Middle East, North Africa, Afghanistan & Pakistan (IDA & IBRD)",TMN,1970,10337312045.4064
"Middle East, North Africa, Afghanistan & Pakistan (IDA & IBRD)",TMN,1969,8745013120.85095
"Middle East, North Africa, Afghanistan & Pakistan (IDA & IBRD)",TMN,1968,7760219279.20839
"Middle East, North Africa, Afghanistan & Pakistan (IDA & IBRD)",TMN,1967,7226945326.92398
"Middle East, North Africa, Afghanistan & Pakistan (IDA & IBRD)",TMN,1966,6566322269.55553
"Middle East, North Africa, Afghanistan & Pakistan (IDA & IBRD)",TMN,1965,6363928309.96944
"Middle East, North Africa, Afghanistan & Pakistan (IDA & IBRD)",TMN,1964,6160252019.11277
"Middle East, North Africa, Afghanistan & Pakistan (IDA & IBRD)",TMN,1963,5627519318.62032
"Middle East, North Africa, Afghanistan & Pakistan (IDA & IBRD)",TMN,1962,4321955669.72776
"Middle East, North Africa, Afghanistan & Pakistan (IDA & IBRD)",TMN,1961,6057983956.62796
"Middle East, North Africa, Afghanistan & Pakistan (IDA & IBRD)",TMN,1960,6247371162.91823
Middle income,MIC,2024,9314804151903.31
Middle income,MIC,2023,8863040239231.85
Middle income,MIC,2022,9071697641220.88
Middle income,MIC,2021,8051184152988.22
Middle income,MIC,2020,6180558533986.73
Middle income,MIC,2019,6948075573598.09
Middle income,MIC,2018,7114985652202.17
Middle income,MIC,2017,6348580686618.29
Middle income,MIC,2016,5603248991749.33
Middle income,MIC,2015,5775420764710.56
Middle income,MIC,2014,6489508930353.51
Middle income,MIC,2013,6404722560520.11
Middle income,MIC,2012,6171770269489.83
Middle income,MIC,2011,5836129158852.29
Middle income,MIC,2010,4748961745183.06
Middle income,MIC,2009,3720016125578.02
Middle income,MIC,2008,4348413340794.94
Middle income,MIC,2007,3564716025586.24
Middle income,MIC,2006,2938452148977.9
Middle income,MIC,2005,2499603330016.49
Middle income,MIC,2004,2113945586681.66
Middle income,MIC,2003,1646284247514.52
Middle income,MIC,2002,1386663500416.28
Middle income,MIC,2001,1308144577371.86
Middle income,MIC,2000,1311280675007.74
Middle income,MIC,1999,1109716769676.9
Middle income,MIC,1998,1082125284495.94
Middle income,MIC,1997,1141867503931.98
Middle income,MIC,1996,1061164100433.69
Middle income,MIC,1995,969531944204.868
Middle income,MIC,1994,815461844211.959
Middle income,MIC,1993,720525553122.754
Middle income,MIC,1992,660935448712.611
Middle income,MIC,1991,594766126628.541
Middle income,MIC,1990,577509132611.751
Middle income,MIC,1989,515172685042.514
Middle income,MIC,1988,470845776852.82
Middle income,MIC,1987,393140388705.549
Middle income,MIC,1986,370832576808.483
Middle income,MIC,1985,385050247766.461
Middle income,MIC,1984,379659771459.248
Middle income,MIC,1983,384350907030.512
Middle income,MIC,1982,403658150967.197
Middle income,MIC,1981,433032090843.883
Middle income,MIC,1980,392303108723.211
Middle income,MIC,1979,288867284525.664
Middle income,MIC,1978,237909769242.411
Middle income,MIC,1977,216096873407.852
Middle income,MIC,1976,189808576204.666
Middle income,MIC,1975,184947425596.094
Middle income,MIC,1974,157104014986.027
Middle income,MIC,1973,96603737419.9272
Middle income,MIC,1972,69677237648.2777
Middle income,MIC,1971,62440040427.7423
Middle income,MIC,1970,55660640779.8203
Middle income,MIC,1969,48564210934.5766
Middle income,MIC,1968,44937660741.7001
Middle income,MIC,1967,42408520152.6149
Middle income,MIC,1966,40740618047.4784
Middle income,MIC,1965,38036937346.5905
Middle income,MIC,1964,36208626649.2196
Middle income,MIC,1963,34053093505.4177
Middle income,MIC,1962,29132462965.9711
Middle income,MIC,1961,29826733548.8757
Middle income,MIC,1960,30215792987.1682
North America,NAC,2024,4839044359315.92
North America,NAC,2023,4575155881845.55
North America,NAC,2022,4709311825134.53
North America,NAC,2021,4045561383999.21
North America,NAC,2020,3303432928557.22
North America,NAC,2019,3708304240631.38
North America,NAC,2018,3724397899767.31
North America,NAC,2017,3488215398425.45
North America,NAC,2016,3257841961626.09
North America,NAC,2015,3330609232556.22
North America,NAC,2014,3478505732378.27
North America,NAC,2013,3357017883265.35
North America,NAC,2012,3360312679951.58
North America,NAC,2011,3267620830938.11
North America,NAC,2010,2893169365676.99
North America,NAC,2009,2415062947596.99
North America,NAC,2008,3084553313668.21
North America,NAC,2007,2867606776043.6
North America,NAC,2006,2688826569496.26
North America,NAC,2005,2428788760128.95
North America,NAC,2004,2149095064843.43
North America,NAC,2003,1853428109670.56
North America,NAC,2002,1709816292578.51
North America,NAC,2001,1672753844908.37
North America,NAC,2000,1765303207574.98
North America,NAC,1999,1512804398017.47
North America,NAC,1998,1357680737061.18
North America,NAC,1997,1293609155865.43
North America,NAC,1996,1173726503989.54
North America,NAC,1995,1102921106359.95
North America,NAC,1994,997288448619.875
North America,NAC,1993,889010250870.567
North America,NAC,1992,825985660356.486
North America,NAC,1991,776304251189.027
North America,NAC,1990,778696017412.527
North America,NAC,1989,733348318387.282
North America,NAC,1988,683304746780.668
North America,NAC,1987,616739647073.599
North America,NAC,1986,552003822909.182
North America,NAC,1985,510134295762.519
North America,NAC,1984,492915207555.138
North America,NAC,1983,403329890272.119
North America,NAC,1982,370794168316.197
North America,NAC,1981,396992101489.595
North America,NAC,1980,364948322772.674
North America,NAC,1979,316037539209.462
North America,NAC,1978,265731577706.169
North America,NAC,1977,231523756019.9
North America,NAC,1976,198061399430.393
North America,NAC,1975,164498898735.469
North America,NAC,1974,166329807481.145
North America,NAC,1973,119684474923.254
North America,NAC,1972,97682789050.7071
North America,NAC,1971,82000538850.8947
North America,NAC,1970,73127885428.6701
OECD members,OED,2024,19031181509871.8
OECD members,OED,2023,18696663775535.3
OECD members,OED,2022,19066409090414.0
OECD members,OED,2021,16545776698193.5
OECD members,OED,2020,13546065371460.2
OECD members,OED,2019,15029830397717.3
OECD members,OED,2018,15178959395679.5
OECD members,OED,2017,13870332008932.5
OECD members,OED,2016,12721361284302.0
OECD members,OED,2015,12838945066660.3
OECD members,OED,2014,14257201187826.3
OECD members,OED,2013,13897124235864.6
OECD members,OED,2012,13656720965277.0
OECD members,OED,2011,13856876768916.2
OECD members,OED,2010,11855313557891.3
OECD members,OED,2009,10267188586762.4
OECD members,OED,2008,13111140670153.5
OECD members,OED,2007,11749440699167.6
OECD members,OED,2006,10356066215073.3
OECD members,OED,2005,9172422429923.16
OECD members,OED,2004,8204401575255.42
OECD members,OED,2003,6896150231283.23
OECD members,OED,2002,5988624433481.35
OECD members,OED,2001,5790900772768.76
OECD members,OED,2000,5979219059590.77
OECD members,OED,1999,5410671759834.48
OECD members,OED,1998,5125516356104.23
OECD members,OED,1997,5009624415571.98
OECD members,OED,1996,4888421067882.23
OECD members,OED,1995,4655834141124.18
OECD members,OED,1994,3946591115838.01
OECD members,OED,1993,3527258038091.66
OECD members,OED,1992,3684198093605.22
OECD members,OED,1991,3457363940009.67
OECD members,OED,1990,3410314489032.99
OECD members,OED,1989,2941220000060.45
OECD members,OED,1988,2703827224226.15
OECD members,OED,1987,2359090489509.3
OECD members,OED,1986,1985524222155.53
OECD members,OED,1985,1732422941657.05
OECD members,OED,1984,1686059089261.85
OECD members,OED,1983,1570573706303.33
OECD members,OED,1982,1592031306585.71
OECD members,OED,1981,1691659488247.22
OECD members,OED,1980,1738433717874.28
OECD members,OED,1979,1453155600487.67
OECD members,OED,1978,1136522884278.65
OECD members,OED,1977,978374758094.129
OECD members,OED,1976,860468205523.661
OECD members,OED,1975,759956370506.13
OECD members,OED,1974,740690534726.998
OECD members,OED,1973,532497108311.886
OECD members,OED,1972,392729829867.482
OECD members,OED,1971,329955564385.082
OECD members,OED,1970,297453727171.209
Other small states,OSS,2024,157134076699.549
Other small states,OSS,2023,150011608473.126
Other small states,OSS,2022,148780775999.905
Other small states,OSS,2021,126852454057.967
Other small states,OSS,2020,100250066996.707
Other small states,OSS,2019,108130248476.954
Other small states,OSS,2018,106928291636.145
Other small states,OSS,2017,94473414607.6229
Other small states,OSS,2016,83041413687.9326
Other small states,OSS,2015,79351737514.7339
Other small states,OSS,2014,87637077926.8795
Other small states,OSS,2013,87380845856.2272
Other small states,OSS,2012,83356883672.7919
Other small states,OSS,2011,82766508805.0638
Other small states,OSS,2010,68183843171.8481
Other small states,OSS,2009,60969355468.9919
Other small states,OSS,2008,79421650441.0728
Other small states,OSS,2007,70543986131.3985
Other small states,OSS,2006,58339045078.9678
Other small states,OSS,2005,49607943942.4317
Other small states,OSS,2004,43515544293.1086
Other small states,OSS,2003,35924697020.2465
Other small states,OSS,2002,30536952540.9264
Other small states,OSS,2001,28476351241.7288
Other small states,OSS,2000,28690499862.1573
Other small states,OSS,1999,28858607331.9955
Other small states,OSS,1998,28897047461.5687
Other small states,OSS,1997,27969101299.412
Other small states,OSS,1996,27939035036.0688
Other small states,OSS,1995,25822706401.1576
Other small states,OSS,1994,19867207382.1522
Other small states,OSS,1993,18186364482.1402
Post-demographic dividend,PST,2024,18184787949264.0
Post-demographic dividend,PST,2023,17799623003752.2
Post-demographic dividend,PST,2022,18185688938804.8
Post-demographic dividend,PST,2021,15973816799438.1
Post-demographic dividend,PST,2020,13055271495992.4
Post-demographic dividend,PST,2019,14497437425576.9
Post-demographic dividend,PST,2018,14784128339115.6
Post-demographic dividend,PST,2017,13486539118278.8
Post-demographic dividend,PST,2016,12369455082484.7
Post-demographic dividend,PST,2015,12552220445779.0
Post-demographic dividend,PST,2014,14008329375979.0
Post-demographic dividend,PST,2013,13731614200534.7
Post-demographic dividend,PST,2012,13504497493831.8
Post-demographic dividend,PST,2011,13644883439060.7
Post-demographic dividend,PST,2010,11676178730100.0
Post-demographic dividend,PST,2009,10093381443709.8
Post-demographic dividend,PST,2008,12836140886584.4
Post-demographic dividend,PST,2007,11479022623246.2
Post-demographic dividend,PST,2006,10155306984132.4
Post-demographic dividend,PST,2005,9010055863516.16
Post-demographic dividend,PST,2004,8075514623645.4
Post-demographic dividend,PST,2003,6787884256952.42
Post-demographic dividend,PST,2002,5887841049462.83
Post-demographic dividend,PST,2001,5703818312784.89
Post-demographic dividend,PST,2000,5905701999219.22
Post-demographic dividend,PST,1999,5345535623125.08
Post-demographic dividend,PST,1998,5067565955846.55
Post-demographic dividend,PST,1997,5042803698456.67
Post-demographic dividend,PST,1996,4947880047777.01
Post-demographic dividend,PST,1995,4753371088268.69
Post-demographic dividend,PST,1994,4013739269597.72
Post-demographic dividend,PST,1993,3571475315030.26
Post-demographic dividend,PST,1992,3712153643844.85
Post-demographic dividend,PST,1991,3487066786633.52
Post-demographic dividend,PST,1990,3441510957967.53
Post-demographic dividend,PST,1989,2988588735419.85
Post-demographic dividend,PST,1988,2751653300652.64
Post-demographic dividend,PST,1987,2400790949994.04
Post-demographic dividend,PST,1986,2015568498960.87
Post-demographic dividend,PST,1985,1756828478960.82
Post-demographic dividend,PST,1984,1713012621890.09
Post-demographic dividend,PST,1983,1594527235893.85
Post-demographic dividend,PST,1982,1611905472041.7
Post-demographic dividend,PST,1981,1691275799063.73
Post-demographic dividend,PST,1980,1740469057054.5
Post-demographic dividend,PST,1979,1457355450335.79
Post-demographic dividend,PST,1978,1140944079407.29
Post-demographic dividend,PST,1977,981034696176.79
Post-demographic dividend,PST,1976,863284581742.388
Post-demographic dividend,PST,1975,758456362670.815
Post-demographic dividend,PST,1974,739610539161.163
Post-demographic dividend,PST,1973,532139507577.875
Post-demographic dividend,PST,1972,393033804247.906
Post-demographic dividend,PST,1971,330379930037.581
Post-demographic dividend,PST,1970,296621428207.501
Pre-demographic dividend,PRE,2024,462815425359.002
Pre-demographic dividend,PRE,2023,430529029225.104
Pre-demographic dividend,PRE,2022,417231886784.859
Pre-demographic dividend,PRE,2021,336233930736.136
Pre-demographic dividend,PRE,2020,292911350123.381
Pre-demographic dividend,PRE,2019,337569909495.968
Pre-demographic dividend,PRE,2018,323676577533.04
Pre-demographic dividend,PRE,2017,282533488363.625
Pre-demographic dividend,PRE,2016,264445973704.021
Pre-demographic dividend,PRE,2015,316667344837.439
Pre-demographic dividend,PRE,2014,385582529501.353
Pre-demographic dividend,PRE,2013,376656015919.49
Pre-demographic dividend,PRE,2012,349337227925.922
Pre-demographic dividend,PRE,2011,321293535146.157
Pre-demographic dividend,PRE,2010,281354377756.424
Pre-demographic dividend,PRE,2009,265493832760.229
Pre-demographic dividend,PRE,2008,275409204583.851
Pre-demographic dividend,PRE,2007,203060723959.948
Pre-demographic dividend,PRE,2006,158285333341.795
Pre-demographic dividend,PRE,2005,152284384312.935
Pre-demographic dividend,PRE,2004,119731411748.876
Pre-demographic dividend,PRE,2003,96535756978.5656
Pre-demographic dividend,PRE,2002,84934739784.638
Pre-demographic dividend,PRE,2001,86464395618.4235
Pre-demographic dividend,PRE,2000,89065716230.8793
Pre-demographic dividend,PRE,1999,84278785459.3933
Pre-demographic dividend,PRE,1998,68311538694.893
Pre-demographic dividend,PRE,1997,61189285248.7365
Pre-demographic dividend,PRE,1996,49016101366.2927
Pre-demographic dividend,PRE,1995,45665270554.0839
Pre-demographic dividend,PRE,1994,36785409819.1554
Pre-demographic dividend,PRE,1993,35962962747.6539
Pre-demographic dividend,PRE,1992,38464997979.5879
Pre-demographic dividend,PRE,1991,45393111401.3882
Pre-demographic dividend,PRE,1990,66683803897.7455
Small states,SST,2024,222373048145.822
Small states,SST,2023,211572270498.603
Small states,SST,2022,208623760361.521
Small states,SST,2021,177625263571.528
Small states,SST,2020,140204504684.621
Small states,SST,2019,153800334063.743
Small states,SST,2018,152248815796.566
Small states,SST,2017,135350014355.601
Small states,SST,2016,119636060670.216
Small states,SST,2015,114758774508.349
Small states,SST,2014,126611669957.944
Small states,SST,2013,126045628677.932
Small states,SST,2012,121011549363.154
Small states,SST,2011,120135073127.443
Small states,SST,2010,99511987088.7178
Small states,SST,2009,89604683185.9714
Small states,SST,2008,114705463976.459
Small states,SST,2007,102353410006.851
Small states,SST,2006,86144705958.5407
Small states,SST,2005,73478694600.7546
Small states,SST,2004,64088004310.8152
Small states,SST,2003,53721640290.8411
Small states,SST,2002,46513732969.2478
Small states,SST,2001,44140102980.3068
Small states,SST,2000,44733206691.5638
Small states,SST,1999,44180981903.2677
Small states,SST,1998,44112156908.284
Small states,SST,1997,42748206568.544
Small states,SST,1996,41628510353.3226
Small states,SST,1995,38508389666.606
Small states,SST,1994,30525291028.745
Small states,SST,1993,27924006858.1536
South Asia,SAS,2024,1035307516755.63
South Asia,SAS,2023,974531845474.905
South Asia,SAS,2022,1036399637040.21
South Asia,SAS,2021,872290063977.482
South Asia,SAS,2020,602619491768.947
South Asia,SAS,2019,711299013224.452
South Asia,SAS,2018,749716955911.868
South Asia,SAS,2017,673313760875.843
South Asia,SAS,2016,562495109404.698
South Asia,SAS,2015,549320196216.888
South Asia,SAS,2014,610979567217.767
South Asia,SAS,2013,604047435396.631
South Asia,SAS,2012,646009335569.788
South Asia,SAS,2011,639105066967.019
South Asia,SAS,2010,505470923291.99
South Asia,SAS,2009,394440510166.776
South Asia,SAS,2008,401091985598.787
South Asia,SAS,2007,343549993235.072
South Asia,SAS,2006,264995411353.793
South Asia,SAS,2005,214210325744.786
South Asia,SAS,2004,163983835369.426
South Asia,SAS,2003,116586939346.345
South Asia,SAS,2002,98036679319.2864
South Asia,SAS,2001,85841236990.5985
South Asia,SAS,2000,85848346312.1756
South Asia,SAS,1999,79678735024.7633
South Asia,SAS,1998,71170802407.9488
South Asia,SAS,1997,66954880726.9667
South Asia,SAS,1996,61849790139.1623
South Asia,SAS,1995,58523882012.5733
South Asia,SAS,1994,45522609608.1381
South Asia,SAS,1993,38376233915.1029
South Asia,SAS,1992,37173050170.3993
South Asia,SAS,1991,31765825612.269
South Asia,SAS,1990,35795323564.0322
South Asia,SAS,1989,31803190441.9363
South Asia,SAS,1988,29348252085.6192
South Asia,SAS,1987,25851497758.829
South Asia,SAS,1986,23401869814.3672
South Asia,SAS,1985,23918138041.6257
South Asia,SAS,1984,21974900947.5151
South Asia,SAS,1983,22851293800.6185
South Asia,SAS,1982,22321324268.3678
South Asia,SAS,1981,22388962384.1094
South Asia,SAS,1980,23483234941.0733
South Asia,SAS,1979,17115760347.3061
South Asia,SAS,1978,12670223716.5647
South Asia,SAS,1977,10438859277.7612
South Asia,SAS,1976,9578950063.6349
South Asia,SAS,1975,9842829022.04652
South Asia,SAS,1974,8793210367.71425
South Asia,SAS,1973,5946122917.76444
South Asia,SAS,1972,4286533738.71084
South Asia,SAS,1971,4429310323.4745
South Asia,SAS,1970,4357100779.43894
South Asia,SAS,1969,3983875672.03944
South Asia,SAS,1968,4051947526.43836
South Asia,SAS,1967,4471297597.7831
South Asia,SAS,1966,4472386347.13826
South Asia,SAS,1965,4513936780.667
South Asia,SAS,1964,4508927411.38844
South Asia,SAS,1963,3987080348.67087
South Asia,SAS,1962,3663377184.11394
South Asia,SAS,1961,3456041988.34204
South Asia,SAS,1960,3539535216.82026
South Asia (IDA & IBRD),TSA,2024,1035307516755.63
South Asia (IDA & IBRD),TSA,2023,974531845474.905
South Asia (IDA & IBRD),TSA,2022,1036399637040.21
South Asia (IDA & IBRD),TSA,2021,872290063977.482
South Asia (IDA & IBRD),TSA,2020,602619491768.947
South Asia (IDA & IBRD),TSA,2019,711299013224.452
South Asia (IDA & IBRD),TSA,2018,749716955911.868
South Asia (IDA & IBRD),TSA,2017,673313760875.843
South Asia (IDA & IBRD),TSA,2016,562495109404.698
South Asia (IDA & IBRD),TSA,2015,549320196216.888
South Asia (IDA & IBRD),TSA,2014,610979567217.767
South Asia (IDA & IBRD),TSA,2013,604047435396.631
South Asia (IDA & IBRD),TSA,2012,646009335569.788
South Asia (IDA & IBRD),TSA,2011,639105066967.019
South Asia (IDA & IBRD),TSA,2010,505470923291.99
South Asia (IDA & IBRD),TSA,2009,394440510166.776
South Asia (IDA & IBRD),TSA,2008,401091985598.787
South Asia (IDA & IBRD),TSA,2007,343549993235.072
South Asia (IDA & IBRD),TSA,2006,264995411353.793
South Asia (IDA & IBRD),TSA,2005,214210325744.786
South Asia (IDA & IBRD),TSA,2004,163983835369.426
South Asia (IDA & IBRD),TSA,2003,116586939346.345
South Asia (IDA & IBRD),TSA,2002,98036679319.2864
South Asia (IDA & IBRD),TSA,2001,85841236990.5985
South Asia (IDA & IBRD),TSA,2000,85848346312.1756
South Asia (IDA & IBRD),TSA,1999,79678735024.7633
South Asia (IDA & IBRD),TSA,1998,71170802407.9488
South Asia (IDA & IBRD),TSA,1997,66954880726.9667
South Asia (IDA & IBRD),TSA,1996,61849790139.1623
South Asia (IDA & IBRD),TSA,1995,58523882012.5733
South Asia (IDA & IBRD),TSA,1994,45522609608.1381
South Asia (IDA & IBRD),TSA,1993,38376233915.1029
South Asia (IDA & IBRD),TSA,1992,37173050170.3993
South Asia (IDA & IBRD),TSA,1991,31765825612.269
South Asia (IDA & IBRD),TSA,1990,35795323564.0322
South Asia (IDA & IBRD),TSA,1989,31803190441.9363
South Asia (IDA & IBRD),TSA,1988,29348252085.6192
South Asia (IDA & IBRD),TSA,1987,25851497758.829
South Asia (IDA & IBRD),TSA,1986,23401869814.3672
South Asia (IDA & IBRD),TSA,1985,23918138041.6257
South Asia (IDA & IBRD),TSA,1984,21974900947.5151
South Asia (IDA & IBRD),TSA,1983,22851293800.6185
South Asia (IDA & IBRD),TSA,1982,22321324268.3678
South Asia (IDA & IBRD),TSA,1981,22388962384.1094
South Asia (IDA & IBRD),TSA,1980,23483234941.0733
South Asia (IDA & IBRD),TSA,1979,17115760347.3061
South Asia (IDA & IBRD),TSA,1978,12670223716.5647
South Asia (IDA & IBRD),TSA,1977,10438859277.7612
South Asia (IDA & IBRD),TSA,1976,9578950063.6349
South Asia (IDA & IBRD),TSA,1975,9842829022.04652
South Asia (IDA & IBRD),TSA,1974,8793210367.71425
South Asia (IDA & IBRD),TSA,1973,5946122917.76444
South Asia (IDA & IBRD),TSA,1972,4286533738.71084
South Asia (IDA & IBRD),TSA,1971,4429310323.4745
South Asia (IDA & IBRD),TSA,1970,4357100779.43894
South Asia (IDA & IBRD),TSA,1969,3983875672.03944
South Asia (IDA & IBRD),TSA,1968,4051947526.43836
South Asia (IDA & IBRD),TSA,1967,4471297597.7831
South Asia (IDA & IBRD),TSA,1966,4472386347.13826
South Asia (IDA & IBRD),TSA,1965,4513936780.667
South Asia (IDA & IBRD),TSA,1964,4508927411.38844
South Asia (IDA & IBRD),TSA,1963,3987080348.67087
South Asia (IDA & IBRD),TSA,1962,3663377184.11394
South Asia (IDA & IBRD),TSA,1961,3456041988.34204
South Asia (IDA & IBRD),TSA,1960,3539535216.82026
Sub-Saharan Africa,SSF,2024,570429772371.4
Sub-Saharan Africa,SSF,2023,555897459695.458
Sub-Saharan Africa,SSF,2022,569870409931.969
Sub-Saharan Africa,SSF,2021,478180147031.677
Sub-Saharan Africa,SSF,2020,385298288362.76
Sub-Saharan Africa,SSF,2019,448348100758.529
Sub-Saharan Africa,SSF,2018,457515176890.415
Sub-Saharan Africa,SSF,2017,420197957943.96
Sub-Saharan Africa,SSF,2016,383680509674.513
Sub-Saharan Africa,SSF,2015,431617553852.261
Sub-Saharan Africa,SSF,2014,499585390259.278
Sub-Saharan Africa,SSF,2013,502643891642.163
Sub-Saharan Africa,SSF,2012,480355946393.1
Sub-Saharan Africa,SSF,2011,458527188647.315
Sub-Saharan Africa,SSF,2010,389412901697.474
Sub-Saharan Africa,SSF,2009,340444288619.83
Sub-Saharan Africa,SSF,2008,386819185922.778
Sub-Saharan Africa,SSF,2007,317741337761.821
Sub-Saharan Africa,SSF,2006,253489249715.681
Sub-Saharan Africa,SSF,2005,217975908492.853
Sub-Saharan Africa,SSF,2004,181069902133.236
Sub-Saharan Africa,SSF,2003,144080106479.466
Sub-Saharan Africa,SSF,2002,116653120038.809
Sub-Saharan Africa,SSF,2001,107837682475.147
Sub-Saharan Africa,SSF,2000,111447434120.826
Sub-Saharan Africa,SSF,1999,106689055322.287
Sub-Saharan Africa,SSF,1998,112181618559.179
Sub-Saharan Africa,SSF,1997,112991701204.478
Sub-Saharan Africa,SSF,1996,108942623134.84
Sub-Saharan Africa,SSF,1995,104339415857.133
Sub-Saharan Africa,SSF,1994,85981139385.4465
Sub-Saharan Africa,SSF,1993,79021085810.7766
Sub-Saharan Africa,SSF,1992,80704847953.9342
Sub-Saharan Africa,SSF,1991,83205388107.034
Sub-Saharan Africa,SSF,1990,79840970727.9196
Sub-Saharan Africa,SSF,1989,74029661208.4791
Sub-Saharan Africa,SSF,1988,72296615728.3233
Sub-Saharan Africa,SSF,1987,67007779957.666
Sub-Saharan Africa,SSF,1986,57987008440.9222
Sub-Saharan Africa,SSF,1985,52332007005.8263
Sub-Saharan Africa,SSF,1984,59398806740.4811
Sub-Saharan Africa,SSF,1983,59937994856.6121
Sub-Saharan Africa,SSF,1982,68051972707.3738
Sub-Saharan Africa,SSF,1981,79025317147.2657
Sub-Saharan Africa,SSF,1980,74418529335.9825
Sub-Saharan Africa,SSF,1979,55373065107.3745
Sub-Saharan Africa,SSF,1978,45717215187.7208
Sub-Saharan Africa,SSF,1977,38819055723.621
Sub-Saharan Africa,SSF,1976,36095897621.3191
Sub-Saharan Africa (excluding high income),SSA,2024,551632502572.275
Sub-Saharan Africa (excluding high income),SSA,2023,535587214757.971
Sub-Saharan Africa (excluding high income),SSA,2022,545608518667.416
Sub-Saharan Africa (excluding high income),SSA,2021,458853501318.105
Sub-Saharan Africa (excluding high income),SSA,2020,367496347670.464
Sub-Saharan Africa (excluding high income),SSA,2019,427526121185.556
Sub-Saharan Africa (excluding high income),SSA,2018,436863025774.463
Sub-Saharan Africa (excluding high income),SSA,2017,400568649347.03
Sub-Saharan Africa (excluding high income),SSA,2016,363316229007.038
Sub-Saharan Africa (excluding high income),SSA,2015,411440057167.078
Sub-Saharan Africa (excluding high income),SSA,2014,482785165575.994
Sub-Saharan Africa (excluding high income),SSA,2013,488895632387.759
Sub-Saharan Africa (excluding high income),SSA,2012,466631278885.023
Sub-Saharan Africa (excluding high income),SSA,2011,449023754087.444
Sub-Saharan Africa (excluding high income),SSA,2010,381294720845.741
Sub-Saharan Africa (excluding high income),SSA,2009,333258368517.672
Sub-Saharan Africa (excluding high income),SSA,2008,378704243960.377
Sub-Saharan Africa (excluding high income),SSA,2007,311006092343.415
Sub-Saharan Africa (excluding high income),SSA,2006,247797260160.274
Sub-Saharan Africa (excluding high income),SSA,2005,213032586311.492
Sub-Saharan Africa (excluding high income),SSA,2004,177060568723.152
Sub-Saharan Africa (excluding high income),SSA,2003,140808934540.59
Sub-Saharan Africa (excluding high income),SSA,2002,113880260865.995
Sub-Saharan Africa (excluding high income),SSA,2001,105149143848.88
Sub-Saharan Africa (excluding high income),SSA,2000,108885317115.513
Sub-Saharan Africa (excluding high income),SSA,1999,104300754199.588
Sub-Saharan Africa (excluding high income),SSA,1998,109767510963.26
Sub-Saharan Africa (excluding high income),SSA,1997,110620520824.07
Sub-Saharan Africa (excluding high income),SSA,1996,106589316389.93
Sub-Saharan Africa (excluding high income),SSA,1995,102258173848.149
Sub-Saharan Africa (excluding high income),SSA,1994,84247159511.9617
Sub-Saharan Africa (excluding high income),SSA,1993,77359930323.3896
Sub-Saharan Africa (excluding high income),SSA,1992,79080063096.8692
Sub-Saharan Africa (excluding high income),SSA,1991,81565399317.892
Sub-Saharan Africa (excluding high income),SSA,1990,78237266637.21
Sub-Saharan Africa (excluding high income),SSA,1989,72554221885.1051
Sub-Saharan Africa (excluding high income),SSA,1988,70858313809.6903
Sub-Saharan Africa (excluding high income),SSA,1987,65724759866.526
Sub-Saharan Africa (excluding high income),SSA,1986,56865622221.1466
Sub-Saharan Africa (excluding high income),SSA,1985,51314764180.9027
Sub-Saharan Africa (excluding high income),SSA,1984,58280444513.8565
Sub-Saharan Africa (excluding high income),SSA,1983,58810467703.129
Sub-Saharan Africa (excluding high income),SSA,1982,66774614090.3568
Sub-Saharan Africa (excluding high income),SSA,1981,77572900601.7466
Sub-Saharan Africa (excluding high income),SSA,1980,73033881781.8709
Sub-Saharan Africa (excluding high income),SSA,1979,54326217167.4035
Sub-Saharan Africa (excluding high income),SSA,1978,44870917182.5301
Sub-Saharan Africa (excluding high income),SSA,1977,38105517933.0196
Sub-Saharan Africa (excluding high income),SSA,1976,35437522837.1547
Sub-Saharan Africa (excluding high income),SSA,1975,36061158508.7966
Sub-Saharan Africa (excluding high income),SSA,1974,31474491729.7286
Sub-Saharan Africa (excluding high income),SSA,1973,21132923188.506
Sub-Saharan Africa (excluding high income),SSA,1972,15998799713.2607
Sub-Saharan Africa (excluding high income),SSA,1971,16043025996.9324
Sub-Saharan Africa (excluding high income),SSA,1970,14099150567.3538
Sub-Saharan Africa (excluding high income),SSA,1969,12209842216.8579
Sub-Saharan Africa (excluding high income),SSA,1968,11136615420.0582
Sub-Saharan Africa (excluding high income),SSA,1967,10680868683.0605
Sub-Saharan Africa (IDA & IBRD countries),TSS,2024,570429772371.4
Sub-Saharan Africa (IDA & IBRD countries),TSS,2023,555897459695.458
Sub-Saharan Africa (IDA & IBRD countries),TSS,2022,569870409931.969
Sub-Saharan Africa (IDA & IBRD countries),TSS,2021,478180147031.677
Sub-Saharan Africa (IDA & IBRD countries),TSS,2020,385298288362.76
Sub-Saharan Africa (IDA & IBRD countries),TSS,2019,448348100758.529
Sub-Saharan Africa (IDA & IBRD countries),TSS,2018,457515176890.415
Sub-Saharan Africa (IDA & IBRD countries),TSS,2017,420197957943.96
Sub-Saharan Africa (IDA & IBRD countries),TSS,2016,383680509674.513
Sub-Saharan Africa (IDA & IBRD countries),TSS,2015,431617553852.261
Sub-Saharan Africa (IDA & IBRD countries),TSS,2014,499585390259.278
Sub-Saharan Africa (IDA & IBRD countries),TSS,2013,502643891642.163
Sub-Saharan Africa (IDA & IBRD countries),TSS,2012,480355946393.1
Sub-Saharan Africa (IDA & IBRD countries),TSS,2011,458527188647.315
Sub-Saharan Africa (IDA & IBRD countries),TSS,2010,389412901697.474
Sub-Saharan Africa (IDA & IBRD countries),TSS,2009,340444288619.83
Sub-Saharan Africa (IDA & IBRD countries),TSS,2008,386819185922.778
Sub-Saharan Africa (IDA & IBRD countries),TSS,2007,317741337761.821
Sub-Saharan Africa (IDA & IBRD countries),TSS,2006,253489249715.681
Sub-Saharan Africa (IDA & IBRD countries),TSS,2005,217975908492.853
Sub-Saharan Africa (IDA & IBRD countries),TSS,2004,181069902133.236
Sub-Saharan Africa (IDA & IBRD countries),TSS,2003,144080106479.466
Sub-Saharan Africa (IDA & IBRD countries),TSS,2002,116653120038.809
Sub-Saharan Africa (IDA & IBRD countries),TSS,2001,107837682475.147
Sub-Saharan Africa (IDA & IBRD countries),TSS,2000,111447434120.826
Sub-Saharan Africa (IDA & IBRD countries),TSS,1999,106689055322.287
Sub-Saharan Africa (IDA & IBRD countries),TSS,1998,112181618559.179
Sub-Saharan Africa (IDA & IBRD countries),TSS,1997,112991701204.478
Sub-Saharan Africa (IDA & IBRD countries),TSS,1996,108942623134.84
Sub-Saharan Africa (IDA & IBRD countries),TSS,1995,104339415857.133
Sub-Saharan Africa (IDA & IBRD countries),TSS,1994,85981139385.4465
Sub-Saharan Africa (IDA & IBRD countries),TSS,1993,79021085810.7766
Sub-Saharan Africa (IDA & IBRD countries),TSS,1992,80704847953.9342
Sub-Saharan Africa (IDA & IBRD countries),TSS,1991,83205388107.034
Sub-Saharan Africa (IDA & IBRD countries),TSS,1990,79840970727.9196
Sub-Saharan Africa (IDA & IBRD countries),TSS,1989,74029661208.4791
Sub-Saharan Africa (IDA & IBRD countries),TSS,1988,72296615728.3233
Sub-Saharan Africa (IDA & IBRD countries),TSS,1987,67007779957.666
Sub-Saharan Africa (IDA & IBRD countries),TSS,1986,57987008440.9222
Sub-Saharan Africa (IDA & IBRD countries),TSS,1985,52332007005.8263
Sub-Saharan Africa (IDA & IBRD countries),TSS,1984,59398806740.4811
Sub-Saharan Africa (IDA & IBRD countries),TSS,1983,59937994856.6121
Sub-Saharan Africa (IDA & IBRD countries),TSS,1982,68051972707.3738
Sub-Saharan Africa (IDA & IBRD countries),TSS,1981,79025317147.2657
Sub-Saharan Africa (IDA & IBRD countries),TSS,1980,74418529335.9825
Sub-Saharan Africa (IDA & IBRD countries),TSS,1979,55373065107.3745
Sub-Saharan Africa (IDA & IBRD countries),TSS,1978,45717215187.7208
Sub-Saharan Africa (IDA & IBRD countries),TSS,1977,38819055723.621
Sub-Saharan Africa (IDA & IBRD countries),TSS,1976,36095897621.3191
Upper middle income,,2024,6890317163981.66
Upper middle income,,2023,6596656026088.35
Upper middle income,,2022,6668460868748.1
Upper middle income,,2021,6016850342417.47
Upper middle income,,2020,4641008349953.04
Upper middle income,,2019,5193220802898.77
Upper middle income,,2018,5337538078019.09
Upper middle income,,2017,4744530424553.67
Upper middle income,,2016,4221787482232.1
Upper middle income,,2015,4400825843078.1
Upper middle income,,2014,5020220354397.01
Upper middle income,,2013,4974818422639.85
Upper middle income,,2012,4745116460296.81
Upper middle income,,2011,4470775179118.77
Upper middle income,,2010,3622728699802.67
Upper middle income,,2009,2770708840576.63
Upper middle income,,2008,3325814524859.33
Upper middle income,,2007,2733729986736.41
Upper middle income,,2006,2286740870169.82
Upper middle income,,2005,1952566397166.45
Upper middle income,,2004,1666768921422.67
Upper middle income,,2003,1296452951167.71
Upper middle income,,2002,1084645426940.55
Upper middle income,,2001,1023256246535.36
Upper middle income,,2000,1029734065847.79
Upper middle income,,1999,845798086966.765
Upper middle income,,1998,828993555172.522
Upper middle income,,1997,883492559373.037
Upper middle income,,1996,820856790528.632
Upper middle income,,1995,752111085077.709
Upper middle income,,1994,637410218858.258
Upper middle income,,1993,559462553624.176
Upper middle income,,1992,509289852980.27
Upper middle income,,1991,458977110007.511
Upper middle income,,1990,438930202406.673
Upper middle income,,1989,391601199477.083
Upper middle income,,1988,352080871571.005
Upper middle income,,1987,286429638136.499
Upper middle income,,1986,272745674390.565
Upper middle income,,1985,285499941184.648
Upper middle income,,1984,280316843488.875
Upper middle income,,1983,284364981175.182
Upper middle income,,1982,299447968010.664
Upper middle income,,1981,326294418550.176
Upper middle income,,1980,289680361100.224
Upper middle income,,1979,209625080736.928
Upper middle income,,1978,175717834597.567
Upper middle income,,1977,161967378656.806
Upper middle income,,1976,143206483631.202
Upper middle income,,1975,139073275499.307
Upper middle income,,1974,118976488721.769
Upper middle income,,1973,71631434380.3549
Upper middle income,,1972,50774932353.3869
Upper middle income,,1971,44111057410.9473
Upper middle income,,1970,38544721061.5136
Upper middle income,,1969,33818958912.3464
Upper middle income,,1968,30524982835.3576
Upper middle income,,1967,27749594886.0059
Upper middle income,,1966,26586972820.8949
Upper middle income,,1965,23895414863.3419
Upper middle income,,1964,22632900562.2788
Upper middle income,,1963,21786711733.9443
Upper middle income,,1962,18136144192.6618
Upper middle income,,1961,19013802203.507
Upper middle income,,1960,19589508889.1047
World,WLD,2024,31278652171634.4
World,WLD,2023,30286854622251.6
World,WLD,2022,30799345256463.6
World,WLD,2021,27139124272944.1
World,WLD,2020,21872367208732.1
World,WLD,2019,24295157331232.6
World,WLD,2018,24615807809728.6
World,WLD,2017,22373287150700.6
World,WLD,2016,20303660268982.6
World,WLD,2015,20695120512597.5
World,WLD,2014,23144969533202.1
World,WLD,2013,22715859129230.0
World,WLD,2012,22133543333993.7
World,WLD,2011,21855138077154.9
World,WLD,2010,18478569820313.9
World,WLD,2009,15590855781439.1
World,WLD,2008,19398835050922.6
World,WLD,2007,16917316252394.4
World,WLD,2006,14600952216057.2
World,WLD,2005,12773178359965.1
World,WLD,2004,11265047305768.7
World,WLD,2003,9295397332059.74
World,WLD,2002,8023715945155.96
World,WLD,2001,7719591007847.39
World,WLD,2000,7936454694140.01
World,WLD,1999,7085669454557.11
World,WLD,1998,6782301988938.78
World,WLD,1997,6823122185421.58
World,WLD,1996,6608527673997.34
World,WLD,1995,6304942246295.85
World,WLD,1994,5319384990502.41
World,WLD,1993,4808398948509.61
World,WLD,1992,4984328413762.75
World,WLD,1991,4498082352056.81
World,WLD,1990,4408173559667.0
World,WLD,1989,3871406602102.68
World,WLD,1988,3562343201047.68
World,WLD,1987,3089854435650.26
World,WLD,1986,2633723120978.24
World,WLD,1985,2369891407420.26
World,WLD,1984,2337506798922.15
World,WLD,1983,2216346078884.8
World,WLD,1982,2263621387151.93
World,WLD,1981,2378175554641.5
World,WLD,1980,2377206650952.82
World,WLD,1979,1953953405516.0
World,WLD,1978,1546596062110.79
World,WLD,1977,1334965925295.29
World,WLD,1976,1162491821575.09
World,WLD,1975,1033069933638.29
World,WLD,1974,980277744235.9
World,WLD,1973,687884604043.787
World,WLD,1972,505778786613.804
World,WLD,1971,428892039193.767
World,WLD,1970,385057371382.31
Afghanistan,AFG,2023,8701650584.05282
Afghanistan,AFG,2022,7901784705.74946
Afghanistan,AFG,2021,5286118076.13403
Afghanistan,AFG,2020,7241822542.17594
Afghanistan,AFG,1978,457777788.888889
Afghanistan,AFG,1977,437777795.555556
Afghanistan,AFG,1976,380000006.666667
Afghanistan,AFG,1975,337777777.777778
Afghanistan,AFG,1974,320000000.0
Afghanistan,AFG,1973,255555562.222222
Afghanistan,AFG,1972,288888877.777778
Afghanistan,AFG,1971,295555548.888889
Afghanistan,AFG,1970,208888900.0
Afghanistan,AFG,1969,211111117.777778
Afghanistan,AFG,1968,208888900.0
Afghanistan,AFG,1967,237777784.444444
Afghanistan,AFG,1966,259999993.333333
Afghanistan,AFG,1965,215555548.888889
Afghanistan,AFG,1964,144444451.111111
Afghanistan,AFG,1963,126666717.777778
Afghanistan,AFG,1962,51111111.1111111
Afghanistan,AFG,1961,44444446.6666667
Afghanistan,AFG,1960,37777780.0
Albania,ALB,2024,11675880655.2622
Albania,ALB,2023,10320565554.1756
Albania,ALB,2022,9033376424.81865
Albania,ALB,2021,8016544325.73416
Albania,ALB,2020,5636282433.50207
Albania,ALB,2019,6926959712.72243
Albania,ALB,2018,6856194783.87124
Albania,ALB,2017,6070375896.83265
Albania,ALB,2016,5436220772.90211
Albania,ALB,2015,5070977325.18894
Albania,ALB,2014,6243003573.18923
Albania,ALB,2013,5999382665.71175
Albania,ALB,2012,5860879317.95047
Albania,ALB,2011,6700234560.7276
Albania,ALB,2010,5792187320.18798
Albania,ALB,2009,6004538202.0617
Albania,ALB,2008,6717539640.57092
Albania,ALB,2007,5867639979.53994
Albania,ALB,2006,4364190390.71407
Albania,ALB,2005,3853672281.63853
Albania,ALB,2004,3220867773.24765
Albania,ALB,2003,2591005999.50156
Albania,ALB,2002,2068787029.4532
Albania,ALB,2001,1771127114.7153
Albania,ALB,2000,1508343757.29126
Albania,ALB,1999,1097558438.08834
Albania,ALB,1998,933614569.330511
Albania,ALB,1997,795639002.04499
Albania,ALB,1996,1064684091.41503
Albania,ALB,1995,809621698.535559
Albania,ALB,1994,773426124.188629
Albania,ALB,1993,764996711.818738
Albania,ALB,1992,627952433.94529
Albania,ALB,1991,314316659.722222
Albania,ALB,1990,487500000.0
Albania,ALB,1989,483800000.0
Albania,ALB,1988,408575012.5
Albania,ALB,1987,335624987.5
Albania,ALB,1986,336224987.5
Albania,ALB,1985,362610722.610723
Albania,ALB,1984,372867132.867133
Albania,ALB,1983,405606072.261072
Albania,ALB,1982,460407913.752914
Albania,ALB,1981,403041958.041958
Albania,ALB,1980,371431589.473684
Algeria,DZA,2024,54624467791.6853
Algeria,DZA,2023,49460165881.4301
Algeria,DZA,2022,46015346669.8381
Algeria,DZA,2021,43564492197.796
Algeria,DZA,2020,40978554435.8274
Algeria,DZA,2019,50490845023.6565
Algeria,DZA,2018,56446212848.1077
Algeria,DZA,2017,55990439549.8232
Algeria,DZA,2016,56532525719.5141
Algeria,DZA,2015,61266393934.4274
Algeria,DZA,2014,70019891158.5134
Algeria,DZA,2013,65124130006.4005
Algeria,DZA,2012,59908816252.9784
Algeria,DZA,2011,57272844071.9893
Algeria,DZA,2010,50674049706.3808
Algeria,DZA,2009,47648700297.2177
Algeria,DZA,2008,45783784537.0594
Algeria,DZA,2007,32522138069.9759
Algeria,DZA,2006,24802903072.5546
Algeria,DZA,2005,24052494566.1837
Algeria,DZA,2004,21108011867.7891
Algeria,DZA,2003,16239633128.6366
Algeria,DZA,2002,14427027969.9656
Algeria,DZA,2001,12125335043.2942
Algeria,DZA,2000,11390170995.9549
Algeria,DZA,1999,11079856775.6496
Algeria,DZA,1998,10850007516.3063
Algeria,DZA,1997,10279946207.8455
Algeria,DZA,1996,11240014124.1109
Algeria,DZA,1995,12110069749.0515
Algeria,DZA,1994,11084076997.4735
Algeria,DZA,1993,11556877007.9699
Algeria,DZA,1992,11458103093.1612
Algeria,DZA,1991,10788791993.6664
Algeria,DZA,1990,15473054068.1627
Algeria,DZA,1989,15863715870.9968
Algeria,DZA,1988,13356401460.9536
Algeria,DZA,1987,12289313328.4204
Algeria,DZA,1986,14758682283.6487
Algeria,DZA,1985,15493853613.9067
Algeria,DZA,1984,14749040620.0617
Algeria,DZA,1983,12591881327.2636
Algeria,DZA,1982,13109208304.0082
Algeria,DZA,1981,13693843725.2074
Algeria,DZA,1980,12847073134.5034
Algeria,DZA,1979,10925793281.3895
Algeria,DZA,1978,10590281903.225
Algeria,DZA,1977,8753826796.74097
Algeria,DZA,1976,6580487772.66095
Algeria,DZA,1975,6684546139.57332
Algeria,DZA,1974,4688153800.15547
Algeria,DZA,1973,2750792038.85431
Algeria,DZA,1972,1740871306.0887
Algeria,DZA,1971,1404540635.80504
Algeria,DZA,1970,1417847868.97465
Algeria,DZA,1969,1195043264.61497
Algeria,DZA,1968,931728599.611915
Algeria,DZA,1967,729178904.044107
Algeria,DZA,1966,749433873.600888
Algeria,DZA,1965,810198782.27123
Algeria,DZA,1964,856495849.756738
Algeria,DZA,1963,995387052.213261
Algeria,DZA,1962,416673668.134477
Algeria,DZA,1961,1643546078.03024
Algeria,DZA,1960,1828734327.71731
American Samoa,ASM,2022,677000000.0
American Samoa,ASM,2021,694000000.0
American Samoa,ASM,2020,686000000.0
American Samoa,ASM,2019,614000000.0
American Samoa,ASM,2018,662000000.0
American Samoa,ASM,2017,626000000.0
American Samoa,ASM,2016,639000000.0
American Samoa,ASM,2015,665000000.0
American Samoa,ASM,2014,695000000.0
American Samoa,ASM,2013,651000000.0
American Samoa,ASM,2012,646000000.0
American Samoa,ASM,2011,563000000.0
American Samoa,ASM,2010,541000000.0
American Samoa,ASM,2009,559000000.0
American Samoa,ASM,2008,758000000.0
American Samoa,ASM,2007,625000000.0
American Samoa,ASM,2006,638000000.0
American Samoa,ASM,2005,618000000.0
American Samoa,ASM,2004,570000000.0
American Samoa,ASM,2003,574000000.0
American Samoa,ASM,2002,562000000.0
Angola,AGO,2024,19552084464.7389
Angola,AGO,2023,22191419586.4585
Angola,AGO,2022,26319489922.7596
Angola,AGO,2021,17564145355.4728
Angola,AGO,2020,13399763093.7117
Angola,AGO,2019,19016585500.3641
Angola,AGO,2018,20293074053.6799
Angola,AGO,2017,17050137820.7826
Angola,AGO,2016,13386621550.1688
Angola,AGO,2015,29563627046.5921
Angola,AGO,2014,49972198759.2479
Angola,AGO,2013,47805328237.3313
Angola,AGO,2012,45817586149.3213
Angola,AGO,2011,43838125871.1654
Angola,AGO,2010,35449385343.2345
Angola,AGO,2009,41966880322.9838
Angola,AGO,2008,43121902047.3651
Angola,AGO,2007,26304660776.1183
Angola,AGO,2006,16288863668.0498
Angola,AGO,2005,15158700248.3754
Angola,AGO,2004,10621507095.2115
Angola,AGO,2003,8770763873.27372
Angola,AGO,2002,7110406405.08521
Antigua and Barbuda,ATG,2022,1175559259.25926
Antigua and Barbuda,ATG,2021,866970370.37037
Antigua and Barbuda,ATG,2020,739748148.148148
Antigua and Barbuda,ATG,2019,1180425925.92593
Antigua and Barbuda,ATG,2018,1132907407.40741
Antigua and Barbuda,ATG,2017,970770370.37037
Antigua and Barbuda,ATG,2016,923581481.481481
Antigua and Barbuda,ATG,2015,853392592.592592
Antigua and Barbuda,ATG,2014,924222222.222222
Argentina,ARG,2024,80944817978.281
Argentina,ARG,2023,89980573297.99
Argentina,ARG,2022,96991607940.8038
Argentina,ARG,2021,73042905138.0607
Argentina,ARG,2020,52454091268.1886
Argentina,ARG,2019,65845624691.108
Argentina,ARG,2018,85681309473.2328
Argentina,ARG,2017,89910495566.9384
Argentina,ARG,2016,75639254067.6608
Argentina,ARG,2015,70064879911.7042
Argentina,ARG,2014,73691675720.0984
Argentina,ARG,2013,81240190816.9153
Argentina,ARG,2012,78013690406.706
Argentina,ARG,2011,88838309449.3132
Argentina,ARG,2010,67937933972.3653
Argentina,ARG,2009,48268743529.5373
Argentina,ARG,2008,66316154417.0834
Argentina,ARG,2007,52567536062.3157
Argentina,ARG,2006,40480743015.8524
Argentina,ARG,2005,34392237786.5721
Argentina,ARG,2004,27736672323.6712
Argentina,ARG,2003,18772898618.6064
Argentina,ARG,2002,13065823829.1753
Argentina,ARG,2001,27603881800.0
Argentina,ARG,2000,33070146000.0
Argentina,ARG,1999,32762700000.0
Argentina,ARG,1998,38667300000.0
Argentina,ARG,1997,37413700000.0
Argentina,ARG,1996,30148400000.0
Argentina,ARG,1995,26038017000.0
Argentina,ARG,1994,27299960000.0
Argentina,ARG,1993,22049649649.6497
Argentina,ARG,1992,18606116033.8447
Argentina,ARG,1991,11531201153.6445
Argentina,ARG,1990,6546497152.31476
Argentina,ARG,1989,5041767786.39482
Argentina,ARG,1988,7882225528.11663
Argentina,ARG,1987,8243255952.41335
Argentina,ARG,1986,6695427336.30366
Argentina,ARG,1985,5529993735.55397
Argentina,ARG,1984,5561048222.66032
Argentina,ARG,1983,6068376037.18012
Argentina,ARG,1982,5497685333.13496
Argentina,ARG,1981,5800000170.81341
Argentina,ARG,1980,4989980079.95196
Argentina,ARG,1979,4383512570.52097
Argentina,ARG,1978,5089538171.53895
Argentina,ARG,1977,4159999872.68227
Argentina,ARG,1976,3030000057.09425
Argentina,ARG,1975,3135135020.645
Argentina,ARG,1974,4555555489.85516
Argentina,ARG,1973,3000000101.96424
Argentina,ARG,1972,2374999979.49003
Argentina,ARG,1971,2199999958.62685
Argentina,ARG,1970,1495789482.224
Argentina,ARG,1969,2000000041.3448
Argentina,ARG,1968,1428571474.83812
Argentina,ARG,1967,1212121237.48041
Argentina,ARG,1966,1428571371.44429
Argentina,ARG,1965,1176470539.39431
Argentina,ARG,1964,1424602863.7313
Argentina,ARG,1963,1441753153.10994
Argentina,ARG,1962,1720750786.53268
Argentina,ARG,1961,1206915602.41147
Argentina,ARG,1960,1206418120.40417
Armenia,ARM,2024,19840049652.433
Armenia,ARM,2023,15094573226.6612
Armenia,ARM,2022,10207068193.8164
Armenia,ARM,2021,6048430236.02041
Armenia,ARM,2020,5062331396.33162
Armenia,ARM,2019,7570200592.04305
Armenia,ARM,2018,6612701455.26012
Armenia,ARM,2017,5646879065.80608
Armenia,ARM,2016,4464568367.68073
Armenia,ARM,2015,4427830382.31678
Armenia,ARM,2014,5481836306.66345
Armenia,ARM,2013,5471934333.89364
Armenia,ARM,2012,5139736819.01236
Armenia,ARM,2011,4757906586.64803
Armenia,ARM,2010,4157364605.55245
Armenia,ARM,2009,3684309605.1493
Armenia,ARM,2008,4697073302.10145
Armenia,ARM,2007,3570727480.48145
Armenia,ARM,2006,2482540336.16978
Armenia,ARM,2005,2098701566.40541
Armenia,ARM,2004,1605180991.65807
Armenia,ARM,2003,1391414378.76877
Armenia,ARM,2002,1096735501.87495
Armenia,ARM,2001,968529888.660685
Armenia,ARM,2000,957156466.972861
Armenia,ARM,1999,919091316.86166
Armenia,ARM,1998,1000634291.3776
Armenia,ARM,1997,955405625.76437
Armenia,ARM,1996,894135832.286736
Armenia,ARM,1995,913101627.206
Armenia,ARM,1994,961398392.548806
Armenia,ARM,1993,729847643.457212
Armenia,ARM,1992,779688141.15716
Armenia,ARM,1991,1244415584.41558
Armenia,ARM,1990,1045666606.85448
Aruba,ABW,2024,3257796508.27775
Aruba,ABW,2023,2938113155.41201
Aruba,ABW,2022,2653499093.04325
Aruba,ABW,2021,2085712922.34427
Aruba,ABW,2020,1708907140.29777
Aruba,ABW,2019,2384139106.14525
Aruba,ABW,2018,2306963885.12904
Aruba,ABW,2017,2136239440.44522
Aruba,ABW,2016,2026504541.77338
Aruba,ABW,2015,2079109510.00342
Aruba,ABW,2014,2261604969.33586
Aruba,ABW,2013,2241077259.68029
Aruba,ABW,2012,2184788268.15642
Aruba,ABW,2011,2233917877.09497
Aruba,ABW,2010,1846245251.39665
Aruba,ABW,2009,1906100558.65922
Aruba,ABW,2008,2091921787.7095
Aruba,ABW,2007,2005849162.01117
Aruba,ABW,2006,1888111173.18436
Aruba,ABW,2005,1816622905.02793
Aruba,ABW,2004,1527994413.40782
Aruba,ABW,2003,1432167597.76536
Aruba,ABW,2002,1347128491.62011
Aruba,ABW,2001,1316033519.55307
Aruba,ABW,2000,1324284916.20112
Aruba,ABW,1999,1458100558.65922
Aruba,ABW,1998,1392737430.1676
Aruba,ABW,1997,1321229050.27933
Aruba,ABW,1996,1224022346.36872
Aruba,ABW,1995,1141899441.34078
Australia,AUS,2024,395749225409.455
Australia,AUS,2023,387533147572.319
Australia,AUS,2022,343078219088.328
Australia,AUS,2021,284038962017.929
Australia,AUS,2020,274154332727.111
Australia,AUS,2019,306786753625.531
Australia,AUS,2018,311861687284.904
Australia,AUS,2017,277671313150.053
Australia,AUS,2016,261827324555.529
Australia,AUS,2015,291850364122.4
Australia,AUS,2014,314156216978.941
Australia,AUS,2013,335869075673.186
Australia,AUS,2012,335367853143.349
Australia,AUS,2011,285510760029.696
Australia,AUS,2010,238100480913.207
Australia,AUS,2009,211106497147.687
Australia,AUS,2008,239715332950.148
Australia,AUS,2007,186601240480.49
Australia,AUS,2006,162450827269.882
Australia,AUS,2005,145652868456.563
Australia,AUS,2004,121992459809.361
Australia,AUS,2003,98900407687.8276
Australia,AUS,2002,82017039226.4277
Australia,AUS,2001,83770437082.2828
Australia,AUS,2000,89663284607.9064
Australia,AUS,1999,80794585787.6927
Australia,AUS,1998,81674014786.6784
Australia,AUS,1997,82133225648.4181
Australia,AUS,1996,77631200583.3076
Australia,AUS,1995,73019750519.7505
Australia,AUS,1994,59676236596.3335
Australia,AUS,1993,55746908375.4919
Australia,AUS,1992,53341618613.5794
Australia,AUS,1991,52680239945.8136
Australia,AUS,1990,53060646565.2902
Australia,AUS,1989,50821263276.5197
Australia,AUS,1988,39231436371.1503
Australia,AUS,1987,32314716781.3658
Australia,AUS,1986,32912702853.9452
Australia,AUS,1985,31190673250.0263
Australia,AUS,1984,28996243474.9849
Australia,AUS,1983,27657830161.6626
Australia,AUS,1982,32610614586.7814
Australia,AUS,1981,29570416811.7961
Australia,AUS,1980,23827298050.1393
Australia,AUS,1979,20687265704.8733
Australia,AUS,1978,17265414581.9893
Australia,AUS,1977,16144757972.0119
Australia,AUS,1976,14038081936.92
Australia,AUS,1975,14315171377.8506
Australia,AUS,1974,11737656595.4311
Australia,AUS,1973,7022421524.66368
Australia,AUS,1972,6220794392.52337
Australia,AUS,1971,5839680934.34895
Australia,AUS,1970,5455520872.88334
Australia,AUS,1969,4883200781.31213
Australia,AUS,1968,4730880756.94092
Australia,AUS,1967,4222400675.58411
Australia,AUS,1966,4124960659.99371
Australia,AUS,1965,3959200633.4721
Australia,AUS,1964,3270400523.26408
Australia,AUS,1963,2974720475.95528
Australia,AUS,1962,2512160401.94566
Australia,AUS,1961,2952320472.37128
Australia,AUS,1960,2611840417.89447
Austria,AUT,2024,284227859383.716
Austria,AUT,2023,292777313124.176
Austria,AUT,2022,294117763031.398
Austria,AUT,2021,264636005985.36
Austria,AUT,2020,209749421171.3
Austria,AUT,2019,231731288458.933
Austria,AUT,2018,238401029982.974
Austria,AUT,2017,212566814420.159
Austria,AUT,2016,192552851879.041
Austria,AUT,2015,188716276454.947
Austria,AUT,2014,222087325386.816
Austria,AUT,2013,217963667008.11
Austria,AUT,2012,209538729662.453
Austria,AUT,2011,220838859461.654
Austria,AUT,2010,187354745672.784
Austria,AUT,2009,168155373268.152
Austria,AUT,2008,210948589023.367
Austria,AUT,2007,187479966356.112
Austria,AUT,2006,158881044290.089
Austria,AUT,2005,143550311539.15
Austria,AUT,2004,132415630675.268
Austria,AUT,2003,109674880759.846
Austria,AUT,2002,89249970295.3794
Austria,AUT,2001,84769003459.8044
Austria,AUT,2000,82889700573.0198
Austria,AUT,1999,84520551775.0129
Austria,AUT,1998,84196219430.8582
Austria,AUT,1997,80519035967.9783
Austria,AUT,1996,85017444762.1523
Austria,AUT,1995,83696839088.3035
Austria,AUT,1994,68853045416.2149
Austria,AUT,1993,60542949248.7874
Austria,AUT,1992,67252992737.2903
Austria,AUT,1991,61623800824.9853
Austria,AUT,1990,59578839404.5746
Austria,AUT,1989,47283386375.455
Austria,AUT,1988,44657532597.7934
Austria,AUT,1987,39047896168.916
Austria,AUT,1986,31708294727.3547
Austria,AUT,1985,24397668262.8359
Austria,AUT,1984,22995356577.952
Austria,AUT,1983,23074389459.1696
Austria,AUT,1982,23075815923.2072
Austria,AUT,1981,25143197684.4652
Austria,AUT,1980,28828885343.5439
Austria,AUT,1979,23982630983.016
Austria,AUT,1978,18958762437.2216
Austria,AUT,1977,16661466156.0236
Austria,AUT,1976,13387942778.2465
Austria,AUT,1975,11418676621.6323
Austria,AUT,1974,10716325824.4994
Austria,AUT,1973,8127808700.54115
Austria,AUT,1972,6036690874.45681
Austria,AUT,1971,4883423835.22414
Austria,AUT,1970,4222755226.25033
Azerbaijan,AZE,2024,27338823529.4118
Azerbaijan,AZE,2023,25016411764.7059
Azerbaijan,AZE,2022,21274411764.7059
Azerbaijan,AZE,2021,16336941176.4706
Azerbaijan,AZE,2020,15537823529.4118
Azerbaijan,AZE,2019,17712470588.2353
Azerbaijan,AZE,2018,17704999420.594
Azerbaijan,AZE,2017,17104502499.7749
Azerbaijan,AZE,2016,16528818929.6131
Azerbaijan,AZE,2015,18474102154.6726
Azerbaijan,AZE,2014,19720098374.8264
Azerbaijan,AZE,2013,19474571755.9694
Azerbaijan,AZE,2012,17620935664.3268
Azerbaijan,AZE,2011,15882135431.0447
Azerbaijan,AZE,2010,10942312484.4256
Azerbaijan,AZE,2009,10235225178.9351
Azerbaijan,AZE,2008,11463815389.1093
Azerbaijan,AZE,2007,9423346742.42883
Azerbaijan,AZE,2006,8132229739.93922
Azerbaijan,AZE,2005,7006931303.62029
Azerbaijan,AZE,2004,6312226772.06379
Azerbaijan,AZE,2003,4769352010.80084
Azerbaijan,AZE,2002,3121181199.87986
Azerbaijan,AZE,2001,2129887030.9465
Azerbaijan,AZE,2000,2023510584.68024
Azerbaijan,AZE,1999,1917520293.48339
Azerbaijan,AZE,1998,2424528301.88679
Azerbaijan,AZE,1997,2101809741.86871
Azerbaijan,AZE,1996,1776337891.29477
Azerbaijan,AZE,1995,1291025694.76464
Azerbaijan,AZE,1994,365437755.735643
Azerbaijan,AZE,1993,1193938484.62116
Azerbaijan,AZE,1992,242767527.675277
Azerbaijan,AZE,1991,2202000000.0
Azerbaijan,AZE,1990,3484848484.84848
"Bahamas, The",BHS,2024,6564100000.0
"Bahamas, The",BHS,2023,5915800000.0
"Bahamas, The",BHS,2022,5395300000.0
"Bahamas, The",BHS,2021,4569400000.0
"Bahamas, The",BHS,2020,3124200000.0
"Bahamas, The",BHS,2019,4488400000.0
"Bahamas, The",BHS,2018,4730600000.0
"Bahamas, The",BHS,2017,4556600000.0
"Bahamas, The",BHS,2016,4082400000.0
"Bahamas, The",BHS,2015,4006600000.0
"Bahamas, The",BHS,2014,4809200000.0
"Bahamas, The",BHS,2013,4681600000.0
"Bahamas, The",BHS,2012,4944700000.0
"Bahamas, The",BHS,2011,5125700000.0
"Bahamas, The",BHS,2010,4414100000.0
"Bahamas, The",BHS,2009,4225400000.0
"Bahamas, The",BHS,2008,5045700000.0
"Bahamas, The",BHS,2007,5088400000.0
"Bahamas, The",BHS,2006,5006500000.0
"Bahamas, The",BHS,2005,4193800000.0
"Bahamas, The",BHS,2004,3421700000.0
"Bahamas, The",BHS,2003,3127000000.0
"Bahamas, The",BHS,2002,3028700000.0
"Bahamas, The",BHS,2001,3196400000.0
"Bahamas, The",BHS,2000,3359600000.0
"Bahamas, The",BHS,1999,3015600000.0
"Bahamas, The",BHS,1998,2943000000.0
"Bahamas, The",BHS,1997,2713700000.0
"Bahamas, The",BHS,1996,2086690000.0
"Bahamas, The",BHS,1995,1883080000.0
"Bahamas, The",BHS,1994,1739670000.0
"Bahamas, The",BHS,1993,1589080000.0
"Bahamas, The",BHS,1992,1592260000.0
"Bahamas, The",BHS,1991,1716350000.0
"Bahamas, The",BHS,1990,1771670000.0
"Bahamas, The",BHS,1989,1750510000.0
"Bahamas, The",BHS,1987,1514500000.0
"Bahamas, The",BHS,1986,1431700000.0
"Bahamas, The",BHS,1985,1375500000.0
"Bahamas, The",BHS,1984,1190100000.0
"Bahamas, The",BHS,1983,1005300000.0
"Bahamas, The",BHS,1982,939900000.0
"Bahamas, The",BHS,1981,889700000.0
"Bahamas, The",BHS,1980,839600000.0
"Bahamas, The",BHS,1979,686200000.0
"Bahamas, The",BHS,1978,562000000.0
"Bahamas, The",BHS,1977,471600000.0
Bahrain,BHR,2024,33044414893.617
Bahrain,BHR,2023,32379255319.1489
Bahrain,BHR,2022,33068882978.7234
Bahrain,BHR,2021,27577393617.0213
Bahrain,BHR,2020,23296808510.6383
Bahrain,BHR,2019,25207712765.9574
Bahrain,BHR,2018,27048670212.766
Bahrain,BHR,2017,23876329787.234
Bahrain,BHR,2016,21088031914.8936
Bahrain,BHR,2015,22301861702.1277
Bahrain,BHR,2014,26548936170.2128
Bahrain,BHR,2013,28331382978.7234
Bahrain,BHR,2012,25749202127.6596
Bahrain,BHR,2011,21506648936.1702
Bahrain,BHR,2010,13097074468.0851
Bahrain,BHR,2009,11353989361.7021
Bahrain,BHR,2008,16276329787.234
Bahrain,BHR,2007,12626329787.234
Bahrain,BHR,2006,11559042553.1915
Bahrain,BHR,2005,10286968085.1064
Bahrain,BHR,2004,8170478723.40425
Bahrain,BHR,2003,6205053191.48936
Bahrain,BHR,2002,5624202127.65957
Bahrain,BHR,2001,4794680851.06383
Bahrain,BHR,2000,5132180851.06383
Bahrain,BHR,1999,4168882978.7234
Bahrain,BHR,1998,3950532180.85106
Bahrain,BHR,1997,4413031914.89362
Bahrain,BHR,1996,4649734042.55319
Bahrain,BHR,1995,4122340425.53191
Bahrain,BHR,1994,4119148936.17021
Bahrain,BHR,1993,4198138297.87234
Bahrain,BHR,1992,4596276329.78723
Bahrain,BHR,1991,4414893617.02128
Bahrain,BHR,1990,4001596010.6383
Bahrain,BHR,1989,3385638031.91489
Bahrain,BHR,1988,2869148936.17021
Bahrain,BHR,1987,2964627659.57447
Bahrain,BHR,1986,2588829787.23404
Bahrain,BHR,1985,3280851063.82979
Bahrain,BHR,1984,3665159574.46809
Bahrain,BHR,1983,3471808776.59574
Bahrain,BHR,1982,3892819148.93617
Bahrain,BHR,1981,4161702127.65957
Bahrain,BHR,1980,3540992040.329
Bangladesh,BGD,2024,73445483483.8237
Bangladesh,BGD,2023,77972815573.2438
Bangladesh,BGD,2022,96157127887.3964
Bangladesh,BGD,2021,71021045805.0068
Bangladesh,BGD,2020,59195931838.1946
Bangladesh,BGD,2019,64919190426.113
Bangladesh,BGD,2018,63757868050.7515
Bangladesh,BGD,2017,50463186692.0898
Bangladesh,BGD,2016,46183400773.3724
Bangladesh,BGD,2015,48297463643.7965
Bangladesh,BGD,2014,44128305231.1645
Bangladesh,BGD,2013,40137513944.1348
Bangladesh,BGD,2012,37259465952.266
Bangladesh,BGD,2011,35365482039.6129
Bangladesh,BGD,2010,25105548606.6769
Bangladesh,BGD,2009,23725728359.9447
Bangladesh,BGD,2008,22874478188.5382
Bangladesh,BGD,2007,18268522231.9984
Bangladesh,BGD,2006,15621647159.4109
Bangladesh,BGD,2005,13898043877.3656
Bangladesh,BGD,2004,10229675556.3105
Bangladesh,BGD,2003,9761830742.65976
Bangladesh,BGD,2002,9060891520.11144
Bangladesh,BGD,2001,10102557449.9629
Bangladesh,BGD,2000,9060862651.56033
Bangladesh,BGD,1999,8525935940.09983
Bangladesh,BGD,1998,8058876651.98238
Bangladesh,BGD,1997,7625081967.21311
Bangladesh,BGD,1996,7601784841.0758
Bangladesh,BGD,1995,6580597014.92537
Bangladesh,BGD,1994,4681795511.22194
Bangladesh,BGD,1993,4677910052.91005
Bangladesh,BGD,1992,3915198938.99204
Bangladesh,BGD,1991,3785238095.23809
Bangladesh,BGD,1990,4126169961.93496
Bangladesh,BGD,1989,3679751008.08418
Bangladesh,BGD,1988,3255865280.26073
Bangladesh,BGD,1987,2842322580.64516
Bangladesh,BGD,1986,2577133333.33333
Bangladesh,BGD,1985,2860038461.53846
Bangladesh,BGD,1984,2538320000.0
Bangladesh,BGD,1983,2590824915.82492
Bangladesh,BGD,1982,2877295409.18164
Bangladesh,BGD,1981,2858506731.94614
Bangladesh,BGD,1980,3243617764.85788
Bangladesh,BGD,1979,2459010308.8042
Bangladesh,BGD,1978,2056130687.83069
Bangladesh,BGD,1977,1194951861.66774
Bangladesh,BGD,1976,1784273649.83165
Bangladesh,BGD,1975,1575422622.80306
Bangladesh,BGD,1974,1294857682.65127
Bangladesh,BGD,1973,958701323.737309
Bangladesh,BGD,1972,863537083.333333
Bangladesh,BGD,1971,938861375.0
Bangladesh,BGD,1970,1124763291.66667
Bangladesh,BGD,1969,988170750.0
Bangladesh,BGD,1968,868581375.0
Bangladesh,BGD,1967,913639937.5
Bangladesh,BGD,1966,814737854.166667
Bangladesh,BGD,1965,789516354.166667
Bangladesh,BGD,1964,760610875.0
Bangladesh,BGD,1963,620050875.0
Bangladesh,BGD,1962,549204104.166667
Bangladesh,BGD,1961,563656854.166667
Bangladesh,BGD,1960,397875437.5
Belarus,BLR,2024,50783533444.7254
Belarus,BLR,2023,47515586812.3098
Belarus,BLR,2022,42031948516.812
Belarus,BLR,2021,45415029493.732
Belarus,BLR,2020,35547749095.6417
Belarus,BLR,2019,42353437235.1243
Belarus,BLR,2018,41384603908.1119
Belarus,BLR,2017,36435165203.6751
Belarus,BLR,2016,29922651356.1018
Belarus,BLR,2015,32689603597.6413
Belarus,BLR,2014,43907092066.7834
Belarus,BLR,2013,46436146192.8705
Belarus,BLR,2012,48810109273.2311
Belarus,BLR,2011,49106586821.5325
Belarus,BLR,2010,36940382943.1494
Belarus,BLR,2009,30401389162.3852
Belarus,BLR,2008,41713443175.4353
Belarus,BLR,2007,30430179676.4333
Belarus,BLR,2006,23742026336.4047
Belarus,BLR,2005,17850098894.058
Belarus,BLR,2004,17182653939.8035
Belarus,BLR,2003,12296967244.6826
Belarus,BLR,2002,9833247716.25757
Belarus,BLR,2001,8685107913.66906
Belarus,BLR,2000,9221273498.82313
Belarus,BLR,1999,7481164884.97563
Belarus,BLR,1998,9727865938.25876
Belarus,BLR,1997,9276190109.38222
Belarus,BLR,1996,7311859546.18376
Belarus,BLR,1995,7552658680.41281
Belarus,BLR,1994,12558249213.0639
Belarus,BLR,1993,13565315092.0326
Belarus,BLR,1992,9758792119.31504
Belarus,BLR,1991,6134969325.15337
Belarus,BLR,1990,7590361445.78313
Belgium,BEL,2024,534804947275.703
Belgium,BEL,2023,541280155476.676
Belgium,BEL,2022,571920929941.442
Belgium,BEL,2021,525242552932.162
Belgium,BEL,2020,411854672039.534
Belgium,BEL,2019,442788775443.921
Belgium,BEL,2018,460128692309.647
Belgium,BEL,2017,418056820188.001
Belgium,BEL,2016,376759269084.981
Belgium,BEL,2015,355884802917.226
Belgium,BEL,2014,425952025321.449
Belgium,BEL,2013,412266300213.295
Belgium,BEL,2012,400397837167.617
Belgium,BEL,2011,424362474851.168
Belgium,BEL,2010,357961529746.667
Belgium,BEL,2009,322739959901.836
Belgium,BEL,2008,414937621998.828
Belgium,BEL,2007,349267150580.942
Belgium,BEL,2006,297060116700.705
Belgium,BEL,2005,270950047193.152
Belgium,BEL,2004,243726488208.109
Belgium,BEL,2003,202551914317.803
Belgium,BEL,2002,168605250992.157
Belgium,BEL,2001,160904233210.669
Belgium,BEL,2000,165003474243.608
Belgium,BEL,1999,156514813408.186
Belgium,BEL,1998,156499555456.768
Belgium,BEL,1997,153905164636.897
Belgium,BEL,1996,161993745928.339
Belgium,BEL,1995,162055281882.868
Belgium,BEL,1994,134214479141.548
Belgium,BEL,1993,118889056669.776
Belgium,BEL,1992,132088996235.885
Belgium,BEL,1991,122855235676.314
Belgium,BEL,1990,122899593191.695
Belgium,BEL,1989,100782764127.764
Belgium,BEL,1988,92534612177.729
Belgium,BEL,1987,80749672609.4003
Belgium,BEL,1986,66063110890.3739
Belgium,BEL,1985,52988261430.8037
Belgium,BEL,1984,53192322675.2304
Belgium,BEL,1983,52310487573.9645
Belgium,BEL,1982,55093659720.9959
Belgium,BEL,1981,58814105823.555
Belgium,BEL,1980,67141114636.5016
Belgium,BEL,1979,60077552283.9846
Belgium,BEL,1978,47131229665.6846
Belgium,BEL,1977,39904208216.0945
Belgium,BEL,1976,34320538140.0209
Belgium,BEL,1975,29954319403.3125
Belgium,BEL,1974,29348848384.4242
Belgium,BEL,1973,22015693438.2116
Belgium,BEL,1972,15284572449.8213
Belgium,BEL,1971,12470410328.098
Belgium,BEL,1970,11422513916.902
Belize,BLZ,2024,1721921750.0
Belize,BLZ,2023,1571040800.0
Belize,BLZ,2022,1573075200.0
Belize,BLZ,2021,1248326800.0
Belize,BLZ,2020,900924400.0
Belize,BLZ,2019,1200664850.0
Belize,BLZ,2018,1125906300.0
Belize,BLZ,2017,1085374500.0
Belize,BLZ,2016,1101719200.0
Belize,BLZ,2015,1151466850.0
Belize,BLZ,2014,1103766000.0
Belize,BLZ,2013,1071503100.0
Belize,BLZ,2012,993819400.0
Belize,BLZ,2011,919321650.0
Belize,BLZ,2010,773629000.0
Belize,BLZ,2009,745030750.0
Belize,BLZ,2008,897427350.0
Belize,BLZ,2007,774193100.0
Belize,BLZ,2006,748768800.0
Belize,BLZ,2005,696869050.0
Belize,BLZ,2004,617492500.0
Belize,BLZ,2003,651445950.0
Belize,BLZ,2002,615211850.0
Belize,BLZ,2001,600977650.0
Belize,BLZ,2000,611537800.0
Belize,BLZ,1999,492338700.0
Belize,BLZ,1998,391283650.0
Belize,BLZ,1997,363622750.0
Belize,BLZ,1996,321621300.0
Belize,BLZ,1995,303824250.0
Belize,BLZ,1994,303861450.0
Belize,BLZ,1993,280285400.0
Belize,BLZ,1992,273588250.0
Belize,BLZ,1991,257770650.0
Belize,BLZ,1990,210784513.103914
Belize,BLZ,1989,212186146.5
Belize,BLZ,1988,182372058.0
Belize,BLZ,1987,147241619.5
Belize,BLZ,1986,112664081.5
Belize,BLZ,1985,109048964.0
Belize,BLZ,1984,125848628.5
Belize,BLZ,1983,104498168.5
Belize,BLZ,1982,107602916.5
Belize,BLZ,1981,123637027.0
Belize,BLZ,1980,113599759.0
Benin,BEN,2024,4683140133.79221
Benin,BEN,2023,4851357175.5354
Benin,BEN,2022,4106516764.69897
Benin,BEN,2021,4799723188.71051
Benin,BEN,2020,3915530456.1048
Benin,BEN,2019,4900485060.17756
Benin,BEN,2018,4923520743.9202
Benin,BEN,2017,4352984748.39051
Benin,BEN,2016,3709467045.80246
Benin,BEN,2015,3648295538.29295
Benin,BEN,2014,4495143318.07489
Benin,BEN,2013,3959347660.28492
Benin,BEN,2012,2990340508.51407
Benin,BEN,2011,2819548390.78937
Benin,BEN,2010,2704110555.34836
Benin,BEN,2009,2412711824.80475
Benin,BEN,2008,2509050412.39671
Benin,BEN,2007,2211437454.14108
Benin,BEN,2006,1527581986.81391
Benin,BEN,2005,1353744164.69901
Benin,BEN,2004,1324063349.9387
Benin,BEN,2003,1228828001.90253
Benin,BEN,2002,1008395973.11008
Benin,BEN,2001,1040788979.38309
Benin,BEN,2000,941345994.062243
Benin,BEN,1999,1154049285.56866
Benin,BEN,1998,797921958.790615
Benin,BEN,1997,715320152.690829
Benin,BEN,1996,708783072.147658
Benin,BEN,1995,790421147.797028
Benin,BEN,1994,576481296.548688
Benin,BEN,1993,748725748.468338
Benin,BEN,1992,567957714.399145
Benin,BEN,1991,602729540.381445
Benin,BEN,1990,520152830.045727
Benin,BEN,1989,372643204.18197
Benin,BEN,1988,519824990.123577
Benin,BEN,1987,483576069.85602
Benin,BEN,1986,435776312.667196
Benin,BEN,1985,383239093.31471
Benin,BEN,1984,325136016.576985
Benin,BEN,1983,345886016.984206
Benin,BEN,1982,508205555.358072
Benin,BEN,1981,567561866.310706
Benin,BEN,1980,524469593.851615
Benin,BEN,1979,439163941.3994
Benin,BEN,1978,320872361.568629
Benin,BEN,1977,260873185.254424
Benin,BEN,1976,216705687.162128
Benin,BEN,1975,226162498.384372
Benin,BEN,1974,163593500.812373
Benin,BEN,1973,130886433.37169
Benin,BEN,1972,109969550.679458
Benin,BEN,1971,93259582.7959829
Benin,BEN,1970,81609754.6678712
Benin,BEN,1969,70874406.5167359
Benin,BEN,1968,62251310.3584956
Benin,BEN,1967,60547019.9467288
Benin,BEN,1966,49061961.8359099
Benin,BEN,1965,43212948.8252093
Benin,BEN,1964,33034386.5030094
Benin,BEN,1963,29521377.126378
Benin,BEN,1962,23547276.9251727
Benin,BEN,1961,22470097.8881596
Benin,BEN,1960,27392931.4762288
Bermuda,BMU,2024,2137200000.0
Bermuda,BMU,2023,2004079000.0
Bermuda,BMU,2022,1960593000.0
Bermuda,BMU,2021,1713745000.0
Bermuda,BMU,2020,1519287000.0
Bermuda,BMU,2019,1916492000.0
Bermuda,BMU,2018,1884254000.0
Bermuda,BMU,2017,1703748000.0
Bermuda,BMU,2016,1615949000.0
Bermuda,BMU,2015,1552149000.0
Bermuda,BMU,2014,1626299000.0
Bermuda,BMU,2013,1594256000.0
Bermuda,BMU,2012,1484189000.0
Bermuda,BMU,2011,1498077000.0
Bermuda,BMU,2010,1579023000.0
Bhutan,BTN,2023,1607335845.17133
Bhutan,BTN,2022,1741034283.90625
Bhutan,BTN,2021,1339649527.64626
Bhutan,BTN,2020,1075563545.46579
Bhutan,BTN,2019,1221920791.32363
Bhutan,BTN,2018,1305876236.76026
Bhutan,BTN,2017,1252714124.56294
Bhutan,BTN,2016,1161352084.1848
Bhutan,BTN,2015,1271188135.77964
Bhutan,BTN,2014,1122774035.19877
Bhutan,BTN,2013,1119922659.27186
Bhutan,BTN,2012,1149634566.59517
Bhutan,BTN,2011,1283000013.69174
Bhutan,BTN,2010,1121429421.52673
Bhutan,BTN,2009,786732567.75962
Bhutan,BTN,2008,729315401.339652
Bhutan,BTN,2007,685296380.406047
Bhutan,BTN,2006,531264390.709711
Bhutan,BTN,2005,527755401.221883
Bhutan,BTN,2004,436861064.213148
Bhutan,BTN,2003,316143447.507909
Bhutan,BTN,2002,264923174.028132
Bhutan,BTN,2001,227480732.059868
Bhutan,BTN,2000,212052951.824929
Bhutan,BTN,1999,212478668.194867
Bhutan,BTN,1998,186284980.391724
Bhutan,BTN,1997,168752836.08319
Bhutan,BTN,1996,144491152.401169
Bhutan,BTN,1995,129201901.238277
Bhutan,BTN,1994,106753603.060802
Bhutan,BTN,1993,103714446.442844
Bhutan,BTN,1992,140214073.702905
Bhutan,BTN,1991,102157055.931527
Bhutan,BTN,1990,95695146.6849487
Bhutan,BTN,1989,104800468.398509
Bhutan,BTN,1988,139448762.359181
Bhutan,BTN,1987,96429425.6066042
Bhutan,BTN,1986,105556865.276069
Bhutan,BTN,1985,88076806.4679131
Bhutan,BTN,1984,76372599.4344772
Bhutan,BTN,1983,75800349.7015219
Bhutan,BTN,1982,71072513.8475063
Bhutan,BTN,1981,70336476.5561055
Bhutan,BTN,1980,51125882.223518
Bolivia,BOL,2024,14018232749.6382
Bolivia,BOL,2023,14239423386.3965
Bolivia,BOL,2022,15150615137.4819
Bolivia,BOL,2021,11545547250.3618
Bolivia,BOL,2020,8735545774.24023
Bolivia,BOL,2019,12643630390.7381
Bolivia,BOL,2018,12864160303.9074
Bolivia,BOL,2017,11958240289.4356
Bolivia,BOL,2016,10831641432.7062
Bolivia,BOL,2015,12231374703.3285
Bolivia,BOL,2014,13848955976.8452
Bolivia,BOL,2013,11386396497.8292
Bolivia,BOL,2012,10233217742.4023
Bolivia,BOL,2011,9199145865.29377
Bolivia,BOL,2010,6744604596.45584
Bolivia,BOL,2009,5705628903.1339
Bolivia,BOL,2008,6329632797.44018
Bolivia,BOL,2007,4495769626.34589
Bolivia,BOL,2006,3752326864.85138
Bolivia,BOL,2005,3064676257.13762
Bolivia,BOL,2004,2309687991.43145
Bolivia,BOL,2003,2131094556.36625
Bolivia,BOL,2002,2191068870.29289
Bolivia,BOL,2001,2056194909.06273
Bolivia,BOL,2000,2294548577.49814
Bolivia,BOL,1999,2260775121.08579
Bolivia,BOL,1998,2768694330.97168
Bolivia,BOL,1997,2326921822.26301
Bolivia,BOL,1996,2017475030.60332
Bolivia,BOL,1995,1825621841.11049
Bolivia,BOL,1994,1626745405.33018
Bolivia,BOL,1993,1627872470.47713
Bolivia,BOL,1992,1640395875.72622
Bolivia,BOL,1991,1440843957.22738
Bolivia,BOL,1990,1164631949.94721
Bolivia,BOL,1989,1092052947.17097
Bolivia,BOL,1988,1063832558.35393
Bolivia,BOL,1987,1043169567.12169
Bolivia,BOL,1986,1017852209.94212
Bolivia,BOL,1985,1228323632.67869
Bolivia,BOL,1984,1592952389.40541
Bolivia,BOL,1983,1303553080.34365
Bolivia,BOL,1982,1644892438.15519
Bolivia,BOL,1981,1352324632.95269
Bolivia,BOL,1980,1011215334.42088
Bolivia,BOL,1979,1211272667.86473
Bolivia,BOL,1978,1131534232.88356
Bolivia,BOL,1977,956771614.192904
Bolivia,BOL,1976,816491754.122939
Bolivia,BOL,1975,774712643.678161
Bolivia,BOL,1974,562818590.704648
Bolivia,BOL,1973,357671164.417791
Bolivia,BOL,1972,302068446.784505
Bolivia,BOL,1971,267340067.340067
Bolivia,BOL,1970,247727272.727273
Bolivia,BOL,1969,216161616.161616
Bolivia,BOL,1968,206228956.228956
Bolivia,BOL,1967,196632996.632997
Bolivia,BOL,1966,177188552.188552
Bolivia,BOL,1965,161279461.279461
Bolivia,BOL,1964,127693602.693603
Bolivia,BOL,1963,127188552.188552
Bolivia,BOL,1962,114814814.814815
Bolivia,BOL,1961,95707070.7070707
Bolivia,BOL,1960,90235690.2356902
Bosnia and Herzegovina,BIH,2024,16075269921.2863
Bosnia and Herzegovina,BIH,2023,15369301952.2961
Bosnia and Herzegovina,BIH,2022,15186504625.8698
Bosnia and Herzegovina,BIH,2021,12763502914.2371
Bosnia and Herzegovina,BIH,2020,9694297978.41546
Bosnia and Herzegovina,BIH,2019,11158117516.8252
Bosnia and Herzegovina,BIH,2018,11562741847.3915
Bosnia and Herzegovina,BIH,2017,10321682504.9428
Bosnia and Herzegovina,BIH,2016,8958199157.41919
Bosnia and Herzegovina,BIH,2015,8723359334.77441
Bosnia and Herzegovina,BIH,2014,10497406267.5311
Bosnia and Herzegovina,BIH,2013,9850930687.39643
Bosnia and Herzegovina,BIH,2012,9611582830.2271
Bosnia and Herzegovina,BIH,2011,10403552397.8686
Bosnia and Herzegovina,BIH,2010,8806756368.75821
Bosnia and Herzegovina,BIH,2009,8584706841.6518
Bosnia and Herzegovina,BIH,2008,11336719178.3079
Bosnia and Herzegovina,BIH,2007,8907143371.98732
Bosnia and Herzegovina,BIH,2006,6891901977.58667
Bosnia and Herzegovina,BIH,2005,6738059173.84
Bosnia and Herzegovina,BIH,2004,6020436375.5486
Bosnia and Herzegovina,BIH,2003,5097761943.34227
Bosnia and Herzegovina,BIH,2002,4010118373.37658
Bosnia and Herzegovina,BIH,2001,3710480449.84124
Bosnia and Herzegovina,BIH,2000,3534083877.41066
Bosnia and Herzegovina,BIH,1999,4413356665.64077
Bosnia and Herzegovina,BIH,1998,4049399659.48122
Bosnia and Herzegovina,BIH,1997,2673052196.69953
Bosnia and Herzegovina,BIH,1996,2336999933.54599
Bosnia and Herzegovina,BIH,1995,1334000000.0
Bosnia and Herzegovina,BIH,1994,1085000000.0
Botswana,BWA,2024,8480830491.00823
Botswana,BWA,2023,7095497383.38498
Botswana,BWA,2022,8548721137.88168
Botswana,BWA,2021,8783747388.21808
Botswana,BWA,2020,6937525193.68917
Botswana,BWA,2019,7694781424.87258
Botswana,BWA,2018,7362391280.37078
Botswana,BWA,2017,6281640316.61235
Botswana,BWA,2016,6915892155.67741
Botswana,BWA,2015,8092740027.83298
Botswana,BWA,2014,9005846102.3589
Botswana,BWA,2013,9191467724.13747
Botswana,BWA,2012,8867435078.08691
Botswana,BWA,2011,8269310273.57506
Botswana,BWA,2010,6633895056.02679
Botswana,BWA,2009,5327078064.97761
Botswana,BWA,2008,5586611000.2581
Botswana,BWA,2007,4440003828.10973
Botswana,BWA,2006,3455002315.48977
Botswana,BWA,2005,3529325541.85315
Botswana,BWA,2004,3706961580.25954
Botswana,BWA,2003,2779825087.3755
Botswana,BWA,2002,2158051339.23492
Botswana,BWA,2001,2133671163.45956
Botswana,BWA,2000,2320710337.52793
Botswana,BWA,1999,2398367786.48883
Botswana,BWA,1998,2517487481.89726
Botswana,BWA,1997,2395855332.15933
Botswana,BWA,1996,1799833162.71569
Botswana,BWA,1995,2070047438.73744
Botswana,BWA,1994,1718960979.94334
Botswana,BWA,1993,1627126688.19578
Botswana,BWA,1992,1723755465.75976
Botswana,BWA,1991,1834576022.34317
Botswana,BWA,1990,1887430353.47058
Botswana,BWA,1989,1422760394.3846
Botswana,BWA,1988,1161743377.95064
Botswana,BWA,1987,951998908.835986
Botswana,BWA,1986,684167897.723644
Botswana,BWA,1985,571123119.448619
Botswana,BWA,1984,719207808.541921
Botswana,BWA,1983,733413192.868069
Botswana,BWA,1982,703095484.824617
Botswana,BWA,1981,768101843.109791
Botswana,BWA,1980,704879539.386921
Botswana,BWA,1979,534964730.364279
Botswana,BWA,1978,404573045.932112
Botswana,BWA,1977,313019620.884603
Botswana,BWA,1976,246732561.68314
Botswana,BWA,1975,226569557.056854
Botswana,BWA,1974,198240705.719252
Botswana,BWA,1973,151271981.259563
Botswana,BWA,1972,99569373.7804531
Botswana,BWA,1971,78462307.2129178
Botswana,BWA,1970,58625319.9965383
Botswana,BWA,1969,40665295.3734871
Botswana,BWA,1968,41701650.4927489
Botswana,BWA,1967,29774771.6337773
Botswana,BWA,1966,26220984.3190145
Botswana,BWA,1965,23173547.5350884
Botswana,BWA,1964,20215849.5048511
Botswana,BWA,1963,18034718.9310025
Botswana,BWA,1962,15982839.4776135
Botswana,BWA,1961,13992002.1715587
Botswana,BWA,1960,12056283.2161117
Brazil,BRA,2024,385708875013.773
Brazil,BRA,2023,343939899556.732
Brazil,BRA,2022,374482461947.998
Brazil,BRA,2021,309853321037.194
Brazil,BRA,2020,233941255872.595
Brazil,BRA,2019,276634806846.042
Brazil,BRA,2018,272994437656.194
Brazil,BRA,2017,243510550194.841
Brazil,BRA,2016,216686360894.163
Brazil,BRA,2015,253272683229.75
Brazil,BRA,2014,335826235474.104
Brazil,BRA,2013,347275992530.51
Brazil,BRA,2012,326315725034.084
Brazil,BRA,2011,323144851604.241
Brazil,BRA,2010,262997371054.402
Brazil,BRA,2009,187613839464.85
Brazil,BRA,2008,232731883186.608
Brazil,BRA,2007,167163829315.927
Brazil,BRA,2006,129231057090.313
Brazil,BRA,2005,105595890397.488
Brazil,BRA,2004,87894359743.7903
Brazil,BRA,2003,72344863387.4048
Brazil,BRA,2002,68250203697.4473
Brazil,BRA,2001,81559242944.9922
Brazil,BRA,2000,81614529580.3146
Brazil,BRA,1999,68462744029.1499
Brazil,BRA,1998,81258662213.1179
Brazil,BRA,1997,84722106135.423
Brazil,BRA,1996,75733720733.3057
Brazil,BRA,1995,72744966688.2403
Brazil,BRA,1994,48132722297.6479
Brazil,BRA,1993,33500364056.5262
Brazil,BRA,1992,27518767695.3196
Brazil,BRA,1991,27115606036.3239
Brazil,BRA,1990,27188105814.8072
Brazil,BRA,1989,22554535409.3862
Brazil,BRA,1988,18780447289.5167
Brazil,BRA,1987,18211637169.8377
Brazil,BRA,1986,17038985025.8432
Brazil,BRA,1985,15818492520.6226
Brazil,BRA,1984,16563864377.1802
Brazil,BRA,1983,18314364418.7078
Brazil,BRA,1982,23307743170.8143
Brazil,BRA,1981,25827534749.1203
Brazil,BRA,1980,26571483279.6605
Brazil,BRA,1979,20642227950.3886
Brazil,BRA,1978,15791774010.8349
Brazil,BRA,1977,13948797699.9376
Brazil,BRA,1976,14401534168.3917
Brazil,BRA,1975,14233481672.8226
Brazil,BRA,1974,14596797400.1872
Brazil,BRA,1973,7532763884.77189
Brazil,BRA,1972,5177234171.78625
Brazil,BRA,1971,4004245613.85253
Brazil,BRA,1970,3153304260.31533
Brazil,BRA,1969,2454948720.19931
Brazil,BRA,1968,2239326014.7452
Brazil,BRA,1967,1764834054.99797
Brazil,BRA,1966,1621508461.2021
Brazil,BRA,1965,1210637974.35359
Brazil,BRA,1964,1204326396.14961
Brazil,BRA,1963,2097486800.99115
Brazil,BRA,1962,1033970196.04432
Brazil,BRA,1961,1118302726.08473
Brazil,BRA,1960,1078651437.23257
Brunei Darussalam,BRN,2024,8946253007.55565
Brunei Darussalam,BRN,2023,9081237975.39983
Brunei Darussalam,BRN,2022,10106443642.8719
Brunei Darussalam,BRN,2021,9377937977.70067
Brunei Darussalam,BRN,2020,6355257109.6823
Brunei Darussalam,BRN,2019,6810532693.06468
Brunei Darussalam,BRN,2018,5693328954.5184
Brunei Darussalam,BRN,2017,4318058847.51222
Brunei Darussalam,BRN,2016,4302691141.32799
Brunei Darussalam,BRN,2015,4872546659.38377
Brunei Darussalam,BRN,2014,5854952487.68784
Brunei Darussalam,BRN,2013,7761572005.63315
Brunei Darussalam,BRN,2012,6758610782.77515
Brunei Darussalam,BRN,2011,5563288955.5955
Brunei Darussalam,BRN,2010,3832962525.36654
Brunei Darussalam,BRN,2009,3643381166.51737
Brunei Darussalam,BRN,2008,3790860498.44514
Brunei Darussalam,BRN,2007,3230040501.57189
Brunei Darussalam,BRN,2006,2707260784.43836
Brunei Darussalam,BRN,2005,2430951690.01146
Brunei Darussalam,BRN,2004,2337174925.51301
Brunei Darussalam,BRN,2003,2197963417.16111
Brunei Darussalam,BRN,2002,2315388241.18111
Brunei Darussalam,BRN,2001,2022108049.06785
Brunei Darussalam,BRN,2000,1976887497.00545
Brunei Darussalam,BRN,1999,2226605158.71494
Brunei Darussalam,BRN,1998,2325523033.55278
Brunei Darussalam,BRN,1997,3040127801.2077
Brunei Darussalam,BRN,1996,3102037458.48525
Brunei Darussalam,BRN,1995,2642913837.19905
Brunei Darussalam,BRN,1994,1978468605.06834
Brunei Darussalam,BRN,1993,2125274865.37553
Brunei Darussalam,BRN,1992,2004337718.32087
Brunei Darussalam,BRN,1991,1487077074.46962
Brunei Darussalam,BRN,1990,1311976112.98663
Brunei Darussalam,BRN,1989,1051142976.98048
Brunei Darussalam,BRN,1983,729750834.102364
Brunei Darussalam,BRN,1982,734570857.817082
Brunei Darussalam,BRN,1981,598762148.008323
Brunei Darussalam,BRN,1980,574909116.722897
Brunei Darussalam,BRN,1979,396402395.337351
Brunei Darussalam,BRN,1978,280999549.257374
Brunei Darussalam,BRN,1977,278757071.411003
Brunei Darussalam,BRN,1976,259830454.557596
Brunei Darussalam,BRN,1975,273689537.384557
Brunei Darussalam,BRN,1974,186304792.177825
Bulgaria,BGR,2024,61042597195.9939
Bulgaria,BGR,2023,59167765912.811
Bulgaria,BGR,2022,62327426615.8175
Bulgaria,BGR,2021,50088552554.0052
Bulgaria,BGR,2020,38026808317.5002
Bulgaria,BGR,2019,41762196901.9634
Bulgaria,BGR,2018,41805033909.8224
Bulgaria,BGR,2017,37064926376.7835
Bulgaria,BGR,2016,31788458645.2132
Bulgaria,BGR,2015,31957259691.6799
Bulgaria,BGR,2014,37500760082.0251
Bulgaria,BGR,2013,36351571391.0531
Bulgaria,BGR,2012,34546525409.8091
Bulgaria,BGR,2011,33818482315.1491
Bulgaria,BGR,2010,27008382338.6075
Bulgaria,BGR,2009,26258387052.745
Bulgaria,BGR,2008,39341095057.5006
Bulgaria,BGR,2007,31625068402.0853
Bulgaria,BGR,2006,22027466752.0059
Bulgaria,BGR,2005,17080286100.3486
Bulgaria,BGR,2004,13630082743.48
Bulgaria,BGR,2003,9430004120.73167
Bulgaria,BGR,2002,6827325316.86708
Bulgaria,BGR,2001,6269090423.06798
Bulgaria,BGR,2000,5500642168.34842
Bulgaria,BGR,1999,6453780611.12524
Bulgaria,BGR,1998,5276480125.06547
Bulgaria,BGR,1997,4174242023.35602
Bulgaria,BGR,1996,4588940294.22842
Bulgaria,BGR,1995,4353456104.56894
Bulgaria,BGR,1994,4434458935.23479
Bulgaria,BGR,1993,4964847430.60085
Bulgaria,BGR,1992,4554217899.83291
Bulgaria,BGR,1991,2990780301.32674
Bulgaria,BGR,1990,7577727272.72727
Bulgaria,BGR,1989,10589277777.7778
Bulgaria,BGR,1988,10352294117.6471
Bulgaria,BGR,1987,11977307692.3077
Bulgaria,BGR,1986,8802352941.17647
Bulgaria,BGR,1985,7411526315.78947
Bulgaria,BGR,1984,6729388888.88889
Bulgaria,BGR,1983,6118555555.55556
Bulgaria,BGR,1982,6424733333.33333
Bulgaria,BGR,1981,6859642857.14286
Bulgaria,BGR,1980,6088384615.38462
Burkina Faso,BFA,2024,7387126425.77464
Burkina Faso,BFA,2023,6877000995.68104
Burkina Faso,BFA,2022,6760351772.06807
Burkina Faso,BFA,2021,5835051415.32522
Burkina Faso,BFA,2020,5133679370.81792
Burkina Faso,BFA,2019,4994381288.40906
Burkina Faso,BFA,2018,5166928258.63695
Burkina Faso,BFA,2017,4629394216.11821
Burkina Faso,BFA,2016,4103751193.78509
Burkina Faso,BFA,2015,3902427857.57598
Burkina Faso,BFA,2014,4446645106.4129
Burkina Faso,BFA,2013,4968860980.95106
Burkina Faso,BFA,2012,4351201289.56268
Burkina Faso,BFA,2011,3781344358.33878
Burkina Faso,BFA,2010,2887043504.96288
Burkina Faso,BFA,2009,2505097431.05636
Burkina Faso,BFA,2008,2385163308.31458
Burkina Faso,BFA,2007,1786796468.4427
Burkina Faso,BFA,2006,1581180859.76353
Burkina Faso,BFA,2005,1495427536.1584
Burkina Faso,BFA,2004,1341080287.75744
Burkina Faso,BFA,2003,1002568390.43117
Burkina Faso,BFA,2002,813114613.713427
Burkina Faso,BFA,2001,721473325.285311
Burkina Faso,BFA,2000,780034955.169195
Burkina Faso,BFA,1999,911820910.542789
Burkina Faso,BFA,1998,789066173.756321
Burkina Faso,BFA,1997,651175141.155085
Burkina Faso,BFA,1996,714319725.936988
Burkina Faso,BFA,1995,633116322.197919
Burkina Faso,BFA,1994,474345780.209323
Burkina Faso,BFA,1993,661457472.457898
Burkina Faso,BFA,1992,655479337.64673
Burkina Faso,BFA,1991,731992011.58168
Burkina Faso,BFA,1990,758452847.747612
Burkina Faso,BFA,1989,618479190.724753
Burkina Faso,BFA,1988,709757473.822598
Burkina Faso,BFA,1987,665476421.800553
Burkina Faso,BFA,1986,589940831.90681
Burkina Faso,BFA,1985,481677816.606485
Burkina Faso,BFA,1984,419829292.408598
Burkina Faso,BFA,1983,473268760.693225
Burkina Faso,BFA,1982,554827918.018955
Burkina Faso,BFA,1981,558238055.717459
Burkina Faso,BFA,1980,602966202.763916
Burkina Faso,BFA,1979,511997852.931223
Burkina Faso,BFA,1978,409486698.018833
Burkina Faso,BFA,1977,344381808.822477
Burkina Faso,BFA,1976,263748239.834147
Burkina Faso,BFA,1975,283412263.564162
Burkina Faso,BFA,1974,183824251.385104
Burkina Faso,BFA,1973,154654989.695036
Burkina Faso,BFA,1972,123177198.744168
Burkina Faso,BFA,1971,96149801.9274703
Burkina Faso,BFA,1970,73994563.6000506
Burkina Faso,BFA,1969,79074219.5391521
Burkina Faso,BFA,1968,70389672.7697367
Burkina Faso,BFA,1967,62777882.9851454
Burkina Faso,BFA,1966,50541598.8135743
Burkina Faso,BFA,1965,48113638.5450975
Burkina Faso,BFA,1964,47262650.2535327
Burkina Faso,BFA,1963,61742268.3762032
Burkina Faso,BFA,1962,59614674.60058
Burkina Faso,BFA,1961,55303955.6348223
Burkina Faso,BFA,1960,52340174.6105849
Cabo Verde,CPV,2024,1471907533.53908
Cabo Verde,CPV,2023,1396322820.56985
Cabo Verde,CPV,2022,1310225012.87536
Cabo Verde,CPV,2021,1099895576.06478
Cabo Verde,CPV,2020,967252867.721672
Cabo Verde,CPV,2019,1281435256.84643
Cabo Verde,CPV,2018,1323093455.18171
Cabo Verde,CPV,2017,1157777242.75552
Cabo Verde,CPV,2016,997132827.690972
Cabo Verde,CPV,2015,925207213.4245
Cabo Verde,CPV,2014,1103776762.67094
Cabo Verde,CPV,2013,987126463.029282
Cabo Verde,CPV,2012,1017500236.39072
Cabo Verde,CPV,2011,1180649421.61385
Cabo Verde,CPV,2010,1008442096.15259
Cabo Verde,CPV,2009,952528352.1571
Cabo Verde,CPV,2008,1109653504.45864
Cabo Verde,CPV,2007,997366407.953082
Cabo Verde,CPV,2006,805032687.406175
Cabo Verde,CPV,2005,647187055.539873
Cabo Verde,CPV,2004,643415991.979531
Cabo Verde,CPV,2003,548170327.495846
Cabo Verde,CPV,2002,425325210.047333
Cabo Verde,CPV,2001,351111187.780303
Cabo Verde,CPV,2000,326304704.517028
Cabo Verde,CPV,1999,355408993.062936
Cabo Verde,CPV,1998,308372216.222824
Cabo Verde,CPV,1997,287190631.141467
Cabo Verde,CPV,1996,277548405.817758
Cabo Verde,CPV,1995,294133735.833344
Cabo Verde,CPV,1994,229787766.665446
Cabo Verde,CPV,1993,230719808.024668
Cabo Verde,CPV,1992,238072377.899968
Cabo Verde,CPV,1991,205936309.657181
Cabo Verde,CPV,1990,211201177.621451
Cabo Verde,CPV,1989,166386034.393792
Cabo Verde,CPV,1988,157247386.131058
Cabo Verde,CPV,1987,154640256.464036
Cabo Verde,CPV,1986,143832315.653905
Cabo Verde,CPV,1985,109057057.752753
Cabo Verde,CPV,1984,102579319.895421
Cabo Verde,CPV,1983,107746679.877459
Cabo Verde,CPV,1982,111363313.193981
Cabo Verde,CPV,1981,98597398.7664809
Cabo Verde,CPV,1980,95270962.2275013
Cambodia,KHM,2024,33412575811.7134
Cambodia,KHM,2023,28497892006.4196
Cambodia,KHM,2022,29462601452.0712
Cambodia,KHM,2021,27158061717.6869
Cambodia,KHM,2020,21651131247.4671
Cambodia,KHM,2019,22117532079.4063
Cambodia,KHM,2018,20870727998.1726
Cambodia,KHM,2017,19038733851.7304
Cambodia,KHM,2016,17599744248.3834
Cambodia,KHM,2015,15985986398.1316
Cambodia,KHM,2014,14949702395.0464
Cambodia,KHM,2013,13521734446.9799
Cambodia,KHM,2012,11311870012.1498
Cambodia,KHM,2011,9598623050.80695
Cambodia,KHM,2010,8253700555.41897
Cambodia,KHM,2009,7011246138.43705
Cambodia,KHM,2008,8353365208.9247
Cambodia,KHM,2007,7349164262.83033
Cambodia,KHM,2006,6319381670.7488
Cambodia,KHM,2005,5123916347.66035
Cambodia,KHM,2004,4149673262.60489
Cambodia,KHM,2003,3323063206.6097
Cambodia,KHM,2002,2884414192.46873
Cambodia,KHM,2001,2511940516.74312
Cambodia,KHM,2000,2256850025.94707
Cambodia,KHM,1999,1886392172.88982
Cambodia,KHM,1998,1384886252.60916
Cambodia,KHM,1997,1560476055.08604
Cambodia,KHM,1996,1535847163.83342
Cambodia,KHM,1995,1603001242.57385
Cambodia,KHM,1994,1079617531.41084
Cambodia,KHM,1993,827697458.423206
Cambodia,KHM,1970,55815628.3759453
Cambodia,KHM,1969,103286384.976526
Cambodia,KHM,1968,114285714.285714
Cambodia,KHM,1967,97142857.1428571
Cambodia,KHM,1966,117142857.142857
Cambodia,KHM,1965,108571428.571429
Cambodia,KHM,1964,122857151.428571
Cambodia,KHM,1963,151428562.857143
Cambodia,KHM,1962,151428562.857143
Cambodia,KHM,1961,120000000.0
Cambodia,KHM,1960,139999991.428571
Cameroon,CMR,2024,9982430835.96898
Cameroon,CMR,2023,10269387815.6634
Cameroon,CMR,2022,9740770348.35567
Cameroon,CMR,2021,9102291771.32537
Cameroon,CMR,2020,7544311297.1449
Cameroon,CMR,2019,9333197587.66967
Cameroon,CMR,2018,8730827316.89187
Cameroon,CMR,2017,7525797297.62893
Cameroon,CMR,2016,7333874148.32376
Cameroon,CMR,2015,7907933406.453
Cameroon,CMR,2014,9905295758.34348
Cameroon,CMR,2013,8781390774.25173
Cameroon,CMR,2012,7888349867.66926
Cameroon,CMR,2011,8359880285.57138
Cameroon,CMR,2010,6841031832.13552
Cameroon,CMR,2009,6311089300.73215
Cameroon,CMR,2008,8291276215.60017
Cameroon,CMR,2007,6278066804.31152
Cameroon,CMR,2006,4793806220.74195
Cameroon,CMR,2005,4438925461.48196
Cameroon,CMR,2004,4008132753.45177
Cameroon,CMR,2003,3322828643.6643
Cameroon,CMR,2002,3165848310.06235
Cameroon,CMR,2001,2881977219.4449
Cameroon,CMR,2000,2437829405.70942
Cameroon,CMR,1999,2059848165.25337
Cameroon,CMR,1998,2295271123.98297
Cameroon,CMR,1997,2354149770.94258
Cameroon,CMR,1996,2313348982.23433
Cameroon,CMR,1995,1636645932.84724
Cameroon,CMR,1994,1378107626.09256
Cameroon,CMR,1993,1580660005.21912
Cameroon,CMR,1992,2211014452.61616
Cameroon,CMR,1991,1733392181.11812
Cameroon,CMR,1990,2132071772.35126
Cameroon,CMR,1989,1956872129.52413
Cameroon,CMR,1988,1953074690.70346
Cameroon,CMR,1987,2691627935.77175
Cameroon,CMR,1986,2694449197.72433
Cameroon,CMR,1985,2698093752.94531
Cameroon,CMR,1984,2266220105.22206
Cameroon,CMR,1983,2013215078.02915
Cameroon,CMR,1982,1911383891.40757
Cameroon,CMR,1981,1878440367.00455
Cameroon,CMR,1980,1810903418.93232
Cameroon,CMR,1979,1671668197.52484
Cameroon,CMR,1978,1311288738.52423
Cameroon,CMR,1977,943911998.715629
Cameroon,CMR,1976,793051292.875754
Cameroon,CMR,1975,729774049.065642
Cameroon,CMR,1974,491889089.579268
Cameroon,CMR,1973,456280562.5251
Cameroon,CMR,1972,390830241.003698
Cameroon,CMR,1971,335928206.688104
Cameroon,CMR,1970,284005473.497936
Cameroon,CMR,1969,251576564.837097
Cameroon,CMR,1968,257710416.898138
Cameroon,CMR,1967,211381299.692443
Cameroon,CMR,1966,200668814.902954
Cameroon,CMR,1965,197501862.128706
Canada,CAN,2024,733807159315.92
Canada,CAN,2023,723340802845.546
Canada,CAN,2022,731037232134.525
Canada,CAN,2021,628388638999.206
Canada,CAN,2020,524572641557.224
Canada,CAN,2019,589706748631.384
Canada,CAN,2018,591347645767.306
Canada,CAN,2017,554922650425.45
Canada,CAN,2016,517396012626.09
Canada,CAN,2015,534115083556.223
Canada,CAN,2014,589434433378.268
Canada,CAN,2013,589048627265.353
Canada,CAN,2012,589511490951.583
Canada,CAN,2011,570642753938.112
Canada,CAN,2010,502035342676.986
Canada,CAN,2009,411817863703.963
Canada,CAN,2008,506718837863.168
Canada,CAN,2007,470813704496.788
Canada,CAN,2006,430736071932.299
Canada,CAN,2005,385981185014.029
Canada,CAN,2004,337418139892.391
Canada,CAN,2003,295296552708.586
Canada,CAN,2002,271159115529.217
Canada,CAN,2001,268281895661.157
Canada,CAN,2000,287155747087.738
Canada,CAN,1999,259518745372.552
Canada,CAN,1998,241249747219.414
Canada,CAN,1997,237129134768.164
Canada,CAN,1996,209119911991.199
Canada,CAN,1995,199747158262.897
Canada,CAN,1994,183320152314.001
Canada,CAN,1993,168552050228.664
Canada,CAN,1992,157743857036.485
Canada,CAN,1991,152336562800.035
Canada,CAN,1990,148543023654.439
Canada,CAN,1989,141918074324.324
Canada,CAN,1988,128938815308.361
Canada,CAN,1987,107690045248.869
Canada,CAN,1986,98835552356.9629
Canada,CAN,1985,92626876601.9773
Canada,CAN,1984,87539186163.2306
Canada,CAN,1983,74471762414.8004
Canada,CAN,1982,67407797681.7703
Canada,CAN,1981,79017432646.5927
Canada,CAN,1980,70921142661.649
Canada,CAN,1979,63191053440.3278
Canada,CAN,1978,53336547733.8476
Canada,CAN,1977,48954395862.7174
Canada,CAN,1976,46807302231.2373
Canada,CAN,1975,41679119150.6095
Canada,CAN,1974,38774028629.8568
Canada,CAN,1973,28460153984.6015
Canada,CAN,1972,23413476108.6978
Canada,CAN,1971,19613784907.9026
Canada,CAN,1970,17327973968.8008
Canada,CAN,1969,16708226653.8616
Canada,CAN,1968,14340936627.4552
Canada,CAN,1967,12634558504.6391
Canada,CAN,1966,11787616836.1518
Canada,CAN,1965,10166208353.3723
Canada,CAN,1964,8918902584.55297
Canada,CAN,1963,7854369042.81214
Canada,CAN,1962,7594733339.99374
Canada,CAN,1961,7480255448.9389
Cayman Islands,CYM,2020,2592370369.48148
Cayman Islands,CYM,2019,2695690782.76313
Cayman Islands,CYM,2018,2517850071.40029
Cayman Islands,CYM,2017,2242928971.71589
Central African Republic,CAF,2024,864653558.507516
Central African Republic,CAF,2023,742108359.673393
Central African Republic,CAF,2022,784669456.38734
Central African Republic,CAF,2021,778394732.807162
Central African Republic,CAF,2020,799194659.189116
Central African Republic,CAF,2019,762137823.137317
Central African Republic,CAF,2018,748917943.770559
Central African Republic,CAF,2017,826531337.145396
Central African Republic,CAF,2016,651691428.877197
Central African Republic,CAF,2015,611811304.18025
Central African Republic,CAF,2014,690077856.666958
Central African Republic,CAF,2013,396266752.37153
Central African Republic,CAF,2012,539911033.28542
Central African Republic,CAF,2011,520455628.872221
Central African Republic,CAF,2010,488611163.401082
Central African Republic,CAF,2009,447641811.907712
Central African Republic,CAF,2008,467132356.160478
Central African Republic,CAF,2007,398870436.453455
Central African Republic,CAF,2006,322776663.18531
Central African Republic,CAF,2005,290432567.306666
Central African Republic,CAF,2004,244878981.15416
Central African Republic,CAF,2003,205562216.101301
Central African Republic,CAF,2002,200666492.409262
Central African Republic,CAF,2001,210529062.930841
Central African Republic,CAF,2000,231830682.465004
Central African Republic,CAF,1999,239761597.832448
Central African Republic,CAF,1998,274652957.86253
Central African Republic,CAF,1997,271328268.360808
Central African Republic,CAF,1996,258135808.288507
Central African Republic,CAF,1995,315152751.778887
Central African Republic,CAF,1994,212952089.295729
Central African Republic,CAF,1993,292701105.819495
Central African Republic,CAF,1992,372229134.517091
Central African Republic,CAF,1991,359806856.059665
Central African Republic,CAF,1990,372791504.717092
Central African Republic,CAF,1989,326536959.466374
Central African Republic,CAF,1988,316906377.069859
Central African Republic,CAF,1987,342886733.361913
Central African Republic,CAF,1986,321221783.155046
Central African Republic,CAF,1985,273603680.07901
Central African Republic,CAF,1984,226437036.664867
Central African Republic,CAF,1983,241183744.331389
Central African Republic,CAF,1982,256106223.578162
Central African Republic,CAF,1981,236648334.55993
Central African Republic,CAF,1980,327433639.757524
Central African Republic,CAF,1979,246199254.646603
Central African Republic,CAF,1978,206899211.480703
Central African Republic,CAF,1977,174129612.92156
Central African Republic,CAF,1976,132307726.469902
Central African Republic,CAF,1975,151160965.112226
Central African Republic,CAF,1974,121947261.529635
Central African Republic,CAF,1973,98946254.8301413
Central African Republic,CAF,1972,77877586.4123817
Central African Republic,CAF,1971,75389864.2006423
Central African Republic,CAF,1970,78597117.3691853
Central African Republic,CAF,1969,70699843.8924819
Central African Republic,CAF,1968,75999786.9486188
Central African Republic,CAF,1967,76828934.6929238
Central African Republic,CAF,1966,67160961.3016221
Central African Republic,CAF,1965,56720586.8888103
Central African Republic,CAF,1964,57952751.4791991
Central African Republic,CAF,1963,49792597.3111892
Central African Republic,CAF,1962,46936114.6443921
Central African Republic,CAF,1961,44034883.4234767
Central African Republic,CAF,1960,38336816.1177087
Chad,TCD,2024,3531613266.1756
Chad,TCD,2023,3259674588.12445
Chad,TCD,2022,2897673570.61113
Chad,TCD,2021,2980116474.1698
Chad,TCD,2020,2890407316.27935
Chad,TCD,2019,3235878756.21652
Chad,TCD,2018,3202369867.30411
Chad,TCD,2017,2683750770.14088
Chad,TCD,2016,2781116602.81855
Chad,TCD,2015,2999716926.60926
Chad,TCD,2014,3206574455.10733
Chad,TCD,2013,3819481883.22573
Chad,TCD,2012,3755075682.75453
Chad,TCD,2011,4151496748.97938
Chad,TCD,2010,4118132449.15924
Chad,TCD,2009,3939493177.0075
Chad,TCD,2008,3881338731.31191
Chad,TCD,2007,3437503813.09325
Chad,TCD,2006,3136768120.24678
Chad,TCD,2005,2855158625.905
Chad,TCD,2004,2245029718.43305
Chad,TCD,2003,1611292717.1365
Chad,TCD,2002,2269814007.74127
Chad,TCD,2001,849538448.778265
Chad,TCD,2000,481549082.910399
Chad,TCD,1999,494007543.619927
Chad,TCD,1998,515889625.046047
Chad,TCD,1997,475289630.239498
Chad,TCD,1996,467199422.745387
Chad,TCD,1995,488251564.675875
Chad,TCD,1994,411559919.514802
Chad,TCD,1993,429082121.052443
Chad,TCD,1992,466958173.744112
Chad,TCD,1991,457982402.692591
Chad,TCD,1990,485189439.921258
Chad,TCD,1989,450301764.71992
Chad,TCD,1988,446324642.955142
Chad,TCD,1987,423865233.408772
Chad,TCD,1986,377752728.119819
Chad,TCD,1985,323630060.731269
Chad,TCD,1984,221072311.092743
Chad,TCD,1983,195963410.394308
Chad,TCD,1982,112596761.81512
Chad,TCD,1981,198725614.58684
Chad,TCD,1980,298183134.662509
Chad,TCD,1979,347871418.293477
Chad,TCD,1978,311536381.107054
Chad,TCD,1977,265386205.901508
Chad,TCD,1976,228499255.582204
Chad,TCD,1975,223504931.341044
Chad,TCD,1974,174903172.214342
Chad,TCD,1973,152093518.149779
Chad,TCD,1972,113479622.612961
Chad,TCD,1971,105681233.398496
Chad,TCD,1970,103472052.851556
Chad,TCD,1969,83474196.3602527
Chad,TCD,1968,84826312.1073314
Chad,TCD,1967,81707046.1739459
Chad,TCD,1966,77743900.6582413
Chad,TCD,1965,74267243.2644854
Chad,TCD,1964,83664248.0452291
Chad,TCD,1963,71423855.7083074
Chad,TCD,1962,70200150.4396582
Chad,TCD,1961,61975054.5484157
Chad,TCD,1960,53426872.5050914
Chile,CHL,2024,99531074992.5925
Chile,CHL,2023,100365735356.338
Chile,CHL,2022,119270630866.653
Chile,CHL,2021,103693579744.009
Chile,CHL,2020,68216603050.3731
Chile,CHL,2019,82753869493.5382
Chile,CHL,2018,87715867712.6773
Chile,CHL,2017,76480320653.8888
Chile,CHL,2016,70152436857.04
Chile,CHL,2015,73118253440.0511
Chile,CHL,2014,84696629415.0876
Chile,CHL,2013,91695210220.853
Chile,CHL,2012,91617677881.314
Chile,CHL,2011,87460679541.4789
Chile,CHL,2010,69051989772.4943
Chile,CHL,2009,50795405742.6473
Chile,CHL,2008,71083667801.6325
Chile,CHL,2007,54933531081.0052
Chile,CHL,2006,45916076194.198
Chile,CHL,2005,38995887874.1533
Chile,CHL,2004,29924524882.9153
Chile,CHL,2003,23431547434.5238
Chile,CHL,2002,21238454276.1404
Chile,CHL,2001,21685325012.8728
Chile,CHL,2000,22395900494.606
Chile,CHL,1999,19942566847.9392
Chile,CHL,1998,23525063432.0534
Chile,CHL,1997,24197336808.0879
Chile,CHL,1996,21980210117.6598
Chile,CHL,1995,19346030597.4623
Chile,CHL,1994,14678158957.7089
Chile,CHL,1993,13666593546.0309
Chile,CHL,1992,12540686002.3285
Chile,CHL,1991,10140234075.2274
Chile,CHL,1990,9693182798.1601
Chile,CHL,1989,8763350927.5118
Chile,CHL,1988,6766137916.20983
Chile,CHL,1987,5751612000.77488
Chile,CHL,1986,4673923939.22537
Chile,CHL,1985,4311198581.26111
Chile,CHL,1984,4811879608.39508
Chile,CHL,1983,4356873072.69896
Chile,CHL,1982,4150382431.37312
Chile,CHL,1981,9047297176.66667
Chile,CHL,1980,7679845876.41026
Chile,CHL,1979,5571046794.4159
Chile,CHL,1978,3783299653.17924
Chile,CHL,1977,3075423107.06068
Chile,CHL,1976,2099453726.53805
Chile,CHL,1975,2025174740.96395
Chile,CHL,1974,3129086575.15021
Chile,CHL,1973,2589239510.34309
Chile,CHL,1972,1557530213.58291
Chile,CHL,1971,1309764436.07175
Chile,CHL,1970,1277369303.06792
Chile,CHL,1969,1175704223.7178
Chile,CHL,1968,942056428.155905
Chile,CHL,1967,910871349.64483
Chile,CHL,1966,960122046.221761
Chile,CHL,1965,772992397.846056
Chile,CHL,1964,788872995.231903
Chile,CHL,1963,825800246.609125
Chile,CHL,1962,720689035.916824
Chile,CHL,1961,749723809.52381
Chile,CHL,1960,650749090.909091
China,CHN,2024,3219342570126.17
China,CHN,2023,3106457704279.42
China,CHN,2022,3140040863536.23
China,CHN,2021,3093278397249.18
China,CHN,2020,2374737462777.69
China,CHN,2019,2496153305902.9
China,CHN,2018,2564121910994.89
China,CHN,2017,2208518918632.2
China,CHN,2016,1944490534275.23
China,CHN,2015,2003260696068.67
China,CHN,2014,2241276198979.27
China,CHN,2013,2119392421427.69
China,CHN,2012,1943205232867.15
China,CHN,2011,1825413639206.37
China,CHN,2010,1432422435977.06
China,CHN,2009,1042533759652.94
China,CHN,2008,1149036249785.66
China,CHN,2007,950020767157.33
China,CHN,2006,782812463259.9
China,CHN,2005,648712207879.781
China,CHN,2004,556182551584.76
China,CHN,2003,412137124715.32
China,CHN,2002,295619639659.43
China,CHN,2001,243973790217.759
China,CHN,2000,224306238158.48
China,CHN,1999,168058444268.42
China,CHN,1998,144913704696.0
China,CHN,1997,144623820000.0
China,CHN,1996,137261876999.999
China,CHN,1995,119900826000.0
China,CHN,1994,97250445198.0
China,CHN,1993,86072328750.0
China,CHN,1992,61849400129.0
China,CHN,1991,43941659170.0
China,CHN,1990,38461758920.0
China,CHN,1989,46118793490.0
China,CHN,1988,48984701330.0
China,CHN,1987,33781853910.0
China,CHN,1986,33592580690.4699
China,CHN,1985,38302403273.95
China,CHN,1984,24710305080.89
China,CHN,1983,19385304449.37
China,CHN,1982,17788124795.19
China,CHN,1981,22219750000.0
China,CHN,1980,21842710000.0
China,CHN,1979,15535283000.0
China,CHN,1978,12261700000.0
China,CHN,1977,8060398000.0
China,CHN,1976,7349809000.0
China,CHN,1975,8355050000.0
China,CHN,1974,7716198000.0
China,CHN,1973,5257791000.0
China,CHN,1972,2916450000.0
China,CHN,1971,2233127000.0
China,CHN,1970,2201560000.0
China,CHN,1969,1731190000.0
China,CHN,1968,1845220000.0
China,CHN,1967,1919860000.0
China,CHN,1966,2185300000.0
China,CHN,1965,1916420000.0
China,CHN,1964,1481100000.0
China,CHN,1963,1210670000.0
China,CHN,1962,1127720000.0
China,CHN,1961,1408090000.0
China,CHN,1960,1890590000.0
Colombia,COL,2024,87642599036.7462
Colombia,COL,2023,82622449840.5554
Colombia,COL,2022,96411719930.8215
Colombia,COL,2021,76006795312.1819
Colombia,COL,2020,55511423806.5089
Colombia,COL,2019,70067176051.0406
Colombia,COL,2018,68961912988.8708
Colombia,COL,2017,62802582423.5139
Colombia,COL,2016,60743865896.6273
Colombia,COL,2015,66653739135.9689
Colombia,COL,2014,79499076760.09
Colombia,COL,2013,76037444586.2395
Colombia,COL,2012,74226993322.3965
Colombia,COL,2011,67642788202.191
Colombia,COL,2010,51351305096.5049
Colombia,COL,2009,43545176394.9801
Colombia,COL,2008,51066655641.1447
Colombia,COL,2007,42618891607.5588
Colombia,COL,2006,35453316064.886
Colombia,COL,2005,29777716181.5784
Colombia,COL,2004,22356075159.7291
Colombia,COL,2003,18873043327.3374
Colombia,COL,2002,17793883920.3789
Colombia,COL,2001,18180843172.1733
Colombia,COL,2000,16731018377.4319
Colombia,COL,1999,15343463758.285
Colombia,COL,1998,20576289396.4486
Colombia,COL,1997,22137740205.7201
Colombia,COL,1996,20252680331.731
Colombia,COL,1995,19392751883.9628
Colombia,COL,1994,17091698826.0504
Colombia,COL,1993,13949161890.9436
Colombia,COL,1992,9985578591.38362
Colombia,COL,1991,7098679409.20938
Colombia,COL,1990,7614454664.91459
Colombia,COL,1989,5464066788.87629
Colombia,COL,1988,5433539690.87482
Colombia,COL,1987,4697932909.51981
Colombia,COL,1986,4190788877.63254
Colombia,COL,1985,4370638534.99045
Colombia,COL,1984,4767852803.33276
Colombia,COL,1983,5127945978.50553
Colombia,COL,1982,5919610896.64169
Colombia,COL,1981,5610414540.86314
Colombia,COL,1980,5209514724.51421
Colombia,COL,1979,3756624824.02352
Colombia,COL,1978,3210026857.65443
Colombia,COL,1977,2569926742.11812
Colombia,COL,1976,2131690445.30912
Colombia,COL,1975,1835324549.34928
Colombia,COL,1974,1933488605.88526
Colombia,COL,1973,1306397077.85183
Colombia,COL,1972,1109769649.74139
Colombia,COL,1971,1252577345.44707
Colombia,COL,1970,1047700632.17705
Colombia,COL,1969,839120871.507993
Colombia,COL,1968,763579000.349872
Colombia,COL,1967,602411299.606389
Colombia,COL,1966,778814814.814815
Colombia,COL,1965,559333333.333333
Colombia,COL,1964,755727700.0
Colombia,COL,1963,597285655.555556
Colombia,COL,1962,605929809.308526
Colombia,COL,1961,627934716.41791
Colombia,COL,1960,594894694.800301
Comoros,COM,2024,496590153.052493
Comoros,COM,2023,468756733.000552
Comoros,COM,2022,457719890.953261
Comoros,COM,2021,409033414.26508
Comoros,COM,2020,341962935.154632
Comoros,COM,2019,350371110.785613
Comoros,COM,2018,354586047.782382
Comoros,COM,2017,304517256.026063
Comoros,COM,2016,267996110.852463
Comoros,COM,2015,267288351.55456
Comoros,COM,2014,339810662.510145
Comoros,COM,2013,337043144.620819
Comoros,COM,2012,323694140.19667
Comoros,COM,2011,307381614.034855
Comoros,COM,2010,271587413.744655
Comoros,COM,2009,258791626.225248
Comoros,COM,2008,256358720.636412
Comoros,COM,2007,192400430.103143
Comoros,COM,2006,185351375.017671
Comoros,COM,2005,176434370.042374
Comoros,COM,2004,167631815.083397
Comoros,COM,2003,147211181.508491
Comoros,COM,2002,115049357.955637
Comoros,COM,2001,100346962.498171
Comoros,COM,2000,91398512.6493923
Comoros,COM,1999,100125802.935025
Comoros,COM,1998,97974127.9254281
Comoros,COM,1997,97672963.1555492
Comoros,COM,1996,105663130.754588
Comoros,COM,1995,105738227.591163
Comoros,COM,1994,84745204.4058501
Comoros,COM,1993,115154959.288414
Comoros,COM,1992,117523770.998174
Comoros,COM,1991,107843242.694894
Comoros,COM,1990,108102547.726568
Comoros,COM,1989,88480370.1442212
Comoros,COM,1988,90567495.4606935
Comoros,COM,1987,84341043.3495169
Comoros,COM,1986,69494633.6975985
Comoros,COM,1985,51673377.8290152
Comoros,COM,1984,50907588.2512665
Comoros,COM,1983,52817987.6609719
Comoros,COM,1982,54421290.8506465
Comoros,COM,1981,57328808.2241909
Comoros,COM,1980,65520067.9292073
"Congo, Dem. Rep.",COD,2024,36758285260.9903
"Congo, Dem. Rep.",COD,2023,31210388007.7183
"Congo, Dem. Rep.",COD,2022,31691354758.3458
"Congo, Dem. Rep.",COD,2021,22184221686.2627
"Congo, Dem. Rep.",COD,2020,14559943991.422
"Congo, Dem. Rep.",COD,2019,15200849680.4705
"Congo, Dem. Rep.",COD,2018,17774432829.14
"Congo, Dem. Rep.",COD,2017,13075981645.3818
"Congo, Dem. Rep.",COD,2016,14238061710.0503
"Congo, Dem. Rep.",COD,2015,12755729841.7074
"Congo, Dem. Rep.",COD,2014,15788562504.5522
"Congo, Dem. Rep.",COD,2013,13405117464.8431
"Congo, Dem. Rep.",COD,2012,11004072620.3508
"Congo, Dem. Rep.",COD,2011,11804040995.2764
"Congo, Dem. Rep.",COD,2010,10704450755.6041
"Congo, Dem. Rep.",COD,2009,6738327317.71192
"Congo, Dem. Rep.",COD,2008,8854254132.07931
"Congo, Dem. Rep.",COD,2007,6873875906.67669
"Congo, Dem. Rep.",COD,2006,3795633936.68292
"Congo, Dem. Rep.",COD,2005,3514051191.13328
"Congo, Dem. Rep.",COD,2004,2739841246.91439
"Congo, Dem. Rep.",COD,2003,2684033000.70499
"Congo, Dem. Rep.",COD,2002,1190984744.49209
"Congo, Dem. Rep.",COD,2001,971000000.0
"Congo, Dem. Rep.",COD,2000,2971014492.75362
"Congo, Dem. Rep.",COD,1999,826448700.0
"Congo, Dem. Rep.",COD,1998,2044987738.53833
"Congo, Dem. Rep.",COD,1997,913625815.41104
"Congo, Dem. Rep.",COD,1996,1749530237.1829
"Congo, Dem. Rep.",COD,1995,1338976146.01145
"Congo, Dem. Rep.",COD,1994,1157757147.35338
"Congo, Rep.",COG,2024,6352207277.44474
"Congo, Rep.",COG,2023,6023391374.19893
"Congo, Rep.",COG,2022,5433021714.23864
"Congo, Rep.",COG,2021,4849428753.42288
"Congo, Rep.",COG,2020,3278620368.81873
"Congo, Rep.",COG,2019,4944506820.52635
"Congo, Rep.",COG,2018,5669133279.44923
"Congo, Rep.",COG,2017,5521298081.87023
"Congo, Rep.",COG,2016,8765973302.49731
"Congo, Rep.",COG,2015,9508100091.75427
"Congo, Rep.",COG,2014,9150318841.84889
"Congo, Rep.",COG,2013,7195794099.24799
"Congo, Rep.",COG,2012,6964355812.18855
"Congo, Rep.",COG,2011,7981116108.33641
"Congo, Rep.",COG,2010,7302180476.78168
"Congo, Rep.",COG,2009,6910587818.27787
"Congo, Rep.",COG,2008,6955613710.35838
"Congo, Rep.",COG,2007,7035053890.62456
"Congo, Rep.",COG,2006,3885735888.24247
"Congo, Rep.",COG,2005,2962430014.59988
"Congo, Rep.",COG,2004,2367531821.97942
"Congo, Rep.",COG,2003,2664560797.17105
"Congo, Rep.",COG,2002,1636664194.67017
"Congo, Rep.",COG,2001,1490991861.98556
"Congo, Rep.",COG,2000,1407787623.31474
"Congo, Rep.",COG,1999,1391767818.04081
"Congo, Rep.",COG,1998,1415791994.18461
"Congo, Rep.",COG,1997,1397383585.85655
"Congo, Rep.",COG,1996,1523134197.60317
"Congo, Rep.",COG,1995,1345946345.827
"Congo, Rep.",COG,1994,1313209353.69034
"Congo, Rep.",COG,1993,841262291.22952
"Congo, Rep.",COG,1992,482474332.478474
"Congo, Rep.",COG,1991,764320167.713439
"Congo, Rep.",COG,1990,532937075.946817
"Congo, Rep.",COG,1989,832266750.213918
"Congo, Rep.",COG,1988,894415286.062194
"Congo, Rep.",COG,1987,887412826.663
"Congo, Rep.",COG,1986,992475138.396716
"Congo, Rep.",COG,1985,1210204367.54765
"Congo, Rep.",COG,1984,1000785739.24308
"Congo, Rep.",COG,1983,1085638605.693
"Congo, Rep.",COG,1982,1480190944.51012
"Congo, Rep.",COG,1981,1516938858.01288
"Congo, Rep.",COG,1980,1025655321.92644
"Congo, Rep.",COG,1979,582921406.906765
"Congo, Rep.",COG,1978,536657900.220273
"Congo, Rep.",COG,1977,499430789.326917
"Congo, Rep.",COG,1976,502196074.137432
"Congo, Rep.",COG,1975,489004628.279492
"Congo, Rep.",COG,1974,348144058.42765
"Congo, Rep.",COG,1973,235094360.770303
"Congo, Rep.",COG,1972,212675136.603179
"Congo, Rep.",COG,1971,169598347.207089
"Congo, Rep.",COG,1970,158825947.044154
"Congo, Rep.",COG,1969,150792096.650779
"Congo, Rep.",COG,1968,143800836.156387
"Congo, Rep.",COG,1967,132519860.554353
"Congo, Rep.",COG,1966,112749007.760905
"Congo, Rep.",COG,1965,105279938.254051
"Congo, Rep.",COG,1964,104822271.066871
"Congo, Rep.",COG,1963,99632771.8552955
"Congo, Rep.",COG,1962,104827975.215164
"Congo, Rep.",COG,1961,126893746.460238
"Congo, Rep.",COG,1960,112771915.455195
Costa Rica,CRI,2024,31274194799.5892
Costa Rica,CRI,2023,29025566715.6699
Costa Rica,CRI,2022,27574429707.1191
Costa Rica,CRI,2021,22479844457.5118
Costa Rica,CRI,2020,17616395250.9524
Costa Rica,CRI,2019,20249829012.3889
Costa Rica,CRI,2018,20727758848.7705
Costa Rica,CRI,2017,19552292622.0081
Costa Rica,CRI,2016,18194546245.8196
Costa Rica,CRI,2015,17360351863.9063
Costa Rica,CRI,2014,17596280761.0526
Costa Rica,CRI,2013,17055279990.5391
Costa Rica,CRI,2012,16718693908.271
Costa Rica,CRI,2011,15465815787.5669
Costa Rica,CRI,2010,13061016983.7001
Costa Rica,CRI,2009,10800050971.069
Costa Rica,CRI,2008,14660106901.6264
Costa Rica,CRI,2007,12333210825.522
Costa Rica,CRI,2006,10562844259.1687
Costa Rica,CRI,2005,9170225548.46405
Costa Rica,CRI,2004,8011642171.12324
Costa Rica,CRI,2003,7367441232.12763
Costa Rica,CRI,2002,6828718281.64082
Costa Rica,CRI,2001,6445457524.55378
Costa Rica,CRI,2000,6545131998.11804
Costa Rica,CRI,1999,6411945482.70792
Costa Rica,CRI,1998,6578730704.14868
Costa Rica,CRI,1997,5803238051.59071
Costa Rica,CRI,1996,5143782042.75191
Costa Rica,CRI,1995,4821924110.67194
Costa Rica,CRI,1994,4417576370.52605
Costa Rica,CRI,1993,4143010842.45998
Costa Rica,CRI,1992,3501782568.15135
Costa Rica,CRI,1991,2744397951.67895
Costa Rica,CRI,1990,2347212147.695
Costa Rica,CRI,1989,2033817038.58957
Costa Rica,CRI,1988,1652553107.27009
Costa Rica,CRI,1987,1621277680.42058
Costa Rica,CRI,1986,1347578853.0466
Costa Rica,CRI,1985,1272805940.59406
Costa Rica,CRI,1984,1243520405.00232
Costa Rica,CRI,1983,1157473273.51836
Costa Rica,CRI,1982,1099079476.92854
Costa Rica,CRI,1981,1264048112.48351
Costa Rica,CRI,1980,1778891481.91365
Costa Rica,CRI,1979,1500945157.52625
Costa Rica,CRI,1978,1269463243.87398
Costa Rica,CRI,1977,1116359393.23221
Costa Rica,CRI,1976,842240373.395566
Costa Rica,CRI,1975,755869311.551925
Costa Rica,CRI,1974,801954602.774275
Costa Rica,CRI,1973,563763567.140552
Costa Rica,CRI,1972,453262999.246421
Costa Rica,CRI,1971,399678048.028074
Costa Rica,CRI,1970,340543396.226415
Costa Rica,CRI,1969,272754716.981132
Costa Rica,CRI,1968,251154716.981132
Costa Rica,CRI,1967,218369811.320755
Costa Rica,CRI,1966,199200000.0
Costa Rica,CRI,1965,196800000.0
Costa Rica,CRI,1964,155005187.891911
Costa Rica,CRI,1963,138870092.179065
Costa Rica,CRI,1962,124825190.598638
Costa Rica,CRI,1961,122861638.37836
Costa Rica,CRI,1960,132338590.919575
Cote d'Ivoire,CIV,2024,21984235109.7114
Cote d'Ivoire,CIV,2023,21311191334.5497
Cote d'Ivoire,CIV,2022,20283240452.5601
Cote d'Ivoire,CIV,2021,16610109080.0793
Cote d'Ivoire,CIV,2020,13203807830.5952
Cote d'Ivoire,CIV,2019,13284189624.8842
Cote d'Ivoire,CIV,2018,13661660616.8006
Cote d'Ivoire,CIV,2017,12162908637.504
Cote d'Ivoire,CIV,2016,10951792955.9274
Cote d'Ivoire,CIV,2015,11618672335.5396
Cote d'Ivoire,CIV,2014,12466424412.7778
Cote d'Ivoire,CIV,2013,12482686215.408
Cote d'Ivoire,CIV,2012,12821464752.2405
Cote d'Ivoire,CIV,2011,10800620106.4234
Cote d'Ivoire,CIV,2010,11869039598.9273
Cote d'Ivoire,CIV,2009,10593072868.4675
Cote d'Ivoire,CIV,2008,10539361094.8121
Cote d'Ivoire,CIV,2007,8898369156.89254
Cote d'Ivoire,CIV,2006,7799176142.0585
Cote d'Ivoire,CIV,2005,7437492764.43435
Cote d'Ivoire,CIV,2004,6577555506.55978
Cote d'Ivoire,CIV,2003,5210727693.41797
Cote d'Ivoire,CIV,2002,4430687717.01538
Cote d'Ivoire,CIV,2001,4310942884.96073
Cote d'Ivoire,CIV,2000,4504767963.76507
Cote d'Ivoire,CIV,1999,5124618233.32209
Cote d'Ivoire,CIV,1998,5193200980.87678
Cote d'Ivoire,CIV,1997,4664272133.84772
Cote d'Ivoire,CIV,1996,4472517351.15402
Cote d'Ivoire,CIV,1995,3788785245.21281
Cote d'Ivoire,CIV,1994,2436641866.04791
Cote d'Ivoire,CIV,1993,2861522279.0438
Cote d'Ivoire,CIV,1992,3135722383.40696
Cote d'Ivoire,CIV,1991,2831550713.63389
Cote d'Ivoire,CIV,1990,2926930087.2649
Cote d'Ivoire,CIV,1989,2835035997.91929
Cote d'Ivoire,CIV,1988,2860181526.21554
Cote d'Ivoire,CIV,1987,2987989286.97401
Cote d'Ivoire,CIV,1986,2764108254.99527
Cote d'Ivoire,CIV,1985,2260591396.00163
Cote d'Ivoire,CIV,1984,2175044039.26407
Cote d'Ivoire,CIV,1983,2442621281.52507
Cote d'Ivoire,CIV,1982,2975902018.21266
Cote d'Ivoire,CIV,1981,3565652807.22214
Cote d'Ivoire,CIV,1980,4190183015.10527
Cote d'Ivoire,CIV,1979,3443467185.68986
Cote d'Ivoire,CIV,1978,2957601064.73636
Cote d'Ivoire,CIV,1977,2276134494.58685
Cote d'Ivoire,CIV,1976,1689889783.19501
Cote d'Ivoire,CIV,1975,1424552666.21841
Cote d'Ivoire,CIV,1974,1178207291.35174
Cote d'Ivoire,CIV,1973,833598100.182367
Cote d'Ivoire,CIV,1972,536449117.143812
Cote d'Ivoire,CIV,1971,450325383.145092
Cote d'Ivoire,CIV,1970,423656563.999127
Cote d'Ivoire,CIV,1969,368517421.799507
Cote d'Ivoire,CIV,1968,358694227.214806
Cote d'Ivoire,CIV,1967,311787396.924478
Cote d'Ivoire,CIV,1966,293880199.994923
Cote d'Ivoire,CIV,1965,277073905.219018
Cote d'Ivoire,CIV,1964,227712367.620402
Cote d'Ivoire,CIV,1963,178997280.471294
Cote d'Ivoire,CIV,1962,166140935.0282
Cote d'Ivoire,CIV,1961,173748887.619724
Cote d'Ivoire,CIV,1960,125105306.243455
Croatia,HRV,2024,50928383013.6826
Croatia,HRV,2023,46845527798.5928
Croatia,HRV,2022,46917661961.8646
Croatia,HRV,2021,36255052908.0817
Croatia,HRV,2020,27975903223.6326
Croatia,HRV,2019,31288345110.4722
Croatia,HRV,2018,30817766728.866
Croatia,HRV,2017,27152154619.7374
Croatia,HRV,2016,23966071080.6886
Croatia,HRV,2015,23062291871.693
Croatia,HRV,2014,25511424828.8561
Croatia,HRV,2013,24805948031.4229
Croatia,HRV,2012,23194045078.5077
Croatia,HRV,2011,24987136531.4989
Croatia,HRV,2010,21905347346.8749
Croatia,HRV,2009,23431161212.3038
Croatia,HRV,2008,31568789031.3604
Croatia,HRV,2007,27152998858.374
Croatia,HRV,2006,22794389477.0677
Croatia,HRV,2005,20296273174.4701
Croatia,HRV,2004,18860941159.7877
Croatia,HRV,2003,16176523867.7537
Croatia,HRV,2002,12113074049.9087
Croatia,HRV,2001,9758831510.7875
Croatia,HRV,2000,8745784136.24945
Croatia,HRV,1999,8589840790.73862
Croatia,HRV,1998,9281097315.4922
Croatia,HRV,1997,10598602755.3659
Croatia,HRV,1996,8874756163.04613
Croatia,HRV,1995,8083643729.7414
Cuba,CUB,2020,8067000000.0
Cuba,CUB,2019,10971100000.0
Cuba,CUB,2018,12567100000.0
Cuba,CUB,2017,11303600000.0
Cuba,CUB,2016,11226300000.0
Cuba,CUB,2015,12605000000.0
Cuba,CUB,2014,13865000000.0
Cuba,CUB,2013,15602000000.0
Cuba,CUB,2012,14888000000.0
Cuba,CUB,2011,15079000000.0
Cuba,CUB,2010,10555555555.5556
Cuba,CUB,2009,8883333333.33333
Cuba,CUB,2008,13709351851.8519
Cuba,CUB,2007,9567222222.22222
Cuba,CUB,2006,9022222222.22222
Cuba,CUB,2005,7822300000.0
Cuba,CUB,2004,5841100000.0
Cuba,CUB,2003,4895200000.0
Cuba,CUB,2002,4434700000.0
Cuba,CUB,2001,5109300000.0
Cuba,CUB,2000,5179600000.0
Cuba,CUB,1999,4916000000.0
Cuba,CUB,1998,4697400000.0
Cuba,CUB,1997,4522800000.0
Cuba,CUB,1996,4331000000.0
Cuba,CUB,1995,4840440188.94421
Cuba,CUB,1994,4135300810.81081
Cuba,CUB,1993,3516494864.86486
Cuba,CUB,1992,4025942837.83784
Cuba,CUB,1991,7067591647.33179
Cuba,CUB,1990,11708950531.9149
Cuba,CUB,1989,12096964757.1447
Cuba,CUB,1988,11837456728.2322
Cuba,CUB,1987,11073229683.327
Cuba,CUB,1986,10606362970.9623
Cuba,CUB,1985,10307791680.3144
Cuba,CUB,1984,10603443141.7188
Cuba,CUB,1983,9765161117.57858
Cuba,CUB,1982,9251183529.41176
Cuba,CUB,1981,8905963975.90361
Cuba,CUB,1980,8817697500.0
Cuba,CUB,1979,8645207123.28767
Cuba,CUB,1978,7878465454.54545
Cuba,CUB,1977,6276949156.62651
Cuba,CUB,1976,6093814738.12424
Cuba,CUB,1975,5756838292.68293
Cuba,CUB,1974,5038233170.73171
Cuba,CUB,1973,4412339083.23281
Cuba,CUB,1972,3594369359.91605
Cuba,CUB,1971,3055095900.0
Cuba,CUB,1970,2515236800.0
Curacao,CUW,2018,2803351955.30726
Curacao,CUW,2017,2432290502.7933
Curacao,CUW,2016,2300502793.29609
Curacao,CUW,2015,2441508379.88827
Curacao,CUW,2014,2705363128.49162
Curacao,CUW,2013,2794134078.21229
Curacao,CUW,2012,3086368715.0838
Curacao,CUW,2011,2928268156.42458
Curacao,CUW,2010,2608770949.72067
Curacao,CUW,2009,2410614525.13966
Curacao,CUW,2008,2756201117.31844
Curacao,CUW,2007,2209832402.23464
Curacao,CUW,2006,1994692737.43017
Curacao,CUW,2005,1768212290.50279
Cyprus,CYP,2024,35144118888.6123
Cyprus,CYP,2023,33093940573.5046
Cyprus,CYP,2022,31557519607.7605
Cyprus,CYP,2021,26141704139.8283
Cyprus,CYP,2020,20705111101.4659
Cyprus,CYP,2019,19581301859.6716
Cyprus,CYP,2018,18829376940.4551
Cyprus,CYP,2017,17021049337.6683
Cyprus,CYP,2016,14424834047.4707
Cyprus,CYP,2015,13390806128.0645
Cyprus,CYP,2014,15071915751.7722
Cyprus,CYP,2013,14287083385.9047
Cyprus,CYP,2012,14293543422.0095
Cyprus,CYP,2011,15800751377.3395
Cyprus,CYP,2010,15110295648.07
Cyprus,CYP,2009,14083949129.5167
Cyprus,CYP,2008,17498754943.6063
Cyprus,CYP,2007,13905730906.1046
Cyprus,CYP,2006,11315149918.4544
Cyprus,CYP,2005,10364178584.7531
Cyprus,CYP,2004,9875106250.0
Cyprus,CYP,2003,8181782559.4564
Cyprus,CYP,2002,6993294230.76923
Cyprus,CYP,2001,6617244990.89253
Cyprus,CYP,2000,6743650329.87747
Cyprus,CYP,1999,6748355987.05502
Cyprus,CYP,1998,6785841628.95928
Cyprus,CYP,1997,6738597491.44812
Cyprus,CYP,1996,7072548306.14806
Cyprus,CYP,1995,6717504527.81371
Cyprus,CYP,1994,3570773571.42857
Cyprus,CYP,1993,3158397055.35925
Cyprus,CYP,1992,4191531290.74316
Cyprus,CYP,1991,3294451136.36364
Cyprus,CYP,1990,3192962740.07682
Cyprus,CYP,1989,2732346863.90533
Cyprus,CYP,1988,2289354454.20326
Cyprus,CYP,1987,1862396345.91961
Cyprus,CYP,1986,1496618983.05085
Cyprus,CYP,1985,1429846928.98273
Cyprus,CYP,1984,1528712761.71486
Cyprus,CYP,1983,1382085650.72303
Cyprus,CYP,1982,1387106288.53268
Cyprus,CYP,1981,1321842817.29428
Cyprus,CYP,1980,1358664013.267
Cyprus,CYP,1979,821755787.35584
Cyprus,CYP,1978,606583587.872145
Cyprus,CYP,1977,497964859.776602
Cyprus,CYP,1976,360768050.085833
Cyprus,CYP,1975,277744158.232028
Czechia,CZE,2024,217301727912.937
Czechia,CZE,2023,219076391730.518
Czechia,CZE,2022,216117395213.426
Czechia,CZE,2021,194451452690.495
Czechia,CZE,2020,153225751553.732
Czechia,CZE,2019,169560596975.875
Czechia,CZE,2018,175215168028.716
Czechia,CZE,2017,155241626146.102
Czechia,CZE,2016,139581736162.494
Czechia,CZE,2015,139950729203.72
Czechia,CZE,2014,158318631819.824
Czechia,CZE,2013,148950542267.945
Czechia,CZE,2012,148043927978.547
Czechia,CZE,2011,153901041200.653
Czechia,CZE,2010,130639247051.431
Czechia,CZE,2009,112951738970.781
Czechia,CZE,2008,143962757077.503
Czechia,CZE,2007,121105712610.317
Czechia,CZE,2006,97122758413.1424
Czechia,CZE,2005,81579428485.5619
Czechia,CZE,2004,67612627335.6213
Czechia,CZE,2003,48289127583.3954
Czechia,CZE,2002,38081836120.054
Czechia,CZE,2001,34009759252.4917
Czechia,CZE,2000,30886476402.6894
Czechia,CZE,1999,28180143017.4838
Czechia,CZE,1998,28302510439.5128
Czechia,CZE,1997,27602007659.6443
Czechia,CZE,1996,28952706187.4659
Czechia,CZE,1995,26029502637.5283
Czechia,CZE,1994,18295180997.0471
Czechia,CZE,1993,15861421534.662
Czechia,CZE,1992,13453377891.758
Czechia,CZE,1991,9807155002.20511
Czechia,CZE,1990,12452629309.8646
Denmark,DNK,2024,257954032293.244
Denmark,DNK,2023,244049390819.477
Denmark,DNK,2022,245032442023.852
Denmark,DNK,2021,215701858421.281
Denmark,DNK,2020,175669403452.283
Denmark,DNK,2019,182858534958.076
Denmark,DNK,2018,184150748807.726
Denmark,DNK,2017,162057186530.798
Denmark,DNK,2016,148938310649.103
Denmark,DNK,2015,148815553500.626
Denmark,DNK,2014,170691434960.267
Denmark,DNK,2013,167807403980.041
Denmark,DNK,2012,161048079536.101
Denmark,DNK,2011,165028065711.771
Denmark,DNK,2010,141177531238.47
Denmark,DNK,2009,136777444458.953
Denmark,DNK,2008,179262473078.206
Denmark,DNK,2007,155784301118.724
Denmark,DNK,2006,132470258290.173
Denmark,DNK,2005,111425808501.059
Denmark,DNK,2004,96223902121.4802
Denmark,DNK,2003,80789965238.247
Denmark,DNK,2002,69404219159.6894
Denmark,DNK,2001,63303119743.3556
Denmark,DNK,2000,62604702032.636
Denmark,DNK,1999,59349185803.1593
Denmark,DNK,1998,60376476241.6428
Denmark,DNK,1997,57971293814.8232
Denmark,DNK,1996,58923841033.3351
Denmark,DNK,1995,59022090532.6289
Denmark,DNK,1994,48298831713.9893
Denmark,DNK,1993,41582171224.1089
Denmark,DNK,1992,45947462931.363
Denmark,DNK,1991,43805725318.5336
Denmark,DNK,1990,42672845231.5548
Denmark,DNK,1989,35549320948.8112
Denmark,DNK,1988,34827127089.0589
Denmark,DNK,1987,32440355247.5769
Denmark,DNK,1986,28623980348.5354
Denmark,DNK,1985,22341632158.0914
Denmark,DNK,1984,20459800030.8982
Denmark,DNK,1983,20444406670.3116
Denmark,DNK,1982,21123371537.6122
Denmark,DNK,1981,21452392256.5067
Denmark,DNK,1980,23438722475.5585
Denmark,DNK,1979,22246206424.6341
Denmark,DNK,1978,17888293983.2445
Denmark,DNK,1977,15893622567.9638
Denmark,DNK,1976,14607323076.9231
Denmark,DNK,1975,12275876057.2204
Denmark,DNK,1974,11616217493.3141
Denmark,DNK,1973,9178240681.04802
Denmark,DNK,1972,6229703998.96392
Denmark,DNK,1971,5506203762.30424
Denmark,DNK,1970,5119854666.66667
Denmark,DNK,1969,4438459866.66667
Denmark,DNK,1968,3829653733.33333
Denmark,DNK,1967,3762160847.04029
Denmark,DNK,1966,3533468958.79869
Djibouti,DJI,2024,4767585147.50648
Djibouti,DJI,2023,5269169090.8784
Djibouti,DJI,2022,5096060679.37948
Djibouti,DJI,2021,4096786536.2
Djibouti,DJI,2020,3414846866.71806
Djibouti,DJI,2019,4763668896.7539
Djibouti,DJI,2018,4188947845.21807
Djibouti,DJI,2017,4306024611.61033
Djibouti,DJI,2016,2847423770.96685
Djibouti,DJI,2015,2980599355.73174
Djibouti,DJI,2014,3122554694.71813
Djibouti,DJI,2013,3911141620.85516
Dominican Republic,DOM,2024,36061223105.1343
Dominican Republic,DOM,2023,34354476733.3362
Dominican Republic,DOM,2022,36712443290.8362
Dominican Republic,DOM,2021,28855223090.105
Dominican Republic,DOM,2020,20371828906.5741
Dominican Republic,DOM,2019,24593322194.2051
Dominican Republic,DOM,2018,24089276069.9845
Dominican Republic,DOM,2017,21016707908.4144
Dominican Republic,DOM,2016,20804844202.6132
Dominican Republic,DOM,2015,20090901341.7745
Dominican Republic,DOM,2014,20273979988.3228
Dominican Republic,DOM,2013,19661135223.9312
Dominican Republic,DOM,2012,20433273135.4218
Dominican Republic,DOM,2011,20132557519.7272
Dominican Republic,DOM,2010,17906216036.6345
Dominican Republic,DOM,2009,14253867213.8943
Dominican Republic,DOM,2008,18024743516.105
Dominican Republic,DOM,2007,15153678844.3438
Dominican Republic,DOM,2006,13463084948.7095
Dominican Republic,DOM,2005,11921949245.922
Dominican Republic,DOM,2004,8974480635.31123
Dominican Republic,DOM,2003,9052791964.58972
Dominican Republic,DOM,2002,10312030141.0035
Dominican Republic,DOM,2001,9887410923.34882
Dominican Republic,DOM,2000,10646556076.7145
Dominican Republic,DOM,1999,9147200120.2443
Dominican Republic,DOM,1998,9015949073.63482
Dominican Republic,DOM,1997,7808997351.90567
Dominican Republic,DOM,1996,6887267086.21176
Dominican Republic,DOM,1995,6433877233.87723
Dominican Republic,DOM,1994,5996926315.58924
Dominican Republic,DOM,1993,5443488000.0
Dominican Republic,DOM,1992,5067032000.0
Dominican Republic,DOM,1991,4225814431.53379
Dominican Republic,DOM,1990,2729569106.07251
Dominican Republic,DOM,1989,2594465299.68454
Dominican Republic,DOM,1988,1981547781.3804
Dominican Republic,DOM,1987,1895596549.89989
Dominican Republic,DOM,1986,1621540298.58146
Dominican Republic,DOM,1985,1555450606.05126
Dominican Republic,DOM,1984,3479368010.0
Dominican Republic,DOM,1983,2246418800.0
Dominican Republic,DOM,1982,2036678800.0
Dominican Republic,DOM,1981,2192903500.0
Dominican Republic,DOM,1980,2303519820.0
Dominican Republic,DOM,1979,1746830300.0
Dominican Republic,DOM,1978,1395042000.0
Dominican Republic,DOM,1977,1297114920.0
Dominican Republic,DOM,1976,1152879210.0
Dominican Republic,DOM,1975,1160205950.0
Dominican Republic,DOM,1974,1023192000.0
Dominican Republic,DOM,1973,632490400.0
Dominican Republic,DOM,1972,489759560.0
Dominican Republic,DOM,1971,461715440.0
Dominican Republic,DOM,1970,414895190.0
Dominican Republic,DOM,1969,321300000.0
Dominican Republic,DOM,1968,287500000.0
Dominican Republic,DOM,1967,258800000.0
Dominican Republic,DOM,1966,249300000.0
Dominican Republic,DOM,1965,180000000.0
Dominican Republic,DOM,1964,287500000.0
Dominican Republic,DOM,1963,244400000.0
Dominican Republic,DOM,1962,199300000.0
Dominican Republic,DOM,1961,106900000.0
Dominican Republic,DOM,1960,126500000.0
Ecuador,ECU,2024,33568458200.0
Ecuador,ECU,2023,34444318000.0
Ecuador,ECU,2022,35949643000.0
Ecuador,ECU,2021,28075880000.0
Ecuador,ECU,2020,19849664000.0
Ecuador,ECU,2019,25859813000.0
Ecuador,ECU,2018,26295241000.0
Ecuador,ECU,2017,23120886000.0
Ecuador,ECU,2016,19529599000.0
Ecuador,ECU,2015,24373891000.0
Ecuador,ECU,2014,30888617000.0
Ecuador,ECU,2013,29992847000.0
Ecuador,ECU,2012,28225697000.0
Ecuador,ECU,2011,26794099000.0
Ecuador,ECU,2010,22688729000.0
Ecuador,ECU,2009,16849260000.0
Ecuador,ECU,2008,20979384000.0
Ecuador,ECU,2007,15636624000.0
Ecuador,ECU,2006,13771502000.0
Ecuador,ECU,2005,11814190000.0
Ecuador,ECU,2004,9493787000.0
Ecuador,ECU,2003,7901011000.0
Ecuador,ECU,2002,7867963000.0
Ecuador,ECU,2001,6596149000.0
Ecuador,ECU,2000,4885305652.82641
Ecuador,ECU,1999,4483779889.94497
Ecuador,ECU,1998,7136267133.56678
Ecuador,ECU,1997,6613086543.27164
Ecuador,ECU,1996,5535280640.32016
Ecuador,ECU,1995,6016443221.61081
Ecuador,ECU,1994,5336068034.01701
Ecuador,ECU,1993,4381543771.88594
Ecuador,ECU,1992,3740586293.14657
Ecuador,ECU,1991,3656282141.07054
Ecuador,ECU,1990,3326815544.64589
Ecuador,ECU,1989,3449082110.33085
Ecuador,ECU,1988,3087611966.13178
Ecuador,ECU,1987,3118843926.24067
Ecuador,ECU,1986,2677095328.66243
Ecuador,ECU,1985,2750017258.26671
Ecuador,ECU,1984,2652199403.51428
Ecuador,ECU,1983,2627142401.21018
Ecuador,ECU,1982,3538834101.53464
Ecuador,ECU,1981,3336485176.3995
Ecuador,ECU,1980,3196674206.94513
Ecuador,ECU,1979,2575839827.27727
Ecuador,ECU,1978,2213274158.32184
Ecuador,ECU,1977,2000105050.3191
Ecuador,ECU,1976,1634569959.01037
Ecuador,ECU,1975,1494854035.0828
Ecuador,ECU,1974,1237513769.0954
Ecuador,ECU,1973,648350559.918201
Ecuador,ECU,1972,495423307.764419
Ecuador,ECU,1971,459682187.767941
Ecuador,ECU,1970,372412385.53267
Ecuador,ECU,1969,376645413.1529
Ecuador,ECU,1968,359393149.318524
Ecuador,ECU,1967,307238167.082032
Ecuador,ECU,1966,270002331.116605
Ecuador,ECU,1965,245638660.91858
Ecuador,ECU,1964,227656462.445511
Ecuador,ECU,1963,181649471.096655
Ecuador,ECU,1962,163881255.121203
Ecuador,ECU,1961,178045080.531353
Ecuador,ECU,1960,214480836.416811
"Egypt, Arab Rep.",EGY,2024,90357257459.4849
"Egypt, Arab Rep.",EGY,2023,84507686602.5298
"Egypt, Arab Rep.",EGY,2022,104389057750.76
"Egypt, Arab Rep.",EGY,2021,81943913320.5864
"Egypt, Arab Rep.",EGY,2020,75433562071.1167
"Egypt, Arab Rep.",EGY,2019,78012528473.8041
"Egypt, Arab Rep.",EGY,2018,73331457512.6618
"Egypt, Arab Rep.",EGY,2017,69089673913.0435
"Egypt, Arab Rep.",EGY,2016,66159509202.454
"Egypt, Arab Rep.",EGY,2015,71347708894.8787
"Egypt, Arab Rep.",EGY,2014,69296987087.5179
"Egypt, Arab Rep.",EGY,2013,67364341085.2713
"Egypt, Arab Rep.",EGY,2012,67866666666.6667
"Egypt, Arab Rep.",EGY,2011,58261617900.1721
"Egypt, Arab Rep.",EGY,2010,58221415607.9855
"Egypt, Arab Rep.",EGY,2009,59764065335.7532
"Egypt, Arab Rep.",EGY,2008,62909090909.0909
"Egypt, Arab Rep.",EGY,2007,45429071803.8529
"Egypt, Arab Rep.",EGY,2006,33913043478.2609
"Egypt, Arab Rep.",EGY,2005,29237429237.4292
"Egypt, Arab Rep.",EGY,2004,23311688311.6883
"Egypt, Arab Rep.",EGY,2003,19576923076.9231
"Egypt, Arab Rep.",EGY,2002,19303370786.5169
"Egypt, Arab Rep.",EGY,2001,21590296495.9569
"Egypt, Arab Rep.",EGY,2000,22779979451.0495
"Egypt, Arab Rep.",EGY,1999,21144205249.189
"Egypt, Arab Rep.",EGY,1998,21812278630.4604
"Egypt, Arab Rep.",EGY,1997,19528023598.8201
"Egypt, Arab Rep.",EGY,1996,17718160377.3585
"Egypt, Arab Rep.",EGY,1995,16661751695.665
"Egypt, Arab Rep.",EGY,1994,14561091340.4508
"Egypt, Arab Rep.",EGY,1993,14015606242.497
"Egypt, Arab Rep.",EGY,1992,12938946228.1467
"Egypt, Arab Rep.",EGY,1991,13226985709.5381
"Egypt, Arab Rep.",EGY,1990,13997308209.9596
"Egypt, Arab Rep.",EGY,1989,12856257744.7336
"Egypt, Arab Rep.",EGY,1988,12322544009.0857
"Egypt, Arab Rep.",EGY,1987,9190887666.92852
"Egypt, Arab Rep.",EGY,1986,9167446211.41253
"Egypt, Arab Rep.",EGY,1985,10888912155.7952
"Egypt, Arab Rep.",EGY,1984,10857880025.8009
"Egypt, Arab Rep.",EGY,1983,10593713620.4889
"Egypt, Arab Rep.",EGY,1982,10472660098.5222
"Egypt, Arab Rep.",EGY,1981,9628783783.78378
"Egypt, Arab Rep.",EGY,1980,9289542759.72222
"Egypt, Arab Rep.",EGY,1979,7743714285.71429
"Egypt, Arab Rep.",EGY,1978,5026531231.04912
"Egypt, Arab Rep.",EGY,1977,4516926854.93773
"Egypt, Arab Rep.",EGY,1976,3717576961.2711
"Egypt, Arab Rep.",EGY,1975,4134809294.16922
"Egypt, Arab Rep.",EGY,1974,2888427176.39726
"Egypt, Arab Rep.",EGY,1973,1834007074.27994
"Egypt, Arab Rep.",EGY,1972,1615822130.2999
"Egypt, Arab Rep.",EGY,1971,1530986993.114
"Egypt, Arab Rep.",EGY,1970,1374780205.9784
"Egypt, Arab Rep.",EGY,1969,1078692493.94673
"Egypt, Arab Rep.",EGY,1968,1035981308.41121
"Egypt, Arab Rep.",EGY,1967,1071428571.42857
"Egypt, Arab Rep.",EGY,1966,1081156917.76387
"Egypt, Arab Rep.",EGY,1965,996286588.029707
"Egypt, Arab Rep.",EGY,1964,1171388945.74995
"Egypt, Arab Rep.",EGY,1963,987619111.1428
"Egypt, Arab Rep.",EGY,1962,787660480.260279
"Egypt, Arab Rep.",EGY,1961,887313994.291326
"Egypt, Arab Rep.",EGY,1960,918039753.964197
El Salvador,SLV,2024,18354040000.0
El Salvador,SLV,2023,17034500000.0
El Salvador,SLV,2022,17932560000.0
El Salvador,SLV,2021,15411330000.0
El Salvador,SLV,2020,10450130000.0
El Salvador,SLV,2019,12388470000.0
El Salvador,SLV,2018,12151540000.0
El Salvador,SLV,2017,11309300000.0
El Salvador,SLV,2016,10731440000.0
El Salvador,SLV,2015,11033340000.0
El Salvador,SLV,2014,10969480000.0
El Salvador,SLV,2013,11155200000.0
El Salvador,SLV,2012,10495790000.0
El Salvador,SLV,2011,10201700000.0
El Salvador,SLV,2010,8595000000.0
El Salvador,SLV,2009,7413800000.0
El Salvador,SLV,2008,9699500000.0
El Salvador,SLV,2007,8855300000.0
El Salvador,SLV,2006,7602490000.0
El Salvador,SLV,2005,6533150000.0
El Salvador,SLV,2004,6021905400.0
El Salvador,SLV,2003,5603962500.0
El Salvador,SLV,2002,5117092900.0
El Salvador,SLV,2001,5021277400.0
El Salvador,SLV,2000,4935859900.0
El Salvador,SLV,1999,4129349000.0
El Salvador,SLV,1998,3990321100.0
El Salvador,SLV,1997,3836743500.0
El Salvador,SLV,1996,3272855600.0
El Salvador,SLV,1995,3373053900.0
El Salvador,SLV,1994,2705134100.0
El Salvador,SLV,1993,2281645100.0
El Salvador,SLV,1992,1891815600.0
El Salvador,SLV,1991,1603417100.0
El Salvador,SLV,1990,1499153633.0
El Salvador,SLV,1989,1035800000.0
El Salvador,SLV,1988,933715700.0
El Salvador,SLV,1987,1033141700.0
El Salvador,SLV,1986,1095515800.0
El Salvador,SLV,1985,1135807500.0
El Salvador,SLV,1984,1044917600.0
El Salvador,SLV,1983,1048723500.0
El Salvador,SLV,1982,967760600.0
El Salvador,SLV,1981,1154480000.0
El Salvador,SLV,1980,1188160000.0
El Salvador,SLV,1979,1286440000.0
El Salvador,SLV,1978,1236480000.0
El Salvador,SLV,1977,1102320000.0
El Salvador,SLV,1976,857200000.0
El Salvador,SLV,1975,720040000.0
El Salvador,SLV,1974,680200000.0
El Salvador,SLV,1973,475720000.0
El Salvador,SLV,1972,355440000.0
El Salvador,SLV,1971,315680000.0
El Salvador,SLV,1970,278120000.0
El Salvador,SLV,1969,270680000.0
El Salvador,SLV,1968,273680000.0
El Salvador,SLV,1967,279760000.0
El Salvador,SLV,1966,276800000.0
El Salvador,SLV,1965,252880000.0
Equatorial Guinea,GNQ,2024,3239596744.42796
Equatorial Guinea,GNQ,2023,3064765428.87277
Equatorial Guinea,GNQ,2022,3948328171.97339
Equatorial Guinea,GNQ,2021,3889425323.4954
Equatorial Guinea,GNQ,2020,3668867869.71132
Equatorial Guinea,GNQ,2019,4971586017.96072
Equatorial Guinea,GNQ,2018,5766764651.86857
Equatorial Guinea,GNQ,2017,5315346803.4256
Equatorial Guinea,GNQ,2016,4629853195.02921
Equatorial Guinea,GNQ,2015,5566862109.01057
Equatorial Guinea,GNQ,2014,8361396882.95868
Equatorial Guinea,GNQ,2013,8612715607.16961
Equatorial Guinea,GNQ,2012,10023358088.2508
Equatorial Guinea,GNQ,2011,8389598996.94222
Equatorial Guinea,GNQ,2010,9610804662.07993
Equatorial Guinea,GNQ,2009,7193785588.44253
Equatorial Guinea,GNQ,2008,7794030128.71889
Equatorial Guinea,GNQ,2007,5942729602.80161
Equatorial Guinea,GNQ,2006,3652042752.38717
Equatorial Guinea,GNQ,2005,3583355427.56045
Eritrea,ERI,2011,603784852.03252
Eritrea,ERI,2010,494229450.406504
Eritrea,ERI,2009,435274751.219512
Eritrea,ERI,2008,360673606.504065
Eritrea,ERI,2007,379414634.146341
Eritrea,ERI,2006,464617886.178862
Eritrea,ERI,2005,603478012.016853
Eritrea,ERI,2004,663164475.067996
Eritrea,ERI,2003,587987562.375292
Eritrea,ERI,2002,472665962.373069
Eritrea,ERI,2001,460870323.336621
Eritrea,ERI,2000,411183688.311688
Eritrea,ERI,1999,597463420.713284
Eritrea,ERI,1998,597112441.981926
Eritrea,ERI,1997,589008180.669176
Eritrea,ERI,1996,606037723.976277
Eritrea,ERI,1995,479375000.0
Eritrea,ERI,1994,440568181.818182
Eritrea,ERI,1993,334544480.991356
Eritrea,ERI,1992,214474287.085724
Estonia,EST,2024,32506629311.0508
Estonia,EST,2023,31856671495.2359
Estonia,EST,2022,33737756551.9943
Estonia,EST,2021,30079327378.1584
Estonia,EST,2020,22032093730.3954
Estonia,EST,2019,21780286721.0117
Estonia,EST,2018,22038410927.6141
Estonia,EST,2017,19319297993.7894
Estonia,EST,2016,17750100181.8526
Estonia,EST,2015,16894724760.0449
Estonia,EST,2014,20931419952.3882
Estonia,EST,2013,20652882303.2891
Estonia,EST,2012,19463181363.7594
Estonia,EST,2011,18754165287.2471
Estonia,EST,2010,13398749270.939
Estonia,EST,2009,10974937482.6341
Estonia,EST,2008,17111419364.2889
Estonia,EST,2007,16026215439.3649
Estonia,EST,2006,12490779074.1438
Estonia,EST,2005,9945822658.87327
Estonia,EST,2004,8368396273.29193
Estonia,EST,2003,6478792908.76242
Estonia,EST,2002,4815881134.03033
Estonia,EST,2001,4078345716.58759
Estonia,EST,2000,3688783746.42956
Estonia,EST,1999,4274527257.2402
Estonia,EST,1998,4721055734.78696
Estonia,EST,1997,4158018485.12173
Estonia,EST,1996,3431489140.33034
Estonia,EST,1995,3295549960.6609
Estonia,EST,1994,3259065901.44469
Estonia,EST,1993,2728885948.66367
Eswatini,SWZ,2024,2610423259.22481
Eswatini,SWZ,2023,2367140007.21377
Eswatini,SWZ,2022,2282013573.53372
Eswatini,SWZ,2021,2178506943.75157
Eswatini,SWZ,2020,1670857423.22402
Eswatini,SWZ,2019,1933575697.79077
Eswatini,SWZ,2018,2072072242.65678
Eswatini,SWZ,2017,1951237992.70785
Eswatini,SWZ,2016,1640478256.01914
Eswatini,SWZ,2015,1696296266.36749
Eswatini,SWZ,2014,1983957521.55049
Eswatini,SWZ,2013,1936952297.32484
Ethiopia,ETH,2024,17760943866.582
Ethiopia,ETH,2023,19025475348.9097
Ethiopia,ETH,2022,22598141428.0
Ethiopia,ETH,2021,18229409472.3618
Ethiopia,ETH,2020,16655574514.6199
Ethiopia,ETH,2019,19170757494.8805
Ethiopia,ETH,2018,19023285015.1515
Ethiopia,ETH,2017,17926383870.8333
Ethiopia,ETH,2016,18548030816.5939
Ethiopia,ETH,2015,18812870813.3971
Ethiopia,ETH,2014,16182860468.0423
Ethiopia,ETH,2013,13812145920.3289
Ethiopia,ETH,2012,13699443639.5248
Ethiopia,ETH,2011,10079844913.1514
Faroe Islands,FRO,2024,2074963892.91124
Faroe Islands,FRO,2023,2213738519.19749
Faroe Islands,FRO,2022,2222973772.42022
Faroe Islands,FRO,2021,1905548674.37443
Faroe Islands,FRO,2020,1596508304.91251
Faroe Islands,FRO,2019,1726424994.45606
Faroe Islands,FRO,2018,1723651102.3072
Faroe Islands,FRO,2017,1516062731.89646
Faroe Islands,FRO,2016,1407099940.90662
Faroe Islands,FRO,2015,1348576905.12072
Faroe Islands,FRO,2014,1536507920.67018
Faroe Islands,FRO,2013,1576924501.34537
Faroe Islands,FRO,2012,1567947799.87004
Faroe Islands,FRO,2011,1338365701.12161
Faroe Islands,FRO,2010,1176620155.31443
Faroe Islands,FRO,2009,1221556140.07958
Faroe Islands,FRO,2008,1432211137.76794
Faroe Islands,FRO,2007,1342046523.12829
Faroe Islands,FRO,2006,1121733483.24084
Faroe Islands,FRO,2005,1036783943.73102
Faroe Islands,FRO,2004,857444687.974092
Faroe Islands,FRO,2003,923482389.001397
Faroe Islands,FRO,2002,631929161.715041
Faroe Islands,FRO,2001,618901028.341726
Faroe Islands,FRO,2000,631833355.931801
Faroe Islands,FRO,1999,583351490.201025
Faroe Islands,FRO,1998,496684961.423418
Faroe Islands,FRO,1997,456509761.056886
Faroe Islands,FRO,1996,484076354.034165
Faroe Islands,FRO,1995,315223904.467522
Faroe Islands,FRO,1994,244161198.587796
Faroe Islands,FRO,1993,219928040.655534
Faroe Islands,FRO,1992,332828981.733835
Faroe Islands,FRO,1991,302667507.548709
Faroe Islands,FRO,1990,336750499.874123
Faroe Islands,FRO,1989,346092945.791311
Faroe Islands,FRO,1988,478494843.29331
Faroe Islands,FRO,1987,472638914.24915
Faroe Islands,FRO,1986,354962654.764706
Faroe Islands,FRO,1985,248197688.420738
Faroe Islands,FRO,1984,262586379.766626
Faroe Islands,FRO,1983,240481347.605334
Faroe Islands,FRO,1982,202389647.596707
Faroe Islands,FRO,1981,214266652.272724
Faroe Islands,FRO,1980,222110163.660307
Faroe Islands,FRO,1979,205837035.764209
Faroe Islands,FRO,1978,178797289.026906
Faroe Islands,FRO,1977,151702627.535484
Faroe Islands,FRO,1976,130603264.668053
Faroe Islands,FRO,1975,113328054.436449
Faroe Islands,FRO,1974,104480795.419121
Faroe Islands,FRO,1973,68154392.9250351
Faroe Islands,FRO,1972,46868083.8278202
Faroe Islands,FRO,1971,40596366.1465945
Faroe Islands,FRO,1970,30453333.3333333
Faroe Islands,FRO,1969,31266666.6666667
Faroe Islands,FRO,1968,28186666.6666667
Faroe Islands,FRO,1967,26780535.4525846
Faroe Islands,FRO,1966,28260611.4831899
Faroe Islands,FRO,1965,26392978.8595569
Finland,FIN,2024,124115485971.094
Finland,FIN,2023,126181886286.277
Finland,FIN,2022,135299901221.79
Finland,FIN,2021,117299452992.246
Finland,FIN,2020,97119792947.8602
Finland,FIN,2019,106661292345.098
Finland,FIN,2018,109532349829.804
Finland,FIN,2017,95883949215.2943
Finland,FIN,2016,86888573648.6384
Finland,FIN,2015,84376236306.25
Finland,FIN,2014,103434414065.098
Finland,FIN,2013,106039600487.059
Finland,FIN,2012,104252891990.625
Finland,FIN,2011,109358964445.526
Finland,FIN,2010,92409080250.0002
Finland,FIN,2009,86296583223.8281
Finland,FIN,2008,117956059349.219
Finland,FIN,2007,100068194989.412
Finland,FIN,2006,84467899655.294
Finland,FIN,2005,74385401475.4863
Finland,FIN,2004,63874383957.5291
Finland,FIN,2003,52757320690.196
Finland,FIN,2002,42352247164.706
Finland,FIN,2001,39524131051.1812
Finland,FIN,2000,41414786698.0393
Finland,FIN,1999,38733513445.1738
Finland,FIN,1998,39579439252.3364
Finland,FIN,1997,38637040430.6494
Finland,FIN,1996,38849339891.2762
Finland,FIN,1995,37987472766.8845
Finland,FIN,1994,29329538986.9095
Finland,FIN,1993,23895076506.7139
Finland,FIN,1992,27792673214.7598
Finland,FIN,1991,28389942655.4918
Finland,FIN,1990,33514227958.3269
Finland,FIN,1989,29576001108.4938
Finland,FIN,1988,26449182658.1379
Finland,FIN,1987,22422561882.8622
Finland,FIN,1986,17894675111.4239
Finland,FIN,1985,15264773599.386
Finland,FIN,1984,14340126632.3704
Finland,FIN,1983,14637062339.8804
Finland,FIN,1982,15153570988.035
Finland,FIN,1981,15896941306.1449
Finland,FIN,1980,17233025183.2961
Finland,FIN,1979,12688139215.387
Finland,FIN,1978,8979061371.84116
Finland,FIN,1977,8555407997.63907
Finland,FIN,1976,8192029543.00662
Finland,FIN,1975,8310974624.21206
Finland,FIN,1974,7338853001.41799
Finland,FIN,1973,4849296716.97526
Finland,FIN,1972,3558591912.81904
Finland,FIN,1971,3116111111.11111
Finland,FIN,1970,2901994620.61155
France,FRA,2024,1081453951068.75
France,FRA,2023,1105442442028.06
France,FRA,2022,1099664152806.23
France,FRA,2021,964103785591.845
France,FRA,2020,801836174373.076
France,FRA,2019,913209092423.528
France,FRA,2018,942517078079.137
France,FRA,2017,856501561408.354
France,FRA,2016,786690099965.255
France,FRA,2015,776983112152.851
France,FRA,2014,900072034980.075
France,FRA,2013,879403265969.571
France,FRA,2012,839869181339.766
France,FRA,2011,891743744380.352
France,FRA,2010,761083995458.335
France,FRA,2009,710610400819.062
France,FRA,2008,877476980121.484
France,FRA,2007,777995714258.042
France,FRA,2006,670822254333.176
France,FRA,2005,606331902819.611
France,FRA,2004,553011604110.426
France,FRA,2003,467250572392.979
France,FRA,2002,394028136001.569
France,FRA,2001,376341467532.402
France,FRA,2000,381449581352.471
France,FRA,1999,363754404231.893
France,FRA,1998,361782299310.652
France,FRA,1997,335869521240.728
France,FRA,1996,351587382997.82
France,FRA,1995,346832698120.647
France,FRA,1994,291034380907.372
France,FRA,1993,261684618948.344
France,FRA,1992,299027013630.731
France,FRA,1991,283762818276.945
France,FRA,1990,284198409830.141
France,FRA,1989,235996092946.741
France,FRA,1988,220384539147.671
France,FRA,1987,198155407617.592
France,FRA,1986,161558386210.815
France,FRA,1985,133894510147.467
France,FRA,1984,128606695188.771
France,FRA,1983,130312075049.488
France,FRA,1982,143140932228.765
France,FRA,1981,148003379601.69
France,FRA,1980,161433405774.604
France,FRA,1979,127256552574.776
France,FRA,1978,99531104651.1628
France,FRA,1977,85644958545.0655
France,FRA,1976,77268779022.1251
France,FRA,1975,66145785528.5299
France,FRA,1974,63613611565.7392
France,FRA,1973,45888332351.208
France,FRA,1972,33141612483.7451
France,FRA,1971,26488930981.4135
France,FRA,1970,23582378646.51
France,FRA,1969,21479310052.3483
France,FRA,1968,17932241724.698
France,FRA,1967,16105495990.7566
France,FRA,1966,14747626952.9443
France,FRA,1965,12990103309.8737
France,FRA,1964,12529464175.4221
France,FRA,1963,10693152240.8229
France,FRA,1962,9325584138.45481
France,FRA,1961,8539959909.43483
France,FRA,1960,7955890213.7183
French Polynesia,PYF,2024,2918236639.14728
French Polynesia,PYF,2023,2921687951.56516
French Polynesia,PYF,2022,2682544155.54484
French Polynesia,PYF,2021,2370137504.5533
French Polynesia,PYF,2020,2025525436.73512
French Polynesia,PYF,2019,2572340201.84497
French Polynesia,PYF,2018,2701628755.82569
French Polynesia,PYF,2017,2042882817.44474
French Polynesia,PYF,2016,1869204633.592
French Polynesia,PYF,2015,1918194296.23102
French Polynesia,PYF,2014,2247174999.95964
French Polynesia,PYF,2013,2264702276.02445
French Polynesia,PYF,2012,2197621627.66485
French Polynesia,PYF,2011,2357483449.81436
French Polynesia,PYF,2010,2292580622.87776
French Polynesia,PYF,2009,2302135492.16505
French Polynesia,PYF,2008,2790969258.66587
French Polynesia,PYF,2007,2458544921.96024
French Polynesia,PYF,2006,2137181197.34252
French Polynesia,PYF,2005,2191623599.96357
French Polynesia,PYF,2000,836843105.703222
French Polynesia,PYF,1999,919664519.824133
French Polynesia,PYF,1998,1084755370.52971
French Polynesia,PYF,1997,935719365.266404
French Polynesia,PYF,1996,1015821963.04079
French Polynesia,PYF,1995,1004626408.3807
French Polynesia,PYF,1994,870434183.477507
French Polynesia,PYF,1993,836135905.317507
French Polynesia,PYF,1992,893714422.030352
French Polynesia,PYF,1991,914656731.937215
Gabon,GAB,2024,5739732546.48916
Gabon,GAB,2023,5380346060.52183
Gabon,GAB,2022,5004762838.9401
Gabon,GAB,2021,4746351486.32402
Gabon,GAB,2020,3454238781.56546
Gabon,GAB,2019,3711865707.4978
Gabon,GAB,2018,3835211917.58144
Gabon,GAB,2017,3708781261.56288
Gabon,GAB,2016,3659959617.66242
Gabon,GAB,2015,4015443368.98422
Gabon,GAB,2014,5279047842.59101
Gabon,GAB,2013,5855446896.63501
Gabon,GAB,2012,5390232336.51445
Gabon,GAB,2011,5236192836.56012
Gabon,GAB,2010,4526528929.31083
Gabon,GAB,2009,3795566581.84437
Gabon,GAB,2008,4172990647.7744
Gabon,GAB,2007,3313621544.73204
Gabon,GAB,2006,2899740991.83975
Gabon,GAB,2005,2294207327.72711
Gabon,GAB,2004,2076853808.26088
Gabon,GAB,2003,1847633653.74897
Gabon,GAB,2002,1715357230.74803
Gabon,GAB,2001,1475000550.00856
Gabon,GAB,2000,1659781413.5788
Gabon,GAB,1999,1777483514.26858
Gabon,GAB,1998,2177525442.65165
Gabon,GAB,1997,1983294062.58446
Gabon,GAB,1996,1879469128.90239
Gabon,GAB,1995,1772673124.68696
Gabon,GAB,1994,1603032269.56135
Gabon,GAB,1993,1512752825.53666
Gabon,GAB,1992,1889852807.34102
Gabon,GAB,1991,1797631335.21838
Gabon,GAB,1990,1836814828.95247
Gabon,GAB,1989,1724720020.52837
Gabon,GAB,1988,1602494054.19476
Gabon,GAB,1987,1484012451.03749
Gabon,GAB,1986,1861937646.89614
Gabon,GAB,1985,1913133444.74381
Gabon,GAB,1984,1431720920.35323
Gabon,GAB,1983,1476646950.50388
Gabon,GAB,1982,1435152239.78407
Gabon,GAB,1981,1571772407.22295
Gabon,GAB,1980,1353656770.0552
Gabon,GAB,1979,1133406058.10662
Gabon,GAB,1978,1121176290.3033
Gabon,GAB,1977,1440086497.668
Gabon,GAB,1976,1387316654.80466
Gabon,GAB,1975,1033535545.45713
Gabon,GAB,1974,668038560.84752
Gabon,GAB,1973,416798916.616783
Gabon,GAB,1972,311076213.878727
Gabon,GAB,1971,199741094.141112
Gabon,GAB,1970,123008734.159193
Gabon,GAB,1969,171949151.027802
Gabon,GAB,1968,145012559.828099
Gabon,GAB,1967,130487347.979137
Gabon,GAB,1966,97281594.1514639
Gabon,GAB,1965,84468787.6689477
Gabon,GAB,1964,77540103.4686829
Gabon,GAB,1963,70124239.9940892
Gabon,GAB,1962,56243568.8584806
Gabon,GAB,1961,53078875.4218165
Gabon,GAB,1960,46157379.7920212
"Gambia, The",GMB,2024,803756504.829352
"Gambia, The",GMB,2023,783973745.594084
"Gambia, The",GMB,2022,797057189.779501
"Gambia, The",GMB,2021,714636609.68729
"Gambia, The",GMB,2020,684780894.441072
"Gambia, The",GMB,2019,649852994.642033
"Gambia, The",GMB,2018,710441023.977908
"Gambia, The",GMB,2017,560621586.315183
"Gambia, The",GMB,2016,376466241.48816
"Gambia, The",GMB,2015,399003138.553314
"Gambia, The",GMB,2014,447782687.938613
"Gambia, The",GMB,2013,364299281.26156
"Gambia, The",GMB,2012,394206040.976105
"Gambia, The",GMB,2011,363423204.233862
"Gambia, The",GMB,2010,406576420.909445
"Gambia, The",GMB,2009,377490756.862212
"Gambia, The",GMB,2008,384411745.488873
"Gambia, The",GMB,2007,336061371.182659
"Gambia, The",GMB,2006,309274034.431678
"Gambia, The",GMB,2005,309496622.500873
"Gambia, The",GMB,2004,282217002.19743
"Gambia, The",GMB,2003,183930191.498868
"Gambia, The",GMB,2002,187843014.987831
"Gambia, The",GMB,2001,172598261.584412
"Gambia, The",GMB,2000,239267448.021036
"Gambia, The",GMB,1999,228252566.982346
"Gambia, The",GMB,1998,240030742.922645
"Gambia, The",GMB,1997,204004699.138749
"Gambia, The",GMB,1996,247310341.462787
"Gambia, The",GMB,1995,279038983.096132
"Gambia, The",GMB,1994,214068046.502051
"Gambia, The",GMB,1993,275121124.012403
"Gambia, The",GMB,1992,263205385.963916
"Gambia, The",GMB,1991,239289620.996615
"Gambia, The",GMB,1990,226977004.165
"Gambia, The",GMB,1989,185466421.347271
"Gambia, The",GMB,1988,155878661.795775
"Gambia, The",GMB,1987,130802612.235667
"Gambia, The",GMB,1986,104144840.462148
"Gambia, The",GMB,1985,121704015.075989
"Gambia, The",GMB,1984,114897722.079274
"Gambia, The",GMB,1983,133367480.55295
"Gambia, The",GMB,1982,128848574.585828
"Gambia, The",GMB,1981,146042850.610752
"Gambia, The",GMB,1980,153325163.583836
"Gambia, The",GMB,1979,131009533.916256
"Gambia, The",GMB,1978,102907354.446493
"Gambia, The",GMB,1977,65617860.1223976
"Gambia, The",GMB,1976,52005932.5875814
"Gambia, The",GMB,1975,50235171.2679559
"Gambia, The",GMB,1974,41877707.2312261
"Gambia, The",GMB,1973,31865390.4329463
"Gambia, The",GMB,1972,24111329.7986892
"Gambia, The",GMB,1971,20720647.0560178
"Gambia, The",GMB,1970,21393730.2299684
"Gambia, The",GMB,1969,23077140.9234255
"Gambia, The",GMB,1968,20988897.5822361
"Gambia, The",GMB,1967,22035302.9508847
"Gambia, The",GMB,1966,19266443.4502559
Georgia,GEO,2024,19023475736.9413
Georgia,GEO,2023,17815477928.6556
Georgia,GEO,2022,15544538954.8042
Georgia,GEO,2021,11109489894.129
Georgia,GEO,2020,8964607357.62292
Georgia,GEO,2019,11201362124.0068
Georgia,GEO,2018,10768774511.738
Georgia,GEO,2017,9341534670.46975
Georgia,GEO,2016,8483221244.54679
Georgia,GEO,2015,8659152476.79724
Georgia,GEO,2014,10019433222.6858
Georgia,GEO,2013,9262010761.41522
Georgia,GEO,2012,9139072089.27981
Georgia,GEO,2011,7985635652.64054
Georgia,GEO,2010,6114774437.22922
Georgia,GEO,2009,5237873745.79988
Georgia,GEO,2008,7425650258.38615
Georgia,GEO,2007,5857076837.24316
Georgia,GEO,2006,4388033697.4208
Georgia,GEO,2005,3286910229.35717
Georgia,GEO,2004,2455655258.76461
Georgia,GEO,2003,1843124461.11901
Georgia,GEO,2002,1439799970.39635
Georgia,GEO,2001,1251358575.44825
Georgia,GEO,2000,1212806577.28308
Georgia,GEO,1999,1066705737.71423
Georgia,GEO,1998,1340894232.83785
Georgia,GEO,1997,1479432986.51252
Georgia,GEO,1996,1001841521.02693
Georgia,GEO,1995,1140170359.90218
Georgia,GEO,1994,2743396604.89958
Georgia,GEO,1993,1938101600.09357
Georgia,GEO,1992,2446203314.37052
Georgia,GEO,1991,1986754966.88742
Georgia,GEO,1990,3514920846.74795
Georgia,GEO,1989,4031427661.21997
Georgia,GEO,1988,4094083940.77982
Georgia,GEO,1987,2987092335.60721
Germany,DEU,2024,1764438191610.94
Germany,DEU,2023,1779045873341.21
Germany,DEU,2022,1813049636001.95
Germany,DEU,2021,1628851031193.77
Germany,DEU,2020,1332733837256.03
Germany,DEU,2019,1454588084839.21
Germany,DEU,2018,1485437649157.65
Germany,DEU,2017,1327357307454.12
Germany,DEU,2016,1215609853746.31
Germany,DEU,2015,1204648073431.64
Germany,DEU,2014,1393837781387.05
Germany,DEU,2013,1366940257620.0
Germany,DEU,2012,1317969624114.84
Germany,DEU,2011,1406669611896.89
Germany,DEU,2010,1192329684250.0
Germany,DEU,2009,1067378170076.17
Germany,DEU,2008,1339125795807.81
Germany,DEU,2007,1193186147672.55
Germany,DEU,2006,1029339915529.41
Germany,DEU,2005,896950519582.879
Germany,DEU,2004,826352918672.203
Germany,DEU,2003,700765174545.097
Germany,DEU,2002,570622539400.393
Germany,DEU,2001,570228511976.772
Germany,DEU,2000,580553292712.158
Germany,DEU,1999,564301984739.383
Germany,DEU,1998,550595754140.269
Germany,DEU,1997,525385743288.969
Germany,DEU,1996,541957369378.737
Germany,DEU,1995,547772621809.745
Germany,DEU,1994,453912257442.449
Germany,DEU,1993,413095942269.017
Germany,DEU,1992,483833437695.679
Germany,DEU,1991,451492044784.915
Germany,DEU,1990,408062314489.771
Germany,DEU,1989,320659348798.502
Germany,DEU,1988,300437976389.353
Germany,DEU,1987,272758220892.274
Germany,DEU,1986,226641451859.858
Germany,DEU,1985,182999144299.761
Germany,DEU,1984,177813724142.671
Germany,DEU,1983,179485369590.195
Germany,DEU,1982,182672746836.463
Germany,DEU,1981,192540531371.701
Germany,DEU,1980,220826310522.918
Germany,DEU,1979,188647315121.118
Germany,DEU,1978,144746943524.83
Germany,DEU,1977,120869841657.542
Germany,DEU,1976,105524313344.726
Germany,DEU,1975,92240550918.197
Germany,DEU,1974,83360334819.7415
Germany,DEU,1973,65139754848.1522
Germany,DEU,1972,48517046555.8486
Germany,DEU,1971,40715115150.8392
Germany,DEU,1970,35798334313.0444
Ghana,GHA,2024,28244066026.1723
Ghana,GHA,2023,26272099171.5081
Ghana,GHA,2022,26205330553.5428
Ghana,GHA,2021,25963543826.9813
Ghana,GHA,2020,24537944240.0045
Ghana,GHA,2019,26913986432.3936
Ghana,GHA,2018,23206913262.4037
Ghana,GHA,2017,22144229690.5959
Ghana,GHA,2016,20595796190.5901
Ghana,GHA,2015,21104358073.9633
Ghana,GHA,2014,19468106209.0343
Ghana,GHA,2013,22196190509.8489
Ghana,GHA,2012,21795097067.3479
Ghana,GHA,2011,19416125145.9104
Ghana,GHA,2010,14779077373.6471
Ghana,GHA,2009,11019356824.751
Ghana,GHA,2008,12757957187.9974
Ghana,GHA,2007,10136811817.0443
Ghana,GHA,2006,8325374081.93796
Ghana,GHA,2005,6631794425.3758
Ghana,GHA,2004,5361446367.12822
Ghana,GHA,2003,4320740016.89041
Ghana,GHA,2002,3383577207.45517
Ghana,GHA,2001,3444719916.79522
Ghana,GHA,2000,3350776353.91682
Ghana,GHA,1999,3830248309.53747
Ghana,GHA,1998,3496235605.58214
Ghana,GHA,1997,3651882360.98361
Ghana,GHA,1996,2779627874.55594
Ghana,GHA,1995,2128504594.95972
Ghana,GHA,1994,2002227733.13243
Ghana,GHA,1993,2173595289.11224
Ghana,GHA,1992,1845761703.10175
Ghana,GHA,1991,1685450044.88208
Ghana,GHA,1990,1522350993.37748
Ghana,GHA,1989,1278473225.86622
Ghana,GHA,1988,1250692246.83544
Ghana,GHA,1987,1328870748.29932
Ghana,GHA,1986,1154912516.82369
Ghana,GHA,1985,612106092.436975
Ghana,GHA,1984,475228310.502283
Ghana,GHA,1983,242989417.989418
Ghana,GHA,1982,120354808.590103
Ghana,GHA,1981,224767441.860465
Ghana,GHA,1980,406950207.46888
Ghana,GHA,1979,448717948.717949
Ghana,GHA,1978,354799301.919721
Ghana,GHA,1977,368285714.285714
Ghana,GHA,1976,443644067.79661
Ghana,GHA,1975,518085106.382979
Ghana,GHA,1974,631055900.621118
Ghana,GHA,1973,492968900.126943
Ghana,GHA,1972,321158623.031477
Ghana,GHA,1971,489222776.091543
Ghana,GHA,1970,503014460.326765
Ghana,GHA,1969,399077749.226108
Ghana,GHA,1968,347109393.675779
Ghana,GHA,1967,348508173.850352
Ghana,GHA,1966,417416073.995017
Ghana,GHA,1965,549084231.563915
Ghana,GHA,1964,413213898.753456
Ghana,GHA,1963,423018974.317097
Ghana,GHA,1962,393603747.626173
Ghana,GHA,1961,474845802.296344
Ghana,GHA,1960,431423324.800219
Greece,GRC,2024,122135634583.353
Greece,GRC,2023,118150196971.124
Greece,GRC,2022,128374908056.72
Greece,GRC,2021,104244992301.975
Greece,GRC,2020,74331725300.7955
Greece,GRC,2019,85057106800.7999
Greece,GRC,2018,86614659221.9152
Greece,GRC,2017,72343865240.0613
Greece,GRC,2016,62714485982.0044
Greece,GRC,2015,64373172350.1679
Greece,GRC,2014,79339278431.9307
Greece,GRC,2013,77182468214.221
Greece,GRC,2012,79840747060.8293
Greece,GRC,2011,87759343350.934
Greece,GRC,2010,86535244649.3168
Greece,GRC,2009,90361949969.7374
Greece,GRC,2008,120506590535.928
Greece,GRC,2007,102995736170.971
Greece,GRC,2006,81609358172.0893
Greece,GRC,2005,71151157411.6607
Greece,GRC,2004,68651660462.9701
Greece,GRC,2003,57150848326.6081
Greece,GRC,2002,44580655233.0781
Greece,GRC,2001,44498203088.4583
Greece,GRC,2000,44143578731.0291
Greece,GRC,1999,39439145913.1132
Greece,GRC,1998,36304887582.1515
Greece,GRC,1997,32010861100.7113
Greece,GRC,1996,32073925537.9388
Greece,GRC,1995,29364836005.2949
Greece,GRC,1994,23950542134.8315
Greece,GRC,1993,23647201248.5137
Greece,GRC,1992,26320284233.1069
Greece,GRC,1991,24257674331.6508
Greece,GRC,1990,23470174118.6586
Greece,GRC,1989,18598323541.7541
Greece,GRC,1988,16804861878.453
Greece,GRC,1987,15023311524.9119
Greece,GRC,1986,13308325219.0847
Greece,GRC,1985,10969930915.3713
Greece,GRC,1984,10944470979.4438
Greece,GRC,1983,11546946594.4272
Greece,GRC,1982,12729729591.8367
Greece,GRC,1981,12749102091.0209
Greece,GRC,1980,13578081534.7722
Greece,GRC,1979,10490505979.7608
Greece,GRC,1978,8158051948.05195
Greece,GRC,1977,7076234967.62257
Greece,GRC,1976,6137434701.49254
Greece,GRC,1975,5714686503.71945
Greece,GRC,1974,5097863636.36364
Greece,GRC,1973,4246950517.83659
Greece,GRC,1972,2585238636.36364
Greece,GRC,1971,2092545454.54545
Greece,GRC,1970,1892363636.36364
Greece,GRC,1969,1713711187.57654
Greece,GRC,1968,1493529905.00086
Greece,GRC,1967,1335955753.17354
Greece,GRC,1966,1269316414.25833
Greece,GRC,1965,1237694815.56394
Greece,GRC,1964,1054609848.12327
Greece,GRC,1963,851556931.507044
Greece,GRC,1962,727671594.955433
Greece,GRC,1961,662633780.974089
Greece,GRC,1960,597402875.334051
Greenland,GRL,2023,1699579793.20734
Greenland,GRL,2022,1657341447.7247
Greenland,GRL,2021,1634549911.85939
Greenland,GRL,2020,1442659846.48477
Greenland,GRL,2019,1533065634.97693
Greenland,GRL,2018,1384944998.26514
Greenland,GRL,2017,1240880323.2159
Greenland,GRL,2016,1220178860.73065
Greenland,GRL,2015,1137634631.39428
Greenland,GRL,2014,1381691865.62701
Greenland,GRL,2013,1562929552.34681
Greenland,GRL,2012,1656269270.68839
Greenland,GRL,2011,2484469273.07704
Greenland,GRL,2010,1912830109.84028
Greenland,GRL,2009,1392144218.46317
Greenland,GRL,2008,1759213327.3939
Greenland,GRL,2007,1322096860.20595
Greenland,GRL,2006,1044616092.94983
Greenland,GRL,2005,1084858702.23165
Greenland,GRL,2004,890577405.623081
Greenland,GRL,2003,771607819.635249
Guam,GUM,2022,4421000000.0
Guam,GUM,2021,3662000000.0
Guam,GUM,2020,3388000000.0
Guam,GUM,2019,3547000000.0
Guam,GUM,2018,3250000000.0
Guam,GUM,2017,3024000000.0
Guam,GUM,2016,3036000000.0
Guam,GUM,2015,3089000000.0
Guam,GUM,2014,3339000000.0
Guam,GUM,2013,3241000000.0
Guam,GUM,2012,3037000000.0
Guam,GUM,2011,2949000000.0
Guam,GUM,2010,2719000000.0
Guam,GUM,2009,2639000000.0
Guam,GUM,2008,2673000000.0
Guam,GUM,2007,2489000000.0
Guam,GUM,2006,2079000000.0
Guam,GUM,2005,1843000000.0
Guam,GUM,2004,1785000000.0
Guam,GUM,2003,1654000000.0
Guam,GUM,2002,1616000000.0
Guatemala,GTM,2024,35602767957.0558
Guatemala,GTM,2023,33075327816.4611
Guatemala,GTM,2022,33938882319.6585
Guatemala,GTM,2021,27347172019.2987
Guatemala,GTM,2020,19272211289.038
Guatemala,GTM,2019,21534755007.9268
Guatemala,GTM,2018,21149627997.2577
Guatemala,GTM,2017,19758074270.8942
Guatemala,GTM,2016,18243717862.3981
Guatemala,GTM,2015,18695335889.8941
Guatemala,GTM,2014,19287280905.7875
Guatemala,GTM,2013,18382912017.5175
Guatemala,GTM,2012,18197166630.1786
Guatemala,GTM,2011,17803200264.9055
Guatemala,GTM,2010,15009546895.7854
Guatemala,GTM,2009,12501436111.1332
Guatemala,GTM,2008,15422428184.1284
Guatemala,GTM,2007,14441173645.6681
Guatemala,GTM,2006,12662747619.87
Guatemala,GTM,2005,11154959729.8592
Guatemala,GTM,2004,10090013799.793
Guatemala,GTM,2003,8807734236.67343
Guatemala,GTM,2002,8255070815.80731
Guatemala,GTM,2001,7731202010.33442
Guatemala,GTM,2000,5584251720.20823
Guatemala,GTM,1999,5011108418.07374
Guatemala,GTM,1998,5091730420.36782
Guatemala,GTM,1997,4197706680.73948
Guatemala,GTM,1996,3539822366.69293
Guatemala,GTM,1995,3726925962.8954
Guatemala,GTM,1994,3226456526.21079
Guatemala,GTM,1993,2972656774.72773
Guatemala,GTM,1992,2849942850.29097
Guatemala,GTM,1991,2028682330.85697
Guatemala,GTM,1990,1900459186.60793
Guatemala,GTM,1989,1890234375.0
Guatemala,GTM,1988,1720152709.92366
Guatemala,GTM,1987,1579400000.0
Guatemala,GTM,1986,1055296757.99087
Guatemala,GTM,1985,1262260869.56522
Guatemala,GTM,1984,1434800000.0
Guatemala,GTM,1983,1316999900.0
Guatemala,GTM,1982,1628999900.0
Guatemala,GTM,1981,2031500000.0
Guatemala,GTM,1980,1963300000.0
Guatemala,GTM,1979,1784400000.0
Guatemala,GTM,1978,1655000100.0
Guatemala,GTM,1977,1439000100.0
Guatemala,GTM,1976,1204100000.0
Guatemala,GTM,1975,858000000.0
Guatemala,GTM,1974,811400000.0
Guatemala,GTM,1973,519100000.0
Guatemala,GTM,1972,389500000.0
Guatemala,GTM,1971,371100000.0
Guatemala,GTM,1970,338500000.0
Guatemala,GTM,1969,299000000.0
Guatemala,GTM,1968,296600000.0
Guatemala,GTM,1967,283600000.0
Guatemala,GTM,1966,266100000.0
Guatemala,GTM,1965,261100000.0
Guatemala,GTM,1964,235000000.0
Guatemala,GTM,1963,201200000.0
Guatemala,GTM,1962,153500000.0
Guatemala,GTM,1961,145300000.0
Guatemala,GTM,1960,151700000.0
Guinea,GIN,2024,14101095979.571
Guinea,GIN,2023,11584168920.1287
Guinea,GIN,2022,9705672892.03881
Guinea,GIN,2021,10066835236.1114
Guinea,GIN,2020,9692379045.73057
Guinea,GIN,2019,5830607791.61899
Guinea,GIN,2018,5783505600.41827
Guinea,GIN,2017,5842867641.51188
Guinea,GIN,2016,7088908468.46627
Guinea,GIN,2015,4480281599.37552
Guinea,GIN,2014,4396562755.12769
Guinea,GIN,2013,4519671025.33407
Guinea,GIN,2012,4089175127.68799
Guinea,GIN,2011,3620035711.46346
Guinea,GIN,2010,2961065626.64305
Guinea,GIN,2009,3177066476.25864
Guinea,GIN,2008,2962825500.04959
Guinea,GIN,2007,2988313290.07687
Guinea,GIN,2006,1922724849.13814
Guinea,GIN,2005,1031237397.89913
Guinea,GIN,2004,938538723.100362
Guinea,GIN,2003,868000000.0
Guinea,GIN,2002,854685093.545479
Guinea,GIN,2001,849347059.645204
Guinea,GIN,2000,867392056.817932
Guinea,GIN,1999,901094018.625972
Guinea,GIN,1998,966133229.681402
Guinea,GIN,1997,864726230.787104
Guinea,GIN,1996,941903159.581578
Guinea,GIN,1995,905896319.33864
Guinea,GIN,1994,874952721.32577
Guinea,GIN,1993,920896381.79521
Guinea,GIN,1992,856408259.43214
Guinea,GIN,1991,922173162.531442
Guinea,GIN,1990,891809027.97687
Guinea,GIN,1989,724403471.628947
Guinea,GIN,1988,740909324.555555
Guinea,GIN,1987,626828734.893004
Guinea,GIN,1986,560097159.265563
Guinea-Bissau,GNB,2024,598062698.261412
Guinea-Bissau,GNB,2023,580147329.305492
Guinea-Bissau,GNB,2022,577102213.918113
Guinea-Bissau,GNB,2021,520367193.573196
Guinea-Bissau,GNB,2020,467483040.870669
Guinea-Bissau,GNB,2019,505407400.662735
Guinea-Bissau,GNB,2018,459133362.589559
Guinea-Bissau,GNB,2017,446570198.314236
Guinea-Bissau,GNB,2016,380070647.828742
Guinea-Bissau,GNB,2015,337921256.76106
Guinea-Bissau,GNB,2014,342568005.420801
Guinea-Bissau,GNB,2013,296762928.290871
Guinea-Bissau,GNB,2012,314942121.2356
Guinea-Bissau,GNB,2011,339246835.915443
Guinea-Bissau,GNB,2010,290261362.812651
Guinea-Bissau,GNB,2009,289014701.572809
Guinea-Bissau,GNB,2008,317927199.921491
Guinea-Bissau,GNB,2007,264542674.362946
Guinea-Bissau,GNB,2006,243647960.224003
Guinea-Bissau,GNB,2005,206144981.146558
Guinea-Bissau,GNB,2004,176158114.270051
Guinea-Bissau,GNB,2003,144502968.875051
Guinea-Bissau,GNB,2002,131725861.124456
Guinea-Bissau,GNB,2001,154745696.338506
Guinea-Bissau,GNB,2000,155147246.677574
Guinea-Bissau,GNB,1999,236210533.846809
Guinea-Bissau,GNB,1998,232838608.206578
Guinea-Bissau,GNB,1997,450889050.076796
Guinea-Bissau,GNB,1996,223794349.406647
Guinea-Bissau,GNB,1995,232014208.433274
Guinea-Bissau,GNB,1994,210145614.160691
Guinea-Bissau,GNB,1993,201463749.353669
Guinea-Bissau,GNB,1992,294812870.047134
Guinea-Bissau,GNB,1991,252622654.180502
Guinea-Bissau,GNB,1990,234868168.908772
Guinea-Bissau,GNB,1989,255923316.666299
Guinea-Bissau,GNB,1988,218751358.654109
Guinea-Bissau,GNB,1987,176040265.214657
Guinea-Bissau,GNB,1986,107769545.315168
Guinea-Bissau,GNB,1985,215810079.71439
Guinea-Bissau,GNB,1984,184603087.440839
Guinea-Bissau,GNB,1983,137150951.69072
Guinea-Bissau,GNB,1982,177643598.569734
Guinea-Bissau,GNB,1981,143671069.69697
Guinea-Bissau,GNB,1980,120357480.409398
Guinea-Bissau,GNB,1979,127960926.678938
Guinea-Bissau,GNB,1978,114964909.221902
Guinea-Bissau,GNB,1977,97438673.1607147
Guinea-Bissau,GNB,1976,81613742.3764043
Guinea-Bissau,GNB,1975,73510151.8340797
Guinea-Bissau,GNB,1974,100778080.592105
Guinea-Bissau,GNB,1973,94620359.3220339
Guinea-Bissau,GNB,1972,81231847.3727023
Guinea-Bissau,GNB,1971,70053790.2396084
Guinea-Bissau,GNB,1970,61787301.2346174
Guyana,GUY,2005,905124012.507817
Guyana,GUY,2004,828486192.403212
Guyana,GUY,2003,739243068.486668
Guyana,GUY,2002,758240189.337319
Guyana,GUY,2001,759902021.682767
Guyana,GUY,2000,788833546.017651
Guyana,GUY,1999,726372197.440421
Guyana,GUY,1998,774285039.762422
Guyana,GUY,1997,820130867.76076
Guyana,GUY,1996,766890762.820513
Guyana,GUY,1995,696946829.577465
Guyana,GUY,1994,633450373.825018
Guyana,GUY,1993,595085540.706605
Guyana,GUY,1992,557463259.792166
Guyana,GUY,1991,419266355.09839
Guyana,GUY,1990,316708850.632911
Guyana,GUY,1989,279264716.911765
Guyana,GUY,1988,281100010.0
Guyana,GUY,1987,321836724.489796
Guyana,GUY,1986,268534883.72093
Guyana,GUY,1985,280627906.976744
Guyana,GUY,1984,224763157.894737
Guyana,GUY,1983,316000000.0
Guyana,GUY,1982,337800000.0
Guyana,GUY,1981,526500035.714286
Guyana,GUY,1980,564840000.0
Guyana,GUY,1979,367200000.0
Guyana,GUY,1978,319960000.0
Guyana,GUY,1977,354360000.0
Guyana,GUY,1976,413560000.0
Guyana,GUY,1975,370625000.0
Guyana,GUY,1974,288227272.727273
Guyana,GUY,1973,211523809.52381
Guyana,GUY,1972,167714285.714286
Guyana,GUY,1971,154250000.0
Guyana,GUY,1970,152650000.0
Guyana,GUY,1969,138200000.0
Guyana,GUY,1968,126700000.0
Guyana,GUY,1967,149588235.294118
Guyana,GUY,1966,137588235.294118
Guyana,GUY,1965,122941176.470588
Guyana,GUY,1964,104241406.063152
Guyana,GUY,1963,81083130.6255068
Guyana,GUY,1962,87499781.2505469
Guyana,GUY,1961,98466420.5006154
Guyana,GUY,1960,96949757.6256059
Haiti,HTI,2024,4754024348.60825
Haiti,HTI,2023,5064824087.51553
Haiti,HTI,2022,5932425394.60732
Haiti,HTI,2021,6269039005.54053
Haiti,HTI,2020,4318064226.36178
Haiti,HTI,2019,5107129494.68417
Haiti,HTI,2018,5635999404.48316
Haiti,HTI,2017,4689668692.24182
Haiti,HTI,2016,4193901268.39586
Haiti,HTI,2015,4481319815.99726
Haiti,HTI,2014,4752590722.67295
Haiti,HTI,2013,4443359383.49633
Haiti,HTI,2012,4195362731.28495
Haiti,HTI,2011,4433440000.4964
Haiti,HTI,2010,4287288127.43602
Haiti,HTI,2009,2804199818.6839
Haiti,HTI,2008,2853795882.84214
Haiti,HTI,2007,2384574759.37387
Haiti,HTI,2006,2141589440.89788
Haiti,HTI,2005,1852992471.2479
Haiti,HTI,2004,1546552274.97028
Haiti,HTI,2003,1416336752.80438
Haiti,HTI,2002,1157716250.60196
Haiti,HTI,2001,1300849982.92212
Haiti,HTI,2000,1348782313.70767
Haiti,HTI,1999,1233630317.07682
Haiti,HTI,1998,991314910.954562
Haiti,HTI,1997,882868456.927704
Haiti,HTI,1996,840148986.669623
Haiti,HTI,1995,807821954.521593
Haiti,HTI,1994,535669461.692885
Haiti,HTI,1993,711988087.255357
Haiti,HTI,1992,563519019.775733
Haiti,HTI,1991,1024563585.29617
Haiti,HTI,1990,1068364600.0
Haiti,HTI,1989,753772600.0
Haiti,HTI,1988,848904800.0
Honduras,HND,2024,21351448804.042
Honduras,HND,2023,21102469277.7683
Honduras,HND,2022,22079730541.7809
Honduras,HND,2021,18014411249.1935
Honduras,HND,2020,12172518449.6662
Honduras,HND,2019,14740482898.6338
Honduras,HND,2018,14945193703.4133
Honduras,HND,2017,13585432742.5235
Honduras,HND,2016,12401102552.2292
Honduras,HND,2015,13027957170.5398
Honduras,HND,2014,12923231435.1472
Honduras,HND,2013,12647258280.6367
Honduras,HND,2012,13022871719.9298
Honduras,HND,2011,12567072763.9513
Honduras,HND,2010,10086959052.8761
Honduras,HND,2009,8369540251.17623
Honduras,HND,2008,11719468689.7706
Honduras,HND,2007,10082042434.2819
Honduras,HND,2006,8414884874.51422
Honduras,HND,2005,7560116527.19561
Honduras,HND,2004,6832799506.85691
Honduras,HND,2003,5609361468.08193
Honduras,HND,2002,5128837532.84803
Honduras,HND,2001,4939695318.64578
Honduras,HND,2000,4773363655.50642
Honduras,HND,1999,4327289198.60627
Honduras,HND,1998,3915155096.01182
Honduras,HND,1997,3438463878.327
Honduras,HND,1996,2976722972.97297
Honduras,HND,1995,2694118873.8269
Honduras,HND,1994,2516375701.6459
Honduras,HND,1993,2212212826.69081
Honduras,HND,1992,1780679895.96028
Honduras,HND,1991,1659600880.24527
Honduras,HND,1990,1749951361.8677
Honduras,HND,1989,1759344827.58621
Honduras,HND,1988,1695407725.32189
Honduras,HND,1987,1548750000.0
Honduras,HND,1986,1556400000.0
Honduras,HND,1985,1527600000.0
Honduras,HND,1984,1519300000.0
Honduras,HND,1983,1303750000.0
Honduras,HND,1982,1171950000.0
Honduras,HND,1981,1562700000.0
Honduras,HND,1980,1644450000.0
Honduras,HND,1979,1359600000.0
Honduras,HND,1978,1137500000.0
Honduras,HND,1977,933750000.0
Honduras,HND,1976,748700000.0
Honduras,HND,1975,668550000.0
Honduras,HND,1974,663000000.0
Honduras,HND,1973,436099781.950109
Honduras,HND,1972,319848560.681477
Honduras,HND,1971,319800000.0
Honduras,HND,1970,359800000.0
Honduras,HND,1969,302850000.0
Honduras,HND,1968,296350000.0
Honduras,HND,1967,262700000.0
Honduras,HND,1966,238050000.0
Honduras,HND,1965,196150000.0
Honduras,HND,1964,161500000.0
Honduras,HND,1963,146550000.0
Honduras,HND,1962,94250000.0
Honduras,HND,1961,88450000.0
Honduras,HND,1960,85250000.0
"Hong Kong SAR, China",HKG,2024,723058784061.627
"Hong Kong SAR, China",HKG,2023,671437801987.667
"Hong Kong SAR, China",HKG,2022,682906554458.791
"Hong Kong SAR, China",HKG,2021,732172643360.242
"Hong Kong SAR, China",HKG,2020,601495384932.708
"Hong Kong SAR, China",HKG,2019,639345975716.69
"Hong Kong SAR, China",HKG,2018,682055750462.461
"Hong Kong SAR, China",HKG,2017,641229533439.409
"Hong Kong SAR, China",HKG,2016,592699925923.54
"Hong Kong SAR, China",HKG,2015,598687006159.899
"Hong Kong SAR, China",HKG,2014,620475947961.867
"Hong Kong SAR, China",HKG,2013,609317560598.246
"Hong Kong SAR, China",HKG,2012,563913982448.339
"Hong Kong SAR, China",HKG,2011,519399152106.886
"Hong Kong SAR, China",HKG,2010,456015168678.959
"Hong Kong SAR, China",HKG,2009,364443125745.799
"Hong Kong SAR, China",HKG,2008,401809952775.409
"Hong Kong SAR, China",HKG,2007,371854241351.283
"Hong Kong SAR, China",HKG,2006,336797147930.446
"Hong Kong SAR, China",HKG,2005,300018399623.624
"Hong Kong SAR, China",HKG,2004,268978813559.322
"Hong Kong SAR, China",HKG,2003,228648922849.713
"Hong Kong SAR, China",HKG,2002,206139006223.556
"Hong Kong SAR, China",HKG,2001,200031415290.912
"Hong Kong SAR, China",HKG,2000,208788105812.647
"Hong Kong SAR, China",HKG,1999,178289784079.923
"Hong Kong SAR, China",HKG,1998,186278240070.504
"Hong Kong SAR, China",HKG,1997,209984057262.109
"Hong Kong SAR, China",HKG,1996,196723691774.281
"Hong Kong SAR, China",HKG,1995,189045575311.67
"Hong Kong SAR, China",HKG,1994,160441782579.796
"Hong Kong SAR, China",HKG,1993,136736171016.457
"Hong Kong SAR, China",HKG,1992,122485089301.413
"Hong Kong SAR, China",HKG,1991,100109159924.114
"Hong Kong SAR, China",HKG,1990,83645559870.3424
"Hong Kong SAR, China",HKG,1989,73513602772.9526
"Hong Kong SAR, China",HKG,1988,66398923904.6887
"Hong Kong SAR, China",HKG,1987,51815984355.4644
"Hong Kong SAR, China",HKG,1986,39268861139.2081
"Hong Kong SAR, China",HKG,1985,33515130122.2604
"Hong Kong SAR, China",HKG,1984,32155666410.8468
"Hong Kong SAR, China",HKG,1983,27593033993.5751
"Hong Kong SAR, China",HKG,1982,27222942257.6948
"Hong Kong SAR, China",HKG,1981,28586774128.5051
"Hong Kong SAR, China",HKG,1980,25762632978.5898
"Hong Kong SAR, China",HKG,1979,19899385667.6849
"Hong Kong SAR, China",HKG,1978,15489145577.5998
"Hong Kong SAR, China",HKG,1977,12077005577.0056
"Hong Kong SAR, China",HKG,1976,10141697928.5598
"Hong Kong SAR, China",HKG,1975,7818175149.89868
"Hong Kong SAR, China",HKG,1974,7683864104.00067
"Hong Kong SAR, China",HKG,1973,6352472554.16302
"Hong Kong SAR, China",HKG,1972,4365038074.65394
"Hong Kong SAR, China",HKG,1971,3811504974.0811
"Hong Kong SAR, China",HKG,1970,3249058279.73615
"Hong Kong SAR, China",HKG,1969,2747800971.51109
"Hong Kong SAR, China",HKG,1968,2304810109.94067
"Hong Kong SAR, China",HKG,1967,2045585036.9726
"Hong Kong SAR, China",HKG,1966,1977998988.86003
"Hong Kong SAR, China",HKG,1965,1759685863.87435
"Hong Kong SAR, China",HKG,1964,1778091243.17903
"Hong Kong SAR, China",HKG,1963,1552024945.24667
"Hong Kong SAR, China",HKG,1962,1397230780.65259
"Hong Kong SAR, China",HKG,1961,1254129700.43431
Hungary,HUN,2024,158386316309.998
Hungary,HUN,2023,164517282266.477
Hungary,HUN,2022,168556471601.266
Hungary,HUN,2021,146215765499.534
Hungary,HUN,2020,121131840171.43
Hungary,HUN,2019,130068829560.311
Hungary,HUN,2018,127826035145.287
Hungary,HUN,2017,113645673509.049
Hungary,HUN,2016,100427220952.674
Hungary,HUN,2015,100014767347.158
Hungary,HUN,2014,114781649601.249
Hungary,HUN,2013,107271937235.969
Hungary,HUN,2012,102889383803.794
Hungary,HUN,2011,114165531819.651
Hungary,HUN,2010,101015250087.163
Hungary,HUN,2009,92811709103.9563
Hungary,HUN,2008,125394760311.957
Hungary,HUN,2007,108986896176.899
Hungary,HUN,2006,87194453158.4201
Hungary,HUN,2005,74060446181.4037
Hungary,HUN,2004,66623471361.6756
Hungary,HUN,2003,51492037464.7748
Hungary,HUN,2002,40718504727.117
Hungary,HUN,2001,35566710589.4673
Hungary,HUN,2000,33320315600.8664
Hungary,HUN,1999,28658707006.407
Hungary,HUN,1998,26555521714.6133
Hungary,HUN,1997,22203842620.4513
Hungary,HUN,1996,19319330191.8744
Hungary,HUN,1995,18195832375.4919
Hungary,HUN,1994,13406392638.2469
Hungary,HUN,1993,12184782105.0273
Hungary,HUN,1992,10776676077.3431
Hungary,HUN,1991,10283995089.3156
Iceland,ISL,2024,14471061048.0621
Iceland,ISL,2023,13703554742.7456
Iceland,ISL,2022,13505975928.2008
Iceland,ISL,2021,10196648319.4999
Iceland,ISL,2020,7605549122.13855
Iceland,ISL,2019,9764032620.96263
Iceland,ISL,2018,11328152832.6094
Iceland,ISL,2017,10196309115.2897
Iceland,ISL,2016,8490620817.52384
Iceland,ISL,2015,7709275098.97968
Iceland,ISL,2014,8010515430.199
Iceland,ISL,2013,7289463603.72025
Iceland,ISL,2012,7210160314.86989
Iceland,ISL,2011,7108322148.06627
Iceland,ISL,2010,5755787173.4992
Iceland,ISL,2009,5350549845.35549
Iceland,ISL,2008,7661403285.35417
Iceland,ISL,2007,9057418952.46273
Iceland,ISL,2006,8231507893.98689
Iceland,ISL,2005,7093787735.16752
Iceland,ISL,2004,5256645899.72889
Iceland,ISL,2003,4066221668.90456
Iceland,ISL,2002,3160502456.31491
Iceland,ISL,2001,3112265208.17124
Iceland,ISL,2000,3520829004.27394
Iceland,ISL,1999,3320939762.46729
Iceland,ISL,1998,3241180129.73817
Iceland,ISL,1997,2654797381.8231
Iceland,ISL,1996,2621869172.93233
Iceland,ISL,1995,2247449054.51549
Iceland,ISL,1994,1933731892.76054
Iceland,ISL,1993,1820239056.73104
Iceland,ISL,1992,2126363945.99789
Iceland,ISL,1991,2222220478.23338
Iceland,ISL,1990,2067695843.44192
Iceland,ISL,1989,1753605110.63816
Iceland,ISL,1988,1970826754.08007
Iceland,ISL,1987,1927004902.11287
Iceland,ISL,1986,1369556638.98093
Iceland,ISL,1985,1181924654.94354
Iceland,ISL,1984,1077216891.6851
Iceland,ISL,1983,1025825470.55887
Iceland,ISL,1982,1169312796.01668
Iceland,ISL,1981,1245839816.17342
Iceland,ISL,1980,1185819784.89245
Iceland,ISL,1979,1037270277.93534
Iceland,ISL,1978,832986610.600863
Iceland,ISL,1977,735436717.453613
Iceland,ISL,1976,563608168.194543
Iceland,ISL,1975,578989590.110605
Iceland,ISL,1974,615641820.910455
Iceland,ISL,1973,429005880.394985
Iceland,ISL,1972,305401087.695445
Iceland,ISL,1971,290564772.727273
Iceland,ISL,1970,225194318.181818
India,IND,2024,918333719557.771
India,IND,2023,856651130547.122
India,IND,2022,897550749081.828
India,IND,2021,760902891806.013
India,IND,2020,510244747372.174
India,IND,2019,602315056052.526
India,IND,2018,640300806738.542
India,IND,2017,582018012521.568
India,IND,2016,480169055768.282
India,IND,2015,465097595426.184
India,IND,2014,529239428328.665
India,IND,2013,527555307105.956
India,IND,2012,571306554042.386
India,IND,2011,566667744819.908
India,IND,2010,449974370198.802
India,IND,2009,347177967968.316
India,IND,2008,350926955799.106
India,IND,2007,302803952552.5
India,IND,2006,229955027127.372
India,IND,2005,183736617243.328
India,IND,2004,139310848797.436
India,IND,2003,95071869378.5573
India,IND,2002,78498759285.7313
India,IND,2001,65218276482.1322
India,IND,2000,65124245375.0531
India,IND,1999,61314704757.0345
India,IND,1998,53431564328.4224
India,IND,1997,49607467421.0891
India,IND,1996,45357266003.2021
India,IND,1995,43318425767.7707
India,IND,1994,33349501147.7089
India,IND,1993,27419354118.7633
India,IND,1992,27639649994.19
India,IND,1991,22941358805.152
India,IND,1990,27132072318.021
India,IND,1989,24133353522.4812
India,IND,1988,22111443193.3815
India,IND,1987,19477194741.1034
India,IND,1986,17486411449.5757
India,IND,1985,17776627208.1764
India,IND,1984,16391245674.9413
India,IND,1983,17140048793.1369
India,IND,1982,16343526468.9622
India,IND,1981,16584605960.2223
India,IND,1980,17226125073.3751
India,IND,1979,12498452242.3912
India,IND,1978,9045733047.41521
India,IND,1977,7611052224.17439
India,IND,1976,6280792834.3023
India,IND,1975,6545472951.44551
India,IND,1974,5992067751.11516
India,IND,1973,4039284329.37006
India,IND,1972,2650561669.41144
India,IND,1971,2695673511.20478
India,IND,1970,2421333333.33333
India,IND,1969,2356000000.0
India,IND,1968,2624000000.0
India,IND,1967,2981333333.33333
India,IND,1966,3041036962.37036
India,IND,1965,3103803103.8031
India,IND,1964,3210903210.90321
India,IND,1963,2860202860.20286
India,IND,1962,2543102543.10254
India,IND,1961,2337302337.30234
India,IND,1960,2530502530.50253
Indonesia,IDN,2024,284696296710.895
Indonesia,IDN,2023,268508401209.029
Indonesia,IDN,2022,276506804558.242
Indonesia,IDN,2021,222923845055.988
Indonesia,IDN,2020,165646843301.933
Indonesia,IDN,2019,213034646334.827
Indonesia,IDN,2018,230045612385.068
Indonesia,IDN,2017,194777319195.676
Indonesia,IDN,2016,170835000830.242
Indonesia,IDN,2015,178863652305.893
Indonesia,IDN,2014,217485215770.463
Indonesia,IDN,2013,225519356299.674
Indonesia,IDN,2012,229362102379.516
Indonesia,IDN,2011,212996885266.843
Indonesia,IDN,2010,169158027610.42
Indonesia,IDN,2009,115216544854.096
Indonesia,IDN,2008,146706628549.322
Indonesia,IDN,2007,109755093425.227
Indonesia,IDN,2006,93411754075.7803
Indonesia,IDN,2005,85533801154.4002
Indonesia,IDN,2004,70744690513.6428
Indonesia,IDN,2003,54323622341.4892
Indonesia,IDN,2002,51638437160.6839
Indonesia,IDN,2001,49355195402.1429
Indonesia,IDN,2000,50264686469.7912
Indonesia,IDN,1999,38402067922.3448
Indonesia,IDN,1998,41249712041.6119
Indonesia,IDN,1997,60700151259.0363
Indonesia,IDN,1996,60116979037.698
Indonesia,IDN,1995,55882279823.789
Indonesia,IDN,1994,44869883142.4274
Indonesia,IDN,1993,37555937063.1049
Indonesia,IDN,1992,34720875699.535
Indonesia,IDN,1991,30891188671.1508
Indonesia,IDN,1990,27157275246.8897
Indonesia,IDN,1989,21718472096.2059
Indonesia,IDN,1988,18725515167.3194
Indonesia,IDN,1987,17006296443.198
Indonesia,IDN,1986,16401727039.9031
Indonesia,IDN,1985,17860217183.8139
Indonesia,IDN,1984,19342945144.1934
Indonesia,IDN,1983,23354265849.655
Indonesia,IDN,1982,23709141548.5704
Indonesia,IDN,1981,21847220117.652
Indonesia,IDN,1980,16076492704.4529
Indonesia,IDN,1979,12125156524.653
Indonesia,IDN,1978,10727293583.8198
Indonesia,IDN,1977,9198072289.15663
Indonesia,IDN,1976,7764096385.54217
Indonesia,IDN,1975,6693975903.61446
Indonesia,IDN,1974,5526987951.80723
Indonesia,IDN,1973,3170120481.92771
Indonesia,IDN,1972,2078072289.15663
Indonesia,IDN,1971,1553301763.52772
Indonesia,IDN,1970,1449315068.49315
Indonesia,IDN,1969,1236196319.0184
Indonesia,IDN,1968,1102291012.98155
Indonesia,IDN,1967,955991033.018038
"Iran, Islamic Rep.",IRN,2024,135497500555.676
"Iran, Islamic Rep.",IRN,2023,116536624174.358
"Iran, Islamic Rep.",IRN,2022,98698959864.911
"Iran, Islamic Rep.",IRN,2021,84130836515.5474
"Iran, Islamic Rep.",IRN,2020,71621658126.4568
"Iran, Islamic Rep.",IRN,2019,91441131366.5632
"Iran, Islamic Rep.",IRN,2018,111113616111.569
"Iran, Islamic Rep.",IRN,2017,108797238836.12
"Iran, Islamic Rep.",IRN,2016,93653399159.5081
"Iran, Islamic Rep.",IRN,2015,84709856958.4348
"Iran, Islamic Rep.",IRN,2014,104109992191.331
"Iran, Islamic Rep.",IRN,2013,109606636051.381
"Iran, Islamic Rep.",IRN,2012,139198634094.617
"Iran, Islamic Rep.",IRN,2011,102452976010.883
"Iran, Islamic Rep.",IRN,2010,94350200000.0
"Iran, Islamic Rep.",IRN,2009,86903100000.0
"Iran, Islamic Rep.",IRN,2008,87923600000.0
"Iran, Islamic Rep.",IRN,2007,73597500000.0
"Iran, Islamic Rep.",IRN,2006,61880856748.2327
"Iran, Islamic Rep.",IRN,2005,54239627795.6334
"Iran, Islamic Rep.",IRN,2004,48904300000.0
"Iran, Islamic Rep.",IRN,2003,39575353987.9256
"Iran, Islamic Rep.",IRN,2002,30560192008.0422
"Iran, Islamic Rep.",IRN,2001,26939208540.9864
"Iran, Islamic Rep.",IRN,2000,21688407084.2785
"Iran, Islamic Rep.",IRN,1999,17752833899.8082
"Iran, Islamic Rep.",IRN,1998,18245137476.6064
"Iran, Islamic Rep.",IRN,1997,17511229163.5186
"Iran, Islamic Rep.",IRN,1996,18092098185.0846
"Iran, Islamic Rep.",IRN,1995,12985745383.9766
"Iran, Islamic Rep.",IRN,1994,9571397629.15167
"Iran, Islamic Rep.",IRN,1993,13150789256.8168
"Iran, Islamic Rep.",IRN,1992,32617010800.1667
"Iran, Islamic Rep.",IRN,1991,39978163183.8507
"Iran, Islamic Rep.",IRN,1990,29707835777.732
"Iran, Islamic Rep.",IRN,1989,21819187475.77
"Iran, Islamic Rep.",IRN,1988,17595820159.0408
"Iran, Islamic Rep.",IRN,1987,11695655290.9005
"Iran, Islamic Rep.",IRN,1986,21773514753.7416
"Iran, Islamic Rep.",IRN,1985,25746070824.8196
"Iran, Islamic Rep.",IRN,1984,26971526131.8362
"Iran, Islamic Rep.",IRN,1983,37834565739.2118
"Iran, Islamic Rep.",IRN,1982,26415543502.6735
"Iran, Islamic Rep.",IRN,1981,28082907605.863
"Iran, Islamic Rep.",IRN,1980,27125991304.742
"Iran, Islamic Rep.",IRN,1979,14516475276.5984
"Iran, Islamic Rep.",IRN,1978,17330359279.2199
"Iran, Islamic Rep.",IRN,1977,23448812229.3988
"Iran, Islamic Rep.",IRN,1976,19212061650.3177
"Iran, Islamic Rep.",IRN,1975,18318369217.6393
"Iran, Islamic Rep.",IRN,1974,11105780993.8801
"Iran, Islamic Rep.",IRN,1973,5594486011.58364
"Iran, Islamic Rep.",IRN,1972,3689022456.10533
"Iran, Islamic Rep.",IRN,1971,2928005748.47917
"Iran, Islamic Rep.",IRN,1970,2327125276.96966
"Iran, Islamic Rep.",IRN,1969,2050926064.80408
"Iran, Islamic Rep.",IRN,1968,1768850273.65624
"Iran, Islamic Rep.",IRN,1967,1485305337.76284
"Iran, Islamic Rep.",IRN,1966,1195883822.88719
"Iran, Islamic Rep.",IRN,1965,1021055598.16535
"Iran, Islamic Rep.",IRN,1964,878548557.845873
"Iran, Islamic Rep.",IRN,1963,614102503.644774
"Iran, Islamic Rep.",IRN,1962,642016253.810446
"Iran, Islamic Rep.",IRN,1961,702251188.378474
"Iran, Islamic Rep.",IRN,1960,730164938.544145
Iraq,IRQ,2024,92844392287.5385
Iraq,IRQ,2023,80207455823.6747
Iraq,IRQ,2022,69638475862.069
Iraq,IRQ,2021,50706900000.0
Iraq,IRQ,2020,54255237619.389
Iraq,IRQ,2019,72282500000.0
Iraq,IRQ,2018,56839934051.9975
Iraq,IRQ,2017,48423565033.7838
Iraq,IRQ,2016,44153354784.0813
Iraq,IRQ,2015,58500390393.6323
Iraq,IRQ,2014,68617800000.0
Iraq,IRQ,2013,65103700000.0
Iraq,IRQ,2012,63439263881.3414
Iraq,IRQ,2011,51552600000.0
Iraq,IRQ,2010,47207400000.0
Iraq,IRQ,2009,43867213453.3654
Iraq,IRQ,2008,40441477851.6394
Iraq,IRQ,2007,25045843946.9614
Iraq,IRQ,2006,25158864321.5244
Iraq,IRQ,2005,30737305660.0668
Iraq,IRQ,2004,23432019002.2224
Iraq,IRQ,2003,16844929980.2908
Iraq,IRQ,2002,16198164181.0213
Iraq,IRQ,2001,22250987889.9854
Iraq,IRQ,2000,24004542302.3578
Iraq,IRQ,1999,22379651773.7707
Iraq,IRQ,1998,11204358032.8658
Iraq,IRQ,1997,8792081556.28319
Iraq,IRQ,1996,1849551.41476881
Iraq,IRQ,1995,2014366.32195197
Iraq,IRQ,1994,2555116.9731395
Iraq,IRQ,1993,4841348.77602746
Iraq,IRQ,1992,7412217.41221741
Iraq,IRQ,1991,10197886.6474544
Iraq,IRQ,1990,13400645161.2903
Iraq,IRQ,1989,15055806451.6129
Iraq,IRQ,1988,14299677419.3548
Iraq,IRQ,1987,14833548387.0968
Iraq,IRQ,1986,12495483870.9677
Iraq,IRQ,1985,14438709677.4194
Iraq,IRQ,1984,13923870967.7419
Iraq,IRQ,1983,13407419354.8387
Iraq,IRQ,1982,28158000000.0
Iraq,IRQ,1981,23561000000.0
Iraq,IRQ,1980,16592000000.0
Iraq,IRQ,1979,11784964442.9394
Iraq,IRQ,1978,7520487639.68845
Iraq,IRQ,1977,8100575685.74331
Iraq,IRQ,1976,6376227565.18794
Iraq,IRQ,1975,5729766339.31595
Iraq,IRQ,1974,3636302065.6959
Iraq,IRQ,1973,1263453284.91251
Iraq,IRQ,1972,883748873.535596
Iraq,IRQ,1971,888826025.459689
Iraq,IRQ,1970,662479735.008106
Ireland,IRL,2024,622469214438.75
Ireland,IRL,2023,585093268387.854
Ireland,IRL,2022,538742737109.535
Ireland,IRL,2021,501936785223.519
Ireland,IRL,2020,518713605705.651
Ireland,IRL,2019,514830799947.372
Ireland,IRL,2018,381868643805.341
Ireland,IRL,2017,365103478210.224
Ireland,IRL,2016,337593450586.6
Ireland,IRL,2015,293084919845.965
Ireland,IRL,2014,256055573293.823
Ireland,IRL,2013,218622360430.84
Ireland,IRL,2012,196364505336.258
Ireland,IRL,2011,202164281999.903
Ireland,IRL,2010,192360308445.5
Ireland,IRL,2009,189237997748.641
Ireland,IRL,2008,208530667032.742
Ireland,IRL,2007,195969684481.856
Ireland,IRL,2006,164818339200.564
Ireland,IRL,2005,145449057041.93
Ireland,IRL,2004,128503157353.008
Ireland,IRL,2003,108173694049.047
Ireland,IRL,2002,94222138296.1217
Ireland,IRL,2001,87057814273.256
Ireland,IRL,2000,80732344853.2708
Ireland,IRL,1999,72598943755.9693
Ireland,IRL,1998,66249949534.5968
Ireland,IRL,1997,53976683381.0888
Ireland,IRL,1996,48476633064.5161
Ireland,IRL,1995,43269875000.0
Ireland,IRL,1994,33418612485.2768
Ireland,IRL,1993,27904818002.0933
Ireland,IRL,1992,28596731877.2612
Ireland,IRL,1991,25321115477.2468
Ireland,IRL,1990,24812175328.9045
Ireland,IRL,1989,21007092309.4095
Ireland,IRL,1988,18745179364.1272
Ireland,IRL,1987,16385098314.6067
Ireland,IRL,1986,13790559559.1352
Ireland,IRL,1985,11426996751.8947
Ireland,IRL,1984,11057699334.1301
Ireland,IRL,1983,10545459528.2373
Ireland,IRL,1982,10937756539.2354
Ireland,IRL,1981,11905906959.0569
Ireland,IRL,1980,12600904677.1322
Ireland,IRL,1979,11135980012.8949
Ireland,IRL,1978,8058103292.05678
Ireland,IRL,1977,6049699134.4965
Ireland,IRL,1976,4710653835.26748
Ireland,IRL,1975,4251090592.3345
Ireland,IRL,1974,4151309151.16921
Ireland,IRL,1973,3083459386.45572
Ireland,IRL,1972,2318300550.74744
Ireland,IRL,1971,2033167880.41395
Ireland,IRL,1970,1817051597.0516
Israel,ISR,2024,140591934051.253
Israel,ISR,2023,141259591701.021
Israel,ISR,2022,153665466119.242
Israel,ISR,2021,127744856755.19
Israel,ISR,2020,98848834109.2891
Israel,ISR,2019,109553655513.763
Israel,ISR,2018,109319594928.535
Israel,ISR,2017,97866153832.0119
Israel,ISR,2016,90475144466.5283
Israel,ISR,2015,85081011363.1492
Israel,ISR,2014,95211692531.2856
Israel,ISR,2013,93509987329.5315
Israel,ISR,2012,92906239602.8044
Israel,ISR,2011,93102471847.7595
Israel,ISR,2010,76948241162.3506
Israel,ISR,2009,63709559036.6961
Israel,ISR,2008,84526756688.9632
Israel,ISR,2007,74068549937.9275
Israel,ISR,2006,62604628573.9934
Israel,ISR,2005,58276695189.0723
Israel,ISR,2004,52895820615.7965
Israel,ISR,2003,44932193847.3024
Israel,ISR,2002,43363108826.8817
Israel,ISR,2001,44056142853.7461
Israel,ISR,2000,47200194491.4527
Israel,ISR,1999,41207853226.0792
Israel,ISR,1998,36163743059.3932
Israel,ISR,1997,37372736707.8333
Israel,ISR,1996,37635231381.3955
Israel,ISR,1995,35385120379.9024
Israel,ISR,1994,30559356049.2843
Israel,ISR,1993,27078766828.0273
Israel,ISR,1992,24174277987.8817
Israel,ISR,1991,22534110833.2236
Israel,ISR,1990,20435071421.486
Israel,ISR,1989,17498729910.2484
Israel,ISR,1988,17261772468.5721
Israel,ISR,1987,16608825410.7613
Israel,ISR,1986,12705184836.6716
Israel,ISR,1985,11785377046.3992
Israel,ISR,1984,12012629604.3656
Israel,ISR,1983,12014412811.3879
Israel,ISR,1982,11726255144.0329
Israel,ISR,1981,12228947368.4211
Israel,ISR,1980,11434705882.3529
Israel,ISR,1979,10380400000.0
Israel,ISR,1978,8833529411.76471
Israel,ISR,1977,7348000000.0
Israel,ISR,1976,6588750000.0
Israel,ISR,1975,7091666666.66667
Israel,ISR,1974,6822500000.0
Israel,ISR,1973,5057500000.0
Israel,ISR,1972,3042500000.0
Israel,ISR,1971,2580000000.0
Israel,ISR,1970,2800000000.0
Italy,ITA,2024,721835854515.781
Italy,ITA,2023,736153956396.287
Italy,ITA,2022,776766269322.766
Italy,ITA,2021,634811260435.649
Italy,ITA,2020,480945200912.997
Italy,ITA,2019,560326098494.117
Italy,ITA,2018,597530269520.862
Italy,ITA,2017,540827068435.177
Italy,ITA,2016,483730717980.818
Italy,ITA,2015,485192095144.804
Italy,ITA,2014,561398127135.449
Italy,ITA,2013,556753988253.021
Italy,ITA,2012,564328520572.5
Italy,ITA,2011,643858645924.126
Italy,ITA,2010,573630177653.334
Italy,ITA,2009,505183498247.5
Italy,ITA,2008,664125662011.484
Italy,ITA,2007,613038536211.257
Italy,ITA,2006,526275457690.588
Italy,ITA,2005,458978118688.871
Italy,ITA,2004,423101431530.04
Italy,ITA,2003,360433739169.137
Italy,ITA,2002,301961782874.981
Italy,ITA,2001,284831774435.394
Italy,ITA,2000,284121969413.177
Italy,ITA,1999,268274689595.985
Italy,ITA,1998,267089327534.292
Italy,ITA,1997,253824124602.092
Italy,ITA,1996,251644873886.309
Italy,ITA,1995,246820753595.626
Italy,ITA,1994,204277773775.216
Italy,ITA,1993,184878139534.884
Italy,ITA,1992,230163868028.28
Italy,ITA,1991,209893731855.783
Italy,ITA,1990,213356119909.502
Italy,ITA,1989,172137694044.595
Italy,ITA,1988,156326810473.073
Italy,ITA,1987,141632748730.206
Italy,ITA,1986,111807780231.199
Italy,ITA,1985,97337834905.182
Italy,ITA,1984,93843935419.881
Italy,ITA,1983,87973944416.1142
Italy,ITA,1982,95659155332.8561
Italy,ITA,1981,101717746550.843
Italy,ITA,1980,108750386615.419
Italy,ITA,1979,83952402703.3326
Italy,ITA,1978,61718133698.3801
Italy,ITA,1977,52626622778.1435
Italy,ITA,1976,47521970225.6339
Italy,ITA,1975,42506699288.2562
Italy,ITA,1974,44460726406.6687
Italy,ITA,1973,31517004317.5025
Italy,ITA,1972,22528788180.6109
Italy,ITA,1971,18471501248.4394
Italy,ITA,1970,16935941759.6035
Japan,JPN,2024,952041559317.639
Japan,JPN,2023,981637982326.316
Japan,JPN,2022,1076977967308.71
Japan,JPN,2021,938755726387.128
Japan,JPN,2020,798645128766.751
Japan,JPN,2019,908591904960.75
Japan,JPN,2018,922228472388.616
Japan,JPN,2017,829947425329.105
Japan,JPN,2016,763174802438.923
Japan,JPN,2015,799671850411.581
Japan,JPN,2014,980024678767.845
Japan,JPN,2013,948362884511.706
Japan,JPN,2012,1007099152148.38
Japan,JPN,2011,961182364174.189
Japan,JPN,2010,782080174983.161
Japan,JPN,2009,633184104751.411
Japan,JPN,2008,862718956651.3
Japan,JPN,2007,711118565477.884
Japan,JPN,2006,660752902210.073
Japan,JPN,2005,599781161368.994
Japan,JPN,2004,532277504089.913
Japan,JPN,2003,445643407643.175
Japan,JPN,2002,401205059495.326
Japan,JPN,2001,414845357770.868
Japan,JPN,2000,452064900176.773
Japan,JPN,1999,385717972939.28
Japan,JPN,1998,353663297055.199
Japan,JPN,1997,422282171634.396
Japan,JPN,1996,440058798059.554
Japan,JPN,1995,420000722945.877
Japan,JPN,1994,348440138619.557
Japan,JPN,1993,308939565351.113
Japan,JPN,1992,298544112851.585
Japan,JPN,1991,297072083274.254
Japan,JPN,1990,295830930469.465
Japan,JPN,1989,267623386902.708
Japan,JPN,1988,233782306438.385
Japan,JPN,1987,181576008987.987
Japan,JPN,1986,150490328139.483
Japan,JPN,1985,149721341618.323
Japan,JPN,1984,157511814670.189
Japan,JPN,1983,146249637386.285
Japan,JPN,1982,151713508328.961
Japan,JPN,1981,164658527096.281
Japan,JPN,1980,155866963510.758
Japan,JPN,1979,127175652404.855
Japan,JPN,1978,91906326825.9095
Japan,JPN,1977,79894824196.4918
Japan,JPN,1976,72270446349.2973
Japan,JPN,1975,64302596002.1901
Japan,JPN,1974,66503972918.6103
Japan,JPN,1973,41807597571.1598
Japan,JPN,1972,25436329221.8127
Japan,JPN,1971,20867004112.3231
Japan,JPN,1970,19572635780.5556
Jordan,JOR,2024,30446760563.3803
Jordan,JOR,2023,29034084507.0423
Jordan,JOR,2022,30018732394.3662
Jordan,JOR,2021,23321408450.7042
Jordan,JOR,2020,18424084507.0423
Jordan,JOR,2019,21963521126.7606
Jordan,JOR,2018,22915774647.8873
Jordan,JOR,2017,23035774647.8873
Jordan,JOR,2016,21671830985.9155
Jordan,JOR,2015,22694366197.1831
Jordan,JOR,2014,24984507042.2535
Jordan,JOR,2013,24171830985.9155
Jordan,JOR,2012,22976056338.0282
Jordan,JOR,2011,21301408450.7042
Jordan,JOR,2010,18240845070.4225
Jordan,JOR,2009,16459154929.5775
Jordan,JOR,2008,19228736858.273
Jordan,JOR,2007,15700423131.1707
Jordan,JOR,2006,13231029619.1819
Jordan,JOR,2005,11859379407.6164
Jordan,JOR,2004,9406911142.45416
Jordan,JOR,2003,6967136812.41185
Jordan,JOR,2002,6383638928.0677
Jordan,JOR,2001,6027365959.40946
Jordan,JOR,2000,5795768688.29337
Jordan,JOR,1999,4984463328.63188
Jordan,JOR,1998,5084211424.54161
Jordan,JOR,1997,5180015232.72214
Jordan,JOR,1996,5415937799.71791
Jordan,JOR,1995,4901826484.01826
Jordan,JOR,1994,4394962931.15786
Jordan,JOR,1993,4493535695.26493
Jordan,JOR,1992,4323657361.23492
Jordan,JOR,1991,3469992627.03674
Jordan,JOR,1990,3727972373.55962
Jordan,JOR,1989,3140576703.51703
Jordan,JOR,1988,4060198989.02461
Jordan,JOR,1987,3899142879.93524
Jordan,JOR,1986,3427475811.93602
Jordan,JOR,1985,3807918910.35793
Jordan,JOR,1984,3951204921.12416
Jordan,JOR,1983,4002434731.83522
Jordan,JOR,1982,4413433496.36304
Jordan,JOR,1981,4320089095.21749
Jordan,JOR,1980,3335403205.50474
Jordan,JOR,1979,2837517022.77139
Jordan,JOR,1978,2077382413.08793
Jordan,JOR,1977,1738406824.85642
Jordan,JOR,1976,1363021600.50364
Kazakhstan,KAZ,2024,74543688674.4676
Kazakhstan,KAZ,2023,72487044600.0899
Kazakhstan,KAZ,2022,60354782089.0333
Kazakhstan,KAZ,2021,49324871010.7242
Kazakhstan,KAZ,2020,45332610743.2096
Kazakhstan,KAZ,2019,51629140772.7225
Kazakhstan,KAZ,2018,46453964705.6103
Kazakhstan,KAZ,2017,40746709251.8909
Kazakhstan,KAZ,2016,39079991232.1721
Kazakhstan,KAZ,2015,45236045679.3765
Kazakhstan,KAZ,2014,56749434112.9155
Kazakhstan,KAZ,2013,63395762891.4119
Kazakhstan,KAZ,2012,61596840640.456
Kazakhstan,KAZ,2011,51341105803.1569
Kazakhstan,KAZ,2010,44257402191.9853
Kazakhstan,KAZ,2009,39121521979.8831
Kazakhstan,KAZ,2008,49571463782.455
Kazakhstan,KAZ,2007,44926943202.1842
Kazakhstan,KAZ,2006,32788929787.4617
Kazakhstan,KAZ,2005,25458960716.4359
Kazakhstan,KAZ,2004,18947365751.461
Kazakhstan,KAZ,2003,13272767132.1075
Kazakhstan,KAZ,2002,11589313373.5519
Kazakhstan,KAZ,2001,10401584730.8408
Kazakhstan,KAZ,2000,8980867281.85007
Kazakhstan,KAZ,1999,6768075150.64862
Kazakhstan,KAZ,1998,7716342036.1685
Kazakhstan,KAZ,1997,8299522120.96106
Kazakhstan,KAZ,1996,7573731898.24046
Kazakhstan,KAZ,1995,8872712589.32177
Kazakhstan,KAZ,1994,10012736360.3517
Kazakhstan,KAZ,1993,10941284111.7034
Kazakhstan,KAZ,1992,18770660123.9669
Kenya,KEN,2024,27822985577.2646
Kenya,KEN,2023,26037169470.1809
Kenya,KEN,2022,27832040674.6004
Kenya,KEN,2021,24016664625.5509
Kenya,KEN,2020,19082744156.5013
Kenya,KEN,2019,20408407783.966
Kenya,KEN,2018,20167352977.161
Kenya,KEN,2017,19080378151.0309
Kenya,KEN,2016,16171498982.4724
Kenya,KEN,2015,17669406544.8353
Kenya,KEN,2014,20279300677.8132
Kenya,KEN,2013,18299434694.9316
Kenya,KEN,2012,17910885230.4782
Kenya,KEN,2011,17272679878.803
Kenya,KEN,2010,13744246852.6306
Kenya,KEN,2009,11505843417.1062
Kenya,KEN,2008,12529038544.1046
Kenya,KEN,2007,10218887779.7188
Kenya,KEN,2006,8329126840.20927
Kenya,KEN,2005,6739990276.37266
Kenya,KEN,2004,5290013363.00645
Kenya,KEN,2003,4478129486.20869
Kenya,KEN,2002,3980437856.70706
Kenya,KEN,2001,4287364071.68251
Kenya,KEN,2000,4030324231.8906
Kenya,KEN,1999,3528289113.00604
Kenya,KEN,1998,4048921325.8303
Kenya,KEN,1997,4114510959.82993
Kenya,KEN,1996,3868109121.22057
Kenya,KEN,1995,3541999889.4416
Kenya,KEN,1994,2446514204.35919
Kenya,KEN,1993,1953010595.46338
Kenya,KEN,1992,2189413217.61826
Kenya,KEN,1991,2327744590.30211
Kenya,KEN,1990,2685575018.06586
Kenya,KEN,1989,2495151393.36473
Kenya,KEN,1988,2306399997.74611
Kenya,KEN,1987,2104101026.02985
Kenya,KEN,1986,2163994299.92169
Kenya,KEN,1985,1849498186.99563
Kenya,KEN,1984,1984603543.46073
Kenya,KEN,1983,1686897646.60181
Kenya,KEN,1982,2029695252.61334
Kenya,KEN,1981,2318209962.5775
Kenya,KEN,1980,2608236153.61715
Kenya,KEN,1979,1970754653.75411
Kenya,KEN,1978,2051910223.62328
Kenya,KEN,1977,1419913415.72907
Kenya,KEN,1976,1103363094.58005
Kenya,KEN,1975,1124851546.18706
Kenya,KEN,1974,1214639514.14419
Kenya,KEN,1973,719305941.045468
Kenya,KEN,1972,605359757.856097
Kenya,KEN,1971,625800029.679988
Kenya,KEN,1970,491679803.328079
Kenya,KEN,1969,409639836.144066
Kenya,KEN,1968,396479841.408063
Kenya,KEN,1967,362039855.184058
Kenya,KEN,1966,359519856.192058
Kenya,KEN,1965,306319877.472049
Kenya,KEN,1964,291759883.296047
Kenya,KEN,1963,268365892.653643
Kenya,KEN,1962,261519895.392042
Kenya,KEN,1961,246847901.260839
Kenya,KEN,1960,266419907.432037
Kiribati,KIR,2023,293469858.533235
Kiribati,KIR,2022,270259460.664946
Kiribati,KIR,2021,201765233.649547
Kiribati,KIR,2020,150178033.445809
Kiribati,KIR,2019,180817476.661092
Kiribati,KIR,2018,173538178.678091
Kiribati,KIR,2017,194581508.19901
Kiribati,KIR,2016,195426975.110463
Kiribati,KIR,2015,183766112.397449
Kiribati,KIR,2014,184575188.17556
Kiribati,KIR,2013,173118004.512107
Kiribati,KIR,2012,172562371.399687
Kiribati,KIR,2011,157292698.583889
Kiribati,KIR,2010,122655932.650078
Kiribati,KIR,2009,117047383.495475
Kiribati,KIR,2008,119569159.388231
Kiribati,KIR,2007,111422750.70868
Kiribati,KIR,2006,94190133.4456612
Kiribati,KIR,2005,124660684.107271
Kiribati,KIR,2004,92863183.8747066
Kiribati,KIR,2003,84184137.3773116
Kiribati,KIR,2002,79642641.9524895
Kiribati,KIR,2001,61822335.5032114
Kiribati,KIR,2000,62411244.7219344
Kiribati,KIR,1999,64959772.8958999
Kiribati,KIR,1998,52442474.9407599
Kiribati,KIR,1997,61902581.3059419
Kiribati,KIR,1996,61419573.1467301
Kiribati,KIR,1995,58416584.3237341
Kiribati,KIR,1994,45046137.783851
Kiribati,KIR,1993,48355116.4182352
Kiribati,KIR,1992,58763057.7065438
Kiribati,KIR,1991,45073440.7473071
Kiribati,KIR,1990,47009194.7508971
Kiribati,KIR,1989,39370586.0444078
Kiribati,KIR,1988,36927118.9804267
Kiribati,KIR,1987,37078471.2011091
Kiribati,KIR,1986,13602250.4401814
Kiribati,KIR,1985,14844290.2587131
Kiribati,KIR,1984,21778518.8311911
Kiribati,KIR,1983,22682284.4736332
Kiribati,KIR,1982,26881473.3893046
Kiribati,KIR,1981,30723029.366306
Kiribati,KIR,1980,19118229.1026184
Kiribati,KIR,1979,25396779.2667673
Kiribati,KIR,1978,20888012.3709594
Kiribati,KIR,1977,14801097.7739584
Kiribati,KIR,1976,14677055.8876869
Kiribati,KIR,1975,15320649.6908509
Kiribati,KIR,1974,20382539.3100211
Kiribati,KIR,1973,12462548.1523755
Kiribati,KIR,1972,7461077.84431138
"Korea, Rep.",KOR,2024,755486201521.958
"Korea, Rep.",KOR,2023,755197457229.567
"Korea, Rep.",KOR,2022,814936711590.894
"Korea, Rep.",KOR,2021,698601348291.191
"Korea, Rep.",KOR,2020,539436709934.322
"Korea, Rep.",KOR,2019,602460189255.229
"Korea, Rep.",KOR,2018,643142886151.538
"Korea, Rep.",KOR,2017,587337161918.895
"Korea, Rep.",KOR,2016,501960383970.089
"Korea, Rep.",KOR,2015,529797582126.57
"Korea, Rep.",KOR,2014,640345541582.767
"Korea, Rep.",KOR,2013,644649663350.784
"Korea, Rep.",KOR,2012,660911494402.722
"Korea, Rep.",KOR,2011,658770946514.601
"Korea, Rep.",KOR,2010,510006485308.614
"Korea, Rep.",KOR,2009,389431370552.81
"Korea, Rep.",KOR,2008,504705472100.229
"Korea, Rep.",KOR,2007,430767883125.589
"Korea, Rep.",KOR,2006,371584656529.364
"Korea, Rep.",KOR,2005,311368128261.164
"Korea, Rep.",KOR,2004,266051158489.267
"Korea, Rep.",KOR,2003,211120763750.549
"Korea, Rep.",KOR,2002,180702673024.758
"Korea, Rep.",KOR,2001,167799772361.558
"Korea, Rep.",KOR,2000,186383219528.585
"Korea, Rep.",KOR,1999,136054279856.6
"Korea, Rep.",KOR,1998,111609107996.101
"Korea, Rep.",KOR,1997,167463480085.762
"Korea, Rep.",KOR,1996,173342318317.297
"Korea, Rep.",KOR,1995,154227820410.742
"Korea, Rep.",KOR,1994,116128928671.978
"Korea, Rep.",KOR,1993,91538648222.9078
"Korea, Rep.",KOR,1992,87861307514.192
"Korea, Rep.",KOR,1991,86243424554.0315
"Korea, Rep.",KOR,1990,73079706489.8168
"Korea, Rep.",KOR,1989,63184948286.9907
"Korea, Rep.",KOR,1988,52389830153.952
"Korea, Rep.",KOR,1987,41753533904.5124
"Korea, Rep.",KOR,1986,32919918017.2946
"Korea, Rep.",KOR,1985,26160433093.4921
"Korea, Rep.",KOR,1984,27795127347.496
"Korea, Rep.",KOR,1983,26387424890.264
"Korea, Rep.",KOR,1982,25783350262.5279
"Korea, Rep.",KOR,1981,27162601025.5374
"Korea, Rep.",KOR,1980,24291587954.2171
"Korea, Rep.",KOR,1979,20687809917.3554
"Korea, Rep.",KOR,1978,15192975206.6116
"Korea, Rep.",KOR,1977,10721900826.4463
"Korea, Rep.",KOR,1976,8480785123.96694
"Korea, Rep.",KOR,1975,6827892561.98347
"Korea, Rep.",KOR,1974,6511196682.09829
"Korea, Rep.",KOR,1973,3839358990.48432
"Korea, Rep.",KOR,1972,2330143840.25012
"Korea, Rep.",KOR,1971,2280298720.28461
"Korea, Rep.",KOR,1970,1902717643.65695
"Korea, Rep.",KOR,1969,1724037412.44472
"Korea, Rep.",KOR,1968,1385168718.03214
"Korea, Rep.",KOR,1967,955578712.885378
"Korea, Rep.",KOR,1966,715713825.033399
"Korea, Rep.",KOR,1965,447070729.517329
"Korea, Rep.",KOR,1964,428344229.768334
"Korea, Rep.",KOR,1963,584615384.615385
"Korea, Rep.",KOR,1962,439230769.230769
"Korea, Rep.",KOR,1961,337362180.337314
"Korea, Rep.",KOR,1960,473663366.336634
Kosovo,XKX,2024,8066641703.7726
Kosovo,XKX,2023,7360352732.04894
Kosovo,XKX,2022,6678129416.27684
Kosovo,XKX,2021,6140295601.50414
Kosovo,XKX,2020,4160533505.72661
Kosovo,XKX,2019,4458677258.30755
Kosovo,XKX,2018,4511507218.44078
Kosovo,XKX,2017,3811644830.90463
Kosovo,XKX,2016,3420956563.99397
Kosovo,XKX,2015,3246709183.22061
Kosovo,XKX,2014,3788279431.61408
Kosovo,XKX,2013,3509081008.573
Kosovo,XKX,2012,3503444518.9622
Kosovo,XKX,2011,3881049088.68702
Kosovo,XKX,2010,3233534267.78681
Kosovo,XKX,2009,2935683523.20089
Kosovo,XKX,2008,3085232166.39813
Kuwait,KWT,2023,63424320848.9998
Kuwait,KWT,2022,55915102040.8163
Kuwait,KWT,2021,44914020878.9861
Kuwait,KWT,2020,42529707771.5334
Kuwait,KWT,2019,55817806337.715
Kuwait,KWT,2018,63048258686.6961
Kuwait,KWT,2017,56293171254.3267
Kuwait,KWT,2016,53090012146.8076
Kuwait,KWT,2015,51488579434.4063
Kuwait,KWT,2014,51286394768.1917
Kuwait,KWT,2013,46580345500.0018
Kuwait,KWT,2012,45739026063.1001
Kuwait,KWT,2011,39894339786.7229
Kuwait,KWT,2010,35034036154.0367
Kuwait,KWT,2009,31130878954.7753
Kuwait,KWT,2008,38206585623.5214
Kuwait,KWT,2007,32461455100.734
Kuwait,KWT,2006,24543725187.4724
Kuwait,KWT,2005,22839041095.8904
Kuwait,KWT,2004,19246691550.7296
Kuwait,KWT,2003,16499335597.2243
Kuwait,KWT,2002,13961186388.2546
Kuwait,KWT,2001,12400466933.1751
Kuwait,KWT,2000,11370749008.9714
Kuwait,KWT,1999,11878521097.8434
Kuwait,KWT,1998,13256506844.8201
Kuwait,KWT,1997,12015862916.9702
Kuwait,KWT,1996,12340978394.1031
Kuwait,KWT,1995,11409022677.3173
Kuwait,KWT,1994,10518518518.5185
Kuwait,KWT,1993,10602648675.4967
Kuwait,KWT,1992,10766871506.4758
Kuwait,KWT,1991,13840763853.9552
Kuwait,KWT,1990,10701388541.6667
Kuwait,KWT,1989,10058581791.0742
Kuwait,KWT,1988,8884381551.73835
Kuwait,KWT,1987,8303936654.6689
Kuwait,KWT,1986,8596155818.235
Kuwait,KWT,1985,9166990520.46031
Kuwait,KWT,1984,9687160121.86637
Kuwait,KWT,1983,10300332101.6753
Kuwait,KWT,1982,11298630132.2284
Kuwait,KWT,1981,9641838692.89955
Kuwait,KWT,1980,9822528921.88963
Kuwait,KWT,1979,7131847260.51685
Kuwait,KWT,1978,6180627006.43149
Kuwait,KWT,1977,6141691617.28886
Kuwait,KWT,1976,4275155872.1831
Kuwait,KWT,1975,3127241132.01302
Kuwait,KWT,1974,1800437317.287
Kuwait,KWT,1973,1199034298.58517
Kuwait,KWT,1972,919595438.806624
Kuwait,KWT,1971,724238833.130206
Kuwait,KWT,1970,692999722.800111
Kuwait,KWT,1969,800799679.680128
Kuwait,KWT,1968,694399722.240111
Kuwait,KWT,1967,694399722.240111
Kuwait,KWT,1966,582399767.040093
Kuwait,KWT,1965,484399806.240077
Kyrgyz Republic,KGZ,2024,14718020576.7018
Kyrgyz Republic,KGZ,2023,14495454762.0276
Kyrgyz Republic,KGZ,2022,10611929974.1289
Kyrgyz Republic,KGZ,2021,5961602074.23316
Kyrgyz Republic,KGZ,2020,4086471675.70011
Kyrgyz Republic,KGZ,2019,5712149571.70613
Kyrgyz Republic,KGZ,2018,5564289939.38436
Kyrgyz Republic,KGZ,2017,5112024586.40804
Kyrgyz Republic,KGZ,2016,4769041754.77364
Kyrgyz Republic,KGZ,2015,5060186675.86856
Kyrgyz Republic,KGZ,2014,6547847694.94975
Kyrgyz Republic,KGZ,2013,6731846955.3043
Kyrgyz Republic,KGZ,2012,6292834348.82876
Kyrgyz Republic,KGZ,2011,5059940640.9094
Kyrgyz Republic,KGZ,2010,3915964187.91548
Kyrgyz Republic,KGZ,2009,3690178106.02192
Kyrgyz Republic,KGZ,2008,4757398250.67632
Kyrgyz Republic,KGZ,2007,3199688543.25341
Kyrgyz Republic,KGZ,2006,2239825766.00943
Kyrgyz Republic,KGZ,2005,1396889935.70902
Kyrgyz Republic,KGZ,2004,1133628671.21393
Kyrgyz Republic,KGZ,2003,868382998.97496
Kyrgyz Republic,KGZ,2002,695875684.66958
Kyrgyz Republic,KGZ,2001,564633756.153949
Kyrgyz Republic,KGZ,2000,651739833.854459
Kyrgyz Republic,KGZ,1999,711921997.719381
Kyrgyz Republic,KGZ,1998,955086965.733767
Kyrgyz Republic,KGZ,1997,816580728.791589
Kyrgyz Republic,KGZ,1996,1033631428.90616
Kyrgyz Republic,KGZ,1995,703614106.7704
Kyrgyz Republic,KGZ,1994,673862518.55749
Kyrgyz Republic,KGZ,1993,834214288.038514
Kyrgyz Republic,KGZ,1992,1102233827.2407
Kyrgyz Republic,KGZ,1991,931702624.707984
Kyrgyz Republic,KGZ,1990,1317670458.07695
Lao PDR,LAO,2016,6664547720.2285
Lao PDR,LAO,2015,7479510329.88207
Lao PDR,LAO,2014,7742489762.6947
Lao PDR,LAO,2013,7190675749.96607
Lao PDR,LAO,2012,6147142346.17112
Lao PDR,LAO,2011,4493663456.61865
Lao PDR,LAO,2010,3518552788.50726
Lao PDR,LAO,2009,2734099407.76051
Lao PDR,LAO,2008,2652146160.60984
Lao PDR,LAO,2007,1925686523.53669
Lao PDR,LAO,2006,1513520760.81269
Lao PDR,LAO,2005,1171610003.59226
Lao PDR,LAO,2004,974190000.0
Lao PDR,LAO,2003,750080000.0
Lao PDR,LAO,2002,676940000.0
Lao PDR,LAO,2001,672540000.0
Lao PDR,LAO,2000,660890000.0
Lao PDR,LAO,1999,642605485.979076
Lao PDR,LAO,1998,612099978.470924
Lao PDR,LAO,1997,720900005.079446
Lao PDR,LAO,1996,769300009.228898
Lao PDR,LAO,1995,658400005.840759
Lao PDR,LAO,1994,614700001.532738
Lao PDR,LAO,1993,413821993.385854
Lao PDR,LAO,1992,305692108.283991
Lao PDR,LAO,1991,259372152.461258
Lao PDR,LAO,1990,212221824.559823
Lao PDR,LAO,1989,228467540.457793
Lao PDR,LAO,1988,191065571.207004
Lao PDR,LAO,1987,152469487.257091
Lao PDR,LAO,1986,136842104.32133
Lao PDR,LAO,1985,231111111.111111
Lao PDR,LAO,1984,111428574.612245
Latvia,LVA,2024,29237162725.2523
Latvia,LVA,2023,29797383500.3005
Latvia,LVA,2022,31311327145.253
Latvia,LVA,2021,26722730484.7438
Latvia,LVA,2020,20436512013.5674
Latvia,LVA,2019,20771523762.3294
Latvia,LVA,2018,21399793243.0745
Latvia,LVA,2017,18978997354.9141
Latvia,LVA,2016,16650471636.2697
Latvia,LVA,2015,16803736936.4234
Latvia,LVA,2014,20125302946.9768
Latvia,LVA,2013,19561429184.0202
Latvia,LVA,2012,18813181777.956
Latvia,LVA,2011,18053570798.0749
Latvia,LVA,2010,13258875479.6877
Latvia,LVA,2009,11673201278.8435
Latvia,LVA,2008,18615164449.6419
Latvia,LVA,2007,17797774586.2399
Latvia,LVA,2006,13025682217.2059
Latvia,LVA,2005,9737186060.9832
Latvia,LVA,2004,7827520489.1375
Latvia,LVA,2003,5717024966.17882
Latvia,LVA,2002,4459960209.18599
Latvia,LVA,2001,4044694425.78912
Latvia,LVA,2000,3561696407.87949
Latvia,LVA,1999,3377901753.54312
Latvia,LVA,1998,3677526510.18706
Latvia,LVA,1997,3181698524.07452
Latvia,LVA,1996,2953175089.33129
Latvia,LVA,1995,2275390758.69937
Lebanon,LBN,2023,14788907442.7926
Lebanon,LBN,2022,16806427844.3004
Lebanon,LBN,2021,12214357413.8664
Lebanon,LBN,2020,10705132083.243
Lebanon,LBN,2019,21820628748.3913
Lebanon,LBN,2018,26079751235.1575
Lebanon,LBN,2017,24672982325.7048
Lebanon,LBN,2016,23526463867.9934
Lebanon,LBN,2015,24315275422.2222
Lebanon,LBN,2014,26962653976.1194
Lebanon,LBN,2013,27906587980.0995
Lebanon,LBN,2012,26294002587.0647
Lebanon,LBN,2011,26262779872.6368
Lebanon,LBN,2010,23094612059.0381
Lebanon,LBN,2009,20249317982.0896
Lebanon,LBN,2008,19824163540.2985
Lebanon,LBN,2007,15101534372.1393
Lebanon,LBN,2006,12218142061.6915
Lebanon,LBN,2005,12068415010.2819
Lebanon,LBN,2004,11832129864.6766
Lebanon,LBN,2003,7501824212.27197
Lebanon,LBN,2002,6692537313.43284
Lebanon,LBN,2001,7051409618.5738
Lebanon,LBN,2000,6202985074.62687
Lebanon,LBN,1999,6391244717.62331
Lebanon,LBN,1998,7063369152.554
Lebanon,LBN,1997,7490743747.97012
Lebanon,LBN,1996,7563885155.91193
Lebanon,LBN,1995,7304200109.78167
Lebanon,LBN,1994,5989999913.10041
Lebanon,LBN,1993,5334999955.15
Lebanon,LBN,1992,4207000159.97291
Lebanon,LBN,1991,3748853488.53244
Lebanon,LBN,1990,2836016495.58546
Lebanon,LBN,1989,2489030212.06429
Lesotho,LSO,2023,2088115593.48483
Lesotho,LSO,2022,2257663699.96111
Lesotho,LSO,2021,2244255203.34092
Lesotho,LSO,2020,1984851478.86231
Lesotho,LSO,2019,2254606913.26468
Lesotho,LSO,2018,2418257076.54705
Lesotho,LSO,2017,2281133086.57192
Lesotho,LSO,2016,1914308304.95789
Lesotho,LSO,2015,2048938857.02493
Lesotho,LSO,2014,2151620838.25379
Lesotho,LSO,2013,2251498994.73531
Lesotho,LSO,2012,2686142425.71846
Lesotho,LSO,2011,2632900425.6257
Lesotho,LSO,2010,2413002185.85207
Lesotho,LSO,2009,1986907945.71516
Lesotho,LSO,2008,1911931986.34149
Lesotho,LSO,2007,1880626511.18856
Lesotho,LSO,1981,508034188.034188
Lesotho,LSO,1980,475069141.819695
Lesotho,LSO,1979,358660036.602326
Lesotho,LSO,1978,241500060.375015
Lesotho,LSO,1977,217350054.337514
Lesotho,LSO,1976,204700051.175013
Lesotho,LSO,1975,155508797.741201
Lesotho,LSO,1974,116265892.738091
Lesotho,LSO,1973,82137417.3402175
Lesotho,LSO,1972,55936778.4318189
Lesotho,LSO,1971,41945311.7026021
Lesotho,LSO,1970,33599986.5600054
Lesotho,LSO,1969,34019986.3920054
Lesotho,LSO,1968,33879986.4480054
Lesotho,LSO,1967,33599986.5600054
Lesotho,LSO,1966,32059987.1760051
Lesotho,LSO,1965,29259988.2960047
Lesotho,LSO,1964,25759989.6960041
Lesotho,LSO,1963,23939990.4240038
Lesotho,LSO,1962,20019991.9920032
Lesotho,LSO,1961,16239993.5040026
Lesotho,LSO,1960,13299994.6800021
Libya,LBY,2024,27562617337.6643
Libya,LBY,2023,31811705187.93
Libya,LBY,2022,27824997262.7216
Libya,LBY,2021,25437768929.5979
Libya,LBY,2020,14343035443.3424
Libya,LBY,2019,25373910344.4774
Libya,LBY,2018,18533195308.0184
Libya,LBY,2017,13667690232.5982
Libya,LBY,2016,13242815396.4883
Libya,LBY,2015,16894027700.3497
Libya,LBY,2014,25408243621.1197
Libya,LBY,2013,34997389304.9575
Libya,LBY,2012,29017564161.5015
Libya,LBY,2011,11974656741.9732
Libya,LBY,2010,23975026622.4288
Libya,LBY,2009,26989295862.7369
Libya,LBY,2008,25255769629.982
Libya,LBY,2007,19933552186.0856
Libya,LBY,2006,15563669140.3288
Libya,LBY,2005,12848550617.7463
Libya,LBY,2004,10722807615.3846
Libya,LBY,2003,8745312500.0
Libya,LBY,2002,6982677165.35433
Libya,LBY,2001,5673779963.77243
Libya,LBY,2000,5251957281.47758
Libya,LBY,1999,5245671189.34221
Libya,LBY,1998,5691077775.92424
Libya,LBY,1997,6706938676.31806
Libya,LBY,1996,6662087912.08791
Libya,LBY,1995,5725286682.84925
Libya,LBY,1994,7472270702.2459
Libya,LBY,1993,9672438150.93472
Libya,LBY,1992,8630701857.19918
Libya,LBY,1991,9842267248.01231
Libya,LBY,1990,8995433951.20366
Lithuania,LTU,2024,58504093078.1562
Lithuania,LTU,2023,57902756764.1579
Lithuania,LTU,2022,63129065380.5839
Lithuania,LTU,2021,50396505475.3868
Lithuania,LTU,2020,36377346995.4865
Lithuania,LTU,2019,39443296204.549
Lithuania,LTU,2018,39433464608.6745
Lithuania,LTU,2017,34056328974.8824
Lithuania,LTU,2016,28782248191.6343
Lithuania,LTU,2015,28908846550.9062
Lithuania,LTU,2014,34143020506.3387
Lithuania,LTU,2013,35924555727.5656
Lithuania,LTU,2012,33318801481.7615
Lithuania,LTU,2011,32897788514.4604
Lithuania,LTU,2010,24484526320.2937
Lithuania,LTU,2009,20021144008.8963
Lithuania,LTU,2008,33089174593.8826
Lithuania,LTU,2007,25702866721.4012
Lithuania,LTU,2006,20312938888.1917
Lithuania,LTU,2005,16272919517.3529
Lithuania,LTU,2004,12633539493.2936
Lithuania,LTU,2003,9769109983.07953
Lithuania,LTU,2002,7570066685.4513
Lithuania,LTU,2001,6065911091.92922
Lithuania,LTU,2000,5161331894.69141
Lithuania,LTU,1999,4661041864.47993
Lithuania,LTU,1998,5687938713.85412
Lithuania,LTU,1997,5579099697.8852
Lithuania,LTU,1996,4305180837.2896
Lithuania,LTU,1995,3770960973.13735
Luxembourg,LUX,2024,149000525634.778
Luxembourg,LUX,2023,164425595344.836
Luxembourg,LUX,2022,153417111267.143
Luxembourg,LUX,2021,157127164919.606
Luxembourg,LUX,2020,126083443113.34
Luxembourg,LUX,2019,123031122937.043
Luxembourg,LUX,2018,117040520850.147
Luxembourg,LUX,2017,105827158919.454
Luxembourg,LUX,2016,97891285783.9403
Luxembourg,LUX,2015,95691946360.7722
Luxembourg,LUX,2014,103651876358.482
Luxembourg,LUX,2013,93990637386.7422
Luxembourg,LUX,2012,84030679320.9293
Luxembourg,LUX,2011,85896851544.3192
Luxembourg,LUX,2010,73618971440.6001
Luxembourg,LUX,2009,62968336727.6023
Luxembourg,LUX,2008,76920486012.782
Luxembourg,LUX,2007,71143315823.83
Luxembourg,LUX,2006,59275748177.4282
Luxembourg,LUX,2005,49069300287.1035
Luxembourg,LUX,2004,42601162807.2893
Luxembourg,LUX,2003,33265876312.4356
Luxembourg,LUX,2002,27038258008.9369
Luxembourg,LUX,2001,26641322485.1504
Luxembourg,LUX,2000,26488356335.1122
Luxembourg,LUX,1999,24086193884.2271
Luxembourg,LUX,1998,21937945098.9109
Luxembourg,LUX,1997,18755420613.4416
Luxembourg,LUX,1996,18315957003.2573
Luxembourg,LUX,1995,17738813628.8998
Luxembourg,LUX,1994,14806954424.8855
Luxembourg,LUX,1993,13144580223.8806
Luxembourg,LUX,1992,13027742785.4454
Luxembourg,LUX,1991,12320522150.0295
Luxembourg,LUX,1990,11257897151.1347
Luxembourg,LUX,1989,8953389639.63964
Luxembourg,LUX,1988,8465362589.13878
Luxembourg,LUX,1987,7485394921.66397
Luxembourg,LUX,1986,5901361748.23912
Luxembourg,LUX,1985,4440312521.23106
Luxembourg,LUX,1984,4137947500.69813
Luxembourg,LUX,1983,3821668639.05325
Luxembourg,LUX,1982,3913174112.66113
Luxembourg,LUX,1981,4243916775.31508
Luxembourg,LUX,1980,5038377707.26997
Luxembourg,LUX,1979,4494679416.6208
Luxembourg,LUX,1978,3644990393.23684
Luxembourg,LUX,1977,2941575689.3641
Luxembourg,LUX,1976,2642274817.13689
Luxembourg,LUX,1975,2582040144.78447
Luxembourg,LUX,1974,2431846520.29826
Luxembourg,LUX,1973,1875419167.87415
Luxembourg,LUX,1972,1369284208.59683
Luxembourg,LUX,1971,1202551382.58357
Luxembourg,LUX,1970,1035732150.06051
"Macao SAR, China",MAC,2024,24679130368.6739
"Macao SAR, China",MAC,2023,24390733922.0849
"Macao SAR, China",MAC,2022,21333615037.2353
"Macao SAR, China",MAC,2021,24329800942.6482
"Macao SAR, China",MAC,2020,15615350087.407
"Macao SAR, China",MAC,2019,17929686870.777
"Macao SAR, China",MAC,2018,18570067514.3422
"Macao SAR, China",MAC,2017,17507224332.5163
"Macao SAR, China",MAC,2016,16224010214.3022
"Macao SAR, China",MAC,2015,18221381196.6497
"Macao SAR, China",MAC,2014,18112891378.116
"Macao SAR, China",MAC,2013,15854669803.3797
"Macao SAR, China",MAC,2012,14227025641.4878
"Macao SAR, China",MAC,2011,11993203468.9048
"Macao SAR, China",MAC,2010,9183455035.02342
"Macao SAR, China",MAC,2009,7565488347.5448
"Macao SAR, China",MAC,2008,9864328544.12221
"Macao SAR, China",MAC,2007,9549700629.20506
"Macao SAR, China",MAC,2006,7472792974.65227
"Macao SAR, China",MAC,2005,6321506566.23058
"Macao SAR, China",MAC,2004,5761532632.5006
"Macao SAR, China",MAC,2003,4776941622.87357
"Macao SAR, China",MAC,2002,4358037217.71253
"Macao SAR, China",MAC,2001,4033733739.9639
"Macao SAR, China",MAC,2000,3963044642.96839
"Macao SAR, China",MAC,1999,3670364183.51195
"Macao SAR, China",MAC,1998,3446898499.47993
"Macao SAR, China",MAC,1997,3585448658.18079
"Macao SAR, China",MAC,1996,3468693512.75356
"Macao SAR, China",MAC,1995,3620340878.82689
"Macao SAR, China",MAC,1994,3588063389.20362
"Macao SAR, China",MAC,1993,3309549359.58984
"Macao SAR, China",MAC,1992,3195924108.62454
"Macao SAR, China",MAC,1991,2895086985.0392
"Macao SAR, China",MAC,1990,2513155480.02043
"Macao SAR, China",MAC,1989,2344569867.39787
"Macao SAR, China",MAC,1988,2049475958.98411
"Macao SAR, China",MAC,1987,1796797126.72264
"Macao SAR, China",MAC,1986,1480440046.23396
"Macao SAR, China",MAC,1985,1256806922.80208
"Macao SAR, China",MAC,1984,1266777427.24337
"Macao SAR, China",MAC,1983,1152439381.3804
"Macao SAR, China",MAC,1982,1137197223.24707
Madagascar,MDG,2024,5525278015.34173
Madagascar,MDG,2023,5416411471.69696
Madagascar,MDG,2022,6130829741.47395
Madagascar,MDG,2021,4611346608.6263
Madagascar,MDG,2020,3767772594.91223
Madagascar,MDG,2019,4820540217.6801
Madagascar,MDG,2018,4995646270.88017
Madagascar,MDG,2017,4538023942.3512
Madagascar,MDG,2016,3761002301.53403
Madagascar,MDG,2015,3717317430.57571
Madagascar,MDG,2014,4218673808.07217
Madagascar,MDG,2013,4111627324.19942
Madagascar,MDG,2012,3574547936.22158
Madagascar,MDG,2011,3900293293.50025
Madagascar,MDG,2010,3593827391.99502
Madagascar,MDG,2009,4042538711.21138
Madagascar,MDG,2008,5003293324.95692
Madagascar,MDG,2007,3316634031.60353
Madagascar,MDG,2006,2213935049.04555
Madagascar,MDG,2005,2039652747.15456
Madagascar,MDG,2004,1484882131.69503
Madagascar,MDG,2003,1295939419.56237
Madagascar,MDG,2002,1518069983.83502
Madagascar,MDG,2001,1140139723.03488
Madagascar,MDG,2000,1095162037.72153
Madagascar,MDG,1999,965856215.411914
Madagascar,MDG,1998,920883327.96169
Madagascar,MDG,1997,883747058.531317
Madagascar,MDG,1996,930030558.325422
Madagascar,MDG,1995,936020464.275131
Madagascar,MDG,1994,829101112.757678
Madagascar,MDG,1993,774310221.77285
Madagascar,MDG,1992,693267160.708585
Madagascar,MDG,1991,643923815.763665
Madagascar,MDG,1990,767031802.219362
Madagascar,MDG,1989,521021526.554668
Madagascar,MDG,1988,539406597.519741
Madagascar,MDG,1987,513724261.93132
Madagascar,MDG,1986,508615749.291554
Madagascar,MDG,1985,477012482.642807
Madagascar,MDG,1984,488824150.110337
Madagascar,MDG,1983,522094424.611092
Madagascar,MDG,1982,617989389.591719
Madagascar,MDG,1981,696934879.041789
Madagascar,MDG,1980,1019609061.89099
Madagascar,MDG,1979,1052478242.19945
Madagascar,MDG,1978,642273689.924885
Madagascar,MDG,1977,472941273.919702
Madagascar,MDG,1976,382361664.28161
Madagascar,MDG,1975,476932068.483212
Madagascar,MDG,1974,387473830.382784
Madagascar,MDG,1973,312077206.732241
Madagascar,MDG,1972,245822788.235523
Madagascar,MDG,1971,252204260.34019
Madagascar,MDG,1970,240001885.063349
Madagascar,MDG,1969,244148323.201033
Madagascar,MDG,1968,235119320.000162
Madagascar,MDG,1967,205672791.094295
Madagascar,MDG,1966,208843980.020498
Madagascar,MDG,1965,166712685.282334
Madagascar,MDG,1964,159917394.157657
Madagascar,MDG,1963,151309643.796105
Madagascar,MDG,1962,135907021.587747
Madagascar,MDG,1961,136359934.860018
Madagascar,MDG,1960,111896638.890352
Malawi,MWI,2023,4168480304.06473
Malawi,MWI,2022,4011385129.38504
Malawi,MWI,2021,3946615437.79055
Malawi,MWI,2020,3534041140.85774
Malawi,MWI,2019,3448840700.9341
Malawi,MWI,2018,3152063269.52757
Malawi,MWI,2017,2917847789.69494
Malaysia,MYS,2024,278760544031.284
Malaysia,MYS,2023,255625703549.712
Malaysia,MYS,2022,283918591271.771
Malaysia,MYS,2021,236990392677.524
Malaysia,MYS,2020,186310380061.102
Malaysia,MYS,2019,210893037728.698
Malaysia,MYS,2018,221902484182.666
Malaysia,MYS,2017,201496430249.828
Malaysia,MYS,2016,181125866049.416
Malaysia,MYS,2015,186603344672.915
Malaysia,MYS,2014,218115959741.633
Malaysia,MYS,2013,216892331704.914
Malaysia,MYS,2012,215525053248.817
Malaysia,MYS,2011,207619404294.702
Malaysia,MYS,2010,181099423890.134
Malaysia,MYS,2009,143890358442.027
Malaysia,MYS,2008,178114431987.453
Malaysia,MYS,2007,167027920021.387
Malaysia,MYS,2006,147060242730.926
Malaysia,MYS,2005,130552677357.719
Malaysia,MYS,2004,118513157894.737
Malaysia,MYS,2003,96153421052.6316
Malaysia,MYS,2002,91820789473.6842
Malaysia,MYS,2001,86253947368.4211
Malaysia,MYS,2000,94349736842.1053
Malaysia,MYS,1999,76187894736.8421
Malaysia,MYS,1998,67655931512.4338
Malaysia,MYS,1997,92380580594.7903
Malaysia,MYS,1996,90962318149.2964
Malaysia,MYS,1995,86952551834.1308
Malaysia,MYS,1994,67592211553.1169
Malaysia,MYS,1993,52860519910.8813
Malaysia,MYS,1992,44155181214.9056
Malaysia,MYS,1991,40044733779.4588
Malaysia,MYS,1990,31883543601.83
Malaysia,MYS,1989,25372465429.8774
Malaysia,MYS,1988,19826003147.2634
Malaysia,MYS,1987,15776869534.4331
Malaysia,MYS,1986,13922838475.5497
Malaysia,MYS,1985,15529741341.4674
Malaysia,MYS,1984,17772765635.7072
Malaysia,MYS,1983,17142918686.0528
Malaysia,MYS,1982,15971622751.127
Malaysia,MYS,1981,14633320674.8766
Malaysia,MYS,1980,13478905389.0356
Malaysia,MYS,1979,9999808082.6451
Malaysia,MYS,1978,7114292400.56959
Malaysia,MYS,1977,5601956378.03536
Malaysia,MYS,1976,4571968169.34381
Malaysia,MYS,1975,4193454363.75749
Malaysia,MYS,1974,4565307072.88164
Malaysia,MYS,1973,2747070596.27639
Malaysia,MYS,1972,1884339236.39041
Malaysia,MYS,1971,1656477495.36409
Malaysia,MYS,1970,1596749008.56521
Malaysia,MYS,1969,1356648656.41803
Malaysia,MYS,1968,1322348606.11129
Malaysia,MYS,1967,1228595135.27287
Malaysia,MYS,1966,1212261777.98394
Malaysia,MYS,1965,1194948419.25768
Malaysia,MYS,1964,1132554994.41399
Malaysia,MYS,1963,1104134952.73126
Malaysia,MYS,1962,863381266.292524
Malaysia,MYS,1961,790861159.929701
Malaysia,MYS,1960,752314436.727841
Maldives,MDV,2024,5526396213.29145
Maldives,MDV,2023,4986030514.21888
Maldives,MDV,2022,4915296258.92618
Maldives,MDV,2021,3493320710.52199
Maldives,MDV,2020,2454800260.31661
Maldives,MDV,2019,4100560296.22075
Maldives,MDV,2018,4109616130.68867
Maldives,MDV,2017,3508894747.23709
Maldives,MDV,2016,3208964389.80537
Maldives,MDV,2015,2778856364.60649
Maldives,MDV,2014,2761372693.05325
Mali,MLI,2024,7323175197.56254
Mali,MLI,2023,8134805408.11961
Mali,MLI,2022,8009736749.56921
Mali,MLI,2021,7654213177.65694
Mali,MLI,2020,6395707970.69675
Mali,MLI,2019,6608368701.20412
Mali,MLI,2018,6130932965.63969
Mali,MLI,2017,5599702405.93948
Mali,MLI,2016,5685145254.65642
Mali,MLI,2015,5197182346.68625
Mali,MLI,2014,5484334534.33491
Mali,MLI,2013,5294984000.43325
Mali,MLI,2012,3965911339.64142
Mali,MLI,2011,3867825753.83042
Mali,MLI,2010,3762767250.3203
Mali,MLI,2009,2811783537.3173
Mali,MLI,2008,3779803473.82973
Mali,MLI,2007,2630827631.32872
Mali,MLI,2006,2159810311.7549
Mali,MLI,2005,1922781217.60204
Mali,MLI,2004,1634500719.2654
Mali,MLI,2003,1473872725.89825
Mali,MLI,2002,1104668283.91611
Mali,MLI,2001,1157124070.84275
Mali,MLI,2000,928197121.615828
Mali,MLI,1999,977631283.267799
Mali,MLI,1998,911559254.14412
Mali,MLI,1997,895731427.894764
Mali,MLI,1996,934860186.276507
Mali,MLI,1995,991328378.945945
Mali,MLI,1994,766221905.29887
Mali,MLI,1993,853184770.576623
Mali,MLI,1992,955375266.799443
Mali,MLI,1991,851450256.399073
Mali,MLI,1990,829560082.517905
Mali,MLI,1989,632804853.769651
Mali,MLI,1988,699416638.109896
Mali,MLI,1987,662481791.483327
Mali,MLI,1986,645671925.93979
Mali,MLI,1985,592169891.378293
Mali,MLI,1984,430706325.46432
Mali,MLI,1983,407803334.118184
Mali,MLI,1982,395305928.642813
Mali,MLI,1981,437932372.885814
Mali,MLI,1980,520163912.689044
Mali,MLI,1979,434370472.428278
Mali,MLI,1978,364714669.054019
Mali,MLI,1977,205552206.682842
Mali,MLI,1976,197530464.197324
Mali,MLI,1975,243102500.129484
Mali,MLI,1974,220186837.00808
Mali,MLI,1973,128763540.310523
Mali,MLI,1972,95227655.3395474
Mali,MLI,1971,79896441.288101
Mali,MLI,1970,65484064.3143641
Mali,MLI,1969,64625184.2789053
Mali,MLI,1968,62205960.1923689
Mali,MLI,1967,65853405.4044948
Malta,MLT,2024,24892773004.3294
Malta,MLT,2023,22950535430.7672
Malta,MLT,2022,22089352128.8631
Malta,MLT,2021,20018221755.904
Malta,MLT,2020,18440001748.0897
Malta,MLT,2019,17734740558.1792
Malta,MLT,2018,16920962404.1436
Malta,MLT,2017,13654544657.41
Malta,MLT,2016,12049018029.0246
Malta,MLT,2015,11166536481.7302
Malta,MLT,2014,10030089110.5092
Malta,MLT,2013,9691475646.11622
Malta,MLT,2012,9457194311.29142
Malta,MLT,2011,9259382277.96012
Malta,MLT,2010,8060784122.2866
Malta,MLT,2009,7208258901.0665
Malta,MLT,2008,8612610367.73514
Malta,MLT,2007,7432155097.07579
Malta,MLT,2006,6294551165.10975
Malta,MLT,2005,5327158941.85261
Malta,MLT,2004,4931687762.0418
Malta,MLT,2003,4286857207.26606
Malta,MLT,2002,3564380663.28733
Malta,MLT,2001,3373407441.52789
Malta,MLT,2000,4009843686.70212
Malta,MLT,1999,3490789325.49903
Malta,MLT,1998,3277703779.58318
Malta,MLT,1997,3062882564.45044
Malta,MLT,1996,3325052484.72688
Malta,MLT,1995,3403060316.05532
Malta,MLT,1994,2870772299.58685
Malta,MLT,1993,2549168271.57929
Malta,MLT,1992,2680639043.09105
Malta,MLT,1991,2416501184.67047
Malta,MLT,1990,2258209771.80744
Malta,MLT,1989,1747219221.23166
Malta,MLT,1988,1613848906.62771
Malta,MLT,1987,1374200122.02108
Malta,MLT,1986,1059411574.50193
Malta,MLT,1985,884760856.376568
Malta,MLT,1984,842618870.475575
Malta,MLT,1983,858657091.576197
Malta,MLT,1982,945120901.968055
Malta,MLT,1981,1001899927.95061
Malta,MLT,1980,1080252116.50601
Malta,MLT,1979,847283864.863894
Malta,MLT,1978,639161770.832637
Malta,MLT,1977,565691419.068105
Malta,MLT,1976,456620115.116631
Malta,MLT,1975,409749036.041343
Malta,MLT,1974,380144799.544731
Malta,MLT,1973,262363383.445956
Malta,MLT,1972,199075306.440453
Malta,MLT,1971,182398279.034699
Malta,MLT,1970,178917093.304677
Marshall Islands,MHL,2024,237149024.963379
Marshall Islands,MHL,2023,210797443.389893
Marshall Islands,MHL,2022,228608440.39917
Marshall Islands,MHL,2021,193524806.976318
Marshall Islands,MHL,2020,174912100.0
Marshall Islands,MHL,2019,270037900.0
Marshall Islands,MHL,2018,195264300.0
Marshall Islands,MHL,2017,183851100.0
Marshall Islands,MHL,2016,161103100.0
Marshall Islands,MHL,2015,173132900.0
Marshall Islands,MHL,2014,186432600.0
Marshall Islands,MHL,2013,206483300.0
Marshall Islands,MHL,2012,185655700.0
Marshall Islands,MHL,2011,175726000.0
Marshall Islands,MHL,2010,175135500.0
Marshall Islands,MHL,2009,152721200.0
Marshall Islands,MHL,2008,135852400.0
Marshall Islands,MHL,2007,133085600.0
Marshall Islands,MHL,2006,124944300.0
Marshall Islands,MHL,2005,126911000.0
Marshall Islands,MHL,2004,111282600.0
Marshall Islands,MHL,2003,113832200.0
Marshall Islands,MHL,2002,98956900.0
Marshall Islands,MHL,2001,114186200.0
Marshall Islands,MHL,2000,116285000.0
Marshall Islands,MHL,1999,97132900.0
Marshall Islands,MHL,1998,97720200.0
Marshall Islands,MHL,1997,89733700.0
Marshall Islands,MHL,1996,99765100.0
Marshall Islands,MHL,1995,101649300.0
Mauritania,MRT,2024,5692691361.14091
Mauritania,MRT,2023,5766571760.87358
Mauritania,MRT,2022,5953475023.69027
Mauritania,MRT,2021,4468397305.37385
Mauritania,MRT,2020,3747908631.56467
Mauritania,MRT,2019,4033369861.07674
Mauritania,MRT,2018,3928133977.99734
Mauritania,MRT,2017,3013092796.00782
Mauritania,MRT,2016,2510108455.91277
Mauritania,MRT,2015,2907777571.10745
Mauritania,MRT,2014,3574551160.294
Mauritania,MRT,2013,4106332168.50232
Mauritania,MRT,2012,4206931498.2132
Mauritania,MRT,2011,3267485663.42152
Mauritania,MRT,2010,2683928047.48284
Mauritania,MRT,2009,2110388243.01168
Mauritania,MRT,2008,2734283391.42026
Mauritania,MRT,2007,1979303956.38723
Mauritania,MRT,2006,1584465517.49814
Mauritania,MRT,2005,1805119194.27711
Mauritania,MRT,2004,1227308582.04596
Mauritania,MRT,2003,742377025.434361
Mauritania,MRT,2002,568870240.532493
Mauritania,MRT,2001,613989584.991416
Mauritania,MRT,2000,594773875.786848
Mauritania,MRT,1999,525231930.613571
Mauritania,MRT,1998,547348702.483496
Mauritania,MRT,1997,608286588.117626
Mauritania,MRT,1996,667182821.780262
Mauritania,MRT,1995,667898122.754604
Mauritania,MRT,1994,544298175.197249
Mauritania,MRT,1993,382686042.552748
Mauritania,MRT,1992,431906454.050048
Mauritania,MRT,1991,603327625.090868
Mauritania,MRT,1990,632068929.151832
Mauritania,MRT,1989,568480362.78913
Mauritania,MRT,1988,615941855.01276
Mauritania,MRT,1987,618370338.501155
Mauritania,MRT,1986,650009596.773109
Mauritania,MRT,1985,563391027.826425
Mauritania,MRT,1984,542696590.914612
Mauritania,MRT,1983,614032310.272612
Mauritania,MRT,1982,648640501.28677
Mauritania,MRT,1981,572218352.806029
Mauritania,MRT,1980,482428347.687681
Mauritania,MRT,1979,393063712.589203
Mauritania,MRT,1978,360360615.651232
Mauritania,MRT,1977,406019478.545237
Mauritania,MRT,1976,416962601.380429
Mauritania,MRT,1975,293406801.649489
Mauritania,MRT,1974,251014221.765752
Mauritania,MRT,1973,157860290.813764
Mauritania,MRT,1972,133106293.084499
Mauritania,MRT,1971,57029505.2910774
Mauritania,MRT,1970,53340246.3725584
Mauritania,MRT,1969,47902223.5947046
Mauritania,MRT,1968,47194755.6720278
Mauritania,MRT,1967,45475864.5498847
Mauritania,MRT,1966,38755998.9475371
Mauritania,MRT,1965,38130099.0826194
Mauritania,MRT,1964,35079689.2277098
Mauritania,MRT,1963,34317088.8907839
Mauritania,MRT,1962,35270342.4008672
Mauritania,MRT,1961,29741476.3364973
Mauritius,MUS,2024,11697830481.4156
Mauritius,MUS,2023,11015762508.0839
Mauritius,MUS,2022,10431237060.1439
Mauritius,MUS,2021,8649785320.41045
Mauritius,MUS,2020,7606361593.67237
Mauritius,MUS,2019,9899441321.25382
Mauritius,MUS,2018,9718132632.37305
Mauritius,MUS,2017,9258119622.02936
Mauritius,MUS,2016,8325979802.47698
Mauritius,MUS,2015,8339604127.0285
Mauritius,MUS,2014,9298757802.3721
Mauritius,MUS,2013,8992240668.96324
Mauritius,MUS,2012,7651255049.42234
Mauritius,MUS,2011,7482769251.67082
Mauritius,MUS,2010,6211295331.40162
Mauritius,MUS,2009,5166991032.48456
Mauritius,MUS,2008,6416653410.81266
Mauritius,MUS,2007,5284084362.42641
Mauritius,MUS,2006,4812434640.05548
Mauritius,MUS,2005,4167176195.00768
Mauritius,MUS,2004,3627941099.51457
Mauritius,MUS,2003,3147414249.60508
Mauritius,MUS,2002,2818319871.83766
Mauritius,MUS,2001,2850845016.37495
Mauritius,MUS,2000,2854809974.32414
Mauritius,MUS,1999,2905445797.09335
Mauritius,MUS,1998,2773474376.52781
Mauritius,MUS,1997,2778044510.82852
Mauritius,MUS,1996,2842088788.72583
Mauritius,MUS,1995,2467917730.9375
Mauritius,MUS,1994,2329184030.59358
Mauritius,MUS,1993,2097741815.30228
Mauritius,MUS,1992,2016679337.57616
Mauritius,MUS,1991,1886942168.52876
Mauritius,MUS,1990,1914627320.79938
Mauritius,MUS,1989,1560745157.61454
Mauritius,MUS,1988,1487454163.55819
Mauritius,MUS,1987,1175706233.24642
Mauritius,MUS,1986,787666568.793136
Mauritius,MUS,1985,596406678.900019
Mauritius,MUS,1984,541291286.232006
Mauritius,MUS,1983,512463480.890468
Mauritius,MUS,1982,538880023.545534
Mauritius,MUS,1981,630445199.049028
Mauritius,MUS,1980,695184409.962557
Mauritius,MUS,1979,659151682.247672
Mauritius,MUS,1978,564148119.303455
Mauritius,MUS,1977,489609384.033558
Mauritius,MUS,1976,405895360.714807
Mexico,MEX,2024,703294122576.641
Mexico,MEX,2023,674539330290.583
Mexico,MEX,2022,672827146643.746
Mexico,MEX,2021,559543398297.824
Mexico,MEX,2020,421735413258.959
Mexico,MEX,2019,507718819549.77
Mexico,MEX,2018,517202845542.861
Mexico,MEX,2017,469597181245.762
Mexico,MEX,2016,432376614131.825
Mexico,MEX,2015,439821695268.006
Mexico,MEX,2014,445312781390.94
Mexico,MEX,2013,423928383606.88
Mexico,MEX,2012,410653072130.987
Mexico,MEX,2011,389836031336.216
Mexico,MEX,2010,334456322123.253
Mexico,MEX,2009,264902814265.021
Mexico,MEX,2008,340860425741.283
Mexico,MEX,2007,313922896028.913
Mexico,MEX,2006,284933176453.922
Mexico,MEX,2005,248437817056.73
Mexico,MEX,2004,220739895659.805
Mexico,MEX,2003,191730637234.025
Mexico,MEX,2002,189355937339.413
Mexico,MEX,2001,184678218802.095
Mexico,MEX,2000,190555678046.711
Mexico,MEX,1999,155258243955.952
Mexico,MEX,1998,138306850712.814
Mexico,MEX,1997,121630321173.562
Mexico,MEX,1996,99589465576.9735
Mexico,MEX,1995,79072391841.9485
Mexico,MEX,1994,90814853233.2361
Mexico,MEX,1993,77229254751.1456
Mexico,MEX,1992,73709242760.1814
Mexico,MEX,1991,60602372094.1019
Mexico,MEX,1990,51768004610.6821
Mexico,MEX,1989,42503750802.8729
Mexico,MEX,1988,33950898440.6792
Mexico,MEX,1987,18775902764.7272
Mexico,MEX,1986,17390079326.8091
Mexico,MEX,1985,19065246504.0954
Mexico,MEX,1984,16774715780.4419
Mexico,MEX,1983,14025463387.0135
Mexico,MEX,1982,17919648239.4241
Mexico,MEX,1981,32330287579.0332
Mexico,MEX,1980,25269530739.4013
Mexico,MEX,1979,16750506467.8799
Mexico,MEX,1978,11332164975.6226
Mexico,MEX,1977,8373206928.63155
Mexico,MEX,1976,8769603267.2112
Mexico,MEX,1975,8465680000.0
Mexico,MEX,1974,7612160000.0
Mexico,MEX,1973,5232144000.0
Mexico,MEX,1972,3991120000.0
Mexico,MEX,1971,3417960000.0
Mexico,MEX,1970,3430408000.0
Mexico,MEX,1969,3011216000.0
Mexico,MEX,1968,2746232000.0
Mexico,MEX,1967,2392912000.0
Mexico,MEX,1966,2192168000.0
Mexico,MEX,1965,2079752000.0
Mexico,MEX,1964,1978568000.0
Mexico,MEX,1963,1688128000.0
Mexico,MEX,1962,1536528000.0
Mexico,MEX,1961,1503120000.0
Mexico,MEX,1960,1520944000.0
"Micronesia, Fed. Sts.",FSM,2024,337000000.0
"Micronesia, Fed. Sts.",FSM,2023,310000000.0
"Micronesia, Fed. Sts.",FSM,2022,289000000.0
"Micronesia, Fed. Sts.",FSM,2021,263000000.0
"Micronesia, Fed. Sts.",FSM,2020,253000000.0
"Micronesia, Fed. Sts.",FSM,2019,272000000.0
"Micronesia, Fed. Sts.",FSM,2018,263000000.0
"Micronesia, Fed. Sts.",FSM,2017,261000000.0
"Micronesia, Fed. Sts.",FSM,2016,242000000.0
"Micronesia, Fed. Sts.",FSM,2015,248000000.0
"Micronesia, Fed. Sts.",FSM,2014,236000000.0
"Micronesia, Fed. Sts.",FSM,2013,263000000.0
"Micronesia, Fed. Sts.",FSM,2012,267000000.0
"Micronesia, Fed. Sts.",FSM,2011,256000000.0
"Micronesia, Fed. Sts.",FSM,2010,244000000.0
"Micronesia, Fed. Sts.",FSM,2009,244000000.0
"Micronesia, Fed. Sts.",FSM,2008,226000000.0
"Micronesia, Fed. Sts.",FSM,2007,196000000.0
"Micronesia, Fed. Sts.",FSM,2006,196000000.0
"Micronesia, Fed. Sts.",FSM,2005,190000000.0
"Micronesia, Fed. Sts.",FSM,2004,188000000.0
"Micronesia, Fed. Sts.",FSM,2003,187000000.0
"Micronesia, Fed. Sts.",FSM,2002,174000000.0
"Micronesia, Fed. Sts.",FSM,2001,184000000.0
"Micronesia, Fed. Sts.",FSM,2000,169000000.0
"Micronesia, Fed. Sts.",FSM,1999,172000000.0
"Micronesia, Fed. Sts.",FSM,1998,181000000.0
"Micronesia, Fed. Sts.",FSM,1997,182000000.0
"Micronesia, Fed. Sts.",FSM,1996,183000000.0
"Micronesia, Fed. Sts.",FSM,1995,160000000.0
"Micronesia, Fed. Sts.",FSM,1983,89800000.0
Moldova,MDA,2024,10420162580.5146
Moldova,MDA,2023,9840310840.08325
Moldova,MDA,2022,10297187835.8634
Moldova,MDA,2021,7916926177.17203
Moldova,MDA,2020,5921197990.85951
Moldova,MDA,2019,6624383483.98942
Moldova,MDA,2018,6385757543.1858
Moldova,MDA,2017,5336680940.38419
Moldova,MDA,2016,4480341975.44769
Moldova,MDA,2015,4457107087.58281
Moldova,MDA,2014,5895141393.7244
Moldova,MDA,2013,6039407691.70388
Moldova,MDA,2012,5676055632.37459
Moldova,MDA,2011,5559963077.40643
Moldova,MDA,2010,4192539061.14521
Moldova,MDA,2009,3997505755.17065
Moldova,MDA,2008,5667488224.6457
Moldova,MDA,2007,4275302482.83662
Moldova,MDA,2006,3132133145.70692
Moldova,MDA,2005,2745091302.32051
Moldova,MDA,2004,2117707388.69106
Moldova,MDA,2003,1718305265.8758
Moldova,MDA,2002,1285842260.36985
Moldova,MDA,2001,1102297774.11633
Moldova,MDA,2000,986460018.981131
Moldova,MDA,1999,763462400.942589
Moldova,MDA,1998,1219400372.43948
Moldova,MDA,1997,1435213852.81385
Moldova,MDA,1996,1252852608.69565
Moldova,MDA,1995,1190117626.56171
Mongolia,MNG,2024,16592364969.5884
Mongolia,MNG,2023,13537979922.1991
Mongolia,MNG,2022,12219703773.3526
Mongolia,MNG,2021,9255820394.66367
Mongolia,MNG,2020,7345876551.6778
Mongolia,MNG,2019,9259602726.47506
Mongolia,MNG,2018,8986286558.25453
Mongolia,MNG,2017,6517243584.98094
Mongolia,MNG,2016,5611142023.26474
Mongolia,MNG,2015,5283520220.25587
Mongolia,MNG,2014,6978077007.86357
Mongolia,MNG,2013,7728160165.09972
Mongolia,MNG,2012,8115246246.99834
Mongolia,MNG,2011,7749643777.07632
Mongolia,MNG,2010,4074354871.68088
Mongolia,MNG,2009,2637353047.33985
Mongolia,MNG,2008,3777731883.3344
Mongolia,MNG,2007,2467563995.48803
Mongolia,MNG,2006,1826066324.75481
Mongolia,MNG,2005,1605232675.16325
Mongolia,MNG,2004,1405234670.28888
Mongolia,MNG,2003,1083962181.86893
Mongolia,MNG,2002,946734020.522735
Mongolia,MNG,2001,830538468.020561
Mongolia,MNG,2000,771837167.206557
Mongolia,MNG,1999,656469894.839647
Mongolia,MNG,1998,669128461.802202
Mongolia,MNG,1997,558878338.713148
Mongolia,MNG,1996,571254552.400333
Mongolia,MNG,1995,603552981.877355
Mongolia,MNG,1994,504816597.208761
Mongolia,MNG,1993,541030589.942626
Mongolia,MNG,1992,479118638.497653
Mongolia,MNG,1991,1963530568.42105
Mongolia,MNG,1990,1033205140.0
Mongolia,MNG,1989,1927175666.66667
Mongolia,MNG,1988,2115665933.33333
Mongolia,MNG,1987,2182762166.66667
Mongolia,MNG,1986,2357290000.0
Mongolia,MNG,1985,1491340800.0
Mongolia,MNG,1984,1365680775.0
Mongolia,MNG,1983,1701452966.66667
Mongolia,MNG,1982,1645216266.66667
Mongolia,MNG,1981,1640949933.33333
Montenegro,MNE,2024,5474504715.11856
Montenegro,MNE,2023,5165898281.62343
Montenegro,MNE,2022,4632837811.12107
Montenegro,MNE,2021,3645639164.53842
Montenegro,MNE,2020,2910145246.30331
Montenegro,MNE,2019,3602221314.22814
Montenegro,MNE,2018,3675217206.97283
Montenegro,MNE,2017,3132676348.78209
Montenegro,MNE,2016,2760629318.99967
Montenegro,MNE,2015,2462552479.98438
Montenegro,MNE,2014,2755572397.99768
Montenegro,MNE,2013,2743260530.31762
Montenegro,MNE,2012,2710188504.2231
Montenegro,MNE,2011,2898580623.42883
Montenegro,MNE,2010,2571260053.90364
Montenegro,MNE,2009,2707479994.4429
Montenegro,MNE,2008,4219318880.91402
Montenegro,MNE,2007,3155958116.61648
Montenegro,MNE,2006,2107656504.83001
Montenegro,MNE,2005,1378592214.89864
Montenegro,MNE,2004,1204292277.12938
Montenegro,MNE,2003,802404161.483659
Montenegro,MNE,2002,769183114.552838
Montenegro,MNE,2001,718955758.552749
Montenegro,MNE,2000,503074244.60033
Morocco,MAR,2024,80608604200.2698
Morocco,MAR,2023,74040709935.9332
Morocco,MAR,2022,73752886131.4127
Morocco,MAR,2021,60199361761.1157
Morocco,MAR,2020,46174693558.8201
Morocco,MAR,2019,54024112942.437
Morocco,MAR,2018,55299739977.2557
Morocco,MAR,2017,49273637902.1126
Morocco,MAR,2016,45062154625.7161
Morocco,MAR,2015,41176430827.7419
Morocco,MAR,2014,49749730471.191
Morocco,MAR,2013,50467526991.8377
Morocco,MAR,2012,49324878352.9361
Morocco,MAR,2011,49394706345.8953
Morocco,MAR,2010,40097025623.1379
Morocco,MAR,2009,37077112112.2985
Morocco,MAR,2008,46189159809.4273
Morocco,MAR,2007,34711235492.9908
Morocco,MAR,2006,26592143477.0157
Morocco,MAR,2005,23064213861.9615
Morocco,MAR,2004,19968080462.6333
Morocco,MAR,2003,16048236121.325
Morocco,MAR,2002,13353797749.7505
Morocco,MAR,2001,12314903925.7364
Morocco,MAR,2000,12579800084.6979
Morocco,MAR,1999,12003458114.1422
Morocco,MAR,1998,11452325638.5396
Morocco,MAR,1997,10658406549.8058
Morocco,MAR,1996,10902426721.0777
Morocco,MAR,1995,11335099531.6159
Morocco,MAR,1994,9390609855.48191
Morocco,MAR,1993,8739349822.56157
Morocco,MAR,1992,9469830979.15203
Morocco,MAR,1991,8865788883.08228
Morocco,MAR,1990,9074317736.39094
Morocco,MAR,1989,7314302140.5085
Morocco,MAR,1988,6462582987.17277
Morocco,MAR,1987,5914964604.97235
Morocco,MAR,1986,5526888962.55256
Morocco,MAR,1985,5067330815.86008
Morocco,MAR,1984,5148384842.87449
Morocco,MAR,1983,4852572439.75558
Morocco,MAR,1982,5968583544.93807
Morocco,MAR,1981,6184035097.75929
Morocco,MAR,1980,6085317298.02477
Morocco,MAR,1979,4752055199.94953
Morocco,MAR,1978,3980131860.66287
Morocco,MAR,1977,4123911420.53042
Morocco,MAR,1976,3520253831.36561
Morocco,MAR,1975,2996086107.12385
Morocco,MAR,1974,2163914002.73745
Morocco,MAR,1973,1379890190.24228
Morocco,MAR,1972,975395583.376804
Morocco,MAR,1971,859393115.864901
Morocco,MAR,1970,853751316.572111
Morocco,MAR,1969,687680442.012532
Morocco,MAR,1968,656062950.425749
Morocco,MAR,1967,614564992.718096
Morocco,MAR,1966,557258289.217052
Morocco,MAR,1965,497975492.491834
Morocco,MAR,1964,535521283.512071
Morocco,MAR,1963,533545170.526965
Morocco,MAR,1962,501927678.940182
Morocco,MAR,1961,501927678.940182
Morocco,MAR,1960,462405814.456703
Mozambique,MOZ,2024,12015027432.9082
Mozambique,MOZ,2023,12645606812.3898
Mozambique,MOZ,2022,16136472869.5082
Mozambique,MOZ,2021,11597098163.9044
Mozambique,MOZ,2020,9554283407.47139
Mozambique,MOZ,2019,10618346285.9034
Mozambique,MOZ,2018,11875190091.5105
Mozambique,MOZ,2017,8582511319.65343
Mozambique,MOZ,2016,9053287501.33234
Mozambique,MOZ,2015,10728551022.1303
Mozambique,MOZ,2014,15024028376.7695
Mozambique,MOZ,2013,13997781555.4826
Mozambique,MOZ,2012,12669140464.7463
Mozambique,MOZ,2011,7752211162.94431
Mozambique,MOZ,2010,5074769219.60681
Mozambique,MOZ,2009,4895152160.56224
Mozambique,MOZ,2008,4862589823.75857
Mozambique,MOZ,2007,4086680887.84122
Mozambique,MOZ,2006,3738336875.4163
Mozambique,MOZ,2005,3914690846.63196
Mozambique,MOZ,2004,3625530921.69939
Mozambique,MOZ,2003,3117728293.10175
Mozambique,MOZ,2002,3084832221.80022
Mozambique,MOZ,2001,1789716093.89865
Mozambique,MOZ,2000,2172718129.40002
Mozambique,MOZ,1999,2303130508.75797
Mozambique,MOZ,1998,1613701247.44591
Mozambique,MOZ,1997,1587332330.00534
Mozambique,MOZ,1996,1578861444.87635
Mozambique,MOZ,1995,1604625627.17932
Mozambique,MOZ,1994,1426671417.22535
Mozambique,MOZ,1993,1355075747.81822
Mozambique,MOZ,1992,1404544786.24341
Mozambique,MOZ,1991,1599048009.43625
Namibia,NAM,2024,9091147387.8775
Namibia,NAM,2023,8331402956.08205
Namibia,NAM,2022,7391349289.04372
Namibia,NAM,2021,6398181203.66
Namibia,NAM,2020,4577193256.96413
Namibia,NAM,2019,5832030383.98715
Namibia,NAM,2018,6270647309.77361
Namibia,NAM,2017,6137946260.80421
Namibia,NAM,2016,6321350620.34772
Namibia,NAM,2015,7012858245.28811
Namibia,NAM,2014,7966516583.63681
Namibia,NAM,2013,7252831224.3752
Namibia,NAM,2012,7845456566.94579
Namibia,NAM,2011,7094403704.0969
Namibia,NAM,2010,6834901238.02053
Namibia,NAM,2009,6453818125.92546
Namibia,NAM,2008,5680135503.50944
Namibia,NAM,2007,4872715168.08252
Namibia,NAM,2006,3318108791.06264
Namibia,NAM,2005,2919051304.84512
Namibia,NAM,2004,2780117584.53536
Namibia,NAM,2003,2587515250.01028
Namibia,NAM,2002,1615851286.44108
Namibia,NAM,2001,1690738782.23724
Namibia,NAM,2000,1741317868.39674
Namibia,NAM,1999,1921503092.56887
Namibia,NAM,1998,1966011966.8237
Namibia,NAM,1997,2085601573.97131
Namibia,NAM,1996,2040041015.51188
Namibia,NAM,1995,1944382692.989
Namibia,NAM,1994,1664156367.10396
Namibia,NAM,1993,1609077277.21466
Namibia,NAM,1992,1679044703.14662
Namibia,NAM,1991,1494467309.9592
Namibia,NAM,1990,1400506542.86809
Namibia,NAM,1989,1179097363.1141
Namibia,NAM,1988,1116659078.99297
Namibia,NAM,1987,1181713955.02922
Namibia,NAM,1986,835615682.406198
Namibia,NAM,1985,645147528.464222
Namibia,NAM,1984,1005769956.42174
Namibia,NAM,1983,1209641708.1052
Namibia,NAM,1982,1290891676.85869
Namibia,NAM,1981,1525183264.41266
Namibia,NAM,1980,1362972062.08255
Nauru,NRU,2024,179699761.755223
Nauru,NRU,2023,152175961.447859
Nauru,NRU,2022,172986947.401416
Nauru,NRU,2021,140274086.496516
Nauru,NRU,2020,113958361.683686
Nauru,NRU,2019,119542500.441636
Nauru,NRU,2018,112562474.808545
Nauru,NRU,2017,89747041.5528802
Nauru,NRU,2016,95358168.1914268
Nauru,NRU,2015,108991281.529472
Nauru,NRU,2014,97313147.2816123
Nauru,NRU,2013,73866533.4333267
Nauru,NRU,2012,52590223.1681588
Nauru,NRU,2011,44367190.7582156
Nauru,NRU,2010,22900628.886501
Nauru,NRU,2009,27242018.0887
Nauru,NRU,2008,27754052.5393167
Nepal,NPL,2024,14122194838.3561
Nepal,NPL,2023,14187827151.0516
Nepal,NPL,2022,17408444769.7564
Nepal,NPL,2021,14007303182.0985
Nepal,NPL,2020,11405416698.3151
Nepal,NPL,2019,14176869011.1514
Nepal,NPL,2018,13453790806.0252
Nepal,NPL,2017,10670300514.2629
Nepal,NPL,2016,8322479252.70574
Nepal,NPL,2015,8879790219.80218
Nepal,NPL,2014,8151238036.16687
Nepal,NPL,2013,7218389060.25271
Nepal,NPL,2012,6331144981.35583
Nepal,NPL,2011,6146530703.23566
Nepal,NPL,2010,5825346141.46184
Nepal,NPL,2009,4455549991.21991
Nepal,NPL,2008,4172661317.23891
Nepal,NPL,2007,3275658804.75262
Nepal,NPL,2006,2832075349.08544
Nepal,NPL,2005,2396740061.74429
Nepal,NPL,2004,2143236207.27273
Nepal,NPL,2003,1807224670.05677
Nepal,NPL,2002,1724111681.8122
Nepal,NPL,2001,1996693877.55102
Nepal,NPL,2000,1781598378.45664
Nepal,NPL,1999,1495923473.14202
Nepal,NPL,1998,1645665859.56416
Nepal,NPL,1997,1854725583.02648
Nepal,NPL,1996,1611500000.0
Nepal,NPL,1995,1519145030.12048
Nepal,NPL,1994,1278518367.34694
Nepal,NPL,1993,1052504166.66667
Nepal,NPL,1992,875325167.037862
Nepal,NPL,1991,909166930.630345
Nepal,NPL,1990,785781967.47999
Nepal,NPL,1989,785537463.950144
Nepal,NPL,1988,780457946.043981
Nepal,NPL,1987,618261968.817866
Nepal,NPL,1986,578786925.835926
Nepal,NPL,1985,523971554.705733
Nepal,NPL,1984,502021598.526897
Nepal,NPL,1983,521619390.380921
Nepal,NPL,1982,450514044.435931
Nepal,NPL,1981,446416683.333333
Nepal,NPL,1980,364500008.333333
Nepal,NPL,1979,295583341.666667
Nepal,NPL,1978,248201284.50063
Nepal,NPL,1977,197919992.0
Nepal,NPL,1976,205966282.165633
Nepal,NPL,1975,210631428.299734
Nepal,NPL,1974,128470910.992773
Nepal,NPL,1973,100827880.761767
Nepal,NPL,1972,81086387.7189579
Nepal,NPL,1971,80592592.5925926
Nepal,NPL,1970,71901234.5679012
Nepal,NPL,1969,80592592.5925926
Nepal,NPL,1968,57920043.8555931
Nepal,NPL,1967,58537865.8616616
Nepal,NPL,1966,79406746.2921643
Nepal,NPL,1965,102375639.847749
Netherlands,NLD,2024,867461920494.531
Netherlands,NLD,2023,880497587437.271
Netherlands,NLD,2022,917438087562.26
Netherlands,NLD,2021,808831153930.22
Netherlands,NLD,2020,662040850865.371
Netherlands,NLD,2019,699981663066.666
Netherlands,NLD,2018,711271186937.254
Netherlands,NLD,2017,631649933011.766
Netherlands,NLD,2016,558461399908.951
Netherlands,NLD,2015,592155905829.687
Netherlands,NLD,2014,634097409855.292
Netherlands,NLD,2013,621247134613.727
Netherlands,NLD,2012,590440051624.219
Netherlands,NLD,2011,607986567101.168
Netherlands,NLD,2010,518250485050.001
Netherlands,NLD,2009,470309474396.875
Netherlands,NLD,2008,579974770035.937
Netherlands,NLD,2007,521387406195.296
Netherlands,NLD,2006,435548397899.999
Netherlands,NLD,2005,389965072236.576
Netherlands,NLD,2004,359456671940.155
Netherlands,NLD,2003,303246002570.98
Netherlands,NLD,2002,250343480544.706
Netherlands,NLD,2001,242665446714.961
Netherlands,NLD,2000,247348982302.746
Netherlands,NLD,1999,241942977208.881
Netherlands,NLD,1998,231284159075.761
Netherlands,NLD,1997,223487689180.032
Netherlands,NLD,1996,229597385620.915
Netherlands,NLD,1995,227502058742.794
Netherlands,NLD,1994,181718131735.077
Netherlands,NLD,1993,162828808732.795
Netherlands,NLD,1992,175443091478.697
Netherlands,NLD,1991,162784113625.648
Netherlands,NLD,1990,157018155633.547
Netherlands,NLD,1989,130992629117.739
Netherlands,NLD,1988,125626371947.82
Netherlands,NLD,1987,112600253481.288
Netherlands,NLD,1986,92542898003.238
Netherlands,NLD,1985,78045086252.6539
Netherlands,NLD,1984,74599745192.3077
Netherlands,NLD,1983,76616167091.3443
Netherlands,NLD,1982,78148994800.6932
Netherlands,NLD,1981,81551200211.958
Netherlands,NLD,1980,95852206827.7544
Netherlands,NLD,1979,83387729320.0044
Netherlands,NLD,1978,65956646974.944
Netherlands,NLD,1977,55216125527.5209
Netherlands,NLD,1976,47989441573.5956
Netherlands,NLD,1975,42810922795.3991
Netherlands,NLD,1974,39595393884.7447
Netherlands,NLD,1973,29099110042.5666
Netherlands,NLD,1972,21388128261.4666
Netherlands,NLD,1971,18597748746.8672
Netherlands,NLD,1970,16429307846.8375
Netherlands,NLD,1969,13496027479.9737
New Caledonia,NCL,2024,2451338023.84646
New Caledonia,NCL,2023,3389254425.98592
New Caledonia,NCL,2022,3376896803.1219
New Caledonia,NCL,2021,3513854950.60824
New Caledonia,NCL,2020,3454403831.9151
New Caledonia,NCL,2019,3778986431.36819
New Caledonia,NCL,2018,3771288917.92361
New Caledonia,NCL,2017,3478834537.03773
New Caledonia,NCL,2016,3382003230.66772
New Caledonia,NCL,2015,3668090538.30962
New Caledonia,NCL,2014,4293535821.89058
New Caledonia,NCL,2013,4380245208.3006
New Caledonia,NCL,2012,4442712898.84796
New Caledonia,NCL,2011,4839684686.55943
New Caledonia,NCL,2010,4491985788.62643
New Caledonia,NCL,2009,3540660799.99901
New Caledonia,NCL,2008,4476071378.58061
New Caledonia,NCL,2007,3950411263.88501
New Caledonia,NCL,2006,3079718839.93876
New Caledonia,NCL,2005,2523097105.1225
New Caledonia,NCL,2004,2156845271.62857
New Caledonia,NCL,2003,2028849726.27408
New Caledonia,NCL,2002,1424099924.37974
New Caledonia,NCL,2001,1301799212.50721
New Caledonia,NCL,2000,1285447835.95314
New Caledonia,NCL,1999,1384711062.05535
New Caledonia,NCL,1998,1280786335.82804
New Caledonia,NCL,1997,928755650.324443
New Caledonia,NCL,1996,1000834232.8212
New Caledonia,NCL,1995,957466018.325974
New Caledonia,NCL,1994,864876801.866246
New Caledonia,NCL,1993,854160933.842224
New Caledonia,NCL,1992,926327060.923698
New Caledonia,NCL,1991,865613977.765328
New Caledonia,NCL,1990,878027224.127016
New Zealand,NZL,2024,68735355084.0492
New Zealand,NZL,2023,68115161811.9667
New Zealand,NZL,2022,73427735097.3784
New Zealand,NZL,2021,66621870137.2188
New Zealand,NZL,2020,47463185028.6694
New Zealand,NZL,2019,57776826154.9864
New Zealand,NZL,2018,59145827447.227
New Zealand,NZL,2017,54952779636.3293
New Zealand,NZL,2016,48778127773.6204
New Zealand,NZL,2015,47973639707.8052
New Zealand,NZL,2014,54700660896.4966
New Zealand,NZL,2013,51933398298.9728
New Zealand,NZL,2012,49626355944.3639
New Zealand,NZL,2011,48544383578.4633
New Zealand,NZL,2010,40992659830.9386
New Zealand,NZL,2009,32056967955.525
New Zealand,NZL,2008,43041400154.6356
New Zealand,NZL,2007,39993385757.3308
New Zealand,NZL,2006,33455677323.1308
New Zealand,NZL,2005,34110399211.4342
New Zealand,NZL,2004,30398655462.1849
New Zealand,NZL,2003,24776474899.2305
New Zealand,NZL,2002,19861008428.2123
New Zealand,NZL,2001,17132931525.1967
New Zealand,NZL,2000,17245422210.5125
New Zealand,NZL,1999,17893507706.6791
New Zealand,NZL,1998,15900310542.6601
New Zealand,NZL,1997,17791716573.1577
New Zealand,NZL,1996,18774802275.5654
New Zealand,NZL,1995,17590993623.8045
New Zealand,NZL,1994,15508272788.3265
New Zealand,NZL,1993,12606603617.0566
New Zealand,NZL,1992,11679604423.6495
New Zealand,NZL,1991,10889038937.6547
New Zealand,NZL,1990,11758799976.0951
New Zealand,NZL,1989,11255844232.704
New Zealand,NZL,1988,10034138486.3124
New Zealand,NZL,1987,9643454038.99722
New Zealand,NZL,1986,7997993240.38868
New Zealand,NZL,1985,7759079283.88747
New Zealand,NZL,1984,7450482215.07829
New Zealand,NZL,1983,7191771819.13775
New Zealand,NZL,1982,7420247632.92061
New Zealand,NZL,1981,7557239197.40238
New Zealand,NZL,1980,6947500482.53233
New Zealand,NZL,1979,6256636281.67885
New Zealand,NZL,1978,4799331103.67893
New Zealand,NZL,1977,4286560679.37198
New Zealand,NZL,1976,3980904130.9431
New Zealand,NZL,1975,3862660944.20601
New Zealand,NZL,1974,4590457804.74352
New Zealand,NZL,1973,3054125504.38291
New Zealand,NZL,1972,2047885269.8104
New Zealand,NZL,1971,1716099249.85574
New Zealand,NZL,1970,1628844215.47766
Nicaragua,NIC,2024,11434873062.4203
Nicaragua,NIC,2023,10532819127.7157
Nicaragua,NIC,2022,10249854373.9563
Nicaragua,NIC,2021,8497441441.62792
Nicaragua,NIC,2020,5967676880.88698
Nicaragua,NIC,2019,6252718088.9775
Nicaragua,NIC,2018,6735028772.98197
Nicaragua,NIC,2017,7587978452.98755
Nicaragua,NIC,2016,7298277150.85188
Nicaragua,NIC,2015,7412965477.11226
Nicaragua,NIC,2014,7329057910.77434
Nicaragua,NIC,2013,7223504604.90583
Nicaragua,NIC,2012,7131030119.59571
Nicaragua,NIC,2011,6530275931.82405
Nicaragua,NIC,2010,5246135010.55349
Nicaragua,NIC,2009,4399317809.5686
Nicaragua,NIC,2008,5295609531.45732
Nicaragua,NIC,2007,4451215794.9267
Nicaragua,NIC,2006,3790567750.77607
Nicaragua,NIC,2005,2987684967.66633
Nicaragua,NIC,2004,2556737615.97596
Nicaragua,NIC,2003,2207131661.43682
Nicaragua,NIC,2002,2050007301.07551
Nicaragua,NIC,2001,2083877016.51712
Nicaragua,NIC,2000,2104655847.91135
Nicaragua,NIC,1999,2137009200.41493
Nicaragua,NIC,1998,1746565267.89995
Nicaragua,NIC,1997,1693914532.71526
Nicaragua,NIC,1996,1362967812.68524
Nicaragua,NIC,1995,1157042257.63612
Nicaragua,NIC,1994,1002161964.28571
Nicaragua,NIC,1993,840604575.163399
Nicaragua,NIC,1992,954960000.0
Nicaragua,NIC,1991,781711340.206186
Nicaragua,NIC,1990,467806451.612903
Nicaragua,NIC,1989,660512092.032926
Nicaragua,NIC,1988,1533030883.13781
Nicaragua,NIC,1987,529939250.093706
Nicaragua,NIC,1986,601158383.680919
Nicaragua,NIC,1985,585751365.910095
Nicaragua,NIC,1984,918158454.622623
Nicaragua,NIC,1983,825726780.239691
Nicaragua,NIC,1982,639525498.595911
Nicaragua,NIC,1981,1033954422.80579
Nicaragua,NIC,1980,927803481.92864
Nicaragua,NIC,1979,441002913.369647
Nicaragua,NIC,1978,664891167.704649
Nicaragua,NIC,1977,833487995.325784
Nicaragua,NIC,1976,584906471.645959
Nicaragua,NIC,1975,584238745.542936
Nicaragua,NIC,1974,648227312.129511
Nicaragua,NIC,1973,413146202.204308
Nicaragua,NIC,1972,260426280.409715
Nicaragua,NIC,1971,236470381.069244
Nicaragua,NIC,1970,227279250.192826
Nicaragua,NIC,1969,203851355.17086
Nicaragua,NIC,1968,210576068.709134
Nicaragua,NIC,1967,230288987.758219
Nicaragua,NIC,1966,207159869.378178
Nicaragua,NIC,1965,182869912.197675
Nicaragua,NIC,1964,105871525.76115
Nicaragua,NIC,1963,89918283.9609256
Nicaragua,NIC,1962,77832506.0230121
Nicaragua,NIC,1961,59945532.2432972
Nicaragua,NIC,1960,59462106.4504346
Niger,NER,2024,4502353238.50075
Niger,NER,2023,3802106873.94154
Niger,NER,2022,4075011586.07231
Niger,NER,2021,4030357743.50986
Niger,NER,2020,3542704274.05545
Niger,NER,2019,3395520048.36612
Niger,NER,2018,3368908887.16406
Niger,NER,2017,2937719594.23532
Niger,NER,2016,2527419521.66619
Niger,NER,2015,2949615181.66713
Niger,NER,2014,3236694187.40578
Niger,NER,2013,2997542747.4713
Niger,NER,2012,2732427150.87008
Niger,NER,2011,3066746342.08907
Niger,NER,2010,2807709836.3764
Niger,NER,2009,2539014882.20472
Niger,NER,2008,1936106937.71214
Niger,NER,2007,1285931134.50482
Niger,NER,2006,1077835720.63488
Niger,NER,2005,1049204789.94849
Niger,NER,2004,853828862.849778
Niger,NER,2003,682501736.091514
Niger,NER,2002,526267855.7807
Niger,NER,2001,478916036.126837
Niger,NER,2000,456714104.184161
Niger,NER,1999,475063624.566464
Niger,NER,1998,556418361.483869
Niger,NER,1997,449737492.821535
Niger,NER,1996,511065894.066812
Niger,NER,1995,466021703.93301
Niger,NER,1994,397330933.23836
Niger,NER,1993,463691213.943916
Niger,NER,1992,573119376.67461
Niger,NER,1991,601899473.507755
Niger,NER,1990,721723883.00172
Niger,NER,1989,507802707.665608
Niger,NER,1988,537903216.402983
Niger,NER,1987,562306432.4533
Niger,NER,1986,393993282.886682
Niger,NER,1985,473096879.788864
Niger,NER,1984,394103007.001614
Niger,NER,1983,485292312.957537
Niger,NER,1982,728308304.589688
Niger,NER,1981,785895797.642535
Niger,NER,1980,956402014.383266
Niger,NER,1979,777715866.092122
Niger,NER,1978,493782893.561904
Niger,NER,1977,378778449.436888
Niger,NER,1976,365532146.587653
Niger,NER,1975,325027641.359899
Niger,NER,1974,297302504.744112
Niger,NER,1973,224624680.417982
Niger,NER,1972,152229777.967953
Niger,NER,1971,108204872.057894
Niger,NER,1970,117639400.742402
Niger,NER,1969,103099476.922989
Niger,NER,1968,91775239.9702035
Niger,NER,1967,95676908.7604048
Niger,NER,1966,112969617.272516
Niger,NER,1965,94378527.0972647
Niger,NER,1964,82169189.8479313
Niger,NER,1963,60518941.8562519
Niger,NER,1962,68848149.7317472
Niger,NER,1961,47147122.2009033
Niger,NER,1960,33289006.863151
Nigeria,NGA,1960,710201795.919282
North Macedonia,MKD,2024,12653697199.883
North Macedonia,MKD,2023,12747090321.8547
North Macedonia,MKD,2022,13007595537.6541
North Macedonia,MKD,2021,11379087215.543
North Macedonia,MKD,2020,8710792867.02715
North Macedonia,MKD,2019,9602017937.21973
North Macedonia,MKD,2018,9238355734.49979
North Macedonia,MKD,2017,7800922476.49329
North Macedonia,MKD,2016,6992767584.35164
North Macedonia,MKD,2015,6537956851.3466
North Macedonia,MKD,2014,7371277954.27327
North Macedonia,MKD,2013,6648641581.30357
North Macedonia,MKD,2012,6513789341.25422
North Macedonia,MKD,2011,6933558214.20921
North Macedonia,MKD,2010,5464749011.90464
North Macedonia,MKD,2009,5111838110.95434
North Macedonia,MKD,2008,6772741639.41673
North Macedonia,MKD,2007,5166643091.78819
North Macedonia,MKD,2006,3757220512.11793
North Macedonia,MKD,2005,3193978014.99535
North Macedonia,MKD,2004,2850843776.69567
North Macedonia,MKD,2003,2147333419.01951
North Macedonia,MKD,2002,1817612712.71864
North Macedonia,MKD,2001,1568408239.65936
North Macedonia,MKD,2000,1781291528.76568
North Macedonia,MKD,1999,1915702954.21792
North Macedonia,MKD,1998,2007923618.58922
North Macedonia,MKD,1997,1891667583.26917
North Macedonia,MKD,1996,1699829231.70525
North Macedonia,MKD,1995,1913876330.66026
North Macedonia,MKD,1994,1638252090.698
North Macedonia,MKD,1993,1394808318.96552
North Macedonia,MKD,1992,1235972107.64093
North Macedonia,MKD,1991,1214969387.7551
North Macedonia,MKD,1990,1603480565.37102
Northern Mariana Islands,MNP,2022,777000000.0
Northern Mariana Islands,MNP,2021,666000000.0
Northern Mariana Islands,MNP,2020,556000000.0
Northern Mariana Islands,MNP,2019,734000000.0
Northern Mariana Islands,MNP,2018,755000000.0
Northern Mariana Islands,MNP,2017,969000000.0
Northern Mariana Islands,MNP,2016,998000000.0
Northern Mariana Islands,MNP,2015,635000000.0
Northern Mariana Islands,MNP,2014,560000000.0
Northern Mariana Islands,MNP,2013,525000000.0
Northern Mariana Islands,MNP,2012,478000000.0
Northern Mariana Islands,MNP,2011,449000000.0
Northern Mariana Islands,MNP,2010,405000000.0
Northern Mariana Islands,MNP,2009,360000000.0
Northern Mariana Islands,MNP,2008,459000000.0
Northern Mariana Islands,MNP,2007,579000000.0
Northern Mariana Islands,MNP,2006,752000000.0
Northern Mariana Islands,MNP,2005,835000000.0
Northern Mariana Islands,MNP,2004,937000000.0
Northern Mariana Islands,MNP,2003,774000000.0
Northern Mariana Islands,MNP,2002,782000000.0
Norway,NOR,2024,163801535478.868
Norway,NOR,2023,156725623224.993
Norway,NOR,2022,161654260206.293
Norway,NOR,2021,141881373690.338
Norway,NOR,2020,121847101513.408
Norway,NOR,2019,140014431818.182
Norway,NOR,2018,139774362127.267
Norway,NOR,2017,130071126334.878
Norway,NOR,2016,123078452380.952
Norway,NOR,2015,123654686369.743
Norway,NOR,2014,147559217138.323
Norway,NOR,2013,147870468085.106
Norway,NOR,2012,139534336055.006
Norway,NOR,2011,140067440416.866
Norway,NOR,2010,121079056941.955
Norway,NOR,2009,107291636849.387
Norway,NOR,2008,132813829787.234
Norway,NOR,2007,116704027841.752
Norway,NOR,2006,94092432912.853
Norway,NOR,2005,83779123011.2534
Norway,NOR,2004,73112835271.7778
Norway,NOR,2003,61127651761.2497
Norway,NOR,2002,52991307397.4799
Norway,NOR,2001,49088715148.4146
Norway,NOR,2000,49207775682.2468
Norway,NOR,1999,50534029131.1929
Norway,NOR,1998,53777153384.3157
Norway,NOR,1997,51824016738.7678
Norway,NOR,1996,50313808180.0986
Norway,NOR,1995,46643515595.4035
Norway,NOR,1994,39271565404.6701
Norway,NOR,1993,36845547708.6593
Norway,NOR,1992,39401882693.7002
Norway,NOR,1991,37780622869.3949
Norway,NOR,1990,39122961164.273
Norway,NOR,1989,34084003186.3278
Norway,NOR,1988,33175847782.7221
Norway,NOR,1987,31705380333.9518
Norway,NOR,1986,28849987152.9609
Norway,NOR,1985,22448587912.3436
Norway,NOR,1984,20504441585.4929
Norway,NOR,1983,20438709500.5756
Norway,NOR,1982,22290517508.5218
Norway,NOR,1981,22306298458.0538
Norway,NOR,1980,23299927113.7026
Norway,NOR,1979,19333543966.3514
Norway,NOR,1978,16416839936.669
Norway,NOR,1977,17703766319.1509
Norway,NOR,1976,15656922935.948
Norway,NOR,1975,13488492222.9237
Norway,NOR,1974,11237070599.4909
Norway,NOR,1973,8276214922.4739
Norway,NOR,1972,5746182568.83519
Norway,NOR,1971,5267648351.02538
Norway,NOR,1970,4586652480.08512
Oman,OMN,2024,52261638491.5475
Oman,OMN,2023,47632509752.9259
Oman,OMN,2022,46681404421.3264
Oman,OMN,2021,37217165149.5449
Oman,OMN,2020,34023407022.1066
Oman,OMN,2019,32569570871.2614
Oman,OMN,2018,35373211963.5891
Oman,OMN,2017,34959687906.3719
Oman,OMN,2016,31211963589.0767
Oman,OMN,2015,36777633289.987
Oman,OMN,2014,37856957087.1261
Oman,OMN,2013,41830949284.7854
Oman,OMN,2012,34397919375.8127
Oman,OMN,2011,29235370611.1834
Oman,OMN,2010,24236671001.3004
Oman,OMN,2009,21537061118.3355
Oman,OMN,2008,26587776332.8999
Oman,OMN,2007,19440832249.6749
Oman,OMN,2006,13778933680.104
Oman,OMN,2005,11172951885.5657
Oman,OMN,2004,11024707412.2237
Oman,OMN,2003,8657997399.21977
Oman,OMN,2002,7513654096.22887
Oman,OMN,2001,7209362808.84265
Oman,OMN,2000,6351105331.59948
Oman,OMN,1999,6013003901.17035
Oman,OMN,1998,7003901170.3511
Oman,OMN,1997,4993498049.41482
Oman,OMN,1996,4468140442.13264
Oman,OMN,1995,4010403120.93628
Oman,OMN,1994,3672301690.50715
Oman,OMN,1993,3882964889.46684
Oman,OMN,1992,3615084525.35761
Oman,OMN,1991,3219765929.77893
Oman,OMN,1990,2634590377.11313
Oman,OMN,1988,2629388816.64499
Oman,OMN,1987,2270480884.26528
Oman,OMN,1986,2997523181.7206
Oman,OMN,1985,3720377828.28356
Oman,OMN,1984,3315025608.21316
Oman,OMN,1983,3019687319.05038
Oman,OMN,1982,3259988419.22409
Oman,OMN,1981,2764910538.50608
Oman,OMN,1980,2252461204.40069
Oman,OMN,1979,1519976548.92878
Oman,OMN,1978,1335263173.1326
Oman,OMN,1977,1207295599.30515
Oman,OMN,1976,1176896641.57499
Oman,OMN,1975,1062826288.36132
Oman,OMN,1974,786045165.026057
Oman,OMN,1973,266627884.428932
Oman,OMN,1972,160511552.402071
Oman,OMN,1971,96727622.7141482
Oman,OMN,1970,50399959.6800323
Oman,OMN,1969,28559977.1520183
Oman,OMN,1968,27839977.7280178
Oman,OMN,1967,24026312.9551536
Pakistan,PAK,2024,63865509443.4708
Pakistan,PAK,2023,60515108025.9204
Pakistan,PAK,2022,84315688680.3991
Pakistan,PAK,2021,62659182539.6335
Pakistan,PAK,2020,52327295403.4835
Pakistan,PAK,2019,62624564039.0062
Pakistan,PAK,2018,67821965004.981
Pakistan,PAK,2017,58514391836.2421
Pakistan,PAK,2016,50070595635.3331
Pakistan,PAK,2015,50134759860.0874
Pakistan,PAK,2014,49596212908.433
Pakistan,PAK,2013,48401946136.1579
Pakistan,PAK,2012,48633322390.5338
Pakistan,PAK,2011,43534938844.223
Pakistan,PAK,2010,38066808315.7267
Pakistan,PAK,2009,39220849368.7124
Pakistan,PAK,2008,45441542692.237
Pakistan,PAK,2007,35286555607.2316
Pakistan,PAK,2006,33184884874.8509
Pakistan,PAK,2005,25595408507.0825
Pakistan,PAK,2004,17697600000.0
Pakistan,PAK,2003,14030211712.4808
Pakistan,PAK,2002,11619627151.6726
Pakistan,PAK,2001,12581363105.462
Pakistan,PAK,2000,11769388547.9584
Pakistan,PAK,1999,10684436462.7839
Pakistan,PAK,1998,10900343051.9781
Pakistan,PAK,1997,12967600154.0064
Pakistan,PAK,1996,13567628711.2634
Pakistan,PAK,1995,11777213240.079
Pakistan,PAK,1994,9883122490.28425
Pakistan,PAK,1993,11552190707.3422
Pakistan,PAK,1992,9984113697.29231
Pakistan,PAK,1991,8434875710.52096
Pakistan,PAK,1990,8100453419.34278
Pakistan,PAK,1989,8174710142.51481
Pakistan,PAK,1988,7473483338.08032
Pakistan,PAK,1987,6366035537.43082
Pakistan,PAK,1986,6415065096.09423
Pakistan,PAK,1985,7040171503.95778
Pakistan,PAK,1984,6843425348.76818
Pakistan,PAK,1983,6458110236.22047
Pakistan,PAK,1982,6492985781.99052
Pakistan,PAK,1981,6275656565.65657
Pakistan,PAK,1980,5512929292.92929
Pakistan,PAK,1979,4295858585.85859
Pakistan,PAK,1978,3292929292.92929
Pakistan,PAK,1977,2701111111.11111
Pakistan,PAK,1976,2409494949.49495
Pakistan,PAK,1975,2324848484.84848
Pakistan,PAK,1974,1535555555.55556
Pakistan,PAK,1973,907783978.057316
Pakistan,PAK,1972,814017565.007749
Pakistan,PAK,1971,1117807643.84712
Pakistan,PAK,1970,1037799244.01512
Pakistan,PAK,1969,916841663.166737
Pakistan,PAK,1968,932801343.973121
Pakistan,PAK,1967,1013229735.40529
Pakistan,PAK,1966,806173876.52247
Pakistan,PAK,1965,1007139857.20286
Pakistan,PAK,1964,801763964.720706
Pakistan,PAK,1963,732255354.892902
Pakistan,PAK,1962,620327593.448131
Pakistan,PAK,1961,577278454.430911
Pakistan,PAK,1960,495590088.198236
Palau,PLW,2023,222538085.9375
Palau,PLW,2022,218303802.490234
Palau,PLW,2021,172197204.589844
Palau,PLW,2020,210059906.005859
Palau,PLW,2019,217598205.566406
Palau,PLW,2018,216162490.844727
Palau,PLW,2017,223356903.076172
Palau,PLW,2016,214013122.558594
Palau,PLW,2015,211192474.365234
Palau,PLW,2014,222087982.177734
Palau,PLW,2013,195459701.538086
Palau,PLW,2012,189706146.240234
Palau,PLW,2011,167367996.21582
Palau,PLW,2010,141443069.458008
Palau,PLW,2009,132898223.876953
Palau,PLW,2008,160952148.4375
Palau,PLW,2007,144951538.085938
Palau,PLW,2006,156505111.694336
Palau,PLW,2005,144886901.855469
Panama,PAN,2024,34017704881.4902
Panama,PAN,2023,35804273222.3299
Panama,PAN,2022,34758827459.4677
Panama,PAN,2021,25965646116.5008
Panama,PAN,2020,18505270156.1452
Panama,PAN,2019,28061255725.4778
Panama,PAN,2018,29473747537.6633
Panama,PAN,2017,27388495500.0
Panama,PAN,2016,25491123600.0
Panama,PAN,2015,27433598900.0
Panama,PAN,2014,30898187800.0
Panama,PAN,2013,32165330900.0
Panama,PAN,2012,32720763400.0
Panama,PAN,2011,28715326100.0
Panama,PAN,2010,22801278400.0
Panama,PAN,2009,18642684400.0
Panama,PAN,2008,22194340800.0
Panama,PAN,2007,16654324300.0
Panama,PAN,2006,13486936400.0
Panama,PAN,2005,11798912400.0
Panama,PAN,2004,9692055300.0
Panama,PAN,2003,8044255200.0
Panama,PAN,2002,8089552400.0
Panama,PAN,2001,8195266400.0
Panama,PAN,2000,8405006400.0
Panama,PAN,1999,7902775100.0
Panama,PAN,1998,8934147100.0
Panama,PAN,1997,8629854000.0
Panama,PAN,1996,7558309100.0
Panama,PAN,1995,7664630500.0
Panama,PAN,1994,7264372200.0
Panama,PAN,1993,6641440500.0
Panama,PAN,1992,6315044100.0
Panama,PAN,1991,5369275600.0
Panama,PAN,1990,4137057400.0
Panama,PAN,1989,3393593400.0
Panama,PAN,1988,2824846900.0
Panama,PAN,1987,3497613100.0
Panama,PAN,1986,3413764500.0
Panama,PAN,1985,3180313400.0
Panama,PAN,1984,2929064300.0
Panama,PAN,1983,2724782300.0
Panama,PAN,1982,3460434900.0
Panama,PAN,1981,3730569700.0
Panama,PAN,1980,3343857700.0
Panama,PAN,1979,2701126300.0
Panama,PAN,1978,2167125500.0
Panama,PAN,1977,1963649700.0
Panama,PAN,1976,1920906000.0
Panama,PAN,1975,1968574100.0
Panama,PAN,1974,1806463200.0
Panama,PAN,1973,1152110300.0
Panama,PAN,1972,1030379300.0
Panama,PAN,1971,925391300.0
Panama,PAN,1970,832024900.0
Panama,PAN,1969,731327800.0
Panama,PAN,1968,630826500.0
Panama,PAN,1967,603791100.0
Panama,PAN,1966,560299300.0
Panama,PAN,1965,496433000.0
Panama,PAN,1964,441970400.0
Panama,PAN,1963,434329900.0
Panama,PAN,1962,372814600.0
Panama,PAN,1961,321486400.0
Panama,PAN,1960,292100100.0
Papua New Guinea,PNG,2004,2313836701.12053
Papua New Guinea,PNG,2003,1910762304.07744
Papua New Guinea,PNG,2002,1739815379.07252
Papua New Guinea,PNG,2001,1609847464.65934
Papua New Guinea,PNG,2000,1734030164.93056
Papua New Guinea,PNG,1999,1838951201.26034
Papua New Guinea,PNG,1998,1849984946.34099
Papua New Guinea,PNG,1997,2470798270.69242
Papua New Guinea,PNG,1996,2495111001.51745
Papua New Guinea,PNG,1995,2026003218.08113
Papua New Guinea,PNG,1994,2188351144.27861
Papua New Guinea,PNG,1993,1837898712.18316
Papua New Guinea,PNG,1992,2000829359.31993
Papua New Guinea,PNG,1991,1975315126.05042
Papua New Guinea,PNG,1990,1575952825.03438
Papua New Guinea,PNG,1989,1870639976.61846
Papua New Guinea,PNG,1988,1898384527.8201
Papua New Guinea,PNG,1987,1561627339.60496
Papua New Guinea,PNG,1986,1359873236.33384
Papua New Guinea,PNG,1985,1270800968.49589
Papua New Guinea,PNG,1984,1356627218.01298
Papua New Guinea,PNG,1983,1369617267.79773
Papua New Guinea,PNG,1982,1432986033.05808
Papua New Guinea,PNG,1981,1467531245.96005
Papua New Guinea,PNG,1980,1357486444.51267
Papua New Guinea,PNG,1979,1045722065.25542
Papua New Guinea,PNG,1978,884719822.266107
Papua New Guinea,PNG,1977,759153306.511938
Papua New Guinea,PNG,1976,616543496.714837
Papua New Guinea,PNG,1975,626265720.46085
Papua New Guinea,PNG,1974,584641851.331915
Papua New Guinea,PNG,1973,452341666.26427
Papua New Guinea,PNG,1972,414352024.27671
Papua New Guinea,PNG,1971,418007993.13062
Papua New Guinea,PNG,1970,348208055.713289
Papua New Guinea,PNG,1969,253008040.481286
Papua New Guinea,PNG,1968,194432031.109125
Papua New Guinea,PNG,1967,175056028.008964
Papua New Guinea,PNG,1966,156912025.105924
Papua New Guinea,PNG,1965,130704020.912643
Papua New Guinea,PNG,1964,104720016.755203
Papua New Guinea,PNG,1963,85456013.6729622
Papua New Guinea,PNG,1962,72912011.6659219
Papua New Guinea,PNG,1961,68880011.0208018
Paraguay,PRY,2024,17618518948.7134
Paraguay,PRY,2023,17394262696.7477
Paraguay,PRY,2022,16516240284.9989
Paraguay,PRY,2021,13685252889.7779
Paraguay,PRY,2020,10448804213.9342
Paraguay,PRY,2019,13325018618.9235
Paraguay,PRY,2018,14165793923.64
Paraguay,PRY,2017,12834286732.1012
Paraguay,PRY,2016,11049252331.8264
Paraguay,PRY,2015,11652991232.5286
Paraguay,PRY,2014,13574782458.7976
Paraguay,PRY,2013,13343028125.3667
Paraguay,PRY,2012,12233898499.4249
Paraguay,PRY,2011,12912863192.6906
Paraguay,PRY,2010,10663826785.9744
Paraguay,PRY,2009,7320133400.23583
Paraguay,PRY,2008,9437298164.14081
Paraguay,PRY,2007,6361555842.55799
Paraguay,PRY,2006,5162332823.6011
Paraguay,PRY,2005,4018871464.73617
Paraguay,PRY,2004,3312407416.82261
Paraguay,PRY,2003,2613734808.47838
Paraguay,PRY,2002,2300391879.16575
Paraguay,PRY,2001,2715523959.63886
Paraguay,PRY,2000,3127286332.0378
Paraguay,PRY,1999,3071972019.70459
Paraguay,PRY,1998,4349322682.86332
Paraguay,PRY,1997,4729946871.69974
Paraguay,PRY,1996,4923048704.54733
Paraguay,PRY,1995,5100987429.01244
Paraguay,PRY,1994,4900392491.44249
Paraguay,PRY,1993,3891800193.31537
Paraguay,PRY,1992,2838888198.89355
Paraguay,PRY,1991,2674820828.55418
Paraguay,PRY,1990,2271653934.86746
Paraguay,PRY,1989,1478470883.54478
Paraguay,PRY,1988,1561507833.80952
Paraguay,PRY,1987,1433992381.99102
Paraguay,PRY,1986,1223304160.862
Paraguay,PRY,1985,890425801.565691
Paraguay,PRY,1984,1024424371.27616
Paraguay,PRY,1983,901287917.260274
Paraguay,PRY,1982,1070794117.64706
Paraguay,PRY,1981,1011111111.11111
Paraguay,PRY,1980,891841269.84127
Paraguay,PRY,1979,736523809.52381
Paraguay,PRY,1978,566103174.603175
Paraguay,PRY,1977,469507936.507937
Paraguay,PRY,1976,306468253.968254
Paraguay,PRY,1975,269849206.349206
Paraguay,PRY,1974,228810749.452381
Paraguay,PRY,1973,142063492.063492
Paraguay,PRY,1972,106428571.428571
Paraguay,PRY,1971,105952380.952381
Paraguay,PRY,1970,95857142.8571429
Paraguay,PRY,1969,101253968.253968
Paraguay,PRY,1968,86817460.3174603
Paraguay,PRY,1967,76992063.4920635
Paraguay,PRY,1966,75206349.2063492
Paraguay,PRY,1965,69873015.8730159
Paraguay,PRY,1964,58539682.5396825
Paraguay,PRY,1963,49809523.8095238
Paraguay,PRY,1962,52936507.9365079
Peru,PER,2024,66342594208.1993
Peru,PER,2023,63135412810.3176
Peru,PER,2022,70042848042.8955
Peru,PER,2021,59278649388.7213
Peru,PER,2020,42768390081.5493
Peru,PER,2019,52301323565.5929
Peru,PER,2018,52175148626.1042
Peru,PER,2017,48096481262.9275
Peru,PER,2016,43730752205.441
Peru,PER,2015,45316302180.6981
Peru,PER,2014,48682936932.2913
Peru,PER,2013,50251323235.9907
Peru,PER,2012,48490551587.7018
Peru,PER,2011,43774372753.3495
Peru,PER,2010,35180390248.2191
Peru,PER,2009,26182192417.5022
Peru,PER,2008,34605420554.3593
Peru,PER,2007,24690635985.938
Peru,PER,2006,18835277591.1562
Peru,PER,2005,15598932265.5989
Peru,PER,2004,12701974339.4458
Peru,PER,2003,10929811450.9083
Peru,PER,2002,9845922051.34036
Peru,PER,2001,9606339614.03609
Peru,PER,2000,9712312673.71558
Peru,PER,1999,8937804697.88743
Peru,PER,1998,10684099132.9282
Peru,PER,1997,11043543543.5435
Peru,PER,1996,10132013201.3201
Peru,PER,1995,9770813015.33824
Peru,PER,1994,7249134948.09689
Peru,PER,1993,5683170881.3031
Peru,PER,1992,5561752159.30902
Peru,PER,1991,4964700218.53709
Peru,PER,1990,3637366698.50242
Peru,PER,1989,2521553465.67164
Peru,PER,1988,2797976000.0
Peru,PER,1987,5417433054.49687
Peru,PER,1986,3950815558.34379
Peru,PER,1985,2824798398.71601
Peru,PER,1984,3057815382.58301
Peru,PER,1983,3729505449.61418
Peru,PER,1982,4849715098.96553
Peru,PER,1981,4918094895.33332
Peru,PER,1980,4012390288.9262
Peru,PER,1979,2964592487.78402
Peru,PER,1978,2439416948.43532
Peru,PER,1977,3217196369.70153
Peru,PER,1976,3176349370.34373
Peru,PER,1975,3616472288.22902
Peru,PER,1974,2958656330.82581
Peru,PER,1973,1687338580.19864
Peru,PER,1972,1322997435.77062
Peru,PER,1971,1224806241.01356
Peru,PER,1970,1157622719.33224
Peru,PER,1969,1080103339.48527
Peru,PER,1968,1082687377.96079
Peru,PER,1967,1249655603.22606
Peru,PER,1966,1170768069.3576
Peru,PER,1965,980611455.554833
Peru,PER,1964,818467051.335513
Peru,PER,1963,776482908.53007
Peru,PER,1962,721234798.833752
Peru,PER,1961,643328375.671462
Peru,PER,1960,521357000.753051
Philippines,PHL,2024,185164160350.41
Philippines,PHL,2023,178244920796.221
Philippines,PHL,2022,178086451580.466
Philippines,PHL,2021,148699308216.869
Philippines,PHL,2020,119257490806.482
Philippines,PHL,2019,152458687320.163
Philippines,PHL,2018,145499457397.948
Philippines,PHL,2017,126846380455.649
Philippines,PHL,2016,111847835761.901
Philippines,PHL,2015,97858999139.3944
Philippines,PHL,2014,89583209901.6933
Philippines,PHL,2013,84169697681.9
Philippines,PHL,2012,79558185309.3369
Philippines,PHL,2011,74224237016.1275
Philippines,PHL,2010,69239834652.7254
Philippines,PHL,2009,53966293099.485
Philippines,PHL,2008,62341268152.3086
Philippines,PHL,2007,55577057555.4844
Philippines,PHL,2006,50557042719.8686
Philippines,PHL,2005,45777705832.2362
Philippines,PHL,2004,43034427467.1213
Philippines,PHL,2003,39402271856.6034
Philippines,PHL,2002,36959602030.9991
Philippines,PHL,2001,34524004924.2439
Philippines,PHL,2000,34981626687.9374
Philippines,PHL,1999,33185853154.5832
Philippines,PHL,1998,31488192531.4937
Philippines,PHL,1997,39658755050.532
Philippines,PHL,1996,33097093183.1966
Philippines,PHL,1995,26565213158.025
Philippines,PHL,1994,20814444387.6211
Philippines,PHL,1993,17470673088.7296
Philippines,PHL,1992,14629138823.4438
Philippines,PHL,1991,12042290327.9068
Philippines,PHL,1990,11884167063.6145
Philippines,PHL,1989,10451339113.7001
Philippines,PHL,1988,8338839042.08053
Philippines,PHL,1987,7110796809.55674
Philippines,PHL,1986,5497051339.9036
Philippines,PHL,1985,5530347257.01285
Philippines,PHL,1984,6389098503.30936
Philippines,PHL,1983,7401720302.06474
Philippines,PHL,1982,7727510025.76113
Philippines,PHL,1981,7741092149.6522
Poland,POL,2024,442176791003.799
Poland,POL,2023,423641820629.422
Poland,POL,2022,422016820864.164
Poland,POL,2021,371023800786.561
Poland,POL,2020,283720588327.144
Poland,POL,2019,295123034348.038
Poland,POL,2018,298556365160.625
Poland,POL,2017,258225701184.144
Poland,POL,2016,222240211020.322
Poland,POL,2015,216474598753.15
Poland,POL,2014,248369810894.894
Poland,POL,2013,231368432176.376
Poland,POL,2012,223205473781.698
Poland,POL,2011,235449472939.55
Poland,POL,2010,202402082711.505
Poland,POL,2009,167382446055.34
Poland,POL,2008,229809209701.641
Poland,POL,2007,181658989504.868
Poland,POL,2006,138506966129.343
Poland,POL,2005,109863040541.397
Poland,POL,2004,94612868071.8343
Poland,POL,2003,78626922854.4063
Poland,POL,2002,64248499950.8582
Poland,POL,2001,59122352768.7535
Poland,POL,2000,58004291228.2922
Poland,POL,1999,51042724322.1006
Poland,POL,1998,53786614490.4184
Poland,POL,1997,43365153209.9002
Poland,POL,1996,37618411779.9785
Poland,POL,1995,29569691828.7675
Portugal,PRT,2024,137603377518.698
Portugal,PRT,2023,134411585081.369
Portugal,PRT,2022,133285364418.514
Portugal,PRT,2021,113497070631.301
Portugal,PRT,2020,90131397407.8057
Portugal,PRT,2019,103532874928.996
Portugal,PRT,2018,104240636747.823
Portugal,PRT,2017,92464542115.2213
Portugal,PRT,2016,80804179611.264
Portugal,PRT,2015,79509937177.2523
Portugal,PRT,2014,92113305018.3973
Portugal,PRT,2013,87194990737.7034
Portugal,PRT,2012,82755123140.4504
Portugal,PRT,2011,94725068832.2765
Portugal,PRT,2010,89801905967.5835
Portugal,PRT,2009,83673807856.8683
Portugal,PRT,2008,107512515975.208
Portugal,PRT,2007,93196905901.1729
Portugal,PRT,2006,79723354569.2364
Portugal,PRT,2005,70735904960.5478
Portugal,PRT,2004,67301751547.0446
Portugal,PRT,2003,55799780173.7724
Portugal,PRT,2002,47495078930.4409
Portugal,PRT,2001,45789575479.0646
Portugal,PRT,2000,46550613707.5421
Portugal,PRT,1999,46950345046.2372
Portugal,PRT,1998,45239506901.1576
Portugal,PRT,1997,41132256146.3694
Portugal,PRT,1996,41278931635.0403
Portugal,PRT,1995,39151232585.9095
Portugal,PRT,1994,31944022946.8599
Portugal,PRT,1993,29049311806.5079
Portugal,PRT,1992,34266584496.5845
Portugal,PRT,1991,30177947828.5001
Portugal,PRT,1990,28247582618.4784
Portugal,PRT,1989,21452554112.5541
Portugal,PRT,1988,20038610027.8552
Portugal,PRT,1987,15532868934.1113
Portugal,PRT,1986,10858608765.581
Portugal,PRT,1985,8751378985.76303
Portugal,PRT,1984,8884931525.60942
Portugal,PRT,1983,9363968512.48643
Portugal,PRT,1982,10708695761.8567
Portugal,PRT,1981,11270547231.2704
Portugal,PRT,1980,10783476171.4057
Portugal,PRT,1979,7863475409.83607
Portugal,PRT,1978,5958549270.07299
Portugal,PRT,1977,5594295442.64013
Portugal,PRT,1976,4891100795.75597
Portugal,PRT,1975,4943349019.60784
Portugal,PRT,1974,5759928966.06156
Portugal,PRT,1973,3968323793.9493
Portugal,PRT,1972,2797946627.13121
Portugal,PRT,1971,2302600706.71378
Portugal,PRT,1970,1954344490.93445
Puerto Rico (US),PRI,2024,53872000000.0
Puerto Rico (US),PRI,2023,56884900000.0
Puerto Rico (US),PRI,2022,52152000000.0
Puerto Rico (US),PRI,2021,45053600000.0
Puerto Rico (US),PRI,2020,44513200000.0
Puerto Rico (US),PRI,2019,49401600000.0
Puerto Rico (US),PRI,2018,46488400000.0
Puerto Rico (US),PRI,2017,45938000000.0
Puerto Rico (US),PRI,2016,43316300000.0
Puerto Rico (US),PRI,2015,43092800000.0
Puerto Rico (US),PRI,2014,42580400000.0
Puerto Rico (US),PRI,2013,45100800000.0
Puerto Rico (US),PRI,2012,46576200000.0
Puerto Rico (US),PRI,2011,44662200000.0
Puerto Rico (US),PRI,2010,40810100000.0
Puerto Rico (US),PRI,2009,40651000000.0
Puerto Rico (US),PRI,2008,44928300000.0
Puerto Rico (US),PRI,2007,45265800000.0
Puerto Rico (US),PRI,2006,42630200000.0
Puerto Rico (US),PRI,2005,38905200000.0
Puerto Rico (US),PRI,2004,38897600000.0
Puerto Rico (US),PRI,2003,33749700000.0
Puerto Rico (US),PRI,2002,28984600000.0
Puerto Rico (US),PRI,2001,29149300000.0
Puerto Rico (US),PRI,2000,27042800000.0
Puerto Rico (US),PRI,1999,25299400000.0
Puerto Rico (US),PRI,1998,21797500000.0
Puerto Rico (US),PRI,1997,21387400000.0
Puerto Rico (US),PRI,1996,19060900000.0
Puerto Rico (US),PRI,1995,18816600000.0
Puerto Rico (US),PRI,1994,16654200000.0
Puerto Rico (US),PRI,1993,16385900000.0
Puerto Rico (US),PRI,1992,15387300000.0
Puerto Rico (US),PRI,1991,15904300000.0
Puerto Rico (US),PRI,1990,15721600000.0
Puerto Rico (US),PRI,1989,14042800000.0
Puerto Rico (US),PRI,1988,11859100000.0
Puerto Rico (US),PRI,1987,10723800000.0
Puerto Rico (US),PRI,1986,10098900000.0
Puerto Rico (US),PRI,1985,10112200000.0
Puerto Rico (US),PRI,1984,9528400000.0
Puerto Rico (US),PRI,1983,8506800000.0
Puerto Rico (US),PRI,1982,8490500000.0
Puerto Rico (US),PRI,1981,9239200000.0
Puerto Rico (US),PRI,1980,8638200000.0
Puerto Rico (US),PRI,1979,7386800000.0
Puerto Rico (US),PRI,1978,6556200000.0
Puerto Rico (US),PRI,1977,6108100000.0
Puerto Rico (US),PRI,1976,5431800000.0
Puerto Rico (US),PRI,1975,4950700000.0
Puerto Rico (US),PRI,1974,4261500000.0
Puerto Rico (US),PRI,1973,3496200000.0
Puerto Rico (US),PRI,1972,3107800000.0
Puerto Rico (US),PRI,1971,2879100000.0
Puerto Rico (US),PRI,1970,2513400000.0
Puerto Rico (US),PRI,1969,2231300000.0
Puerto Rico (US),PRI,1968,1947800000.0
Puerto Rico (US),PRI,1967,1796100000.0
Puerto Rico (US),PRI,1966,1646600000.0
Puerto Rico (US),PRI,1965,1503600000.0
Puerto Rico (US),PRI,1964,1341000000.0
Puerto Rico (US),PRI,1963,1146900000.0
Puerto Rico (US),PRI,1960,905500000.0
Qatar,QAT,2022,74520054945.0549
Qatar,QAT,2021,61204395604.3956
Qatar,QAT,2020,59064560439.5604
Qatar,QAT,2019,66769780219.7802
Qatar,QAT,2018,65810989010.989
Qatar,QAT,2017,62192582417.5824
Qatar,QAT,2016,63475274725.2747
Qatar,QAT,2015,59271428571.4286
Qatar,QAT,2014,64004395604.3956
Qatar,QAT,2013,58953296703.2967
Qatar,QAT,2012,54693406593.4066
Qatar,QAT,2011,43792582417.5824
Qatar,QAT,2010,29717307692.3077
Qatar,QAT,2009,28370604395.6044
Qatar,QAT,2008,32356868131.8681
Qatar,QAT,2007,28566208791.2088
Qatar,QAT,2006,21767307692.3077
Qatar,QAT,2005,13207967032.967
Qatar,QAT,2004,8315659340.65934
Qatar,QAT,2003,6699450549.45055
Qatar,QAT,2002,5446428571.42857
Qatar,QAT,2001,5099450549.45055
Qatar,QAT,2000,3965659340.65934
Qatar,QAT,1999,3184065934.06593
Qatar,QAT,1998,4098351648.35165
Qatar,QAT,1997,4085989010.98901
Qatar,QAT,1996,3604120769.23077
Qatar,QAT,1995,3526098983.51648
Qatar,QAT,1994,2490659450.54945
Romania,ROU,2024,159192458246.347
Romania,ROU,2023,153468159062.589
Romania,ROU,2022,148948922624.094
Romania,ROU,2021,132206963869.247
Romania,ROU,2020,103734974052.731
Romania,ROU,2019,111463746998.826
Romania,ROU,2018,109548390926.871
Romania,ROU,2017,94191820736.4752
Romania,ROU,2016,80557368317.7132
Romania,ROU,2015,75016620203.3269
Romania,ROU,2014,83680518336.6053
Romania,ROU,2013,78106395081.3677
Romania,ROU,2012,73233838878.9574
Romania,ROU,2011,79042763123.3665
Romania,ROU,2010,65157336605.9347
Romania,ROU,2009,56494830823.215
Romania,ROU,2008,83625436606.5892
Romania,ROU,2007,67730544447.8622
Romania,ROU,2006,45041888825.9559
Romania,ROU,2005,34287061637.0584
Romania,ROU,2004,26152717641.5904
Romania,ROU,2003,18478846580.7452
Romania,ROU,2002,13680172970.0688
Romania,ROU,2001,12046885167.2649
Romania,ROU,2000,10033341440.6745
Romania,ROU,1999,11257601331.5211
Romania,ROU,1998,12852117833.4261
Romania,ROU,1997,12454205810.8745
Romania,ROU,1996,12678235484.9173
Romania,ROU,1995,11476530531.9484
Romania,ROU,1994,8109347527.929
Romania,ROU,1993,7377804091.83606
Romania,ROU,1992,9093750000.0
Romania,ROU,1991,6212855085.74421
Romania,ROU,1990,10013374944.2711
Russian Federation,RUS,2024,382411727676.268
Russian Federation,RUS,2023,379947593532.553
Russian Federation,RUS,2022,345173687961.946
Russian Federation,RUS,2021,376515695621.301
Russian Federation,RUS,2020,305255226176.837
Russian Federation,RUS,2019,352088733268.664
Russian Federation,RUS,2018,344519598182.381
Russian Federation,RUS,2017,327207464722.169
Russian Federation,RUS,2016,263830495058.506
Russian Federation,RUS,2015,281640332372.515
Russian Federation,RUS,2014,426062113844.975
Russian Federation,RUS,2013,468622436736.16
Russian Federation,RUS,2012,447048493877.933
Russian Federation,RUS,2011,408776142105.219
Russian Federation,RUS,2010,322366550354.214
Russian Federation,RUS,2009,250605238920.116
Russian Federation,RUS,2008,366597425851.134
Russian Federation,RUS,2007,279982932541.908
Russian Federation,RUS,2006,207914704586.723
Russian Federation,RUS,2005,164341230419.182
Russian Federation,RUS,2004,130992710864.283
Russian Federation,RUS,2003,102759593086.478
Russian Federation,RUS,2002,84408293460.925
Russian Federation,RUS,2001,74250942749.4001
Russian Federation,RUS,2000,62417348027.0174
Russian Federation,RUS,1999,51275385865.1503
Russian Federation,RUS,1998,66522411128.2844
Russian Federation,RUS,1997,91218668971.478
Russian Federation,RUS,1996,85589979709.6925
Russian Federation,RUS,1995,102419980064.237
Russian Federation,RUS,1994,91639498027.0393
Russian Federation,RUS,1993,132673769660.071
Russian Federation,RUS,1992,222111380145.278
Russian Federation,RUS,1991,67259259259.2593
Russian Federation,RUS,1990,92776886035.313
Russian Federation,RUS,1989,106454465075.155
Rwanda,RWA,2024,5577000115.39923
Rwanda,RWA,2023,5718525530.20804
Rwanda,RWA,2022,5148962370.19541
Rwanda,RWA,2021,3854458168.9826
Rwanda,RWA,2020,3648739603.23521
Rwanda,RWA,2019,3741294748.63065
Rwanda,RWA,2018,3342050892.38332
Rwanda,RWA,2017,3067026351.75953
Rwanda,RWA,2016,2961879559.8848
Rwanda,RWA,2015,2731456264.78285
Rwanda,RWA,2014,2474497026.94148
Rwanda,RWA,2013,2283504304.5409
Rwanda,RWA,2012,2185172858.00056
Rwanda,RWA,2011,1862867054.7462
Rwanda,RWA,2010,1625272430.08388
Rwanda,RWA,2009,1500226460.20554
Rwanda,RWA,2008,1363946530.73144
Rwanda,RWA,2007,907851453.593074
Rwanda,RWA,2006,741574150.056651
Rwanda,RWA,2005,690285354.698788
Rwanda,RWA,2004,548213702.681968
Rwanda,RWA,2003,460447380.755317
Rwanda,RWA,2002,421290133.775043
Rwanda,RWA,2001,431274064.604793
Rwanda,RWA,2000,457371919.715922
Rwanda,RWA,1999,472852825.296856
Rwanda,RWA,1998,461714701.301407
Rwanda,RWA,1997,475297232.37951
Rwanda,RWA,1996,362153709.99283
Rwanda,RWA,1995,334008653.743293
Rwanda,RWA,1994,488303932.727273
Rwanda,RWA,1993,404236920.561469
Rwanda,RWA,1992,370561982.128779
Rwanda,RWA,1991,345146483.043624
Rwanda,RWA,1990,358799642.04381
Rwanda,RWA,1989,415791948.089469
Rwanda,RWA,1988,421685470.929173
Rwanda,RWA,1987,412959120.017266
Rwanda,RWA,1986,391947041.723516
Rwanda,RWA,1985,341193276.236732
Rwanda,RWA,1984,312153025.575676
Rwanda,RWA,1983,307168196.411147
Rwanda,RWA,1982,339856125.244489
Rwanda,RWA,1981,306102651.889527
Rwanda,RWA,1980,331033186.047387
Rwanda,RWA,1979,252391533.731522
Rwanda,RWA,1978,215559845.421348
Rwanda,RWA,1977,131859989.962172
Rwanda,RWA,1976,123695595.159655
Rwanda,RWA,1975,101216675.608739
Rwanda,RWA,1974,65821689.9605823
Rwanda,RWA,1973,39083911.2509235
Rwanda,RWA,1972,40062970.5227729
Rwanda,RWA,1971,37610073.2731463
Rwanda,RWA,1970,33500001.0
Rwanda,RWA,1969,27089999.0
Rwanda,RWA,1968,26070001.0
Rwanda,RWA,1967,24593001.0
Rwanda,RWA,1966,24902858.2857143
Rwanda,RWA,1965,25200000.0
Rwanda,RWA,1964,16400000.0
Rwanda,RWA,1963,16200002.0
Rwanda,RWA,1962,16000000.0
Rwanda,RWA,1961,12000000.0
Rwanda,RWA,1960,12000000.0
Samoa,WSM,2024,574545148.8042
Samoa,WSM,2023,570854269.191884
Samoa,WSM,2022,439102052.456922
Samoa,WSM,2021,415237392.740817
Samoa,WSM,2020,419570510.659685
Samoa,WSM,2019,440934535.107256
Samoa,WSM,2018,412601002.197528
Samoa,WSM,2017,392417932.156678
Samoa,WSM,2016,391866328.362656
Samoa,WSM,2015,391417174.374868
Samoa,WSM,2014,421513422.424367
Samoa,WSM,2013,397089997.802946
Samoa,WSM,2012,436742230.819275
Samoa,WSM,2011,395915683.21518
Samoa,WSM,2010,345942427.202562
Samoa,WSM,2009,301333821.590743
Samoa,WSM,2008,295173247.106875
Samoa,WSM,2007,309667927.845295
Samoa,WSM,2006,264236822.221423
Samoa,WSM,2005,227382909.640999
Samoa,WSM,2004,177222415.45461
Samoa,WSM,2003,150628508.911562
Samoa,WSM,2002,151437286.005444
San Marino,SMR,2023,3142476627.26693
San Marino,SMR,2022,3164970422.72157
San Marino,SMR,2021,2934824225.0034
San Marino,SMR,2020,2164289733.50297
San Marino,SMR,2019,2315691530.34182
San Marino,SMR,2018,2365342429.08827
San Marino,SMR,2017,2217594642.98706
San Marino,SMR,2016,2159608546.04983
San Marino,SMR,2015,2085261025.79916
Saudi Arabia,SAU,2024,317011733333.333
Saudi Arabia,SAU,2023,291564533333.333
Saudi Arabia,SAU,2022,258212800000.0
Saudi Arabia,SAU,2021,213515200000.0
Saudi Arabia,SAU,2020,182183733333.333
Saudi Arabia,SAU,2019,218974666666.667
Saudi Arabia,SAU,2018,209069066666.667
Saudi Arabia,SAU,2017,201397866666.667
Saudi Arabia,SAU,2016,198364800000.0
Saudi Arabia,SAU,2015,247307200000.0
Saudi Arabia,SAU,2014,259006933333.333
Saudi Arabia,SAU,2013,229995200000.0
Saudi Arabia,SAU,2012,215206133333.333
Saudi Arabia,SAU,2011,197977600000.0
Saudi Arabia,SAU,2010,174202666666.667
Saudi Arabia,SAU,2009,162069066666.667
Saudi Arabia,SAU,2008,176684800000.0
Saudi Arabia,SAU,2007,145279252835.223
Saudi Arabia,SAU,2006,113494793057.41
Saudi Arabia,SAU,2005,81797389981.5858
Saudi Arabia,SAU,2004,62350400000.0
Saudi Arabia,SAU,2003,51744266666.6667
Saudi Arabia,SAU,2002,44830400000.0
Saudi Arabia,SAU,2001,44058400000.0
Saudi Arabia,SAU,2000,46926133333.3333
Saudi Arabia,SAU,1999,37485333333.3333
Saudi Arabia,SAU,1998,38830933333.3333
Saudi Arabia,SAU,1997,43199465954.6061
Saudi Arabia,SAU,1996,42253404539.3858
Saudi Arabia,SAU,1995,39711615487.3164
Saudi Arabia,SAU,1994,35240587449.9332
Saudi Arabia,SAU,1993,44483311081.4419
Saudi Arabia,SAU,1992,49331375166.8892
Saudi Arabia,SAU,1991,48117222963.9519
Saudi Arabia,SAU,1990,36904405874.4993
Saudi Arabia,SAU,1989,36304672897.1963
Saudi Arabia,SAU,1988,31068624833.1108
Saudi Arabia,SAU,1987,31821094793.0574
Saudi Arabia,SAU,1986,31120442884.148
Saudi Arabia,SAU,1985,38070679182.7719
Saudi Arabia,SAU,1984,54097332576.6175
Saudi Arabia,SAU,1983,61584659913.1693
Saudi Arabia,SAU,1982,59945084419.6512
Saudi Arabia,SAU,1981,55459144516.4357
Saudi Arabia,SAU,1980,44919924659.0208
Saudi Arabia,SAU,1979,38304743729.0175
Saudi Arabia,SAU,1978,33389007172.1004
Saudi Arabia,SAU,1977,24156717677.5464
Saudi Arabia,SAU,1976,15522379603.3994
Saudi Arabia,SAU,1975,10165134756.1926
Saudi Arabia,SAU,1974,5995492957.74648
Saudi Arabia,SAU,1973,3126324499.42521
Saudi Arabia,SAU,1972,1765847084.25327
Saudi Arabia,SAU,1971,1287323408.13523
Saudi Arabia,SAU,1970,1159555555.55556
Saudi Arabia,SAU,1969,1118868488.88889
Saudi Arabia,SAU,1968,1035019955.55556
Senegal,SEN,2024,14254913872.5242
Senegal,SEN,2023,14822697636.9989
Senegal,SEN,2022,14697565401.071
Senegal,SEN,2021,12311805834.7268
Senegal,SEN,2020,9651853852.83994
Senegal,SEN,2019,9186797791.08368
Senegal,SEN,2018,8978699797.55997
Senegal,SEN,2017,7511561692.85899
Senegal,SEN,2016,6197109691.57793
Senegal,SEN,2015,6298158532.03906
Senegal,SEN,2014,7258510977.44716
Senegal,SEN,2013,7241502994.94863
Senegal,SEN,2012,6976207984.90607
Senegal,SEN,2011,6461833840.55108
Senegal,SEN,2010,5235657921.39279
Senegal,SEN,2009,5314157879.47347
Senegal,SEN,2008,7064428722.77673
Senegal,SEN,2007,5418129805.6816
Senegal,SEN,2006,4080719716.99321
Senegal,SEN,2005,3863797089.92876
Senegal,SEN,2004,3482299975.66343
Senegal,SEN,2003,2858883233.2565
Senegal,SEN,2002,2349065891.4595
Senegal,SEN,2001,2083798869.77607
Senegal,SEN,2000,1859032675.43839
Senegal,SEN,1999,2009562329.23743
Senegal,SEN,1998,1920046181.23236
Senegal,SEN,1997,1746494219.16215
Senegal,SEN,1996,1849069200.98102
Senegal,SEN,1995,2028765971.50684
Senegal,SEN,1994,1687427595.89339
Senegal,SEN,1993,1858224797.06967
Senegal,SEN,1992,2056499105.91677
Senegal,SEN,1991,1934759331.25764
Senegal,SEN,1990,2049748974.70032
Senegal,SEN,1989,1691678612.03511
Senegal,SEN,1988,1643548736.24408
Senegal,SEN,1987,1626029778.6996
Senegal,SEN,1986,1524007491.53846
Senegal,SEN,1985,1294595860.33136
Senegal,SEN,1984,1482612971.30549
Senegal,SEN,1983,1600297543.52078
Senegal,SEN,1982,1504650625.71405
Senegal,SEN,1981,1822808298.86116
Senegal,SEN,1980,1496960300.01578
Senegal,SEN,1979,1264686528.0902
Senegal,SEN,1978,1060183571.08032
Senegal,SEN,1977,1126395026.05683
Senegal,SEN,1976,936697269.602632
Senegal,SEN,1975,872642940.01901
Senegal,SEN,1974,757849592.638561
Senegal,SEN,1973,529963307.999563
Senegal,SEN,1972,417121328.051865
Senegal,SEN,1971,326227163.389163
Senegal,SEN,1970,301688940.708368
Senegal,SEN,1969,301745803.500188
Senegal,SEN,1968,288978829.113654
Senegal,SEN,1967,201513830.58954
Senegal,SEN,1966,198969377.471251
Senegal,SEN,1965,180697022.561744
Senegal,SEN,1964,190639574.525739
Senegal,SEN,1963,177791211.464903
Senegal,SEN,1962,173017580.120399
Senegal,SEN,1961,174678730.603317
Senegal,SEN,1960,126271876.790067
Serbia,SRB,2024,52383977874.0251
Serbia,SRB,2023,48332534029.69
Serbia,SRB,2022,47552026633.7619
Serbia,SRB,2021,39697186027.9769
Serbia,SRB,2020,30294542171.066
Serbia,SRB,2019,31573497914.357
Serbia,SRB,2018,30032669304.2156
Serbia,SRB,2017,25104841040.8983
Serbia,SRB,2016,21635087306.2339
Serbia,SRB,2015,20707771265.7471
Serbia,SRB,2014,23603525028.1578
Serbia,SRB,2013,23262513959.1986
Serbia,SRB,2012,21492658567.9973
Serbia,SRB,2011,22563698123.9108
Serbia,SRB,2010,18599124649.905
Serbia,SRB,2009,17917064956.5112
Serbia,SRB,2008,26220470717.0224
Serbia,SRB,2007,20858224058.4396
Serbia,SRB,2006,15504397892.3477
Serbia,SRB,2005,12577135465.2261
Serbia,SRB,2004,12834200618.6902
Serbia,SRB,2003,8549028052.24936
Serbia,SRB,2002,6295942594.75794
Serbia,SRB,2001,4647755032.38053
Serbia,SRB,2000,942619356.329919
Serbia,SRB,1999,2969446469.15062
Serbia,SRB,1998,4583104039.55816
Serbia,SRB,1997,5400470206.18034
Serbia,SRB,1996,3911862197.39292
Serbia,SRB,1995,1384067796.61017
Seychelles,SYC,2024,2236609631.05002
Seychelles,SYC,2023,2130921149.07636
Seychelles,SYC,2022,2012397151.36384
Seychelles,SYC,2021,1539328140.15264
Seychelles,SYC,2020,1201944067.38357
Seychelles,SYC,2019,1701471825.8422
Seychelles,SYC,2018,1760460019.13434
Seychelles,SYC,2017,1734555858.72111
Seychelles,SYC,2016,1498180127.10602
Seychelles,SYC,2015,1395023128.04075
Seychelles,SYC,2014,1584249275.89032
Seychelles,SYC,2013,1357353290.45874
Seychelles,SYC,2012,1297822757.4062
Seychelles,SYC,2011,1187202746.91157
Seychelles,SYC,2010,1048324663.81284
Seychelles,SYC,2009,991699603.378119
Seychelles,SYC,2008,1084488354.58706
Seychelles,SYC,2007,948944629.655607
Seychelles,SYC,2006,1021809495.89216
Seychelles,SYC,2005,919168709.090909
Seychelles,SYC,2004,684576309.090909
Seychelles,SYC,2003,610557820.378294
Seychelles,SYC,2002,595567581.436097
Seychelles,SYC,2001,644659483.44886
Seychelles,SYC,2000,503612558.820137
Seychelles,SYC,1999,433699578.848854
Seychelles,SYC,1998,383025788.183425
Seychelles,SYC,1997,340434455.116663
Seychelles,SYC,1996,378655506.147005
Seychelles,SYC,1995,232934332.934333
Seychelles,SYC,1994,206173108.113454
Seychelles,SYC,1993,238319431.720304
Seychelles,SYC,1992,191505105.527246
Seychelles,SYC,1991,172126486.111227
Seychelles,SYC,1990,186209222.582398
Seychelles,SYC,1989,164754981.519619
Seychelles,SYC,1988,159119527.071921
Seychelles,SYC,1987,113196061.862769
Seychelles,SYC,1986,105551554.91718
Seychelles,SYC,1985,98778680.5017372
Seychelles,SYC,1984,87652876.8710333
Seychelles,SYC,1983,87782421.1150649
Seychelles,SYC,1982,97772478.8334054
Seychelles,SYC,1981,92671967.9172754
Seychelles,SYC,1980,98786749.7399072
Seychelles,SYC,1979,84447900.9577349
Seychelles,SYC,1978,57828969.1989908
Seychelles,SYC,1977,45757618.0599611
Seychelles,SYC,1976,39173012.972438
Sierra Leone,SLE,2024,1622864248.13392
Sierra Leone,SLE,2023,2202122026.25149
Sierra Leone,SLE,2022,2013408070.10153
Sierra Leone,SLE,2021,1906108259.53043
Sierra Leone,SLE,2020,1385993373.09423
Sierra Leone,SLE,2019,1817978349.30619
Sierra Leone,SLE,2018,1670393269.46086
Sierra Leone,SLE,2017,1591024698.98836
Sierra Leone,SLE,2016,1761706025.81265
Sierra Leone,SLE,2015,1764797911.74153
Sierra Leone,SLE,2014,2375354043.78008
Sierra Leone,SLE,2013,2582762765.78483
Sierra Leone,SLE,2012,2013822438.93815
Sierra Leone,SLE,2011,1662053977.29494
Sierra Leone,SLE,2010,769940174.762392
Sierra Leone,SLE,2009,595648221.168756
Sierra Leone,SLE,2008,561030046.805064
Sierra Leone,SLE,2007,463532389.606544
Sierra Leone,SLE,2006,410502652.174662
Sierra Leone,SLE,2005,756501688.129934
Sierra Leone,SLE,2004,659802198.721577
Sierra Leone,SLE,2003,693376923.280047
Sierra Leone,SLE,2002,584978280.485214
Sierra Leone,SLE,2001,470552283.458382
Sierra Leone,SLE,2000,250500328.613252
Sierra Leone,SLE,1999,133350330.75693
Sierra Leone,SLE,1998,143020226.167772
Sierra Leone,SLE,1997,128200895.991067
Sierra Leone,SLE,1996,302762367.333817
Sierra Leone,SLE,1995,230230821.380903
Sierra Leone,SLE,1994,233877015.373078
Sierra Leone,SLE,1993,219721601.031969
Sierra Leone,SLE,1992,223713664.449526
Sierra Leone,SLE,1991,226153231.485996
Sierra Leone,SLE,1990,220884011.462832
Sierra Leone,SLE,1989,164863825.589755
Sierra Leone,SLE,1988,151842283.324107
Sierra Leone,SLE,1987,153071115.941603
Sierra Leone,SLE,1986,73576932.6373353
Sierra Leone,SLE,1985,142324303.101688
Sierra Leone,SLE,1984,134903085.718839
Sierra Leone,SLE,1983,219271957.694409
Sierra Leone,SLE,1982,335930246.639487
Sierra Leone,SLE,1981,443016133.206798
Sierra Leone,SLE,1980,420651552.6767
Sierra Leone,SLE,1979,300481565.228909
Sierra Leone,SLE,1978,230650213.93643
Sierra Leone,SLE,1977,184910597.470563
Sierra Leone,SLE,1976,172082240.034506
Sierra Leone,SLE,1975,234175716.96264
Sierra Leone,SLE,1974,169499252.449849
Sierra Leone,SLE,1973,134624948.857219
Sierra Leone,SLE,1972,135117922.231019
Sierra Leone,SLE,1971,135877741.324405
Sierra Leone,SLE,1970,127200050.88002
Sierra Leone,SLE,1969,102960041.184016
Sierra Leone,SLE,1968,88560035.4240142
Sierra Leone,SLE,1967,109222915.547627
Sierra Leone,SLE,1966,118719952.512019
Sierra Leone,SLE,1965,112419955.032018
Sierra Leone,SLE,1964,109755521.822515
Singapore,SGP,2024,786020626642.21
Singapore,SGP,2023,728499583323.093
Singapore,SGP,2022,744363649815.365
Singapore,SGP,2021,639390598913.421
Singapore,SGP,2020,524652362543.142
Singapore,SGP,2019,554852810304.965
Singapore,SGP,2018,559645310570.104
Singapore,SGP,2017,498507739377.591
Singapore,SGP,2016,442035878646.096
Singapore,SGP,2015,465345116651.21
Singapore,SGP,2014,530588532417.821
Singapore,SGP,2013,528920562614.88
Singapore,SGP,2012,509015616847.887
Singapore,SGP,2011,491027496151.938
Singapore,SGP,2010,411718156402.456
Singapore,SGP,2009,324906377727.284
Singapore,SGP,2008,403368670137.915
Singapore,SGP,2007,328425614192.006
Singapore,SGP,2006,293279955794.234
Singapore,SGP,2005,249571466422.975
Singapore,SGP,2004,215770830917.486
Singapore,SGP,2003,170522212649.303
Singapore,SGP,2002,153298972181.205
Singapore,SGP,2001,149415004439.86
Singapore,SGP,2000,169107805677.964
Singapore,SGP,1999,137834470137.001
Singapore,SGP,1998,124555957748.616
Singapore,SGP,1997,154758870855.856
Singapore,SGP,1996,153364122036.168
Singapore,SGP,1995,144309656936.238
Singapore,SGP,1994,110550174016.2
Singapore,SGP,1993,91975756765.5718
Singapore,SGP,1992,77981321905.232
Singapore,SGP,1991,70627959479.0159
Singapore,SGP,1990,60411526431.831
Singapore,SGP,1989,51266199562.7112
Singapore,SGP,1988,44438888888.8889
Singapore,SGP,1987,33687287590.7045
Singapore,SGP,1986,27154402072.6331
Singapore,SGP,1985,29103089400.4032
Singapore,SGP,1984,30939233317.558
Singapore,SGP,1983,29571682242.9907
Singapore,SGP,1982,30107256117.764
Singapore,SGP,1981,28576639267.7004
Singapore,SGP,1980,24854915846.5925
Singapore,SGP,1979,17695118733.5092
Singapore,SGP,1978,12716323686.1523
Singapore,SGP,1977,10869354055.3667
Singapore,SGP,1976,9896765487.28545
Singapore,SGP,1975,8250441134.22791
Singapore,SGP,1974,8589077887.19785
Singapore,SGP,1973,4708693333.33333
Singapore,SGP,1972,3328711443.27531
Singapore,SGP,1971,3165523324.18659
Singapore,SGP,1970,2785458085.33853
Singapore,SGP,1969,2349945446.58666
Singapore,SGP,1968,1869679408.86313
Singapore,SGP,1967,1505968208.75337
Singapore,SGP,1966,1430834765.22432
Singapore,SGP,1965,1308987919.84895
Singapore,SGP,1964,1188741743.48789
Singapore,SGP,1963,1428972762.49339
Singapore,SGP,1962,1227157799.83144
Singapore,SGP,1961,1200305760.44845
Singapore,SGP,1960,1243752490.83699
Slovak Republic,SVK,2024,120821798957.546
Slovak Republic,SVK,2023,120083503114.469
Slovak Republic,SVK,2022,121569681272.411
Slovak Republic,SVK,2021,109927511883.134
Slovak Republic,SVK,2020,89672126063.3777
Slovak Republic,SVK,2019,97247442000.9646
Slovak Republic,SVK,2018,100008287099.316
Slovak Republic,SVK,2017,88964308586.3343
Slovak Republic,SVK,2016,81715126559.1352
Slovak Republic,SVK,2015,79130064372.7859
Slovak Republic,SVK,2014,87794970706.9605
Slovak Republic,SVK,2013,87262069995.5101
Slovak Republic,SVK,2012,81519904185.1137
Slovak Republic,SVK,2011,84295704904.2609
Slovak Republic,SVK,2010,71092464365.9168
Slovak Republic,SVK,2009,61305633339.8742
Slovak Republic,SVK,2008,82942813433.5156
Slovak Republic,SVK,2007,72043417019.9481
Slovak Republic,SVK,2006,59227656231.2893
Slovak Republic,SVK,2005,47583403653.0303
Slovak Republic,SVK,2004,40553163472.2634
Slovak Republic,SVK,2003,29471992636.1513
Slovak Republic,SVK,2002,22379998736.8616
Slovak Republic,SVK,2001,19871121855.0138
Slovak Republic,SVK,2000,16253875873.9796
Slovak Republic,SVK,1999,15592058974.9672
Slovak Republic,SVK,1998,16911732856.0242
Slovak Republic,SVK,1997,17755812846.9469
Slovak Republic,SVK,1996,17460205323.1939
Slovak Republic,SVK,1995,14115313725.4902
Slovak Republic,SVK,1994,10695987661.6443
Slovak Republic,SVK,1993,9869717732.49004
Slovak Republic,SVK,1992,10819201707.8535
Slovak Republic,SVK,1991,6602608480.65274
Slovak Republic,SVK,1990,4251767394.61656
Slovenia,SVN,2024,54539677618.1141
Slovenia,SVN,2023,53133605229.0598
Slovenia,SVN,2022,55305344696.1539
Slovenia,SVN,2021,48056473878.4837
Slovenia,SVN,2020,36983471635.8382
Slovenia,SVN,2019,40802920386.196
Slovenia,SVN,2018,41364665347.1027
Slovenia,SVN,2017,36028299306.8483
Slovenia,SVN,2016,30915723137.7071
Slovenia,SVN,2015,29706227946.6019
Slovenia,SVN,2014,34570632674.6391
Slovenia,SVN,2013,33607385501.3401
Slovenia,SVN,2012,32368229615.3098
Slovenia,SVN,2011,35608737592.5682
Slovenia,SVN,2010,30475638367.7334
Slovenia,SVN,2009,28245914567.9758
Slovenia,SVN,2008,38163318803.2047
Slovenia,SVN,2007,33276137346.7456
Slovenia,SVN,2006,25630375109.7729
Slovenia,SVN,2005,21887254072.8765
Slovenia,SVN,2004,19444956402.5909
Slovenia,SVN,2003,15208840680.3193
Slovenia,SVN,2002,12057382543.6409
Slovenia,SVN,2001,11020070088.845
Slovenia,SVN,2000,10918374946.1903
Slovenia,SVN,1999,11000424522.0831
Slovenia,SVN,1998,10893287651.4714
Slovenia,SVN,1997,10111527611.0444
Slovenia,SVN,1996,10189789305.949
Slovenia,SVN,1995,10180543873.8374
Slovenia,SVN,1994,7870249302.32558
Slovenia,SVN,1993,6919187301.5873
Slovenia,SVN,1992,6661506485.84906
Slovenia,SVN,1991,8912382608.69565
Slovenia,SVN,1990,12933093220.339
Solomon Islands,SLB,2024,1121200953.866
Solomon Islands,SLB,2023,977101703.423479
Solomon Islands,SLB,2022,684987594.696236
Solomon Islands,SLB,2021,636797050.136349
Solomon Islands,SLB,2020,495896246.45524
Solomon Islands,SLB,2019,752930329.230226
Solomon Islands,SLB,2018,749072147.706918
Solomon Islands,SLB,2017,639628571.682141
Solomon Islands,SLB,2016,632096538.654956
Solomon Islands,SLB,2015,625545741.595153
Solomon Islands,SLB,2014,682707802.742215
Solomon Islands,SLB,2013,690209096.380716
Solomon Islands,SLB,2012,650831798.931994
Solomon Islands,SLB,2011,607440595.280291
Solomon Islands,SLB,2010,547833027.73476
Solomon Islands,SLB,2009,344202953.88197
Solomon Islands,SLB,2008,408521340.639747
Solomon Islands,SLB,2007,358767256.773666
Solomon Islands,SLB,2006,263730374.560682
Solomon Islands,SLB,2005,217130328.208079
Solomon Islands,SLB,2004,177518088.160235
Solomon Islands,SLB,2003,141834991.00134
Solomon Islands,SLB,2002,81792657.9828153
Solomon Islands,SLB,2001,112921882.119786
Solomon Islands,SLB,2000,132051309.007727
Solomon Islands,SLB,1999,159565386.877855
Solomon Islands,SLB,1998,194989294.277884
Solomon Islands,SLB,1997,292713741.564975
Solomon Islands,SLB,1996,273948941.749538
Solomon Islands,SLB,1995,324730614.521859
Solomon Islands,SLB,1994,351222808.336255
Solomon Islands,SLB,1993,308369615.648488
Solomon Islands,SLB,1992,258870940.20013
Solomon Islands,SLB,1991,262639285.385395
Solomon Islands,SLB,1990,206423406.041562
Solomon Islands,SLB,1989,227189280.503322
Solomon Islands,SLB,1988,230010127.16823
Solomon Islands,SLB,1987,156242824.311184
Solomon Islands,SLB,1986,146425495.262705
Solomon Islands,SLB,1985,157350886.398738
Solomon Islands,SLB,1984,172723097.396199
Solomon Islands,SLB,1983,172390075.207347
Solomon Islands,SLB,1982,183296536.725212
Solomon Islands,SLB,1981,183872962.170436
Solomon Islands,SLB,1980,173530145.439953
"Somalia, Fed. Rep.",SOM,2024,11861000000.0
"Somalia, Fed. Rep.",SOM,2023,8896000000.0
"Somalia, Fed. Rep.",SOM,2022,7456000000.0
"Somalia, Fed. Rep.",SOM,2021,5969000000.0
"Somalia, Fed. Rep.",SOM,2020,5353000000.0
"Somalia, Fed. Rep.",SOM,2019,4954000000.0
"Somalia, Fed. Rep.",SOM,2018,4693000000.0
"Somalia, Fed. Rep.",SOM,2017,4239776470.0002
"Somalia, Fed. Rep.",SOM,2016,3850891890.00063
"Somalia, Fed. Rep.",SOM,2015,3667158479.99971
"Somalia, Fed. Rep.",SOM,2014,3582435079.99765
"Somalia, Fed. Rep.",SOM,2013,3276855449.99948
"Somalia, Fed. Rep.",SOM,2012,3012549729.99756
"Somalia, Fed. Rep.",SOM,1990,346105374.490393
"Somalia, Fed. Rep.",SOM,1989,490450254.295533
"Somalia, Fed. Rep.",SOM,1988,230343008.3312
"Somalia, Fed. Rep.",SOM,1987,315205176.136978
"Somalia, Fed. Rep.",SOM,1986,273465478.015279
"Somalia, Fed. Rep.",SOM,1985,169206456.500803
"Somalia, Fed. Rep.",SOM,1984,481494597.283007
"Somalia, Fed. Rep.",SOM,1983,533432443.476805
"Somalia, Fed. Rep.",SOM,1982,526993563.685709
"Somalia, Fed. Rep.",SOM,1981,477996187.190869
"Somalia, Fed. Rep.",SOM,1980,534102368.090059
"Somalia, Fed. Rep.",SOM,1979,445931808.923885
"Somalia, Fed. Rep.",SOM,1978,316988817.679558
"Somalia, Fed. Rep.",SOM,1977,295217382.028986
"Somalia, Fed. Rep.",SOM,1976,192486094.996029
"Somalia, Fed. Rep.",SOM,1975,191088160.127085
"Somalia, Fed. Rep.",SOM,1974,186973778.554408
"Somalia, Fed. Rep.",SOM,1973,136273183.156889
"Somalia, Fed. Rep.",SOM,1972,85671836.5358787
"Somalia, Fed. Rep.",SOM,1971,65932001.3949525
"Somalia, Fed. Rep.",SOM,1970,54000013.7142857
"Somalia, Fed. Rep.",SOM,1969,72457142.8571429
"Somalia, Fed. Rep.",SOM,1968,61697961.8808153
"Somalia, Fed. Rep.",SOM,1967,60479975.8080097
"Somalia, Fed. Rep.",SOM,1966,58099990.2000039
"Somalia, Fed. Rep.",SOM,1965,50301993.3192027
"Somalia, Fed. Rep.",SOM,1964,69859927.2560291
"Somalia, Fed. Rep.",SOM,1963,56139923.7840305
"Somalia, Fed. Rep.",SOM,1962,55999932.8000269
"Somalia, Fed. Rep.",SOM,1961,44239946.4640214
"Somalia, Fed. Rep.",SOM,1960,30939958.5040166
South Africa,ZAF,2024,119761291334.041
South Africa,ZAF,2023,123686210464.208
South Africa,ZAF,2022,128016518313.047
South Africa,ZAF,2021,104883607897.811
South Africa,ZAF,2020,78355182004.1248
South Africa,ZAF,2019,103935027605.427
South Africa,ZAF,2018,109373822794.536
South Africa,ZAF,2017,99923782384.0035
South Africa,ZAF,2016,89649913398.7817
South Africa,ZAF,2015,100591042327.088
South Africa,ZAF,2014,116261670807.052
South Africa,ZAF,2013,122253185705.996
South Africa,ZAF,2012,123558580031.425
South Africa,ZAF,2011,123430705322.531
South Africa,ZAF,2010,102766114850.772
South Africa,ZAF,2009,81135290312.0889
South Africa,ZAF,2008,106598986614.936
South Africa,ZAF,2007,97145854047.3063
South Africa,ZAF,2006,84077365459.513
South Africa,ZAF,2005,68831329348.0066
South Africa,ZAF,2004,58544113474.1233
South Africa,ZAF,2003,42967056805.1894
South Africa,ZAF,2002,32316210606.3261
South Africa,ZAF,2001,30897364104.6692
South Africa,ZAF,2000,33107016485.1348
South Africa,ZAF,1999,30286845828.5512
South Africa,ZAF,1998,32916543361.3758
South Africa,ZAF,1997,34878325819.5272
South Africa,ZAF,1996,33339931231.4492
South Africa,ZAF,1995,33385762947.3806
South Africa,ZAF,1994,26964924504.2945
South Africa,ZAF,1993,23232862325.1162
South Africa,ZAF,1992,22581586205.3973
South Africa,ZAF,1991,21011728107.8037
South Africa,ZAF,1990,21016333110.5804
South Africa,ZAF,1989,20522923714.9676
South Africa,ZAF,1988,20846125830.6693
South Africa,ZAF,1987,17453548149.7598
South Africa,ZAF,1986,14231748176.8308
South Africa,ZAF,1985,12921130267.9843
South Africa,ZAF,1984,17732941000.2325
South Africa,ZAF,1983,17786554169.2846
South Africa,ZAF,1982,20405851451.8114
South Africa,ZAF,1981,25138477561.5643
South Africa,ZAF,1980,22027800532.591
South Africa,ZAF,1979,14412907960.9464
South Africa,ZAF,1978,11625352906.3382
South Africa,ZAF,1977,9939452484.86312
South Africa,ZAF,1976,10274102568.5256
South Africa,ZAF,1975,11142543420.7608
South Africa,ZAF,1974,10199020717.4047
South Africa,ZAF,1973,6474445896.6596
South Africa,ZAF,1972,4735113337.01909
South Africa,ZAF,1971,5155078808.2498
South Africa,ZAF,1970,4537398185.04073
South Africa,ZAF,1969,3770198491.9206
South Africa,ZAF,1968,3310998675.60053
South Africa,ZAF,1967,3337598664.96053
South Africa,ZAF,1966,2858798856.48046
South Africa,ZAF,1965,3035198785.92049
South Africa,ZAF,1964,2647398941.04042
South Africa,ZAF,1963,2185399125.84035
South Africa,ZAF,1962,1755599297.76028
South Africa,ZAF,1961,1698199320.72027
South Africa,ZAF,1960,1860599255.7603
South Sudan,SSD,2015,3467364408.19044
South Sudan,SSD,2014,3664089627.11864
South Sudan,SSD,2013,7567840881.35593
South Sudan,SSD,2012,3434803457.62712
South Sudan,SSD,2011,4047444596.85514
South Sudan,SSD,2010,4308920517.1591
South Sudan,SSD,2009,4222409862.32574
South Sudan,SSD,2008,4556634294.45799
Spain,ESP,2024,567649024933.594
Spain,ESP,2023,550315993015.696
Spain,ESP,2022,562067869749.029
Spain,ESP,2021,478813490689.915
Spain,ESP,2020,373587218922.958
Spain,ESP,2019,444777298015.686
Spain,ESP,2018,460052638839.215
Spain,ESP,2017,413273524150.589
Spain,ESP,2016,368077385209.729
Spain,ESP,2015,365267176774.219
Spain,ESP,2014,416556734924.704
Spain,ESP,2013,393853404529.413
Spain,ESP,2012,389373194053.125
Spain,ESP,2011,433230760963.036
Spain,ESP,2010,383637214716.667
Spain,ESP,2009,356955506971.094
Spain,ESP,2008,495421038137.5
Spain,ESP,2007,468185448712.943
Spain,ESP,2006,389916169856.47
Spain,ESP,2005,343612756868.482
Spain,ESP,2004,311226847418.534
Spain,ESP,2003,252597164851.764
Spain,ESP,2002,202315899879.608
Spain,ESP,2001,189199946437.796
Spain,ESP,2000,188597988059.608
Spain,ESP,1999,179579068361.39
Spain,ESP,1998,164461521327.542
Spain,ESP,1997,150448863636.364
Spain,ESP,1996,149160646262.971
Spain,ESP,1995,141040832666.133
Spain,ESP,1994,113185677555.583
Spain,ESP,1993,101028880899.464
Spain,ESP,1992,124858948480.416
Spain,ESP,1991,113803519615.693
Spain,ESP,1990,106698684296.441
Spain,ESP,1989,86193191848.208
Spain,ESP,1988,73014657906.0134
Spain,ESP,1987,59270990432.5563
Spain,ESP,1986,43101197576.3336
Spain,ESP,1985,36161758317.0254
Spain,ESP,1984,34830495756.5721
Spain,ESP,1983,35374945475.6381
Spain,ESP,1982,38319582008.1781
Spain,ESP,1981,38729324202.559
Spain,ESP,1980,40198018101.6477
Spain,ESP,1979,30326926127.9127
Spain,ESP,1978,22235898437.5
Spain,ESP,1977,21074790799.5619
Spain,ESP,1976,20751158915.6926
Spain,ESP,1975,19179240579.7101
Spain,ESP,1974,18006071531.5835
Spain,ESP,1973,11627215876.6419
Spain,ESP,1972,8184827853.99948
Spain,ESP,1971,6004950898.20359
Spain,ESP,1970,5612265272.16544
Sri Lanka,LKA,2024,22277780976.4177
Sri Lanka,LKA,2023,19126705844.0978
Sri Lanka,LKA,2022,18626984758.3948
Sri Lanka,LKA,2021,21525852946.1957
Sri Lanka,LKA,2020,18243032054.4813
Sri Lanka,LKA,2019,24565416647.1167
Sri Lanka,LKA,2018,26788997949.1007
Sri Lanka,LKA,2017,25400652276.1224
Sri Lanka,LKA,2016,23449857136.3479
Sri Lanka,LKA,2015,22995302426.7197
Sri Lanka,LKA,2009,11703149676.6582
Sri Lanka,LKA,2008,15686042402.1272
Sri Lanka,LKA,2007,12775598413.4002
Sri Lanka,LKA,2006,11627135436.7064
Sri Lanka,LKA,2005,10071562189.0547
Sri Lanka,LKA,2004,9122927166.71608
Sri Lanka,LKA,2003,7681620389.55657
Sri Lanka,LKA,2002,6849730984.73761
Sri Lanka,LKA,2001,6861760295.4342
Sri Lanka,LKA,2000,8235000000.0
Sri Lanka,LKA,1999,6798203825.82753
Sri Lanka,LKA,1998,6659095835.26862
Sri Lanka,LKA,1997,6579989218.51161
Sri Lanka,LKA,1996,6101194137.86864
Sri Lanka,LKA,1995,5998536585.36585
Sri Lanka,LKA,1994,5345325779.03683
Sri Lanka,LKA,1993,4481456953.64238
Sri Lanka,LKA,1992,3981473876.34041
Sri Lanka,LKA,1991,3497075175.24776
Sri Lanka,LKA,1990,3057438841.73739
Sri Lanka,LKA,1989,2568294036.06103
Sri Lanka,LKA,1988,2570606727.4442
Sri Lanka,LKA,1987,2385292119.56522
Sri Lanka,LKA,1986,2262919343.3262
Sri Lanka,LKA,1985,2269734904.27099
Sri Lanka,LKA,1984,2099724842.7673
Sri Lanka,LKA,1983,2141138971.52571
Sri Lanka,LKA,1982,2205910619.89428
Sri Lanka,LKA,1981,2054961038.96104
Sri Lanka,LKA,1980,2205444646.098
Sri Lanka,LKA,1979,1539434810.53308
Sri Lanka,LKA,1978,1080845611.78732
Sri Lanka,LKA,1977,1237767756.48253
Sri Lanka,LKA,1976,1126991676.57551
Sri Lanka,LKA,1975,1325392296.71897
Sri Lanka,LKA,1974,1211729323.30827
Sri Lanka,LKA,1973,735000000.0
Sri Lanka,LKA,1972,610385259.631491
Sri Lanka,LKA,1971,630522765.598651
Sri Lanka,LKA,1970,656806722.689076
Sri Lanka,LKA,1969,483865546.218487
Sri Lanka,LKA,1968,424913594.453781
Sri Lanka,LKA,1967,433333333.333333
Sri Lanka,LKA,1966,452731092.436975
Sri Lanka,LKA,1965,432983193.277311
Sri Lanka,LKA,1964,349987424.201681
Sri Lanka,LKA,1963,341092712.773109
Sri Lanka,LKA,1962,418792243.621399
Sri Lanka,LKA,1961,411422958.193277
Sri Lanka,LKA,1960,464026785.714286
Sudan,SDN,2024,633066205.911067
Sudan,SDN,2023,544859101.094636
Sudan,SDN,2022,582633199.485523
Sudan,SDN,2021,642720121.708003
Sudan,SDN,2020,1305725563.16489
Sudan,SDN,2019,5713051071.07438
Sudan,SDN,2018,4597125307.12531
Sudan,SDN,2017,4838128571.42857
Sudan,SDN,2016,4381200000.0
Sudan,SDN,2015,6184121212.12121
Sudan,SDN,2014,6554134831.46067
Sudan,SDN,2013,7465369863.0137
Sudan,SDN,2012,5644833333.33333
Sudan,SDN,2011,8271289473.68421
Sudan,SDN,2010,8993448275.86207
Sudan,SDN,2009,9408802692.30769
Sudan,SDN,2008,10681682385.5364
Sudan,SDN,2007,10403689995.5359
Sudan,SDN,2006,9554139448.9515
Sudan,SDN,2005,7533593042.53019
Sudan,SDN,2004,4298519416.06405
Sudan,SDN,2003,3029824387.2982
Sudan,SDN,2002,2578370320.74493
Sudan,SDN,2001,1686810041.35645
Sudan,SDN,2000,1644890003.79197
Sudan,SDN,1999,1808997332.80961
Sudan,SDN,1998,1707000780.3711
Sudan,SDN,1997,1461894484.06244
Sudan,SDN,1996,1250799493.44096
Sudan,SDN,1995,1355784559.12986
Sudan,SDN,1994,1269090394.29023
Sudan,SDN,1993,642630277.313984
Sudan,SDN,1992,1014351938.96577
Sudan,SDN,1991,5184280865.53241
Sudan,SDN,1990,2377777777.77778
Sudan,SDN,1989,2000000000.0
Sudan,SDN,1988,1106666666.66667
Sudan,SDN,1987,1346666666.66667
Sudan,SDN,1986,828000000.0
Sudan,SDN,1985,959190981.035331
Sudan,SDN,1984,1723076923.07692
Sudan,SDN,1983,1746153846.15385
Sudan,SDN,1982,2131681194.76678
Sudan,SDN,1981,2540894387.44028
Sudan,SDN,1980,2080000000.0
Sudan,SDN,1979,1629436897.00063
Sudan,SDN,1978,1236714091.74075
Sudan,SDN,1977,1246962411.38835
Sudan,SDN,1976,1151062611.00248
Sudan,SDN,1975,1095060313.31149
Sudan,SDN,1974,820505458.990538
Sudan,SDN,1973,523836876.863403
Sudan,SDN,1972,413842620.372897
Sudan,SDN,1971,393164848.917762
Sudan,SDN,1970,344629524.252239
Sudan,SDN,1969,284606548.778307
Sudan,SDN,1968,282596209.886836
Sudan,SDN,1967,249856405.082873
Sudan,SDN,1966,207064905.821553
Sudan,SDN,1965,217690982.819331
Sudan,SDN,1964,248994831.272242
Sudan,SDN,1963,243825388.408459
Sudan,SDN,1962,199885124.066298
Sudan,SDN,1961,175473866.098432
Sudan,SDN,1960,146467547.807201
Suriname,SUR,2010,1678069306.04713
Suriname,SUR,2009,1697267759.56284
Suriname,SUR,2008,1846265938.06922
Suriname,SUR,2007,1387613843.35155
Suriname,SUR,2006,1192914677.26063
Sweden,SWE,2024,311357134625.221
Sweden,SWE,2023,303529221657.175
Sweden,SWE,2022,303635821942.883
Sweden,SWE,2021,275582535325.044
Sweden,SWE,2020,218725234276.466
Sweden,SWE,2019,236048697363.414
Sweden,SWE,2018,244417315963.862
Sweden,SWE,2017,225583506106.515
Sweden,SWE,2016,207862500839.466
Sweden,SWE,2015,202956408286.305
Sweden,SWE,2014,233195472529.747
Sweden,SWE,2013,227247994886.888
Sweden,SWE,2012,222449369429.518
Sweden,SWE,2011,233787459645.812
Sweden,SWE,2010,198157087922.818
Sweden,SWE,2009,167206485667.25
Sweden,SWE,2008,225371485791.446
Sweden,SWE,2007,204952210451.559
Sweden,SWE,2006,172103900680.383
Sweden,SWE,2005,152117327481.233
Sweden,SWE,2004,138501544448.829
Sweden,SWE,2003,116899076215.327
Sweden,SWE,2002,96049747871.5429
Sweden,SWE,2001,91348132944.787
Sweden,SWE,2000,100499443365.131
Sweden,SWE,1999,95109169248.6445
Sweden,SWE,1998,92655630888.4388
Sweden,SWE,1997,87887333167.4285
Sweden,SWE,1996,88694154488.5177
Sweden,SWE,1995,83696886434.0488
Sweden,SWE,1994,68924572317.2628
Sweden,SWE,1993,58755042783.3595
Sweden,SWE,1992,70211547443.2501
Sweden,SWE,1991,68211777594.0471
Sweden,SWE,1990,72704404946.9487
Sweden,SWE,1989,63887689897.4701
Sweden,SWE,1988,58782877823.4756
Sweden,SWE,1987,52071738849.284
Sweden,SWE,1986,41574831686.2261
Sweden,SWE,1985,35584567928.4975
Sweden,SWE,1984,33130075920.5977
Sweden,SWE,1983,32645095929.3605
Sweden,SWE,1982,34770640976.6657
Sweden,SWE,1981,36020657858.356
Sweden,SWE,1980,40613126300.3594
Sweden,SWE,1979,34937462153.9036
Sweden,SWE,1978,25608957618.6788
Sweden,SWE,1977,24746102061.7637
Sweden,SWE,1976,23627331205.9506
Sweden,SWE,1975,21182621020.1821
Sweden,SWE,1974,19623805919.7189
Sweden,SWE,1973,13198116685.3662
Sweden,SWE,1972,10009365236.0155
Sweden,SWE,1971,8687795704.16903
Sweden,SWE,1970,8470278357.68963
Sweden,SWE,1969,7096025480.92429
Sweden,SWE,1968,6121510458.40059
Sweden,SWE,1967,5610432437.90562
Sweden,SWE,1966,5401663226.92496
Sweden,SWE,1965,5103033950.90536
Sweden,SWE,1964,4503064316.26761
Sweden,SWE,1963,3969327637.65956
Sweden,SWE,1962,3645522311.10757
Sweden,SWE,1961,3408478200.03038
Sweden,SWE,1960,3384851091.02113
Switzerland,CHE,2024,580072309988.652
Switzerland,CHE,2023,554425714253.915
Switzerland,CHE,2022,516665880141.281
Switzerland,CHE,2021,480192967996.973
Switzerland,CHE,2020,428062579952.246
Switzerland,CHE,2019,412350588412.87
Switzerland,CHE,2018,413213693521.722
Switzerland,CHE,2017,398164579098.364
Switzerland,CHE,2016,390368282229.566
Switzerland,CHE,2015,370031118266.24
Switzerland,CHE,2014,398696001148.514
Switzerland,CHE,2013,435220774562.403
Switzerland,CHE,2012,402767274887.921
Switzerland,CHE,2011,423135338258.475
Switzerland,CHE,2010,330730423611.239
Switzerland,CHE,2009,286895607021.413
Switzerland,CHE,2008,304331677592.097
Switzerland,CHE,2007,254100847217.594
Switzerland,CHE,2006,219209651459.563
Switzerland,CHE,2005,202479147124.96
Switzerland,CHE,2004,178598603940.491
Switzerland,CHE,2003,154297493131.358
Switzerland,CHE,2002,133686909405.877
Switzerland,CHE,2001,131361304811.567
Switzerland,CHE,2000,129833035883.468
Switzerland,CHE,1999,128192899081.347
Switzerland,CHE,1998,128123228721.203
Switzerland,CHE,1997,123738813477.572
Switzerland,CHE,1996,128303188511.327
Switzerland,CHE,1995,127841108668.076
Switzerland,CHE,1994,108768565474.885
Switzerland,CHE,1993,100338629534.38
Switzerland,CHE,1992,106791215332.101
Switzerland,CHE,1991,103277820781.032
Switzerland,CHE,1990,109363359487.475
Switzerland,CHE,1989,90759218778.654
Switzerland,CHE,1988,88624908767.8535
Switzerland,CHE,1987,79510329935.6223
Switzerland,CHE,1986,68619330146.2005
Switzerland,CHE,1985,50189738716.373
Switzerland,CHE,1984,48699438226.1565
Switzerland,CHE,1983,50567866228.3836
Switzerland,CHE,1982,50418601191.9421
Switzerland,CHE,1981,53574921087.4656
Switzerland,CHE,1980,59517921465.6561
Switzerland,CHE,1979,49698923437.7819
Switzerland,CHE,1978,40275430648.7696
Switzerland,CHE,1977,30058298314.9574
Switzerland,CHE,1976,25019703152.5044
Switzerland,CHE,1975,22549158176.1128
Switzerland,CHE,1974,23743887825.9994
Switzerland,CHE,1973,19142926883.2154
Switzerland,CHE,1972,14016005288.9273
Switzerland,CHE,1971,11834333196.2554
Switzerland,CHE,1970,10390914475.1887
Syrian Arab Republic,SYR,2022,6803218572.23967
Syrian Arab Republic,SYR,2021,6560493569.8734
Syrian Arab Republic,SYR,2020,3750745659.88589
Syrian Arab Republic,SYR,2019,6546690316.91197
Syrian Arab Republic,SYR,2018,7683752902.37253
Syrian Arab Republic,SYR,2017,6828054267.67633
Syrian Arab Republic,SYR,2016,5723436972.82645
Syrian Arab Republic,SYR,2015,6058999271.89207
Syrian Arab Republic,SYR,2014,10159432248.8545
Syrian Arab Republic,SYR,2013,7888121084.9129
Syrian Arab Republic,SYR,2012,11943881866.1254
Syrian Arab Republic,SYR,2011,21157918969.505
Syrian Arab Republic,SYR,2010,19548915138.8015
Syrian Arab Republic,SYR,2009,16712093142.8415
Syrian Arab Republic,SYR,2008,19270827060.2986
Syrian Arab Republic,SYR,2007,15289807769.3232
Syrian Arab Republic,SYR,2006,11878533724.3402
Syrian Arab Republic,SYR,2005,11281149425.2874
Syrian Arab Republic,SYR,2004,9449227722.77228
Syrian Arab Republic,SYR,2003,6404206462.1012
Syrian Arab Republic,SYR,2002,6591622610.81741
Syrian Arab Republic,SYR,2001,6168564305.00727
Syrian Arab Republic,SYR,2000,5523717814.52795
Syrian Arab Republic,SYR,1999,5078313953.48837
Syrian Arab Republic,SYR,1998,4696403846.15385
Syrian Arab Republic,SYR,1997,4903093385.21401
Syrian Arab Republic,SYR,1996,5252195608.78244
Syrian Arab Republic,SYR,1995,4323552894.21158
Syrian Arab Republic,SYR,1994,4594640000.0
Syrian Arab Republic,SYR,1993,5602184892.49205
Syrian Arab Republic,SYR,1992,4987517653.79752
Syrian Arab Republic,SYR,1991,4163791666.66667
Syrian Arab Republic,SYR,1990,3440367130.29207
Syrian Arab Republic,SYR,1989,2965896086.51434
Syrian Arab Republic,SYR,1988,2749847766.03082
Syrian Arab Republic,SYR,1987,3286057264.80526
Syrian Arab Republic,SYR,1986,2957326806.42758
Syrian Arab Republic,SYR,1985,4173565121.4128
Syrian Arab Republic,SYR,1984,4200952491.57858
Syrian Arab Republic,SYR,1983,4691609868.48421
Syrian Arab Republic,SYR,1982,4063358923.3248
Syrian Arab Republic,SYR,1981,5116427206.45481
Syrian Arab Republic,SYR,1980,4628789808.9172
Syrian Arab Republic,SYR,1979,3575286624.20382
Syrian Arab Republic,SYR,1978,2896334478.80871
Syrian Arab Republic,SYR,1977,3129344729.34473
Syrian Arab Republic,SYR,1976,2617783266.44026
Syrian Arab Republic,SYR,1975,2318859794.49785
Syrian Arab Republic,SYR,1974,1741126668.83751
Syrian Arab Republic,SYR,1973,834756898.817346
Syrian Arab Republic,SYR,1972,725132625.994695
Syrian Arab Republic,SYR,1971,578539107.950873
Syrian Arab Republic,SYR,1970,450739691.532893
Syrian Arab Republic,SYR,1969,486948413.477265
Syrian Arab Republic,SYR,1968,359837643.255951
Syrian Arab Republic,SYR,1967,302663381.088825
Syrian Arab Republic,SYR,1966,308588670.212766
Syrian Arab Republic,SYR,1965,250835033.323674
Syrian Arab Republic,SYR,1964,257291282.722513
Syrian Arab Republic,SYR,1963,254143979.057592
Syrian Arab Republic,SYR,1962,239475799.457995
Syrian Arab Republic,SYR,1961,211572011.173184
Syrian Arab Republic,SYR,1960,238438296.089385
Tajikistan,TJK,2023,5931426226.59821
Tajikistan,TJK,2022,5258453958.4764
Tajikistan,TJK,2021,4258328654.10718
Tajikistan,TJK,2020,3125458368.20242
Tajikistan,TJK,2019,3408735466.32569
Tajikistan,TJK,2018,3220194647.33488
Tajikistan,TJK,2017,2928462636.65032
Tajikistan,TJK,2016,2973477077.59702
Tajikistan,TJK,2015,3319748757.00072
Tajikistan,TJK,2014,4140500777.00211
Tajikistan,TJK,2013,5124434510.23491
Tajikistan,TJK,2012,5030069392.20399
Tajikistan,TJK,2011,4131289365.30285
Tajikistan,TJK,2010,3303747207.96023
Tajikistan,TJK,2009,3062730947.9693
Tajikistan,TJK,2008,4153058027.0934
Tajikistan,TJK,2007,3707207849.68292
Tajikistan,TJK,2006,2349012008.2173
Tajikistan,TJK,2005,1682299786.91297
Tajikistan,TJK,2004,1444870708.98311
Tajikistan,TJK,2003,1146873275.89276
Tajikistan,TJK,2002,926511133.87091
Tajikistan,TJK,2001,848582239.548907
Tajikistan,TJK,2000,762432269.717038
Tajikistan,TJK,1999,733564282.205734
Tajikistan,TJK,1998,766135522.291968
Tajikistan,TJK,1997,867813199.652163
Tajikistan,TJK,1996,835600000.0
Tajikistan,TJK,1995,885897028.724681
Tajikistan,TJK,1994,735194394.213382
Tajikistan,TJK,1993,685677689.799721
Tanzania,TZA,2024,17095546885.1206
Tanzania,TZA,2023,16609619513.2758
Tanzania,TZA,2022,14839056922.7483
Tanzania,TZA,2021,11160170702.5619
Tanzania,TZA,2020,9552972185.14485
Tanzania,TZA,2019,10363463865.7749
Tanzania,TZA,2018,10205640647.7767
Tanzania,TZA,2017,9295988100.5033
Tanzania,TZA,2016,9492226418.45576
Tanzania,TZA,2015,11214705082.1591
Tanzania,TZA,2014,13639784607.7511
Tanzania,TZA,2013,13520661955.646
Tanzania,TZA,2012,12686872211.5783
Tanzania,TZA,2011,11967748809.7592
Tanzania,TZA,2010,8974145682.29473
Tanzania,TZA,2009,7449615764.30972
Tanzania,TZA,2008,8261916291.39285
Tanzania,TZA,2007,6170713086.49057
Tanzania,TZA,2006,4534527044.65491
Tanzania,TZA,2005,3674644588.6155
Tanzania,TZA,2004,2928490610.47698
Tanzania,TZA,2003,2335832405.26377
Tanzania,TZA,2002,1867597427.84849
Tanzania,TZA,2001,1925151109.71266
Tanzania,TZA,2000,1761905477.50664
Tanzania,TZA,1999,1887255246.8996
Tanzania,TZA,1998,1952293754.23766
Tanzania,TZA,1997,1973944757.78949
Tanzania,TZA,1996,2075112790.70129
Tanzania,TZA,1995,2181321247.37001
Tanzania,TZA,1994,1967855656.31203
Tanzania,TZA,1993,2031247909.97889
Tanzania,TZA,1992,1810820836.86656
Tanzania,TZA,1991,1667354018.86946
Tanzania,TZA,1990,1595096446.11294
Thailand,THA,2024,351173464105.526
Thailand,THA,2023,326979087436.138
Thailand,THA,2022,334490522340.808
Thailand,THA,2021,297103648539.909
Thailand,THA,2020,231745471360.936
Thailand,THA,2019,272916501194.971
Thailand,THA,2018,283801450351.972
Thailand,THA,2017,247430252336.997
Thailand,THA,2016,221168950937.551
Thailand,THA,2015,229553374316.892
Thailand,THA,2014,254633174992.002
Thailand,THA,2013,274440605888.824
Thailand,THA,2012,273216802240.91
Thailand,THA,2011,255199302709.361
Thailand,THA,2010,207270092301.876
Thailand,THA,2009,154464210141.501
Thailand,THA,2008,201114263639.019
Thailand,THA,2007,160397501826.646
Thailand,THA,2006,145055658781.115
Thailand,THA,2005,131483811713.189
Thailand,THA,2004,106227137281.538
Thailand,THA,2003,84013623652.3529
Thailand,THA,2002,72957610440.3709
Thailand,THA,2001,68589774463.8424
Thailand,THA,2000,71358148622.7383
Thailand,THA,1999,56073604731.5816
Thailand,THA,1998,48088381967.5567
Thailand,THA,1997,70306578166.1425
Thailand,THA,1996,82833928830.6609
Thailand,THA,1995,81632776746.1888
Thailand,THA,1994,63084056780.7048
Thailand,THA,1993,52752864173.1502
Thailand,THA,1992,45675754074.9401
Thailand,THA,1991,41756458834.2697
Thailand,THA,1990,35545811132.9004
Thailand,THA,1989,27083485882.797
Thailand,THA,1988,21214461459.8046
Thailand,THA,1987,14318700035.5638
Thailand,THA,1986,10157503647.5884
Thailand,THA,1985,10091466561.2033
Thailand,THA,1984,10937559289.3364
Thailand,THA,1983,10920988398.4933
Thailand,THA,1982,9012215416.65268
Thailand,THA,1981,10496074713.0569
Thailand,THA,1980,9824991784.42567
Thailand,THA,1979,8019027044.30828
Thailand,THA,1978,5788768870.8107
Thailand,THA,1977,5019533479.80645
Thailand,THA,1976,3856500136.29833
Thailand,THA,1975,3419308121.40514
Thailand,THA,1974,3282633712.33019
Thailand,THA,1973,2172743953.62002
Thailand,THA,1972,1568843966.51562
Thailand,THA,1971,1387451923.07692
Thailand,THA,1970,1373509615.38462
Thailand,THA,1969,1343125000.0
Thailand,THA,1968,1257644230.76923
Thailand,THA,1967,1139615384.61538
Thailand,THA,1966,947403846.153846
Thailand,THA,1965,792692307.692308
Thailand,THA,1964,730192307.692308
Thailand,THA,1963,650552088.334134
Thailand,THA,1962,584003831.417625
Thailand,THA,1961,519126772.92335
Thailand,THA,1960,480790702.421808
Timor-Leste,TLS,2024,1583732768.09534
Timor-Leste,TLS,2023,1380581842.40055
Timor-Leste,TLS,2022,1347906339.281
Timor-Leste,TLS,2021,1317595267.40863
Timor-Leste,TLS,2020,1039875899.69784
Timor-Leste,TLS,2019,1004078365.93679
Timor-Leste,TLS,2018,962964808.368717
Timor-Leste,TLS,2017,891109643.276498
Timor-Leste,TLS,2016,937594402.959545
Timor-Leste,TLS,2015,906884210.63221
Timor-Leste,TLS,2014,1131451121.66212
Timor-Leste,TLS,2013,1033529585.74074
Timor-Leste,TLS,2012,1408654560.8655
Timor-Leste,TLS,2011,1400755271.0363
Timor-Leste,TLS,2010,1109758398.5244
Timor-Leste,TLS,2009,1079648922.66045
Timor-Leste,TLS,2008,816519379.129146
Timor-Leste,TLS,2007,644645219.778181
Timor-Leste,TLS,2006,406808581.867505
Timor-Leste,TLS,2005,312191738.238756
Timor-Leste,TLS,2004,440139018.73012
Timor-Leste,TLS,2003,566191812.529832
Timor-Leste,TLS,2002,810276921.278039
Timor-Leste,TLS,2001,753136314.71296
Timor-Leste,TLS,2000,605536586.78
Togo,TGO,2022,3161651829.76449
Togo,TGO,2021,2839529120.72898
Togo,TGO,2020,2395207645.81481
Togo,TGO,2019,2268030418.46902
Togo,TGO,2018,2336770684.74528
Togo,TGO,2017,2101895827.44022
Togo,TGO,2016,2411075703.35796
Togo,TGO,2015,2441321788.5956
Togo,TGO,2014,2670919336.02282
Togo,TGO,2013,2892638363.29626
Togo,TGO,2012,2312882853.68421
Togo,TGO,2011,2507209432.16076
Togo,TGO,2010,1854510188.31742
Togo,TGO,2009,1716360383.80235
Togo,TGO,2008,1693309261.3774
Togo,TGO,2007,1396901168.58838
Togo,TGO,2006,1214295355.24794
Togo,TGO,2005,1168639790.35644
Togo,TGO,2004,1094601312.76858
Togo,TGO,2003,960946955.988041
Togo,TGO,2002,727191364.191763
Togo,TGO,2001,646569239.534729
Togo,TGO,2000,603640477.414688
Togo,TGO,1999,640566113.610875
Togo,TGO,1998,732267659.843892
Togo,TGO,1997,650425458.850358
Togo,TGO,1996,713174632.168202
Togo,TGO,1995,607330076.60531
Togo,TGO,1994,440495843.17637
Togo,TGO,1993,439633299.49753
Togo,TGO,1992,685717467.689904
Togo,TGO,1991,773548331.990692
Togo,TGO,1990,770924274.419944
Togo,TGO,1989,939823754.989521
Togo,TGO,1988,992268270.776533
Togo,TGO,1987,895615927.938245
Togo,TGO,1986,834337849.310822
Togo,TGO,1985,615157677.80083
Togo,TGO,1984,527122811.629106
Togo,TGO,1983,562466530.247267
Togo,TGO,1982,764523143.85813
Togo,TGO,1981,757473026.429517
Togo,TGO,1980,985520656.449698
Togo,TGO,1979,769349353.853245
Togo,TGO,1978,759576051.435137
Togo,TGO,1977,498214852.317033
Togo,TGO,1976,365145882.016883
Togo,TGO,1975,398858807.649936
Togo,TGO,1974,194986227.462776
Togo,TGO,1973,156842536.553243
Togo,TGO,1972,145568281.936805
Togo,TGO,1971,136365017.708664
Togo,TGO,1970,109497686.062803
Togo,TGO,1969,101041776.704186
Togo,TGO,1968,82142880.9917459
Togo,TGO,1967,74628174.8649267
Togo,TGO,1966,78749869.0981985
Togo,TGO,1965,71750918.8755479
Togo,TGO,1964,72692943.2001308
Togo,TGO,1963,53698470.4012672
Tonga,TON,2023,383530877.162157
Tonga,TON,2022,330368566.513221
Tonga,TON,2021,298418016.457856
Tonga,TON,2020,314805680.146285
Tonga,TON,2019,333029713.86601
Tonga,TON,2018,320264689.760917
Tonga,TON,2017,302974603.111247
Tonga,TON,2016,266264808.569257
Tonga,TON,2015,281906833.573823
Tonga,TON,2014,254911634.435476
Tonga,TON,2013,282042285.812503
Tonga,TON,2012,286989094.547746
Tonga,TON,2011,259274520.388831
Tonga,TON,2010,213884717.054591
Tonga,TON,2009,189696830.509499
Tonga,TON,2008,195181759.257895
Tonga,TON,2007,167200821.3052
Tonga,TON,2006,151361385.029693
Tonga,TON,2005,152816631.454582
Tonga,TON,2004,125510008.051022
Tonga,TON,2003,108865754.742419
Tonga,TON,2002,101582397.961641
Tonga,TON,2001,88819418.7912612
Tonga,TON,2000,94832741.446725
Tonga,TON,1999,89693551.7805436
Tonga,TON,1998,112420375.335121
Tonga,TON,1997,109624139.295607
Tonga,TON,1996,128182644.695186
Tonga,TON,1995,113125501.61303
Tonga,TON,1994,89714588.698682
Tonga,TON,1993,65851156.0693642
Tonga,TON,1992,67147205.1072675
Tonga,TON,1991,80059386.0866883
Tonga,TON,1990,73924988.4241395
Tonga,TON,1989,66790623.7584426
Tonga,TON,1988,71192856.532513
Tonga,TON,1987,52761517.9946786
Tonga,TON,1986,47652406.4171123
Tonga,TON,1985,43380822.6831483
Tonga,TON,1984,40447564.721369
Tonga,TON,1983,42100000.0
Tonga,TON,1982,40111573.1818643
Tonga,TON,1981,41854746.0353942
Tonga,TON,1980,36066955.1355044
Tonga,TON,1979,31178962.6648782
Tonga,TON,1978,28212887.7188966
Tonga,TON,1977,19519960.0798403
Tonga,TON,1976,17009776.3656361
Tonga,TON,1975,23020683.3355151
Tunisia,TUN,2024,28898464567.6502
Tunisia,TUN,2023,28484270163.1947
Tunisia,TUN,2022,29101043948.9625
Tunisia,TUN,2021,24408983895.6767
Tunisia,TUN,2020,19691340860.5874
Tunisia,TUN,2019,23627358334.6425
Tunisia,TUN,2018,24922974973.8087
Tunisia,TUN,2017,22805583971.3982
Tunisia,TUN,2016,21646548260.6645
Tunisia,TUN,2015,22362683999.2353
Tunisia,TUN,2014,26724314135.5089
Tunisia,TUN,2013,26321908980.2285
Tunisia,TUN,2012,26323059148.776
Tunisia,TUN,2011,26011487992.1124
Tunisia,TUN,2010,24115551348.3303
Tunisia,TUN,2009,20848790061.2838
Tunisia,TUN,2008,26328377735.6831
Tunisia,TUN,2007,20617813288.714
Tunisia,TUN,2006,16470689881.858
Tunisia,TUN,2005,14625418037.0008
Tunisia,TUN,2004,13947699939.059
Tunisia,TUN,2003,11779584588.7099
Tunisia,TUN,2002,10311289109.8399
Tunisia,TUN,2001,10312550175.0523
Tunisia,TUN,2000,9214092536.34867
Tunisia,TUN,1999,9160319500.93785
Tunisia,TUN,1998,9039408109.94753
Tunisia,TUN,1997,8586157257.20404
Tunisia,TUN,1996,8542152930.73408
Tunisia,TUN,1995,8800888230.94004
Tunisia,TUN,1994,7483930665.09549
Tunisia,TUN,1993,7006979980.91143
Tunisia,TUN,1992,7200545434.19343
Tunisia,TUN,1991,5925543478.26087
Tunisia,TUN,1990,6219545454.54545
Tunisia,TUN,1989,4814704404.51649
Tunisia,TUN,1988,4205855883.16212
Tunisia,TUN,1987,3472947957.06814
Tunisia,TUN,1986,3363856987.59113
Tunisia,TUN,1985,3207085474.34619
Tunisia,TUN,1984,3659087603.12706
Tunisia,TUN,1983,3567350799.317
Tunisia,TUN,1982,3858557916.45999
Tunisia,TUN,1981,4200654510.69655
Tunisia,TUN,1980,3987404297.35737
Tunisia,TUN,1979,3017010200.21552
Tunisia,TUN,1978,2312030391.35355
Tunisia,TUN,1977,1942191142.19114
Tunisia,TUN,1976,1533438283.48201
Tunisia,TUN,1975,1424924241.85926
Tunisia,TUN,1974,1142018015.70647
Tunisia,TUN,1973,721306653.763318
Tunisia,TUN,1972,553572439.17725
Tunisia,TUN,1971,411728821.20872
Tunisia,TUN,1970,356190476.190476
Tunisia,TUN,1969,163428571.428571
Tunisia,TUN,1968,131809523.809524
Tunisia,TUN,1967,157714285.714286
Tunisia,TUN,1966,140380952.380952
Tunisia,TUN,1965,142666666.666667
Turkiye,TUR,2024,367379077168.558
Turkiye,TUR,2023,385393330658.642
Turkiye,TUR,2022,386711092836.606
Turkiye,TUR,2021,290243026942.939
Turkiye,TUR,2020,232192230750.627
Turkiye,TUR,2019,229253569685.603
Turkiye,TUR,2018,245157569262.505
Turkiye,TUR,2017,255673681716.1
Turkiye,TUR,2016,219776888913.906
Turkiye,TUR,2015,230161663398.908
Turkiye,TUR,2014,268468454797.76
Turkiye,TUR,2013,275806251707.141
Turkiye,TUR,2012,251096117262.741
Turkiye,TUR,2011,254618813878.582
Turkiye,TUR,2010,198401861131.757
Turkiye,TUR,2009,152234991548.169
Turkiye,TUR,2008,208120647288.329
Turkiye,TUR,2007,177062270987.489
Turkiye,TUR,2006,147024766163.115
Turkiye,TUR,2005,122961373357.656
Turkiye,TUR,2004,103109391408.29
Turkiye,TUR,2003,73087556674.8951
Turkiye,TUR,2002,54987639146.3523
Turkiye,TUR,2001,45792581438.4606
Turkiye,TUR,2000,61657012662.763
Turkiye,TUR,1999,48346453175.0334
Turkiye,TUR,1998,54441094414.0163
Turkiye,TUR,1997,56251261317.6176
Turkiye,TUR,1996,50297738468.1531
Turkiye,TUR,1995,41468208092.4855
Turkiye,TUR,1994,26631422878.1789
Turkiye,TUR,1993,34898334091.9436
Turkiye,TUR,1992,27596929569.2666
Turkiye,TUR,1991,25124448705.6568
Turkiye,TUR,1990,26482062092.7558
Turkiye,TUR,1989,19048020735.1555
Turkiye,TUR,1988,15951195499.2968
Turkiye,TUR,1987,15482730455.0758
Turkiye,TUR,1986,12184888888.8889
Turkiye,TUR,1985,12751532567.0498
Turkiye,TUR,1984,11791825613.079
Turkiye,TUR,1983,10233333333.3333
Turkiye,TUR,1982,9666257668.71166
Turkiye,TUR,1981,9185585585.58559
Turkiye,TUR,1980,8209210526.31579
Turkiye,TUR,1979,5270967741.93548
Turkiye,TUR,1978,4804166666.66667
Turkiye,TUR,1977,6283333333.33333
Turkiye,TUR,1976,5487500000.0
Turkiye,TUR,1975,5171428571.42857
Turkiye,TUR,1974,3992857142.85714
Turkiye,TUR,1973,2364285714.28571
Turkiye,TUR,1972,1764285714.28571
Turkiye,TUR,1971,1333333333.33333
Turkiye,TUR,1970,1136363636.36364
Turkiye,TUR,1969,922222222.222222
Turkiye,TUR,1968,888888888.888889
Turkiye,TUR,1967,777777777.777778
Turkiye,TUR,1966,800000000.0
Turkiye,TUR,1965,644444444.444444
Turkiye,TUR,1964,611111111.111111
Turkiye,TUR,1963,722222222.222222
Turkiye,TUR,1962,711111111.111111
Turkiye,TUR,1961,544444444.444444
Turkiye,TUR,1960,277777777.777778
Turkmenistan,TKM,2024,5735835360.68585
Turkmenistan,TKM,2023,5725230206.32391
Turkmenistan,TKM,2022,5269577516.72563
Turkmenistan,TKM,2021,5072752618.08236
Turkmenistan,TKM,2020,7520617143.86599
Turkmenistan,TKM,2019,7979249244.12059
Turkmenistan,TKM,2018,8560857142.85714
Turkmenistan,TKM,2017,11797714285.7143
Turkmenistan,TKM,2016,14430000000.0
Turkmenistan,TKM,2015,16333428571.4286
Turkmenistan,TKM,2014,19287017543.8596
Turkmenistan,TKM,2013,19110175438.5965
Turkmenistan,TKM,2012,17758245614.0351
Turkmenistan,TKM,2011,14986666666.6667
Turkmenistan,TKM,2010,11508070175.4386
Turkmenistan,TKM,2009,11697894736.8421
Turkmenistan,TKM,2008,7197896377.09388
Turkmenistan,TKM,2007,2469512195.12195
Turkmenistan,TKM,2006,1781062355.6582
Turkmenistan,TKM,2005,1887023593.46642
Turkmenistan,TKM,2004,2025937934.22881
Turkmenistan,TKM,2003,1828801996.33736
Turkmenistan,TKM,2002,1262466237.65828
Turkmenistan,TKM,2001,1431359919.37326
Turkmenistan,TKM,2000,1404226471.42079
Turkmenistan,TKM,1999,1342892019.99553
Turkmenistan,TKM,1998,1735264218.18155
Turkmenistan,TKM,1997,1584677699.4935
Turkmenistan,TKM,1996,1853898096.99202
Turkmenistan,TKM,1995,2090200051.4891
Turkmenistan,TKM,1994,2184704662.42994
Turkmenistan,TKM,1993,1951162671.7365
Turkmenistan,TKM,1992,1222206142.25795
Turkmenistan,TKM,1991,869992927.1904
Uganda,UGA,2024,13960593896.0233
Uganda,UGA,2023,10602364862.0753
Uganda,UGA,2022,10244593520.7124
Uganda,UGA,2021,10510437145.8077
Uganda,UGA,2020,8116375576.57251
Uganda,UGA,2019,7866761701.98036
Uganda,UGA,2018,7096219371.83998
Uganda,UGA,2017,6202981526.4862
Uganda,UGA,2016,5485150866.21313
Uganda,UGA,2015,8035899288.30501
Uganda,UGA,2014,6870189626.66218
Uganda,UGA,2013,7690477050.19956
Uganda,UGA,2012,7648498555.70534
Uganda,UGA,2011,7497355182.83452
Uganda,UGA,2010,6520260385.21198
Uganda,UGA,2009,7148939023.82281
Uganda,UGA,2008,4617770608.21011
Uganda,UGA,2007,3577000117.79664
Uganda,UGA,2006,2829448599.08158
Uganda,UGA,2005,2292674584.30268
Uganda,UGA,2004,1807281865.89931
Uganda,UGA,2003,1664868876.21792
Uganda,UGA,2002,1548626997.46546
Uganda,UGA,2001,1390734598.68552
Uganda,UGA,2000,1368560402.24846
Uganda,UGA,1999,1426046616.95701
Uganda,UGA,1998,1343623399.24455
Uganda,UGA,1997,1303961976.51791
Uganda,UGA,1996,1415906250.06171
Uganda,UGA,1995,1199003459.97198
Uganda,UGA,1994,762125448.533135
Uganda,UGA,1993,682002410.011884
Uganda,UGA,1992,694106643.584711
Uganda,UGA,1991,728713354.57086
Uganda,UGA,1990,833711479.378822
Uganda,UGA,1989,954685691.900468
Uganda,UGA,1988,1157116666.66667
Uganda,UGA,1987,1131228161.99187
Uganda,UGA,1986,597834914.461884
Uganda,UGA,1985,528247560.866602
Uganda,UGA,1984,517947171.112164
Uganda,UGA,1983,305666666.666667
Uganda,UGA,1982,381500000.0
Uganda,UGA,1981,295000000.0
Uganda,UGA,1980,324000000.0
Uganda,UGA,1979,375000000.0
Uganda,UGA,1978,456521739.130435
Uganda,UGA,1977,229000000.0
Uganda,UGA,1976,235100000.0
Uganda,UGA,1975,257555555.555556
Uganda,UGA,1974,315796977.473624
Uganda,UGA,1973,223858656.848059
Uganda,UGA,1972,250174996.50007
Uganda,UGA,1971,339493210.135797
Uganda,UGA,1970,253394932.101358
Uganda,UGA,1969,237715245.695086
Uganda,UGA,1968,234635307.293854
Uganda,UGA,1967,235895282.094358
Uganda,UGA,1966,234355312.893742
Uganda,UGA,1965,215455690.886182
Uganda,UGA,1964,136093399.142999
Uganda,UGA,1963,123298893.696991
Uganda,UGA,1962,96334174.630481
Uganda,UGA,1961,95593892.6402431
Uganda,UGA,1960,92315051.5871643
Ukraine,UKR,2024,92209661949.5432
Ukraine,UKR,2023,89177561166.1766
Ukraine,UKR,2022,84155821685.1726
Ukraine,UKR,2021,83920880266.57
Ukraine,UKR,2020,63171454470.3735
Ukraine,UKR,2019,75832862621.1614
Ukraine,UKR,2018,70634825281.8368
Ukraine,UKR,2017,62669875998.4639
Ukraine,UKR,2016,52487083453.2553
Ukraine,UKR,2015,50257229465.9326
Ukraine,UKR,2014,69553942785.7735
Ukraine,UKR,2013,97353058926.5607
Ukraine,UKR,2012,100863605926.095
Ukraine,UKR,2011,93809110765.7385
Ukraine,UKR,2010,69578265846.0144
Ukraine,UKR,2009,54148248545.8027
Ukraine,UKR,2008,95770805895.5567
Ukraine,UKR,2007,69542970297.0297
Ukraine,UKR,2006,51424950495.0495
Ukraine,UKR,2005,41868945655.4678
Ukraine,UKR,2004,34473773265.6514
Ukraine,UKR,2003,26029649587.6001
Ukraine,UKR,2002,20165301668.5049
Ukraine,UKR,2001,19370637180.9907
Ukraine,UKR,2000,17948312140.3072
Ukraine,UKR,1999,15237000519.557
Ukraine,UKR,1998,18496110211.6232
Ukraine,UKR,1997,21891238831.1924
Ukraine,UKR,1996,21479456607.3544
Ukraine,UKR,1995,24182357363.1338
Ukraine,UKR,1994,20260571957.411
Ukraine,UKR,1993,17193933995.2339
Ukraine,UKR,1992,16259872205.0955
Ukraine,UKR,1991,18548654269.3691
Ukraine,UKR,1990,23394555714.5219
Ukraine,UKR,1989,26582969177.8267
United Arab Emirates,ARE,2023,481851599727.706
United Arab Emirates,ARE,2022,427991831177.672
United Arab Emirates,ARE,2021,347528931245.745
United Arab Emirates,ARE,2020,297228046289.993
United Arab Emirates,ARE,2019,306004084411.164
United Arab Emirates,ARE,2018,281535738597.685
United Arab Emirates,ARE,2017,285336963921.035
United Arab Emirates,ARE,2016,270714771953.71
United Arab Emirates,ARE,2015,268999319264.806
United Arab Emirates,ARE,2014,275110959836.624
United Arab Emirates,ARE,2013,252509462219.197
United Arab Emirates,ARE,2012,239748672566.372
United Arab Emirates,ARE,2011,215973042886.317
United Arab Emirates,ARE,2010,178610755616.065
United Arab Emirates,ARE,2009,187139823008.85
United Arab Emirates,ARE,2008,219714363512.594
United Arab Emirates,ARE,2007,166134240980.259
United Arab Emirates,ARE,2006,112930428863.172
United Arab Emirates,ARE,2005,93862491490.8101
United Arab Emirates,ARE,2004,78428046289.9932
United Arab Emirates,ARE,2003,57668073519.401
United Arab Emirates,ARE,2002,47845064669.8434
United Arab Emirates,ARE,2001,42053369639.2104
United Kingdom,GBR,2024,1174222748816.76
United Kingdom,GBR,2023,1131603446867.99
United Kingdom,GBR,2022,1117793765633.44
United Kingdom,GBR,2021,934375952193.96
United Kingdom,GBR,2020,795714534395.164
United Kingdom,GBR,2019,951880342949.163
United Kingdom,GBR,2018,957619509260.342
United Kingdom,GBR,2017,869550502969.043
United Kingdom,GBR,2016,833100578279.813
United Kingdom,GBR,2015,861463440127.243
United Kingdom,GBR,2014,934525774096.865
United Kingdom,GBR,2013,881359614349.512
United Kingdom,GBR,2012,855876434983.107
United Kingdom,GBR,2011,857771146098.5
United Kingdom,GBR,2010,756632614064.902
United Kingdom,GBR,2009,678917276834.398
United Kingdom,GBR,2008,855805147058.823
United Kingdom,GBR,2007,848867547018.807
United Kingdom,GBR,2006,796610855565.777
United Kingdom,GBR,2005,697472727272.727
United Kingdom,GBR,2004,639128524350.055
United Kingdom,GBR,2003,537968979591.837
United Kingdom,GBR,2002,479947541966.427
United Kingdom,GBR,2001,450228875773.715
United Kingdom,GBR,2000,447681948857.618
United Kingdom,GBR,1999,427731758615.111
United Kingdom,GBR,1998,412207684663.796
United Kingdom,GBR,1997,393672233136.87
United Kingdom,GBR,1996,367588143525.741
United Kingdom,GBR,1995,339072116143.285
United Kingdom,GBR,1994,294340260177.533
United Kingdom,GBR,1993,264458431313.737
United Kingdom,GBR,1992,275832937872.938
United Kingdom,GBR,1991,259644733686.067
United Kingdom,GBR,1990,272419897017.045
United Kingdom,GBR,1989,241323782722.513
United Kingdom,GBR,1988,229258518320.882
United Kingdom,GBR,1987,188351657133.519
United Kingdom,GBR,1986,152907770448.549
United Kingdom,GBR,1985,130952876026.694
United Kingdom,GBR,1984,127268012769.354
United Kingdom,GBR,1983,121326941033.803
United Kingdom,GBR,1982,122122796995.108
United Kingdom,GBR,1981,125119803054.662
United Kingdom,GBR,1980,137927313502.208
United Kingdom,GBR,1979,118503699703.515
United Kingdom,GBR,1978,89608628954.9377
United Kingdom,GBR,1977,76156548055.1195
United Kingdom,GBR,1976,67727417789.7574
United Kingdom,GBR,1975,65493940265.4867
United Kingdom,GBR,1974,65219086021.5054
United Kingdom,GBR,1973,47681185693.2876
United Kingdom,GBR,1972,35239697802.1978
United Kingdom,GBR,1971,30409471890.971
United Kingdom,GBR,1970,27400376769.8584
United States,USA,2024,4103100000000.0
United States,USA,2023,3849811000000.0
United States,USA,2022,3976314000000.0
United States,USA,2021,3415459000000.0
United States,USA,2020,2777341000000.0
United States,USA,2019,3116681000000.0
United States,USA,2018,3131166000000.0
United States,USA,2017,2931589000000.0
United States,USA,2016,2738830000000.0
United States,USA,2015,2794942000000.0
United States,USA,2014,2887445000000.0
United States,USA,2013,2766375000000.0
United States,USA,2012,2769317000000.0
United States,USA,2011,2695480000000.0
United States,USA,2010,2389555000000.0
United States,USA,2009,2001927000000.0
United States,USA,2008,2576151000000.0
United States,USA,2007,2395228000000.0
United States,USA,2006,2256623000000.0
United States,USA,2005,2041482000000.0
United States,USA,2004,1810504000000.0
United States,USA,2003,1557120000000.0
United States,USA,2002,1437724000000.0
United States,USA,2001,1403559000000.0
United States,USA,2000,1477184000000.0
United States,USA,1999,1252460000000.0
United States,USA,1998,1115690000000.0
United States,USA,1997,1055774000000.0
United States,USA,1996,963966000000.0
United States,USA,1995,902572000000.0
United States,USA,1994,813424000000.0
United States,USA,1993,719973000000.0
United States,USA,1992,667791000000.0
United States,USA,1991,623544000000.0
United States,USA,1990,629728000000.0
United States,USA,1989,591030000000.0
United States,USA,1988,553993000000.0
United States,USA,1987,508713000000.0
United States,USA,1986,452867000000.0
United States,USA,1985,417229000000.0
United States,USA,1984,405107000000.0
United States,USA,1983,328638000000.0
United States,USA,1982,303184000000.0
United States,USA,1981,317758000000.0
United States,USA,1980,293828000000.0
United States,USA,1979,252674000000.0
United States,USA,1978,212250000000.0
United States,USA,1977,182443000000.0
United States,USA,1976,151146000000.0
United States,USA,1975,122730000000.0
United States,USA,1974,127465000000.0
United States,USA,1973,91159000000.0
United States,USA,1972,74216000000.0
United States,USA,1971,62342000000.0
United States,USA,1970,55760000000.0
Uruguay,URY,2024,19191233872.9469
Uruguay,URY,2023,19319070767.6405
Uruguay,URY,2022,19553991329.3027
Uruguay,URY,2021,15409770385.7746
Uruguay,URY,2020,11538610209.3595
Uruguay,URY,2019,13589020113.9543
Uruguay,URY,2018,13963983638.4775
Uruguay,URY,2017,13291661435.8846
Uruguay,URY,2016,12380729777.9369
Uruguay,URY,2015,13180179645.5546
Uruguay,URY,2014,15709177870.195
Uruguay,URY,2013,16171486174.3277
Uruguay,URY,2012,15804109317.4369
Uruguay,URY,2011,13504292327.1821
Uruguay,URY,2010,10636951485.0362
Uruguay,URY,2009,8600719067.36193
Uruguay,URY,2008,10893438974.6453
Uruguay,URY,2007,7167879856.12047
Uruguay,URY,2006,6252911446.75371
Uruguay,URY,2005,4943843928.98287
Uruguay,URY,2004,4018907625.47119
Uruguay,URY,2003,2930315874.72552
Uruguay,URY,2002,2640670228.25975
Uruguay,URY,2001,4076272834.00243
Uruguay,URY,2000,4568223556.62902
Uruguay,URY,1999,4386374776.22075
Uruguay,URY,1998,4879194086.43136
Uruguay,URY,1997,4853524479.83352
Uruguay,URY,1996,4074053357.61549
Uruguay,URY,1995,3686020003.1501
Uruguay,URY,1994,3561674785.68739
Uruguay,URY,1993,2934260605.94373
Uruguay,URY,1992,2527397074.59505
Uruguay,URY,1991,2001561707.77776
Uruguay,URY,1990,1682744697.66153
Uruguay,URY,1989,1493668481.49806
Uruguay,URY,1988,1456747009.12395
Uruguay,URY,1987,1414997206.48096
Uruguay,URY,1986,1191819538.54484
Uruguay,URY,1985,998457827.513939
Uruguay,URY,1984,1036760496.18321
Uruguay,URY,1983,1204334440.3772
Uruguay,URY,1982,1587083734.35997
Uruguay,URY,1981,2102640518.8388
Uruguay,URY,1980,2096775971.34197
Uruguay,URY,1979,1520042526.0472
Uruguay,URY,1978,1038743774.2114
Uruguay,URY,1977,932324246.771879
Uruguay,URY,1976,736320968.962907
Uruguay,URY,1975,717495341.036155
Uruguay,URY,1974,690867043.60256
Uruguay,URY,1973,376829826.722446
Uruguay,URY,1972,326095659.122343
Uruguay,URY,1971,320967741.935484
Uruguay,URY,1970,325000000.0
Uruguay,URY,1969,243145161.290323
Uruguay,URY,1968,194518824.692245
Uruguay,URY,1967,210551387.400262
Uruguay,URY,1966,207824338.9516
Uruguay,URY,1965,216973280.142353
Uruguay,URY,1964,224109459.77825
Uruguay,URY,1963,185026101.896518
Uruguay,URY,1962,246804759.806082
Uruguay,URY,1961,228591524.529629
Uruguay,URY,1960,231322823.851953
Uzbekistan,UZB,2024,43642721045.5981
Uzbekistan,UZB,2023,42781543618.7589
Uzbekistan,UZB,2022,35654761539.6622
Uzbekistan,UZB,2021,27959658383.0977
Uzbekistan,UZB,2020,22681149059.5377
Uzbekistan,UZB,2019,26657560793.4445
Uzbekistan,UZB,2018,23455563381.3016
Uzbekistan,UZB,2017,16784675094.9666
Uzbekistan,UZB,2016,14522253346.4752
Uzbekistan,UZB,2015,14638435989.4396
Uzbekistan,UZB,2014,16420970313.64
Uzbekistan,UZB,2013,17367231964.1149
Uzbekistan,UZB,2012,16849481581.9107
Uzbekistan,UZB,2011,15626794595.7391
Uzbekistan,UZB,2010,12428121726.9265
Uzbekistan,UZB,2009,11457877212.3743
Uzbekistan,UZB,2008,11400016681.832
Uzbekistan,UZB,2007,7751706398.20179
Uzbekistan,UZB,2006,5365211006.46474
Uzbekistan,UZB,2005,4537802576.95833
Uzbekistan,UZB,2004,4187143838.30455
Uzbekistan,UZB,2003,3265492000.74124
Uzbekistan,UZB,2002,2715882345.29212
Uzbekistan,UZB,2001,3089918748.11917
Uzbekistan,UZB,2000,2668346083.94269
Uzbekistan,UZB,1999,3149229781.7715
Uzbekistan,UZB,1998,3425539796.78239
Uzbekistan,UZB,1997,4436573584.90566
Vanuatu,VUT,2022,571554063.482734
Vanuatu,VUT,2021,478984034.170074
Vanuatu,VUT,2020,467819379.441844
Vanuatu,VUT,2019,459250866.145164
Vanuatu,VUT,2018,494585394.63532
Vanuatu,VUT,2017,509242958.64047
Vanuatu,VUT,2016,473823461.627103
Vanuatu,VUT,2015,489782622.157301
Vanuatu,VUT,2014,416764244.916078
Vanuatu,VUT,2013,415009122.881244
Vanuatu,VUT,2012,397409256.510592
Vanuatu,VUT,2011,395801159.074165
Vanuatu,VUT,2010,369595914.830019
Vanuatu,VUT,2009,343326906.583163
Vanuatu,VUT,2008,350296460.225503
Vanuatu,VUT,2007,250884685.784015
Vanuatu,VUT,2006,212073602.157352
Vanuatu,VUT,2005,216401846.64984
Vanuatu,VUT,2004,193836658.019501
Vanuatu,VUT,2003,151862889.776473
Vanuatu,VUT,2002,129692645.097984
Vanuatu,VUT,2001,128488602.150538
Vanuatu,VUT,2000,130503959.824919
Vanuatu,VUT,1999,144334689.134224
Vanuatu,VUT,1998,137573274.256475
Vanuatu,VUT,1997,128980754.293605
Vanuatu,VUT,1996,130237470.797268
Vanuatu,VUT,1995,124858399.265014
Vanuatu,VUT,1994,117683948.284008
Vanuatu,VUT,1993,103889588.011285
Vanuatu,VUT,1992,108420347.114435
Vanuatu,VUT,1991,109142191.977077
Vanuatu,VUT,1990,115539039.808645
Vanuatu,VUT,1989,90880887.9543613
Vanuatu,VUT,1988,89297684.4847069
Vanuatu,VUT,1987,84060847.1629236
Vanuatu,VUT,1986,76926668.9080653
Vanuatu,VUT,1985,85455334.2387204
Vanuatu,VUT,1984,84369646.2763277
Vanuatu,VUT,1983,73724455.0669216
Vanuatu,VUT,1982,44455761.4751372
Vanuatu,VUT,1981,40227266.4131351
Vanuatu,VUT,1980,47384759.5618813
"Venezuela, RB",VEN,2024,11047411083.9654
"Venezuela, RB",VEN,2023,10265991382.6466
"Venezuela, RB",VEN,2022,10280202848.898
"Venezuela, RB",VEN,2021,7856090023.39781
"Venezuela, RB",VEN,2020,5605535147.3142
"Venezuela, RB",VEN,2019,7982770099.13043
"Venezuela, RB",VEN,2018,12333875558.9175
"Venezuela, RB",VEN,2017,10749906847.9495
"Venezuela, RB",VEN,2016,11504701818.6768
"Venezuela, RB",VEN,2015,24528774646.9257
"Venezuela, RB",VEN,2014,44361014084.0671
"Venezuela, RB",VEN,2013,83583018750.8619
"Venezuela, RB",VEN,2012,78769312996.6599
"Venezuela, RB",VEN,2011,62331506073.2521
"Venezuela, RB",VEN,2010,69227358957.5036
"Venezuela, RB",VEN,2009,67439626970.0644
"Venezuela, RB",VEN,2008,66373413223.9112
"Venezuela, RB",VEN,2007,57748932929.6693
"Venezuela, RB",VEN,2006,40634711690.7313
"Venezuela, RB",VEN,2005,29784686206.484
"Venezuela, RB",VEN,2004,21555923687.3732
"Venezuela, RB",VEN,2003,13984394467.9791
"Venezuela, RB",VEN,2002,16852884830.7348
"Venezuela, RB",VEN,2001,23851668950.6966
"Venezuela, RB",VEN,2000,21218741604.8766
"Venezuela, RB",VEN,1999,18770148169.5489
"Venezuela, RB",VEN,1998,20714179095.2656
"Venezuela, RB",VEN,1997,18872294153.8909
"Venezuela, RB",VEN,1996,14558793913.2519
"Venezuela, RB",VEN,1995,16337757127.0659
"Venezuela, RB",VEN,1994,12606010774.4108
"Venezuela, RB",VEN,1993,15791603706.0241
"Venezuela, RB",VEN,1992,16901309773.419
"Venezuela, RB",VEN,1991,13566194456.6652
"Venezuela, RB",VEN,1990,9493861738.04869
"Venezuela, RB",VEN,1989,8884312274.80182
"Venezuela, RB",VEN,1988,15910262068.9655
"Venezuela, RB",VEN,1987,10598117241.3793
"Venezuela, RB",VEN,1986,11927109278.3505
"Venezuela, RB",VEN,1985,10466520000.0
"Venezuela, RB",VEN,1984,10508123515.4394
"Venezuela, RB",VEN,1983,8799209302.32558
"Venezuela, RB",VEN,1982,18971186046.5116
"Venezuela, RB",VEN,1981,16518209302.3256
"Venezuela, RB",VEN,1980,14627837209.3023
"Venezuela, RB",VEN,1979,13727674418.6047
"Venezuela, RB",VEN,1978,14650348837.2093
"Venezuela, RB",VEN,1977,12692465116.2791
"Venezuela, RB",VEN,1976,9069255813.95349
"Venezuela, RB",VEN,1975,6863837209.30233
"Venezuela, RB",VEN,1974,4838441860.46512
"Venezuela, RB",VEN,1973,3263139534.88372
"Venezuela, RB",VEN,1972,2793090909.09091
"Venezuela, RB",VEN,1971,2463204545.45455
"Venezuela, RB",VEN,1970,2171911111.11111
"Venezuela, RB",VEN,1969,2042888888.88889
"Venezuela, RB",VEN,1968,1956888888.88889
"Venezuela, RB",VEN,1967,1612822222.22222
"Venezuela, RB",VEN,1966,1505288888.88889
"Venezuela, RB",VEN,1965,1612822222.22222
"Venezuela, RB",VEN,1964,1473655172.41379
"Venezuela, RB",VEN,1963,1458861578.70202
"Venezuela, RB",VEN,1962,1489969151.60413
"Venezuela, RB",VEN,1961,1366605304.15442
"Venezuela, RB",VEN,1960,1390889414.52148
Viet Nam,VNM,2024,398774124843.597
Viet Nam,VNM,2023,339930322254.124
Viet Nam,VNM,2022,370998835148.792
Viet Nam,VNM,2021,340182482326.141
Viet Nam,VNM,2020,273355953899.644
Viet Nam,VNM,2019,265976296626.188
Viet Nam,VNM,2018,248830928922.633
Viet Nam,VNM,2017,222881466764.771
Viet Nam,VNM,2016,183315160786.75
Viet Nam,VNM,2015,172245363653.847
Viet Nam,VNM,2014,153638953979.785
Viet Nam,VNM,2013,136871750776.669
Viet Nam,VNM,2012,116865795250.0
Viet Nam,VNM,2011,110599636247.243
Viet Nam,VNM,2010,88029012388.6525
Viet Nam,VNM,2009,76433848844.8916
Viet Nam,VNM,2008,83250410219.4482
Viet Nam,VNM,2007,65095862341.9564
Viet Nam,VNM,2006,46856276474.358
Viet Nam,VNM,2005,38623129994.4064
Viet Nam,VNM,2004,33292010669.3764
Viet Nam,VNM,2003,26759132794.8152
Viet Nam,VNM,2002,21724925553.8467
Viet Nam,VNM,2001,18595918551.7177
Viet Nam,VNM,2000,17922825683.9146
Viet Nam,VNM,1999,15151041598.7572
Viet Nam,VNM,1998,14190608828.7609
Viet Nam,VNM,1997,13755189203.4817
Viet Nam,VNM,1996,12781756977.748
Viet Nam,VNM,1995,8690196941.38041
Viet Nam,VNM,1994,7078095299.80118
Viet Nam,VNM,1993,4941471554.07031
Viet Nam,VNM,1992,3831479524.7098
Viet Nam,VNM,1991,3463880947.36613
Viet Nam,VNM,1990,2930215540.32873
Viet Nam,VNM,1989,2143191577.09241
Viet Nam,VNM,1988,3814891103.64408
Viet Nam,VNM,1987,5424365692.09743
Viet Nam,VNM,1986,4370865661.2733
Virgin Islands (U.S.),VIR,2022,5058000000.0
Virgin Islands (U.S.),VIR,2021,4057000000.0
Virgin Islands (U.S.),VIR,2020,3184000000.0
Virgin Islands (U.S.),VIR,2019,4140000000.0
Virgin Islands (U.S.),VIR,2018,4163000000.0
Virgin Islands (U.S.),VIR,2017,3580000000.0
Virgin Islands (U.S.),VIR,2016,2517000000.0
Virgin Islands (U.S.),VIR,2015,1580000000.0
Virgin Islands (U.S.),VIR,2014,3063000000.0
Virgin Islands (U.S.),VIR,2013,2792000000.0
Virgin Islands (U.S.),VIR,2012,3149000000.0
Virgin Islands (U.S.),VIR,2011,14313000000.0
Virgin Islands (U.S.),VIR,2010,12411000000.0
Virgin Islands (U.S.),VIR,2009,10641000000.0
Virgin Islands (U.S.),VIR,2008,18222000000.0
Virgin Islands (U.S.),VIR,2007,12667000000.0
Virgin Islands (U.S.),VIR,2006,12027000000.0
Virgin Islands (U.S.),VIR,2005,10650000000.0
Virgin Islands (U.S.),VIR,2004,7919000000.0
Virgin Islands (U.S.),VIR,2003,5977000000.0
Virgin Islands (U.S.),VIR,2002,4428000000.0
West Bank and Gaza,PSE,2024,8264200000.0
West Bank and Gaza,PSE,2023,11027800000.0
West Bank and Gaza,PSE,2022,12258000000.0
West Bank and Gaza,PSE,2021,10094400000.0
West Bank and Gaza,PSE,2020,8065700000.0
West Bank and Gaza,PSE,2019,9161700000.0
West Bank and Gaza,PSE,2018,9023700000.0
West Bank and Gaza,PSE,2017,8503400000.0
West Bank and Gaza,PSE,2016,7871500000.0
West Bank and Gaza,PSE,2015,7645500000.0
West Bank and Gaza,PSE,2014,7263000000.0
West Bank and Gaza,PSE,2013,6845800000.0
West Bank and Gaza,PSE,2012,6299900000.0
West Bank and Gaza,PSE,2011,5723200000.0
West Bank and Gaza,PSE,2010,5264300000.0
West Bank and Gaza,PSE,2009,4943200000.0
West Bank and Gaza,PSE,2008,4645300000.0
West Bank and Gaza,PSE,2007,4284100000.0
West Bank and Gaza,PSE,2006,3683400000.0
West Bank and Gaza,PSE,2005,3573900000.0
West Bank and Gaza,PSE,2004,3137400000.0
West Bank and Gaza,PSE,2003,2516400000.0
West Bank and Gaza,PSE,2002,2233600000.0
West Bank and Gaza,PSE,2001,2696200000.0
West Bank and Gaza,PSE,2000,2895400000.0
West Bank and Gaza,PSE,1999,3363500000.0
West Bank and Gaza,PSE,1998,2885600000.0
West Bank and Gaza,PSE,1997,2746200000.0
West Bank and Gaza,PSE,1996,2497700000.0
West Bank and Gaza,PSE,1995,2441200000.0
West Bank and Gaza,PSE,1994,2044700000.0
"Yemen, Rep.",YEM,2018,10224406924.9102
"Yemen, Rep.",YEM,2017,8933538625.05819
"Yemen, Rep.",YEM,2016,8227926015.67977
"Yemen, Rep.",YEM,2015,9047502112.88812
"Yemen, Rep.",YEM,2014,11567517016.1478
"Yemen, Rep.",YEM,2013,12186114205.8728
"Yemen, Rep.",YEM,2012,12920749766.5086
"Yemen, Rep.",YEM,2011,10707767722.1703
"Yemen, Rep.",YEM,2010,10629004000.1822
"Yemen, Rep.",YEM,2009,9988338905.76077
"Yemen, Rep.",YEM,2008,11681401143.8798
"Yemen, Rep.",YEM,2007,9357357854.45728
"Yemen, Rep.",YEM,2006,7781119959.44053
"Yemen, Rep.",YEM,2005,6002694867.63666
"Yemen, Rep.",YEM,2004,4918042642.77148
"Yemen, Rep.",YEM,2003,4468821029.02886
"Yemen, Rep.",YEM,2002,4034554608.89123
"Yemen, Rep.",YEM,2001,3448100632.52119
"Yemen, Rep.",YEM,2000,3293865079.50311
"Yemen, Rep.",YEM,1999,2839122706.80341
"Yemen, Rep.",YEM,1998,2915690398.07959
"Yemen, Rep.",YEM,1997,2999400000.0
"Yemen, Rep.",YEM,1996,3081326092.66883
"Yemen, Rep.",YEM,1995,5369135802.46914
"Yemen, Rep.",YEM,1994,8178018318.06828
"Yemen, Rep.",YEM,1993,8306411323.89675
"Yemen, Rep.",YEM,1992,5376769358.86761
"Yemen, Rep.",YEM,1991,4435970024.97918
"Yemen, Rep.",YEM,1990,2081089266.792
Zambia,ZMB,2024,6971790366.11773
Zambia,ZMB,2023,10312987263.3203
Zambia,ZMB,2022,8487628171.9824
Zambia,ZMB,2021,7511107108.14459
Zambia,ZMB,2020,5892354557.94953
Zambia,ZMB,2019,7961078355.3142
Zambia,ZMB,2018,9717093536.7998
Zambia,ZMB,2017,9467884707.11847
Zambia,ZMB,2016,8097049103.85227
Zambia,ZMB,2015,9079952776.61892
Zambia,ZMB,2014,10142928854.5898
Zambia,ZMB,2013,11207472737.3784
Zambia,ZMB,2012,8998703572.74688
Zambia,ZMB,2011,7583102927.56187
Zambia,ZMB,2010,5672080673.74038
Zambia,ZMB,2009,4118784328.49131
Zambia,ZMB,2008,5469175507.91574
Zambia,ZMB,2007,4523566396.0025
Zambia,ZMB,2006,3222874996.53077
Zambia,ZMB,2005,2632001949.14305
Zambia,ZMB,2004,2318800177.86613
Zambia,ZMB,2003,1795500025.24681
Zambia,ZMB,2002,1584554909.01072
Zambia,ZMB,2001,1619702985.51483
Zambia,ZMB,2000,1312920384.30728
Zambia,ZMB,1999,1182318859.27206
Zambia,ZMB,1998,1119077757.05412
Zambia,ZMB,1997,1329785210.78008
Zambia,ZMB,1996,1271350442.91746
Zambia,ZMB,1995,1382915200.33699
Zambia,ZMB,1994,1232350968.2971
Zimbabwe,ZWE,2024,9735878259.12836
Zimbabwe,ZWE,2023,8312992657.58335
Zimbabwe,ZWE,2022,12784886009.8774
Zimbabwe,ZWE,2021,10055589042.9517
Zimbabwe,ZWE,2020,6794919561.56996
Zimbabwe,ZWE,2019,7784812157.44852
Zimbabwe,ZWE,2018,9691544117.64706
Zimbabwe,ZWE,2017,15499601593.6255
Zimbabwe,ZWE,2016,6430000000.0
Zimbabwe,ZWE,2015,7507750000.0
Zimbabwe,ZWE,2014,6581500000.0
Zimbabwe,ZWE,2013,7004000000.0
Zimbabwe,ZWE,2012,8390500000.0
Zimbabwe,ZWE,2011,7712750000.0
Zimbabwe,ZWE,2010,6443500000.0
Zimbabwe,ZWE,2009,4090750000.0
Zimbabwe,ZWE,2008,3006750000.0
Zimbabwe,ZWE,2007,2456000000.0
Zimbabwe,ZWE,2006,2552500000.0
Zimbabwe,ZWE,2005,2447000000.0
Zimbabwe,ZWE,2004,2414500000.0
Zimbabwe,ZWE,2003,2180750000.0
Zimbabwe,ZWE,2002,2219250000.0
Zimbabwe,ZWE,2001,2233500000.0
Zimbabwe,ZWE,2000,2403500000.0
Zimbabwe,ZWE,1999,2299500000.0
Zimbabwe,ZWE,1998,2890000000.0
Zimbabwe,ZWE,1997,3807000000.0
Zimbabwe,ZWE,1996,3075500000.0
Zimbabwe,ZWE,1995,2911500000.0
Zimbabwe,ZWE,1994,2517750000.0
Zimbabwe,ZWE,1993,2131000000.0
Zimbabwe,ZWE,1992,2464500000.0
Zimbabwe,ZWE,1991,2349000000.0
Zimbabwe,ZWE,1990,2003065404.33714
Zimbabwe,ZWE,1989,1800729748.40521
Zimbabwe,ZWE,1988,1591902679.77554
Zimbabwe,ZWE,1987,1434918067.38815
Zimbabwe,ZWE,1986,1338752892.37604
Zimbabwe,ZWE,1985,1241275947.94175
Zimbabwe,ZWE,1984,1322234362.63994
Zimbabwe,ZWE,1983,1512740981.97792
Zimbabwe,ZWE,1982,1898465424.87562
Zimbabwe,ZWE,1981,2076439448.5794
Zimbabwe,ZWE,1980,1772342261.70299
Zimbabwe,ZWE,1979,1173870049.36359
Zimbabwe,ZWE,1978,870131045.275025
Zimbabwe,ZWE,1977,882823922.704235
Zimbabwe,ZWE,1976,846707691.869315
Zimbabwe,ZWE,1975,1068612734.45064
