country,country_code,year,labor_force_total
Africa Eastern and Southern,AFE,2025,299259550.0
Africa Eastern and Southern,AFE,2024,290536403.0
Africa Eastern and Southern,AFE,2023,286716203.0
Africa Eastern and Southern,AFE,2022,287406365.0
Africa Eastern and Southern,AFE,2021,277268587.0
Africa Eastern and Southern,AFE,2020,268425249.0
Africa Eastern and Southern,AFE,2019,264515662.0
Africa Eastern and Southern,AFE,2018,257765403.0
Africa Eastern and Southern,AFE,2017,251170980.0
Africa Eastern and Southern,AFE,2016,245924910.0
Africa Eastern and Southern,AFE,2015,240328676.0
Africa Eastern and Southern,AFE,2014,234282265.0
Africa Eastern and Southern,AFE,2013,230020954.0
Africa Eastern and Southern,AFE,2012,220782640.0
Africa Eastern and Southern,AFE,2011,216593145.0
Africa Eastern and Southern,AFE,2010,209603737.0
Africa Eastern and Southern,AFE,2009,204642061.0
Africa Eastern and Southern,AFE,2008,199885621.0
Africa Eastern and Southern,AFE,2007,194763519.0
Africa Eastern and Southern,AFE,2006,189833993.0
Africa Eastern and Southern,AFE,2005,184939364.0
Africa Eastern and Southern,AFE,2004,179796039.0
Africa Eastern and Southern,AFE,2003,174808789.0
Africa Eastern and Southern,AFE,2002,169867381.0
Africa Eastern and Southern,AFE,2001,165077374.0
Africa Eastern and Southern,AFE,2000,160532909.0
Africa Eastern and Southern,AFE,1999,156114060.0
Africa Eastern and Southern,AFE,1998,151806301.0
Africa Eastern and Southern,AFE,1997,147794549.0
Africa Eastern and Southern,AFE,1996,144315891.0
Africa Eastern and Southern,AFE,1995,140779265.0
Africa Eastern and Southern,AFE,1994,136840328.0
Africa Eastern and Southern,AFE,1993,132861621.0
Africa Eastern and Southern,AFE,1992,129172880.0
Africa Eastern and Southern,AFE,1991,125564573.0
Africa Eastern and Southern,AFE,1990,121895325.0
Africa Western and Central,AFW,2025,228165613.0
Africa Western and Central,AFW,2024,221658072.0
Africa Western and Central,AFW,2023,215067825.0
Africa Western and Central,AFW,2022,207075183.0
Africa Western and Central,AFW,2021,199049398.0
Africa Western and Central,AFW,2020,191755366.0
Africa Western and Central,AFW,2019,189456579.0
Africa Western and Central,AFW,2018,184477200.0
Africa Western and Central,AFW,2017,179638384.0
Africa Western and Central,AFW,2016,175381549.0
Africa Western and Central,AFW,2015,170478876.0
Africa Western and Central,AFW,2014,166240287.0
Africa Western and Central,AFW,2013,162414039.0
Africa Western and Central,AFW,2012,158619556.0
Africa Western and Central,AFW,2011,154654898.0
Africa Western and Central,AFW,2010,150676077.0
Africa Western and Central,AFW,2009,147016162.0
Africa Western and Central,AFW,2008,143298703.0
Africa Western and Central,AFW,2007,139754466.0
Africa Western and Central,AFW,2006,136190643.0
Africa Western and Central,AFW,2005,132705270.0
Africa Western and Central,AFW,2004,129286401.0
Africa Western and Central,AFW,2003,125844040.0
Africa Western and Central,AFW,2002,122566194.0
Africa Western and Central,AFW,2001,119319649.0
Africa Western and Central,AFW,2000,116104360.0
Africa Western and Central,AFW,1999,112983218.0
Africa Western and Central,AFW,1998,109763068.0
Africa Western and Central,AFW,1997,106638923.0
Africa Western and Central,AFW,1996,103657135.0
Africa Western and Central,AFW,1995,100818466.0
Africa Western and Central,AFW,1994,97834617.0
Africa Western and Central,AFW,1993,94753565.0
Africa Western and Central,AFW,1992,91796466.0
Africa Western and Central,AFW,1991,88811572.0
Africa Western and Central,AFW,1990,86073599.0
Arab World,ARB,2025,139410615.0
Arab World,ARB,2024,136499778.0
Arab World,ARB,2023,134541479.0
Arab World,ARB,2022,140926434.0
Arab World,ARB,2021,134965857.0
Arab World,ARB,2020,132005114.0
Arab World,ARB,2019,132547105.0
Arab World,ARB,2018,130644318.0
Arab World,ARB,2017,129780087.0
Arab World,ARB,2016,129289455.0
Arab World,ARB,2015,126292366.0
Arab World,ARB,2014,124397913.0
Arab World,ARB,2013,121494804.0
Arab World,ARB,2012,118194109.0
Arab World,ARB,2011,115864212.0
Arab World,ARB,2010,112953785.0
Arab World,ARB,2009,109358819.0
Arab World,ARB,2008,105996614.0
Arab World,ARB,2007,102860607.0
Arab World,ARB,2006,98939025.0
Arab World,ARB,2005,95385337.0
Arab World,ARB,2004,92131264.0
Arab World,ARB,2003,89054609.0
Arab World,ARB,2002,86083685.0
Arab World,ARB,2001,84623937.0
Arab World,ARB,2000,82938192.0
Arab World,ARB,1999,80918329.0
Arab World,ARB,1998,77718394.0
Arab World,ARB,1997,75627568.0
Arab World,ARB,1996,73615393.0
Arab World,ARB,1995,71565615.0
Arab World,ARB,1994,69720782.0
Arab World,ARB,1993,67108576.0
Arab World,ARB,1992,64609299.0
Arab World,ARB,1991,62371261.0
Arab World,ARB,1990,60540033.0
Caribbean small states,CSS,2025,1973781.0
Caribbean small states,CSS,2024,1957741.0
Caribbean small states,CSS,2023,1954501.0
Caribbean small states,CSS,2022,1926206.0
Caribbean small states,CSS,2021,1865871.0
Caribbean small states,CSS,2020,1822056.0
Caribbean small states,CSS,2019,1945637.0
Caribbean small states,CSS,2018,1945639.0
Caribbean small states,CSS,2017,1912725.0
Caribbean small states,CSS,2016,1900016.0
Caribbean small states,CSS,2015,1887105.0
Caribbean small states,CSS,2014,1876500.0
Caribbean small states,CSS,2013,1855294.0
Caribbean small states,CSS,2012,1831155.0
Caribbean small states,CSS,2011,1799840.0
Caribbean small states,CSS,2010,1787136.0
Caribbean small states,CSS,2009,1776071.0
Caribbean small states,CSS,2008,1764914.0
Caribbean small states,CSS,2007,1743233.0
Caribbean small states,CSS,2006,1724849.0
Caribbean small states,CSS,2005,1701135.0
Caribbean small states,CSS,2004,1694192.0
Caribbean small states,CSS,2003,1654287.0
Caribbean small states,CSS,2002,1614470.0
Caribbean small states,CSS,2001,1589762.0
Caribbean small states,CSS,2000,1565394.0
Caribbean small states,CSS,1999,1541512.0
Caribbean small states,CSS,1998,1518431.0
Caribbean small states,CSS,1997,1494850.0
Caribbean small states,CSS,1996,1470469.0
Caribbean small states,CSS,1995,1443111.0
Caribbean small states,CSS,1994,1412499.0
Caribbean small states,CSS,1993,1384811.0
Caribbean small states,CSS,1992,1364264.0
Caribbean small states,CSS,1991,1342701.0
Caribbean small states,CSS,1990,1324154.0
Central Europe and the Baltics,CEB,2025,48493102.0
Central Europe and the Baltics,CEB,2024,49034429.0
Central Europe and the Baltics,CEB,2023,49220026.0
Central Europe and the Baltics,CEB,2022,49010307.0
Central Europe and the Baltics,CEB,2021,48626191.0
Central Europe and the Baltics,CEB,2020,48528787.0
Central Europe and the Baltics,CEB,2019,49014438.0
Central Europe and the Baltics,CEB,2018,49097537.0
Central Europe and the Baltics,CEB,2017,49208941.0
Central Europe and the Baltics,CEB,2016,48931220.0
Central Europe and the Baltics,CEB,2015,49020589.0
Central Europe and the Baltics,CEB,2014,48907395.0
Central Europe and the Baltics,CEB,2013,48638227.0
Central Europe and the Baltics,CEB,2012,48669781.0
Central Europe and the Baltics,CEB,2011,48482057.0
Central Europe and the Baltics,CEB,2010,48679625.0
Central Europe and the Baltics,CEB,2009,48086538.0
Central Europe and the Baltics,CEB,2008,48659615.0
Central Europe and the Baltics,CEB,2007,48392965.0
Central Europe and the Baltics,CEB,2006,48356935.0
Central Europe and the Baltics,CEB,2005,48362681.0
Central Europe and the Baltics,CEB,2004,48288936.0
Central Europe and the Baltics,CEB,2003,48250494.0
Central Europe and the Baltics,CEB,2002,48255210.0
Central Europe and the Baltics,CEB,2001,48594265.0
Central Europe and the Baltics,CEB,2000,48344815.0
Central Europe and the Baltics,CEB,1999,48610372.0
Central Europe and the Baltics,CEB,1998,48568499.0
Central Europe and the Baltics,CEB,1997,48544522.0
Central Europe and the Baltics,CEB,1996,48573884.0
Central Europe and the Baltics,CEB,1995,48659079.0
Central Europe and the Baltics,CEB,1994,48876113.0
Central Europe and the Baltics,CEB,1993,48952776.0
Central Europe and the Baltics,CEB,1992,49033701.0
Central Europe and the Baltics,CEB,1991,49065500.0
Central Europe and the Baltics,CEB,1990,48897808.0
Early-demographic dividend,EAR,2025,1487398362.0
Early-demographic dividend,EAR,2024,1463913151.0
Early-demographic dividend,EAR,2023,1431647665.0
Early-demographic dividend,EAR,2022,1392418772.0
Early-demographic dividend,EAR,2021,1346271066.0
Early-demographic dividend,EAR,2020,1307012741.0
Early-demographic dividend,EAR,2019,1319242075.0
Early-demographic dividend,EAR,2018,1298625978.0
Early-demographic dividend,EAR,2017,1278133662.0
Early-demographic dividend,EAR,2016,1258173377.0
Early-demographic dividend,EAR,2015,1238230036.0
Early-demographic dividend,EAR,2014,1216975963.0
Early-demographic dividend,EAR,2013,1198749227.0
Early-demographic dividend,EAR,2012,1179070299.0
Early-demographic dividend,EAR,2011,1159519042.0
Early-demographic dividend,EAR,2010,1141359093.0
Early-demographic dividend,EAR,2009,1123022129.0
Early-demographic dividend,EAR,2008,1106193220.0
Early-demographic dividend,EAR,2007,1091679519.0
Early-demographic dividend,EAR,2006,1071828821.0
Early-demographic dividend,EAR,2005,1055156632.0
Early-demographic dividend,EAR,2004,1033749229.0
Early-demographic dividend,EAR,2003,1010274731.0
Early-demographic dividend,EAR,2002,988144255.0
Early-demographic dividend,EAR,2001,969543174.0
Early-demographic dividend,EAR,2000,948733712.0
Early-demographic dividend,EAR,1999,924225274.0
Early-demographic dividend,EAR,1998,897868865.0
Early-demographic dividend,EAR,1997,871644702.0
Early-demographic dividend,EAR,1996,846248477.0
Early-demographic dividend,EAR,1995,821907921.0
Early-demographic dividend,EAR,1994,800687606.0
Early-demographic dividend,EAR,1993,778057933.0
Early-demographic dividend,EAR,1992,760132803.0
Early-demographic dividend,EAR,1991,739709247.0
Early-demographic dividend,EAR,1990,719443295.0
East Asia & Pacific,EAS,2025,1283193744.0
East Asia & Pacific,EAS,2024,1279733335.0
East Asia & Pacific,EAS,2023,1281423115.0
East Asia & Pacific,EAS,2022,1269404835.0
East Asia & Pacific,EAS,2021,1267027273.0
East Asia & Pacific,EAS,2020,1246767634.0
East Asia & Pacific,EAS,2019,1265385046.0
East Asia & Pacific,EAS,2018,1260516948.0
East Asia & Pacific,EAS,2017,1254071330.0
East Asia & Pacific,EAS,2016,1251768356.0
East Asia & Pacific,EAS,2015,1247494259.0
East Asia & Pacific,EAS,2014,1241836428.0
East Asia & Pacific,EAS,2013,1234156747.0
East Asia & Pacific,EAS,2012,1230163705.0
East Asia & Pacific,EAS,2011,1223225026.0
East Asia & Pacific,EAS,2010,1210777176.0
East Asia & Pacific,EAS,2009,1202435209.0
East Asia & Pacific,EAS,2008,1194280992.0
East Asia & Pacific,EAS,2007,1184561571.0
East Asia & Pacific,EAS,2006,1169709339.0
East Asia & Pacific,EAS,2005,1156428634.0
East Asia & Pacific,EAS,2004,1142874087.0
East Asia & Pacific,EAS,2003,1127692448.0
East Asia & Pacific,EAS,2002,1113558322.0
East Asia & Pacific,EAS,2001,1100259271.0
East Asia & Pacific,EAS,2000,1085239922.0
East Asia & Pacific,EAS,1999,1072156329.0
East Asia & Pacific,EAS,1998,1060011832.0
East Asia & Pacific,EAS,1997,1046325510.0
East Asia & Pacific,EAS,1996,1032070181.0
East Asia & Pacific,EAS,1995,1017673785.0
East Asia & Pacific,EAS,1994,1004043710.0
East Asia & Pacific,EAS,1993,989446209.0
East Asia & Pacific,EAS,1992,978160796.0
East Asia & Pacific,EAS,1991,964508444.0
East Asia & Pacific,EAS,1990,951281461.0
East Asia & Pacific (excluding high income),EAP,2025,1145113264.0
East Asia & Pacific (excluding high income),EAP,2024,1141692805.0
East Asia & Pacific (excluding high income),EAP,2023,1144337266.0
East Asia & Pacific (excluding high income),EAP,2022,1133872291.0
East Asia & Pacific (excluding high income),EAP,2021,1132761849.0
East Asia & Pacific (excluding high income),EAP,2020,1112810972.0
East Asia & Pacific (excluding high income),EAP,2019,1131009705.0
East Asia & Pacific (excluding high income),EAP,2018,1127500780.0
East Asia & Pacific (excluding high income),EAP,2017,1122830532.0
East Asia & Pacific (excluding high income),EAP,2016,1121855394.0
East Asia & Pacific (excluding high income),EAP,2015,1118869342.0
East Asia & Pacific (excluding high income),EAP,2014,1114249213.0
East Asia & Pacific (excluding high income),EAP,2013,1107910558.0
East Asia & Pacific (excluding high income),EAP,2012,1105075955.0
East Asia & Pacific (excluding high income),EAP,2011,1098795854.0
East Asia & Pacific (excluding high income),EAP,2010,1086924142.0
East Asia & Pacific (excluding high income),EAP,2009,1079125085.0
East Asia & Pacific (excluding high income),EAP,2008,1071184791.0
East Asia & Pacific (excluding high income),EAP,2007,1062122494.0
East Asia & Pacific (excluding high income),EAP,2006,1048300832.0
East Asia & Pacific (excluding high income),EAP,2005,1036012615.0
East Asia & Pacific (excluding high income),EAP,2004,1023265685.0
East Asia & Pacific (excluding high income),EAP,2003,1008729900.0
East Asia & Pacific (excluding high income),EAP,2002,994643052.0
East Asia & Pacific (excluding high income),EAP,2001,981570389.0
East Asia & Pacific (excluding high income),EAP,2000,967103304.0
East Asia & Pacific (excluding high income),EAP,1999,954726535.0
East Asia & Pacific (excluding high income),EAP,1998,942948967.0
East Asia & Pacific (excluding high income),EAP,1997,929276567.0
East Asia & Pacific (excluding high income),EAP,1996,916432087.0
East Asia & Pacific (excluding high income),EAP,1995,903497367.0
East Asia & Pacific (excluding high income),EAP,1994,891126199.0
East Asia & Pacific (excluding high income),EAP,1993,877983289.0
East Asia & Pacific (excluding high income),EAP,1992,867680325.0
East Asia & Pacific (excluding high income),EAP,1991,855664330.0
East Asia & Pacific (excluding high income),EAP,1990,844576704.0
East Asia & Pacific (IDA & IBRD countries),TEA,2025,1127416410.0
East Asia & Pacific (IDA & IBRD countries),TEA,2024,1124045998.0
East Asia & Pacific (IDA & IBRD countries),TEA,2023,1126751423.0
East Asia & Pacific (IDA & IBRD countries),TEA,2022,1116358047.0
East Asia & Pacific (IDA & IBRD countries),TEA,2021,1115624247.0
East Asia & Pacific (IDA & IBRD countries),TEA,2020,1095760374.0
East Asia & Pacific (IDA & IBRD countries),TEA,2019,1113702932.0
East Asia & Pacific (IDA & IBRD countries),TEA,2018,1110287268.0
East Asia & Pacific (IDA & IBRD countries),TEA,2017,1105742766.0
East Asia & Pacific (IDA & IBRD countries),TEA,2016,1104903579.0
East Asia & Pacific (IDA & IBRD countries),TEA,2015,1102036746.0
East Asia & Pacific (IDA & IBRD countries),TEA,2014,1097564029.0
East Asia & Pacific (IDA & IBRD countries),TEA,2013,1091372181.0
East Asia & Pacific (IDA & IBRD countries),TEA,2012,1088688800.0
East Asia & Pacific (IDA & IBRD countries),TEA,2011,1082563585.0
East Asia & Pacific (IDA & IBRD countries),TEA,2010,1070851319.0
East Asia & Pacific (IDA & IBRD countries),TEA,2009,1063216505.0
East Asia & Pacific (IDA & IBRD countries),TEA,2008,1055443178.0
East Asia & Pacific (IDA & IBRD countries),TEA,2007,1046536632.0
East Asia & Pacific (IDA & IBRD countries),TEA,2006,1032888853.0
East Asia & Pacific (IDA & IBRD countries),TEA,2005,1020776449.0
East Asia & Pacific (IDA & IBRD countries),TEA,2004,1008189795.0
East Asia & Pacific (IDA & IBRD countries),TEA,2003,993822325.0
East Asia & Pacific (IDA & IBRD countries),TEA,2002,979889016.0
East Asia & Pacific (IDA & IBRD countries),TEA,2001,966956290.0
East Asia & Pacific (IDA & IBRD countries),TEA,2000,952624543.0
East Asia & Pacific (IDA & IBRD countries),TEA,1999,940395828.0
East Asia & Pacific (IDA & IBRD countries),TEA,1998,928751955.0
East Asia & Pacific (IDA & IBRD countries),TEA,1997,915237768.0
East Asia & Pacific (IDA & IBRD countries),TEA,1996,902572860.0
East Asia & Pacific (IDA & IBRD countries),TEA,1995,889804075.0
East Asia & Pacific (IDA & IBRD countries),TEA,1994,877618223.0
East Asia & Pacific (IDA & IBRD countries),TEA,1993,864674569.0
East Asia & Pacific (IDA & IBRD countries),TEA,1992,854579779.0
East Asia & Pacific (IDA & IBRD countries),TEA,1991,842787479.0
East Asia & Pacific (IDA & IBRD countries),TEA,1990,831934017.0
Euro area,EMU,2025,171676577.0
Euro area,EMU,2024,172717220.0
Euro area,EMU,2023,171971476.0
Euro area,EMU,2022,170016224.0
Euro area,EMU,2021,167731978.0
Euro area,EMU,2020,165964931.0
Euro area,EMU,2019,168067315.0
Euro area,EMU,2018,167362231.0
Euro area,EMU,2017,166491924.0
Euro area,EMU,2016,165794871.0
Euro area,EMU,2015,165042636.0
Euro area,EMU,2014,164674051.0
Euro area,EMU,2013,164558247.0
Euro area,EMU,2012,164263621.0
Euro area,EMU,2011,163081078.0
Euro area,EMU,2010,163440062.0
Euro area,EMU,2009,163202145.0
Euro area,EMU,2008,162913668.0
Euro area,EMU,2007,161417590.0
Euro area,EMU,2006,160059131.0
Euro area,EMU,2005,158202593.0
Euro area,EMU,2004,156123108.0
Euro area,EMU,2003,154613675.0
Euro area,EMU,2002,152503379.0
Euro area,EMU,2001,150589295.0
Euro area,EMU,2000,150383393.0
Euro area,EMU,1999,149535862.0
Euro area,EMU,1998,148214129.0
Euro area,EMU,1997,147112058.0
Euro area,EMU,1996,146295756.0
Euro area,EMU,1995,145292063.0
Euro area,EMU,1994,145162773.0
Euro area,EMU,1993,144528955.0
Euro area,EMU,1992,144375330.0
Euro area,EMU,1991,144723314.0
Euro area,EMU,1990,142922013.0
Europe & Central Asia,ECS,2025,427317166.0
Europe & Central Asia,ECS,2024,429196611.0
Europe & Central Asia,ECS,2023,426913567.0
Europe & Central Asia,ECS,2022,422920251.0
Europe & Central Asia,ECS,2021,437862590.0
Europe & Central Asia,ECS,2020,433867329.0
Europe & Central Asia,ECS,2019,439462478.0
Europe & Central Asia,ECS,2018,438818093.0
Europe & Central Asia,ECS,2017,436748196.0
Europe & Central Asia,ECS,2016,434904484.0
Europe & Central Asia,ECS,2015,432220223.0
Europe & Central Asia,ECS,2014,430221374.0
Europe & Central Asia,ECS,2013,428772932.0
Europe & Central Asia,ECS,2012,427207173.0
Europe & Central Asia,ECS,2011,424699264.0
Europe & Central Asia,ECS,2010,422852336.0
Europe & Central Asia,ECS,2009,420559290.0
Europe & Central Asia,ECS,2008,419096834.0
Europe & Central Asia,ECS,2007,415221807.0
Europe & Central Asia,ECS,2006,412034757.0
Europe & Central Asia,ECS,2005,408662473.0
Europe & Central Asia,ECS,2004,404990938.0
Europe & Central Asia,ECS,2003,402882993.0
Europe & Central Asia,ECS,2002,400636928.0
Europe & Central Asia,ECS,2001,397223974.0
Europe & Central Asia,ECS,2000,397088955.0
Europe & Central Asia,ECS,1999,396212016.0
Europe & Central Asia,ECS,1998,389496798.0
Europe & Central Asia,ECS,1997,388209362.0
Europe & Central Asia,ECS,1996,388440959.0
Europe & Central Asia,ECS,1995,387785573.0
Europe & Central Asia,ECS,1994,387423665.0
Europe & Central Asia,ECS,1993,386964626.0
Europe & Central Asia,ECS,1992,389553872.0
Europe & Central Asia,ECS,1991,389912628.0
Europe & Central Asia,ECS,1990,386889735.0
Europe & Central Asia (excluding high income),ECA,2025,90802237.0
Europe & Central Asia (excluding high income),ECA,2024,90417821.0
Europe & Central Asia (excluding high income),ECA,2023,88878891.0
Europe & Central Asia (excluding high income),ECA,2022,87933796.0
Europe & Central Asia (excluding high income),ECA,2021,105704179.0
Europe & Central Asia (excluding high income),ECA,2020,103888379.0
Europe & Central Asia (excluding high income),ECA,2019,106489912.0
Europe & Central Asia (excluding high income),ECA,2018,105914523.0
Europe & Central Asia (excluding high income),ECA,2017,104917893.0
Europe & Central Asia (excluding high income),ECA,2016,103819879.0
Europe & Central Asia (excluding high income),ECA,2015,102458244.0
Europe & Central Asia (excluding high income),ECA,2014,101121350.0
Europe & Central Asia (excluding high income),ECA,2013,100294706.0
Europe & Central Asia (excluding high income),ECA,2012,99152024.0
Europe & Central Asia (excluding high income),ECA,2011,98380048.0
Europe & Central Asia (excluding high income),ECA,2010,96740286.0
Europe & Central Asia (excluding high income),ECA,2009,95411363.0
Europe & Central Asia (excluding high income),ECA,2008,93978622.0
Europe & Central Asia (excluding high income),ECA,2007,92953909.0
Europe & Central Asia (excluding high income),ECA,2006,92447262.0
Europe & Central Asia (excluding high income),ECA,2005,91993849.0
Europe & Central Asia (excluding high income),ECA,2004,91525221.0
Europe & Central Asia (excluding high income),ECA,2003,92056171.0
Europe & Central Asia (excluding high income),ECA,2002,91925389.0
Europe & Central Asia (excluding high income),ECA,2001,91224566.0
Europe & Central Asia (excluding high income),ECA,2000,90565340.0
Europe & Central Asia (excluding high income),ECA,1999,90996614.0
Europe & Central Asia (excluding high income),ECA,1998,90294675.0
Europe & Central Asia (excluding high income),ECA,1997,89672402.0
Europe & Central Asia (excluding high income),ECA,1996,89705741.0
Europe & Central Asia (excluding high income),ECA,1995,89486099.0
Europe & Central Asia (excluding high income),ECA,1994,89095946.0
Europe & Central Asia (excluding high income),ECA,1993,87236342.0
Europe & Central Asia (excluding high income),ECA,1992,87822538.0
Europe & Central Asia (excluding high income),ECA,1991,87020704.0
Europe & Central Asia (excluding high income),ECA,1990,85694499.0
Europe & Central Asia (IDA & IBRD countries),TEC,2025,194221898.0
Europe & Central Asia (IDA & IBRD countries),TEC,2024,195198892.0
Europe & Central Asia (IDA & IBRD countries),TEC,2023,194204826.0
Europe & Central Asia (IDA & IBRD countries),TEC,2022,193135029.0
Europe & Central Asia (IDA & IBRD countries),TEC,2021,211083274.0
Europe & Central Asia (IDA & IBRD countries),TEC,2020,208740317.0
Europe & Central Asia (IDA & IBRD countries),TEC,2019,212242812.0
Europe & Central Asia (IDA & IBRD countries),TEC,2018,212645737.0
Europe & Central Asia (IDA & IBRD countries),TEC,2017,211959695.0
Europe & Central Asia (IDA & IBRD countries),TEC,2016,211187986.0
Europe & Central Asia (IDA & IBRD countries),TEC,2015,209962028.0
Europe & Central Asia (IDA & IBRD countries),TEC,2014,208891627.0
Europe & Central Asia (IDA & IBRD countries),TEC,2013,208079236.0
Europe & Central Asia (IDA & IBRD countries),TEC,2012,207254140.0
Europe & Central Asia (IDA & IBRD countries),TEC,2011,206454709.0
Europe & Central Asia (IDA & IBRD countries),TEC,2010,204708408.0
Europe & Central Asia (IDA & IBRD countries),TEC,2009,202841839.0
Europe & Central Asia (IDA & IBRD countries),TEC,2008,201898719.0
Europe & Central Asia (IDA & IBRD countries),TEC,2007,200107293.0
Europe & Central Asia (IDA & IBRD countries),TEC,2006,198640203.0
Europe & Central Asia (IDA & IBRD countries),TEC,2005,197855972.0
Europe & Central Asia (IDA & IBRD countries),TEC,2004,196864765.0
Europe & Central Asia (IDA & IBRD countries),TEC,2003,196533861.0
Europe & Central Asia (IDA & IBRD countries),TEC,2002,196712443.0
Europe & Central Asia (IDA & IBRD countries),TEC,2001,195693164.0
Europe & Central Asia (IDA & IBRD countries),TEC,2000,196028772.0
Europe & Central Asia (IDA & IBRD countries),TEC,1999,196303871.0
Europe & Central Asia (IDA & IBRD countries),TEC,1998,191380854.0
Europe & Central Asia (IDA & IBRD countries),TEC,1997,191322140.0
Europe & Central Asia (IDA & IBRD countries),TEC,1996,192621916.0
Europe & Central Asia (IDA & IBRD countries),TEC,1995,193399229.0
Europe & Central Asia (IDA & IBRD countries),TEC,1994,193381151.0
Europe & Central Asia (IDA & IBRD countries),TEC,1993,193467827.0
Europe & Central Asia (IDA & IBRD countries),TEC,1992,196017766.0
Europe & Central Asia (IDA & IBRD countries),TEC,1991,195940002.0
Europe & Central Asia (IDA & IBRD countries),TEC,1990,194675665.0
European Union,EUU,2025,220421571.0
European Union,EUU,2024,221865826.0
European Union,EUU,2023,221211061.0
European Union,EUU,2022,218966868.0
European Union,EUU,2021,216270556.0
European Union,EUU,2020,214368725.0
European Union,EUU,2019,216922893.0
European Union,EUU,2018,216162468.0
European Union,EUU,2017,215289490.0
European Union,EUU,2016,214192623.0
European Union,EUU,2015,213365352.0
European Union,EUU,2014,212792619.0
European Union,EUU,2013,212414813.0
European Union,EUU,2012,212061855.0
European Union,EUU,2011,210669487.0
European Union,EUU,2010,211084691.0
European Union,EUU,2009,210152852.0
European Union,EUU,2008,210385919.0
European Union,EUU,2007,208631573.0
European Union,EUU,2006,207222668.0
European Union,EUU,2005,205283504.0
European Union,EUU,2004,202977707.0
European Union,EUU,2003,201402828.0
European Union,EUU,2002,199347341.0
European Union,EUU,2001,197723098.0
European Union,EUU,2000,197119935.0
European Union,EUU,1999,196526270.0
European Union,EUU,1998,195047752.0
European Union,EUU,1997,193922790.0
European Union,EUU,1996,193088651.0
European Union,EUU,1995,192106944.0
European Union,EUU,1994,192029518.0
European Union,EUU,1993,191460639.0
European Union,EUU,1992,191353999.0
European Union,EUU,1991,191639771.0
European Union,EUU,1990,189651701.0
Fragile and conflict affected situations,FCS,2025,385558552.0
Fragile and conflict affected situations,FCS,2024,374780119.0
Fragile and conflict affected situations,FCS,2023,370739463.0
Fragile and conflict affected situations,FCS,2022,370313454.0
Fragile and conflict affected situations,FCS,2021,377480035.0
Fragile and conflict affected situations,FCS,2020,369532586.0
Fragile and conflict affected situations,FCS,2019,368512393.0
Fragile and conflict affected situations,FCS,2018,362742814.0
Fragile and conflict affected situations,FCS,2017,356101042.0
Fragile and conflict affected situations,FCS,2016,349871227.0
Fragile and conflict affected situations,FCS,2015,343315347.0
Fragile and conflict affected situations,FCS,2014,337492854.0
Fragile and conflict affected situations,FCS,2013,330977483.0
Fragile and conflict affected situations,FCS,2012,323794517.0
Fragile and conflict affected situations,FCS,2011,317459233.0
Fragile and conflict affected situations,FCS,2010,310123799.0
Fragile and conflict affected situations,FCS,2009,303190627.0
Fragile and conflict affected situations,FCS,2008,296406719.0
Fragile and conflict affected situations,FCS,2007,290028999.0
Fragile and conflict affected situations,FCS,2006,283575989.0
Fragile and conflict affected situations,FCS,2005,277317034.0
Fragile and conflict affected situations,FCS,2004,270964390.0
Fragile and conflict affected situations,FCS,2003,264624956.0
Fragile and conflict affected situations,FCS,2002,258596611.0
Fragile and conflict affected situations,FCS,2001,252779985.0
Fragile and conflict affected situations,FCS,2000,247176573.0
Fragile and conflict affected situations,FCS,1999,241592550.0
Fragile and conflict affected situations,FCS,1998,235766016.0
Fragile and conflict affected situations,FCS,1997,230284033.0
Fragile and conflict affected situations,FCS,1996,225347694.0
Fragile and conflict affected situations,FCS,1995,220365092.0
Fragile and conflict affected situations,FCS,1994,214164769.0
Fragile and conflict affected situations,FCS,1993,207968575.0
Fragile and conflict affected situations,FCS,1992,202529789.0
Fragile and conflict affected situations,FCS,1991,197039087.0
Fragile and conflict affected situations,FCS,1990,191917203.0
Heavily indebted poor countries (HIPC),HPC,2025,359788900.0
Heavily indebted poor countries (HIPC),HPC,2024,349018789.0
Heavily indebted poor countries (HIPC),HPC,2023,338275694.0
Heavily indebted poor countries (HIPC),HPC,2022,338436436.0
Heavily indebted poor countries (HIPC),HPC,2021,327573145.0
Heavily indebted poor countries (HIPC),HPC,2020,317691971.0
Heavily indebted poor countries (HIPC),HPC,2019,311512623.0
Heavily indebted poor countries (HIPC),HPC,2018,303565083.0
Heavily indebted poor countries (HIPC),HPC,2017,295043809.0
Heavily indebted poor countries (HIPC),HPC,2016,288057871.0
Heavily indebted poor countries (HIPC),HPC,2015,280735213.0
Heavily indebted poor countries (HIPC),HPC,2014,274152189.0
Heavily indebted poor countries (HIPC),HPC,2013,269023465.0
Heavily indebted poor countries (HIPC),HPC,2012,259043718.0
Heavily indebted poor countries (HIPC),HPC,2011,254160075.0
Heavily indebted poor countries (HIPC),HPC,2010,246268281.0
Heavily indebted poor countries (HIPC),HPC,2009,239768628.0
Heavily indebted poor countries (HIPC),HPC,2008,233324894.0
Heavily indebted poor countries (HIPC),HPC,2007,227302537.0
Heavily indebted poor countries (HIPC),HPC,2006,221485941.0
Heavily indebted poor countries (HIPC),HPC,2005,215583257.0
Heavily indebted poor countries (HIPC),HPC,2004,209423122.0
Heavily indebted poor countries (HIPC),HPC,2003,203391349.0
Heavily indebted poor countries (HIPC),HPC,2002,197404041.0
Heavily indebted poor countries (HIPC),HPC,2001,191647013.0
Heavily indebted poor countries (HIPC),HPC,2000,186364197.0
Heavily indebted poor countries (HIPC),HPC,1999,181300896.0
Heavily indebted poor countries (HIPC),HPC,1998,176176153.0
Heavily indebted poor countries (HIPC),HPC,1997,171348762.0
Heavily indebted poor countries (HIPC),HPC,1996,167046482.0
Heavily indebted poor countries (HIPC),HPC,1995,162645772.0
Heavily indebted poor countries (HIPC),HPC,1994,157757030.0
Heavily indebted poor countries (HIPC),HPC,1993,152882383.0
Heavily indebted poor countries (HIPC),HPC,1992,148254026.0
Heavily indebted poor countries (HIPC),HPC,1991,143844798.0
Heavily indebted poor countries (HIPC),HPC,1990,139893991.0
IBRD only,IBD,2025,2343591883.0
IBRD only,IBD,2024,2327205098.0
IBRD only,IBD,2023,2305321822.0
IBRD only,IBD,2022,2264999421.0
IBRD only,IBD,2021,2253413790.0
IBRD only,IBD,2020,2193073468.0
IBRD only,IBD,2019,2234773096.0
IBRD only,IBD,2018,2218611388.0
IBRD only,IBD,2017,2201488786.0
IBRD only,IBD,2016,2186065562.0
IBRD only,IBD,2015,2168044471.0
IBRD only,IBD,2014,2147685091.0
IBRD only,IBD,2013,2127812432.0
IBRD only,IBD,2012,2110713862.0
IBRD only,IBD,2011,2092287100.0
IBRD only,IBD,2010,2071696415.0
IBRD only,IBD,2009,2056094761.0
IBRD only,IBD,2008,2038497936.0
IBRD only,IBD,2007,2020918572.0
IBRD only,IBD,2006,1997385936.0
IBRD only,IBD,2005,1974327778.0
IBRD only,IBD,2004,1943055096.0
IBRD only,IBD,2003,1910484913.0
IBRD only,IBD,2002,1880060016.0
IBRD only,IBD,2001,1851548761.0
IBRD only,IBD,2000,1822455997.0
IBRD only,IBD,1999,1792774257.0
IBRD only,IBD,1998,1757102127.0
IBRD only,IBD,1997,1725466610.0
IBRD only,IBD,1996,1694843043.0
IBRD only,IBD,1995,1668193038.0
IBRD only,IBD,1994,1639826383.0
IBRD only,IBD,1993,1612335514.0
IBRD only,IBD,1992,1590017159.0
IBRD only,IBD,1991,1563787109.0
IBRD only,IBD,1990,1537818977.0
IDA & IBRD total,IBT,2025,3101735104.0
IDA & IBRD total,IBT,2024,3066018141.0
IDA & IBRD total,IBT,2023,3032264085.0
IDA & IBRD total,IBT,2022,2983284498.0
IDA & IBRD total,IBT,2021,2949624004.0
IDA & IBRD total,IBT,2020,2869481090.0
IDA & IBRD total,IBT,2019,2900509021.0
IDA & IBRD total,IBT,2018,2868721750.0
IDA & IBRD total,IBT,2017,2836854797.0
IDA & IBRD total,IBT,2016,2807227470.0
IDA & IBRD total,IBT,2015,2776567962.0
IDA & IBRD total,IBT,2014,2743210354.0
IDA & IBRD total,IBT,2013,2713605940.0
IDA & IBRD total,IBT,2012,2681802501.0
IDA & IBRD total,IBT,2011,2653081758.0
IDA & IBRD total,IBT,2010,2618483125.0
IDA & IBRD total,IBT,2009,2588847059.0
IDA & IBRD total,IBT,2008,2557433389.0
IDA & IBRD total,IBT,2007,2527451860.0
IDA & IBRD total,IBT,2006,2491481635.0
IDA & IBRD total,IBT,2005,2456776732.0
IDA & IBRD total,IBT,2004,2413789559.0
IDA & IBRD total,IBT,2003,2369195282.0
IDA & IBRD total,IBT,2002,2326983007.0
IDA & IBRD total,IBT,2001,2286870991.0
IDA & IBRD total,IBT,2000,2246269206.0
IDA & IBRD total,IBT,1999,2205202789.0
IDA & IBRD total,IBT,1998,2157919920.0
IDA & IBRD total,IBT,1997,2114641867.0
IDA & IBRD total,IBT,1996,2072677260.0
IDA & IBRD total,IBT,1995,2034867348.0
IDA & IBRD total,IBT,1994,1996517101.0
IDA & IBRD total,IBT,1993,1958238691.0
IDA & IBRD total,IBT,1992,1926083832.0
IDA & IBRD total,IBT,1991,1890172976.0
IDA & IBRD total,IBT,1990,1854728918.0
IDA blend,IDB,2025,281147023.0
IDA blend,IDB,2024,273985004.0
IDA blend,IDB,2023,267150448.0
IDA blend,IDB,2022,258601611.0
IDA blend,IDB,2021,250395043.0
IDA blend,IDB,2020,240784142.0
IDA blend,IDB,2019,237801666.0
IDA blend,IDB,2018,231993755.0
IDA blend,IDB,2017,227584636.0
IDA blend,IDB,2016,223416009.0
IDA blend,IDB,2015,218804989.0
IDA blend,IDB,2014,212528039.0
IDA blend,IDB,2013,208409718.0
IDA blend,IDB,2012,203426451.0
IDA blend,IDB,2011,198044261.0
IDA blend,IDB,2010,193217910.0
IDA blend,IDB,2009,187687441.0
IDA blend,IDB,2008,181999691.0
IDA blend,IDB,2007,177016125.0
IDA blend,IDB,2006,172070260.0
IDA blend,IDB,2005,167851286.0
IDA blend,IDB,2004,163728379.0
IDA blend,IDB,2003,159140588.0
IDA blend,IDB,2002,154838013.0
IDA blend,IDB,2001,150656444.0
IDA blend,IDB,2000,146299153.0
IDA blend,IDB,1999,141989406.0
IDA blend,IDB,1998,137663519.0
IDA blend,IDB,1997,133750918.0
IDA blend,IDB,1996,129128837.0
IDA blend,IDB,1995,124774660.0
IDA blend,IDB,1994,121610863.0
IDA blend,IDB,1993,117799559.0
IDA blend,IDB,1992,114569406.0
IDA blend,IDB,1991,110935694.0
IDA blend,IDB,1990,106930301.0
IDA only,IDX,2025,476996198.0
IDA only,IDX,2024,464828039.0
IDA only,IDX,2023,459791815.0
IDA only,IDX,2022,459683467.0
IDA only,IDX,2021,445815170.0
IDA only,IDX,2020,435623480.0
IDA only,IDX,2019,427934259.0
IDA only,IDX,2018,418116607.0
IDA only,IDX,2017,407781375.0
IDA only,IDX,2016,397745899.0
IDA only,IDX,2015,389718502.0
IDA only,IDX,2014,382997224.0
IDA only,IDX,2013,377383789.0
IDA only,IDX,2012,367662188.0
IDA only,IDX,2011,362750398.0
IDA only,IDX,2010,353568800.0
IDA only,IDX,2009,345064856.0
IDA only,IDX,2008,336935762.0
IDA only,IDX,2007,329517163.0
IDA only,IDX,2006,322025438.0
IDA only,IDX,2005,314597668.0
IDA only,IDX,2004,307006084.0
IDA only,IDX,2003,299569782.0
IDA only,IDX,2002,292084979.0
IDA only,IDX,2001,284665787.0
IDA only,IDX,2000,277514056.0
IDA only,IDX,1999,270439126.0
IDA only,IDX,1998,263154274.0
IDA only,IDX,1997,255424339.0
IDA only,IDX,1996,248705379.0
IDA only,IDX,1995,241899649.0
IDA only,IDX,1994,235079855.0
IDA only,IDX,1993,228103618.0
IDA only,IDX,1992,221497267.0
IDA only,IDX,1991,215450174.0
IDA only,IDX,1990,209979641.0
IDA total,IDA,2025,758143220.0
IDA total,IDA,2024,738813043.0
IDA total,IDA,2023,726942262.0
IDA total,IDA,2022,718285078.0
IDA total,IDA,2021,696210214.0
IDA total,IDA,2020,676407622.0
IDA total,IDA,2019,665735925.0
IDA total,IDA,2018,650110362.0
IDA total,IDA,2017,635366011.0
IDA total,IDA,2016,621161908.0
IDA total,IDA,2015,608523491.0
IDA total,IDA,2014,595525263.0
IDA total,IDA,2013,585793508.0
IDA total,IDA,2012,571088639.0
IDA total,IDA,2011,560794659.0
IDA total,IDA,2010,546786710.0
IDA total,IDA,2009,532752297.0
IDA total,IDA,2008,518935453.0
IDA total,IDA,2007,506533287.0
IDA total,IDA,2006,494095698.0
IDA total,IDA,2005,482448954.0
IDA total,IDA,2004,470734463.0
IDA total,IDA,2003,458710369.0
IDA total,IDA,2002,446922992.0
IDA total,IDA,2001,435322231.0
IDA total,IDA,2000,423813210.0
IDA total,IDA,1999,412428532.0
IDA total,IDA,1998,400817793.0
IDA total,IDA,1997,389175257.0
IDA total,IDA,1996,377834216.0
IDA total,IDA,1995,366674309.0
IDA total,IDA,1994,356690718.0
IDA total,IDA,1993,345903177.0
IDA total,IDA,1992,336066672.0
IDA total,IDA,1991,326385867.0
IDA total,IDA,1990,316909942.0
Late-demographic dividend,LTE,2025,1235240312.0
Late-demographic dividend,LTE,2024,1235209187.0
Late-demographic dividend,LTE,2023,1239998465.0
Late-demographic dividend,LTE,2022,1232980151.0
Late-demographic dividend,LTE,2021,1237088727.0
Late-demographic dividend,LTE,2020,1209812670.0
Late-demographic dividend,LTE,2019,1235061427.0
Late-demographic dividend,LTE,2018,1233504062.0
Late-demographic dividend,LTE,2017,1231886795.0
Late-demographic dividend,LTE,2016,1230062846.0
Late-demographic dividend,LTE,2015,1227012951.0
Late-demographic dividend,LTE,2014,1221467950.0
Late-demographic dividend,LTE,2013,1215739356.0
Late-demographic dividend,LTE,2012,1212629692.0
Late-demographic dividend,LTE,2011,1207540880.0
Late-demographic dividend,LTE,2010,1198527144.0
Late-demographic dividend,LTE,2009,1193740208.0
Late-demographic dividend,LTE,2008,1185292409.0
Late-demographic dividend,LTE,2007,1175140454.0
Late-demographic dividend,LTE,2006,1164219507.0
Late-demographic dividend,LTE,2005,1151560273.0
Late-demographic dividend,LTE,2004,1135708497.0
Late-demographic dividend,LTE,2003,1120549183.0
Late-demographic dividend,LTE,2002,1106198629.0
Late-demographic dividend,LTE,2001,1090479742.0
Late-demographic dividend,LTE,2000,1076217553.0
Late-demographic dividend,LTE,1999,1064838634.0
Late-demographic dividend,LTE,1998,1049390932.0
Late-demographic dividend,LTE,1997,1037370441.0
Late-demographic dividend,LTE,1996,1025041786.0
Late-demographic dividend,LTE,1995,1015728785.0
Late-demographic dividend,LTE,1994,1004234628.0
Late-demographic dividend,LTE,1993,994535635.0
Late-demographic dividend,LTE,1992,985186047.0
Late-demographic dividend,LTE,1991,974207955.0
Late-demographic dividend,LTE,1990,963098403.0
Latin America & Caribbean,LCN,2025,325056761.0
Latin America & Caribbean,LCN,2024,321771564.0
Latin America & Caribbean,LCN,2023,317284225.0
Latin America & Caribbean,LCN,2022,313902845.0
Latin America & Caribbean,LCN,2021,306628093.0
Latin America & Caribbean,LCN,2020,291695636.0
Latin America & Caribbean,LCN,2019,308772263.0
Latin America & Caribbean,LCN,2018,304225889.0
Latin America & Caribbean,LCN,2017,299903476.0
Latin America & Caribbean,LCN,2016,295282439.0
Latin America & Caribbean,LCN,2015,291384308.0
Latin America & Caribbean,LCN,2014,286574902.0
Latin America & Caribbean,LCN,2013,283448286.0
Latin America & Caribbean,LCN,2012,280169246.0
Latin America & Caribbean,LCN,2011,275085489.0
Latin America & Caribbean,LCN,2010,272041763.0
Latin America & Caribbean,LCN,2009,269464817.0
Latin America & Caribbean,LCN,2008,263981719.0
Latin America & Caribbean,LCN,2007,259689586.0
Latin America & Caribbean,LCN,2006,255614787.0
Latin America & Caribbean,LCN,2005,250184049.0
Latin America & Caribbean,LCN,2004,244250357.0
Latin America & Caribbean,LCN,2003,238169171.0
Latin America & Caribbean,LCN,2002,232689719.0
Latin America & Caribbean,LCN,2001,227866997.0
Latin America & Caribbean,LCN,2000,223044186.0
Latin America & Caribbean,LCN,1999,218915523.0
Latin America & Caribbean,LCN,1998,214215697.0
Latin America & Caribbean,LCN,1997,208956673.0
Latin America & Caribbean,LCN,1996,201892419.0
Latin America & Caribbean,LCN,1995,198793581.0
Latin America & Caribbean,LCN,1994,193540629.0
Latin America & Caribbean,LCN,1993,188360654.0
Latin America & Caribbean,LCN,1992,182852626.0
Latin America & Caribbean,LCN,1991,177642816.0
Latin America & Caribbean,LCN,1990,172865769.0
Latin America & Caribbean (excluding high income),LAC,2025,294455979.0
Latin America & Caribbean (excluding high income),LAC,2024,291457446.0
Latin America & Caribbean (excluding high income),LAC,2023,287654224.0
Latin America & Caribbean (excluding high income),LAC,2022,284730318.0
Latin America & Caribbean (excluding high income),LAC,2021,278731855.0
Latin America & Caribbean (excluding high income),LAC,2020,264250676.0
Latin America & Caribbean (excluding high income),LAC,2019,278563321.0
Latin America & Caribbean (excluding high income),LAC,2018,273358097.0
Latin America & Caribbean (excluding high income),LAC,2017,268765807.0
Latin America & Caribbean (excluding high income),LAC,2016,264128469.0
Latin America & Caribbean (excluding high income),LAC,2015,260381548.0
Latin America & Caribbean (excluding high income),LAC,2014,255807988.0
Latin America & Caribbean (excluding high income),LAC,2013,253059244.0
Latin America & Caribbean (excluding high income),LAC,2012,250099679.0
Latin America & Caribbean (excluding high income),LAC,2011,245495804.0
Latin America & Caribbean (excluding high income),LAC,2010,243029668.0
Latin America & Caribbean (excluding high income),LAC,2009,241068649.0
Latin America & Caribbean (excluding high income),LAC,2008,235860204.0
Latin America & Caribbean (excluding high income),LAC,2007,232153915.0
Latin America & Caribbean (excluding high income),LAC,2006,228578256.0
Latin America & Caribbean (excluding high income),LAC,2005,223895108.0
Latin America & Caribbean (excluding high income),LAC,2004,218692432.0
Latin America & Caribbean (excluding high income),LAC,2003,213351756.0
Latin America & Caribbean (excluding high income),LAC,2002,208303960.0
Latin America & Caribbean (excluding high income),LAC,2001,203727511.0
Latin America & Caribbean (excluding high income),LAC,2000,199384117.0
Latin America & Caribbean (excluding high income),LAC,1999,195627811.0
Latin America & Caribbean (excluding high income),LAC,1998,191274235.0
Latin America & Caribbean (excluding high income),LAC,1997,186563453.0
Latin America & Caribbean (excluding high income),LAC,1996,180105360.0
Latin America & Caribbean (excluding high income),LAC,1995,177526216.0
Latin America & Caribbean (excluding high income),LAC,1994,172895291.0
Latin America & Caribbean (excluding high income),LAC,1993,168222407.0
Latin America & Caribbean (excluding high income),LAC,1992,163264671.0
Latin America & Caribbean (excluding high income),LAC,1991,158634065.0
Latin America & Caribbean (excluding high income),LAC,1990,154486711.0
Latin America & the Caribbean (IDA & IBRD countries),TLA,2025,318696994.0
Latin America & the Caribbean (IDA & IBRD countries),TLA,2024,315378651.0
Latin America & the Caribbean (IDA & IBRD countries),TLA,2023,310856947.0
Latin America & the Caribbean (IDA & IBRD countries),TLA,2022,307429845.0
Latin America & the Caribbean (IDA & IBRD countries),TLA,2021,300237632.0
Latin America & the Caribbean (IDA & IBRD countries),TLA,2020,285373071.0
Latin America & the Caribbean (IDA & IBRD countries),TLA,2019,302190069.0
Latin America & the Caribbean (IDA & IBRD countries),TLA,2018,297637851.0
Latin America & the Caribbean (IDA & IBRD countries),TLA,2017,293285243.0
Latin America & the Caribbean (IDA & IBRD countries),TLA,2016,288656927.0
Latin America & the Caribbean (IDA & IBRD countries),TLA,2015,284768255.0
Latin America & the Caribbean (IDA & IBRD countries),TLA,2014,279971494.0
Latin America & the Caribbean (IDA & IBRD countries),TLA,2013,276831935.0
Latin America & the Caribbean (IDA & IBRD countries),TLA,2012,273561216.0
Latin America & the Caribbean (IDA & IBRD countries),TLA,2011,268486961.0
Latin America & the Caribbean (IDA & IBRD countries),TLA,2010,265429742.0
Latin America & the Caribbean (IDA & IBRD countries),TLA,2009,262772129.0
Latin America & the Caribbean (IDA & IBRD countries),TLA,2008,257376490.0
Latin America & the Caribbean (IDA & IBRD countries),TLA,2007,253077765.0
Latin America & the Caribbean (IDA & IBRD countries),TLA,2006,249011371.0
Latin America & the Caribbean (IDA & IBRD countries),TLA,2005,243619426.0
Latin America & the Caribbean (IDA & IBRD countries),TLA,2004,237774641.0
Latin America & the Caribbean (IDA & IBRD countries),TLA,2003,231745011.0
Latin America & the Caribbean (IDA & IBRD countries),TLA,2002,226327443.0
Latin America & the Caribbean (IDA & IBRD countries),TLA,2001,221553599.0
Latin America & the Caribbean (IDA & IBRD countries),TLA,2000,216788322.0
Latin America & the Caribbean (IDA & IBRD countries),TLA,1999,212679233.0
Latin America & the Caribbean (IDA & IBRD countries),TLA,1998,208036609.0
Latin America & the Caribbean (IDA & IBRD countries),TLA,1997,202830624.0
Latin America & the Caribbean (IDA & IBRD countries),TLA,1996,195851011.0
Latin America & the Caribbean (IDA & IBRD countries),TLA,1995,192837039.0
Latin America & the Caribbean (IDA & IBRD countries),TLA,1994,187624375.0
Latin America & the Caribbean (IDA & IBRD countries),TLA,1993,182491887.0
Latin America & the Caribbean (IDA & IBRD countries),TLA,1992,177072176.0
Latin America & the Caribbean (IDA & IBRD countries),TLA,1991,171919492.0
Latin America & the Caribbean (IDA & IBRD countries),TLA,1990,167242341.0
Least developed countries: UN classification,LDC,2025,451140756.0
Least developed countries: UN classification,LDC,2024,439273091.0
Least developed countries: UN classification,LDC,2023,434909661.0
Least developed countries: UN classification,LDC,2022,434692733.0
Least developed countries: UN classification,LDC,2021,421254891.0
Least developed countries: UN classification,LDC,2020,410860391.0
Least developed countries: UN classification,LDC,2019,402581959.0
Least developed countries: UN classification,LDC,2018,392881756.0
Least developed countries: UN classification,LDC,2017,382526630.0
Least developed countries: UN classification,LDC,2016,372638409.0
Least developed countries: UN classification,LDC,2015,364637398.0
Least developed countries: UN classification,LDC,2014,358081734.0
Least developed countries: UN classification,LDC,2013,352112420.0
Least developed countries: UN classification,LDC,2012,341796854.0
Least developed countries: UN classification,LDC,2011,336226275.0
Least developed countries: UN classification,LDC,2010,327285971.0
Least developed countries: UN classification,LDC,2009,319135928.0
Least developed countries: UN classification,LDC,2008,311187126.0
Least developed countries: UN classification,LDC,2007,304071834.0
Least developed countries: UN classification,LDC,2006,296937725.0
Least developed countries: UN classification,LDC,2005,289833147.0
Least developed countries: UN classification,LDC,2004,282530485.0
Least developed countries: UN classification,LDC,2003,275366446.0
Least developed countries: UN classification,LDC,2002,268226972.0
Least developed countries: UN classification,LDC,2001,261219338.0
Least developed countries: UN classification,LDC,2000,254495551.0
Least developed countries: UN classification,LDC,1999,247820760.0
Least developed countries: UN classification,LDC,1998,241006426.0
Least developed countries: UN classification,LDC,1997,234342233.0
Least developed countries: UN classification,LDC,1996,228134609.0
Least developed countries: UN classification,LDC,1995,221924025.0
Least developed countries: UN classification,LDC,1994,215321959.0
Least developed countries: UN classification,LDC,1993,208900962.0
Least developed countries: UN classification,LDC,1992,202843057.0
Least developed countries: UN classification,LDC,1991,197043272.0
Least developed countries: UN classification,LDC,1990,191742476.0
Low & middle income,LMY,2025,2934992222.0
Low & middle income,LMY,2024,2899863061.0
Low & middle income,LMY,2023,2867901764.0
Low & middle income,LMY,2022,2822524757.0
Low & middle income,LMY,2021,2791214487.0
Low & middle income,LMY,2020,2712611805.0
Low & middle income,LMY,2019,2740701553.0
Low & middle income,LMY,2018,2707730157.0
Low & middle income,LMY,2017,2675823043.0
Low & middle income,LMY,2016,2646407942.0
Low & middle income,LMY,2015,2616344475.0
Low & middle income,LMY,2014,2583468718.0
Low & middle income,LMY,2013,2554827665.0
Low & middle income,LMY,2012,2524440775.0
Low & middle income,LMY,2011,2497602466.0
Low & middle income,LMY,2010,2464990718.0
Low & middle income,LMY,2009,2437802547.0
Low & middle income,LMY,2008,2407211337.0
Low & middle income,LMY,2007,2379670418.0
Low & middle income,LMY,2006,2346109473.0
Low & middle income,LMY,2005,2313345235.0
Low & middle income,LMY,2004,2272404358.0
Low & middle income,LMY,2003,2230209897.0
Low & middle income,LMY,2002,2188822010.0
Low & middle income,LMY,2001,2150008066.0
Low & middle income,LMY,2000,2109589925.0
Low & middle income,LMY,1999,2069662948.0
Low & middle income,LMY,1998,2027502260.0
Low & middle income,LMY,1997,1984714749.0
Low & middle income,LMY,1996,1942537186.0
Low & middle income,LMY,1995,1904731882.0
Low & middle income,LMY,1994,1867154054.0
Low & middle income,LMY,1993,1827935382.0
Low & middle income,LMY,1992,1794801929.0
Low & middle income,LMY,1991,1759382899.0
Low & middle income,LMY,1990,1725092337.0
"Middle East, North Africa, Afghanistan & Pakistan",MEA,2025,263551138.0
"Middle East, North Africa, Afghanistan & Pakistan",MEA,2024,258274429.0
"Middle East, North Africa, Afghanistan & Pakistan",MEA,2023,254188926.0
"Middle East, North Africa, Afghanistan & Pakistan",MEA,2022,246671299.0
"Middle East, North Africa, Afghanistan & Pakistan",MEA,2021,239918913.0
"Middle East, North Africa, Afghanistan & Pakistan",MEA,2020,233528038.0
"Middle East, North Africa, Afghanistan & Pakistan",MEA,2019,234232779.0
"Middle East, North Africa, Afghanistan & Pakistan",MEA,2018,230131011.0
"Middle East, North Africa, Afghanistan & Pakistan",MEA,2017,228174472.0
"Middle East, North Africa, Afghanistan & Pakistan",MEA,2016,225854003.0
"Middle East, North Africa, Afghanistan & Pakistan",MEA,2015,221047298.0
"Middle East, North Africa, Afghanistan & Pakistan",MEA,2014,215604730.0
"Middle East, North Africa, Afghanistan & Pakistan",MEA,2013,211785855.0
"Middle East, North Africa, Afghanistan & Pakistan",MEA,2012,206705585.0
"Middle East, North Africa, Afghanistan & Pakistan",MEA,2011,201104762.0
"Middle East, North Africa, Afghanistan & Pakistan",MEA,2010,197402102.0
"Middle East, North Africa, Afghanistan & Pakistan",MEA,2009,191523583.0
"Middle East, North Africa, Afghanistan & Pakistan",MEA,2008,185012391.0
"Middle East, North Africa, Afghanistan & Pakistan",MEA,2007,180714873.0
"Middle East, North Africa, Afghanistan & Pakistan",MEA,2006,174747469.0
"Middle East, North Africa, Afghanistan & Pakistan",MEA,2005,169398028.0
"Middle East, North Africa, Afghanistan & Pakistan",MEA,2004,163574534.0
"Middle East, North Africa, Afghanistan & Pakistan",MEA,2003,157527116.0
"Middle East, North Africa, Afghanistan & Pakistan",MEA,2002,151981620.0
"Middle East, North Africa, Afghanistan & Pakistan",MEA,2001,148305806.0
"Middle East, North Africa, Afghanistan & Pakistan",MEA,2000,144270404.0
"Middle East, North Africa, Afghanistan & Pakistan",MEA,1999,139809747.0
"Middle East, North Africa, Afghanistan & Pakistan",MEA,1998,134270502.0
"Middle East, North Africa, Afghanistan & Pakistan",MEA,1997,130317951.0
"Middle East, North Africa, Afghanistan & Pakistan",MEA,1996,125732150.0
"Middle East, North Africa, Afghanistan & Pakistan",MEA,1995,121617147.0
"Middle East, North Africa, Afghanistan & Pakistan",MEA,1994,119057889.0
"Middle East, North Africa, Afghanistan & Pakistan",MEA,1993,115433432.0
"Middle East, North Africa, Afghanistan & Pakistan",MEA,1992,112237526.0
"Middle East, North Africa, Afghanistan & Pakistan",MEA,1991,108699793.0
"Middle East, North Africa, Afghanistan & Pakistan",MEA,1990,105175299.0
"Middle East, North Africa, Afghanistan & Pakistan (excluding high income)",MNA,2025,224195301.0
"Middle East, North Africa, Afghanistan & Pakistan (excluding high income)",MNA,2024,219757905.0
"Middle East, North Africa, Afghanistan & Pakistan (excluding high income)",MNA,2023,217277099.0
"Middle East, North Africa, Afghanistan & Pakistan (excluding high income)",MNA,2022,211962088.0
"Middle East, North Africa, Afghanistan & Pakistan (excluding high income)",MNA,2021,207285663.0
"Middle East, North Africa, Afghanistan & Pakistan (excluding high income)",MNA,2020,200683802.0
"Middle East, North Africa, Afghanistan & Pakistan (excluding high income)",MNA,2019,201988416.0
"Middle East, North Africa, Afghanistan & Pakistan (excluding high income)",MNA,2018,198392569.0
"Middle East, North Africa, Afghanistan & Pakistan (excluding high income)",MNA,2017,196443436.0
"Middle East, North Africa, Afghanistan & Pakistan (excluding high income)",MNA,2016,194299428.0
"Middle East, North Africa, Afghanistan & Pakistan (excluding high income)",MNA,2015,191061094.0
"Middle East, North Africa, Afghanistan & Pakistan (excluding high income)",MNA,2014,187451575.0
"Middle East, North Africa, Afghanistan & Pakistan (excluding high income)",MNA,2013,185047002.0
"Middle East, North Africa, Afghanistan & Pakistan (excluding high income)",MNA,2012,181769016.0
"Middle East, North Africa, Afghanistan & Pakistan (excluding high income)",MNA,2011,178053392.0
"Middle East, North Africa, Afghanistan & Pakistan (excluding high income)",MNA,2010,175798739.0
"Middle East, North Africa, Afghanistan & Pakistan (excluding high income)",MNA,2009,170651507.0
"Middle East, North Africa, Afghanistan & Pakistan (excluding high income)",MNA,2008,165320616.0
"Middle East, North Africa, Afghanistan & Pakistan (excluding high income)",MNA,2007,162398790.0
"Middle East, North Africa, Afghanistan & Pakistan (excluding high income)",MNA,2006,157797902.0
"Middle East, North Africa, Afghanistan & Pakistan (excluding high income)",MNA,2005,153526224.0
"Middle East, North Africa, Afghanistan & Pakistan (excluding high income)",MNA,2004,148567054.0
"Middle East, North Africa, Afghanistan & Pakistan (excluding high income)",MNA,2003,143295220.0
"Middle East, North Africa, Afghanistan & Pakistan (excluding high income)",MNA,2002,138481375.0
"Middle East, North Africa, Afghanistan & Pakistan (excluding high income)",MNA,2001,135420902.0
"Middle East, North Africa, Afghanistan & Pakistan (excluding high income)",MNA,2000,131972078.0
"Middle East, North Africa, Afghanistan & Pakistan (excluding high income)",MNA,1999,128191943.0
"Middle East, North Africa, Afghanistan & Pakistan (excluding high income)",MNA,1998,123146359.0
"Middle East, North Africa, Afghanistan & Pakistan (excluding high income)",MNA,1997,119618127.0
"Middle East, North Africa, Afghanistan & Pakistan (excluding high income)",MNA,1996,115438192.0
"Middle East, North Africa, Afghanistan & Pakistan (excluding high income)",MNA,1995,111689737.0
"Middle East, North Africa, Afghanistan & Pakistan (excluding high income)",MNA,1994,109505497.0
"Middle East, North Africa, Afghanistan & Pakistan (excluding high income)",MNA,1993,106279855.0
"Middle East, North Africa, Afghanistan & Pakistan (excluding high income)",MNA,1992,103527867.0
"Middle East, North Africa, Afghanistan & Pakistan (excluding high income)",MNA,1991,100522920.0
"Middle East, North Africa, Afghanistan & Pakistan (excluding high income)",MNA,1990,97288108.0
"Middle East, North Africa, Afghanistan & Pakistan (IDA & IBRD)",TMN,2025,224195301.0
"Middle East, North Africa, Afghanistan & Pakistan (IDA & IBRD)",TMN,2024,219757905.0
"Middle East, North Africa, Afghanistan & Pakistan (IDA & IBRD)",TMN,2023,217277099.0
"Middle East, North Africa, Afghanistan & Pakistan (IDA & IBRD)",TMN,2022,210570858.0
"Middle East, North Africa, Afghanistan & Pakistan (IDA & IBRD)",TMN,2021,205983974.0
"Middle East, North Africa, Afghanistan & Pakistan (IDA & IBRD)",TMN,2020,199490412.0
"Middle East, North Africa, Afghanistan & Pakistan (IDA & IBRD)",TMN,2019,200733998.0
"Middle East, North Africa, Afghanistan & Pakistan (IDA & IBRD)",TMN,2018,197194401.0
"Middle East, North Africa, Afghanistan & Pakistan (IDA & IBRD)",TMN,2017,195261884.0
"Middle East, North Africa, Afghanistan & Pakistan (IDA & IBRD)",TMN,2016,193150148.0
"Middle East, North Africa, Afghanistan & Pakistan (IDA & IBRD)",TMN,2015,189936791.0
"Middle East, North Africa, Afghanistan & Pakistan (IDA & IBRD)",TMN,2014,186403823.0
"Middle East, North Africa, Afghanistan & Pakistan (IDA & IBRD)",TMN,2013,184036846.0
"Middle East, North Africa, Afghanistan & Pakistan (IDA & IBRD)",TMN,2012,180791544.0
"Middle East, North Africa, Afghanistan & Pakistan (IDA & IBRD)",TMN,2011,177113204.0
"Middle East, North Africa, Afghanistan & Pakistan (IDA & IBRD)",TMN,2010,174918924.0
"Middle East, North Africa, Afghanistan & Pakistan (IDA & IBRD)",TMN,2009,169811831.0
"Middle East, North Africa, Afghanistan & Pakistan (IDA & IBRD)",TMN,2008,164514839.0
"Middle East, North Africa, Afghanistan & Pakistan (IDA & IBRD)",TMN,2007,161613236.0
"Middle East, North Africa, Afghanistan & Pakistan (IDA & IBRD)",TMN,2006,157065535.0
"Middle East, North Africa, Afghanistan & Pakistan (IDA & IBRD)",TMN,2005,152820303.0
"Middle East, North Africa, Afghanistan & Pakistan (IDA & IBRD)",TMN,2004,147893877.0
"Middle East, North Africa, Afghanistan & Pakistan (IDA & IBRD)",TMN,2003,142636613.0
"Middle East, North Africa, Afghanistan & Pakistan (IDA & IBRD)",TMN,2002,137892189.0
"Middle East, North Africa, Afghanistan & Pakistan (IDA & IBRD)",TMN,2001,134839824.0
"Middle East, North Africa, Afghanistan & Pakistan (IDA & IBRD)",TMN,2000,131353894.0
"Middle East, North Africa, Afghanistan & Pakistan (IDA & IBRD)",TMN,1999,127595043.0
"Middle East, North Africa, Afghanistan & Pakistan (IDA & IBRD)",TMN,1998,122567332.0
"Middle East, North Africa, Afghanistan & Pakistan (IDA & IBRD)",TMN,1997,119055434.0
"Middle East, North Africa, Afghanistan & Pakistan (IDA & IBRD)",TMN,1996,114901669.0
"Middle East, North Africa, Afghanistan & Pakistan (IDA & IBRD)",TMN,1995,111178801.0
"Middle East, North Africa, Afghanistan & Pakistan (IDA & IBRD)",TMN,1994,109018030.0
"Middle East, North Africa, Afghanistan & Pakistan (IDA & IBRD)",TMN,1993,105814585.0
"Middle East, North Africa, Afghanistan & Pakistan (IDA & IBRD)",TMN,1992,103083427.0
"Middle East, North Africa, Afghanistan & Pakistan (IDA & IBRD)",TMN,1991,100097950.0
"Middle East, North Africa, Afghanistan & Pakistan (IDA & IBRD)",TMN,1990,96881978.0
Middle income,MIC,2025,2721182554.0
Middle income,MIC,2024,2692443816.0
Middle income,MIC,2023,2661849436.0
Middle income,MIC,2022,2612246970.0
Middle income,MIC,2021,2588269833.0
Middle income,MIC,2020,2515352913.0
Middle income,MIC,2019,2548012368.0
Middle income,MIC,2018,2520637149.0
Middle income,MIC,2017,2494166105.0
Middle income,MIC,2016,2468928489.0
Middle income,MIC,2015,2442783235.0
Middle income,MIC,2014,2412557657.0
Middle income,MIC,2013,2385963355.0
Middle income,MIC,2012,2361443272.0
Middle income,MIC,2011,2335685884.0
Middle income,MIC,2010,2308283642.0
Middle income,MIC,2009,2284966416.0
Middle income,MIC,2008,2258115601.0
Middle income,MIC,2007,2234167934.0
Middle income,MIC,2006,2204171586.0
Middle income,MIC,2005,2174956716.0
Middle income,MIC,2004,2137670331.0
Middle income,MIC,2003,2099053105.0
Middle income,MIC,2002,2061217141.0
Middle income,MIC,2001,2025820085.0
Middle income,MIC,2000,1988503402.0
Middle income,MIC,1999,1951718184.0
Middle income,MIC,1998,1912852113.0
Middle income,MIC,1997,1873083545.0
Middle income,MIC,1996,1833583171.0
Middle income,MIC,1995,1798577902.0
Middle income,MIC,1994,1763955201.0
Middle income,MIC,1993,1727455136.0
Middle income,MIC,1992,1697013142.0
Middle income,MIC,1991,1664150448.0
Middle income,MIC,1990,1631997272.0
North America,NAC,2025,197682899.0
North America,NAC,2024,196911992.0
North America,NAC,2023,194490136.0
North America,NAC,2022,190948756.0
North America,NAC,2021,188187848.0
North America,NAC,2020,187070392.0
North America,NAC,2019,189719949.0
North America,NAC,2018,187393348.0
North America,NAC,2017,185752733.0
North America,NAC,2016,183743934.0
North America,NAC,2015,181633363.0
North America,NAC,2014,180471162.0
North America,NAC,2013,179677425.0
North America,NAC,2012,179014899.0
North America,NAC,2011,177649654.0
North America,NAC,2010,177264386.0
North America,NAC,2009,177100743.0
North America,NAC,2008,176852461.0
North America,NAC,2007,174878429.0
North America,NAC,2006,173247280.0
North America,NAC,2005,170826613.0
North America,NAC,2004,168772982.0
North America,NAC,2003,167333986.0
North America,NAC,2002,166183826.0
North America,NAC,2001,164668371.0
North America,NAC,2000,163326810.0
North America,NAC,1999,161007619.0
North America,NAC,1998,158742914.0
North America,NAC,1997,156766971.0
North America,NAC,1996,153946251.0
North America,NAC,1995,151640858.0
North America,NAC,1994,149527709.0
North America,NAC,1993,147043356.0
North America,NAC,1992,145543893.0
North America,NAC,1991,143464542.0
North America,NAC,1990,142478544.0
OECD members,OED,2025,708488429.0
OECD members,OED,2024,707083437.0
OECD members,OED,2023,700414009.0
OECD members,OED,2022,689667145.0
OECD members,OED,2021,678626791.0
OECD members,OED,2020,668482668.0
OECD members,OED,2019,680316762.0
OECD members,OED,2018,673307060.0
OECD members,OED,2017,666084692.0
OECD members,OED,2016,659300569.0
OECD members,OED,2015,652520956.0
OECD members,OED,2014,647131411.0
OECD members,OED,2013,643097257.0
OECD members,OED,2012,638695469.0
OECD members,OED,2011,632069251.0
OECD members,OED,2010,628040456.0
OECD members,OED,2009,624077515.0
OECD members,OED,2008,619561705.0
OECD members,OED,2007,612606020.0
OECD members,OED,2006,606958877.0
OECD members,OED,2005,599139295.0
OECD members,OED,2004,591527316.0
OECD members,OED,2003,586883275.0
OECD members,OED,2002,581559644.0
OECD members,OED,2001,576692280.0
OECD members,OED,2000,572772220.0
OECD members,OED,1999,568445413.0
OECD members,OED,1998,563000475.0
OECD members,OED,1997,558124914.0
OECD members,OED,1996,550852890.0
OECD members,OED,1995,544217901.0
OECD members,OED,1994,538967155.0
OECD members,OED,1993,531791898.0
OECD members,OED,1992,528610099.0
OECD members,OED,1991,523539743.0
OECD members,OED,1990,516494733.0
Other small states,OSS,2025,5820376.0
Other small states,OSS,2024,5777142.0
Other small states,OSS,2023,5723536.0
Other small states,OSS,2022,5562778.0
Other small states,OSS,2021,5367121.0
Other small states,OSS,2020,5293525.0
Other small states,OSS,2019,5324908.0
Other small states,OSS,2018,5192930.0
Other small states,OSS,2017,5090791.0
Other small states,OSS,2016,4984750.0
Other small states,OSS,2015,4903397.0
Other small states,OSS,2014,4809608.0
Other small states,OSS,2013,4733000.0
Other small states,OSS,2012,4646924.0
Other small states,OSS,2011,4582247.0
Other small states,OSS,2010,4522070.0
Other small states,OSS,2009,4441436.0
Other small states,OSS,2008,4382224.0
Other small states,OSS,2007,4306957.0
Other small states,OSS,2006,4237016.0
Other small states,OSS,2005,4143982.0
Other small states,OSS,2004,4078439.0
Other small states,OSS,2003,4036018.0
Other small states,OSS,2002,3912434.0
Other small states,OSS,2001,3834686.0
Other small states,OSS,2000,3759047.0
Other small states,OSS,1999,3741418.0
Other small states,OSS,1998,3721541.0
Other small states,OSS,1997,3667525.0
Other small states,OSS,1996,3605235.0
Other small states,OSS,1995,3566383.0
Other small states,OSS,1994,3546865.0
Other small states,OSS,1993,3517374.0
Other small states,OSS,1992,3515036.0
Other small states,OSS,1991,3512720.0
Other small states,OSS,1990,3464326.0
Pacific island small states,PSS,2025,1051028.0
Pacific island small states,PSS,2024,1032153.0
Pacific island small states,PSS,2023,1012784.0
Pacific island small states,PSS,2022,993737.0
Pacific island small states,PSS,2021,959356.0
Pacific island small states,PSS,2020,940363.0
Pacific island small states,PSS,2019,956150.0
Pacific island small states,PSS,2018,944987.0
Pacific island small states,PSS,2017,931775.0
Pacific island small states,PSS,2016,916728.0
Pacific island small states,PSS,2015,906035.0
Pacific island small states,PSS,2014,894882.0
Pacific island small states,PSS,2013,888491.0
Pacific island small states,PSS,2012,882351.0
Pacific island small states,PSS,2011,875415.0
Pacific island small states,PSS,2010,854064.0
Pacific island small states,PSS,2009,839358.0
Pacific island small states,PSS,2008,825562.0
Pacific island small states,PSS,2007,811061.0
Pacific island small states,PSS,2006,794875.0
Pacific island small states,PSS,2005,775113.0
Pacific island small states,PSS,2004,770753.0
Pacific island small states,PSS,2003,758112.0
Pacific island small states,PSS,2002,745067.0
Pacific island small states,PSS,2001,730701.0
Pacific island small states,PSS,2000,715789.0
Pacific island small states,PSS,1999,699599.0
Pacific island small states,PSS,1998,683947.0
Pacific island small states,PSS,1997,668429.0
Pacific island small states,PSS,1996,654101.0
Pacific island small states,PSS,1995,641886.0
Pacific island small states,PSS,1994,630778.0
Pacific island small states,PSS,1993,619528.0
Pacific island small states,PSS,1992,608287.0
Pacific island small states,PSS,1991,597731.0
Pacific island small states,PSS,1990,585873.0
Post-demographic dividend,PST,2025,563889652.0
Post-demographic dividend,PST,2024,564089035.0
Post-demographic dividend,PST,2023,559591161.0
Post-demographic dividend,PST,2022,551980094.0
Post-demographic dividend,PST,2021,565488075.0
Post-demographic dividend,PST,2020,562946446.0
Post-demographic dividend,PST,2019,569095135.0
Post-demographic dividend,PST,2018,564637595.0
Post-demographic dividend,PST,2017,560234298.0
Post-demographic dividend,PST,2016,556031757.0
Post-demographic dividend,PST,2015,551638025.0
Post-demographic dividend,PST,2014,548815775.0
Post-demographic dividend,PST,2013,546304035.0
Post-demographic dividend,PST,2012,544019758.0
Post-demographic dividend,PST,2011,540550977.0
Post-demographic dividend,PST,2010,539782933.0
Post-demographic dividend,PST,2009,538964572.0
Post-demographic dividend,PST,2008,537966469.0
Post-demographic dividend,PST,2007,533460932.0
Post-demographic dividend,PST,2006,529102066.0
Post-demographic dividend,PST,2005,523408746.0
Post-demographic dividend,PST,2004,518283018.0
Post-demographic dividend,PST,2003,514642866.0
Post-demographic dividend,PST,2002,511311446.0
Post-demographic dividend,PST,2001,507465696.0
Post-demographic dividend,PST,2000,505253468.0
Post-demographic dividend,PST,1999,501292074.0
Post-demographic dividend,PST,1998,497069645.0
Post-demographic dividend,PST,1997,494089143.0
Post-demographic dividend,PST,1996,488998875.0
Post-demographic dividend,PST,1995,484114234.0
Post-demographic dividend,PST,1994,480708165.0
Post-demographic dividend,PST,1993,476508747.0
Post-demographic dividend,PST,1992,474243162.0
Post-demographic dividend,PST,1991,471180410.0
Post-demographic dividend,PST,1990,466518900.0
Pre-demographic dividend,PRE,2025,435127631.0
Pre-demographic dividend,PRE,2024,421942045.0
Pre-demographic dividend,PRE,2023,413932798.0
Pre-demographic dividend,PRE,2022,410095602.0
Pre-demographic dividend,PRE,2021,395218315.0
Pre-demographic dividend,PRE,2020,380976610.0
Pre-demographic dividend,PRE,2019,373527745.0
Pre-demographic dividend,PRE,2018,363059670.0
Pre-demographic dividend,PRE,2017,352860445.0
Pre-demographic dividend,PRE,2016,344548931.0
Pre-demographic dividend,PRE,2015,334781801.0
Pre-demographic dividend,PRE,2014,325933416.0
Pre-demographic dividend,PRE,2013,318513367.0
Pre-demographic dividend,PRE,2012,307334561.0
Pre-demographic dividend,PRE,2011,301038400.0
Pre-demographic dividend,PRE,2010,291781505.0
Pre-demographic dividend,PRE,2009,284249411.0
Pre-demographic dividend,PRE,2008,276703178.0
Pre-demographic dividend,PRE,2007,269761741.0
Pre-demographic dividend,PRE,2006,263121910.0
Pre-demographic dividend,PRE,2005,256271247.0
Pre-demographic dividend,PRE,2004,249114458.0
Pre-demographic dividend,PRE,2003,242092309.0
Pre-demographic dividend,PRE,2002,235165276.0
Pre-demographic dividend,PRE,2001,228392786.0
Pre-demographic dividend,PRE,2000,222007470.0
Pre-demographic dividend,PRE,1999,215852438.0
Pre-demographic dividend,PRE,1998,209630730.0
Pre-demographic dividend,PRE,1997,203836640.0
Pre-demographic dividend,PRE,1996,198828346.0
Pre-demographic dividend,PRE,1995,193825643.0
Pre-demographic dividend,PRE,1994,187381168.0
Pre-demographic dividend,PRE,1993,180676071.0
Pre-demographic dividend,PRE,1992,174936431.0
Pre-demographic dividend,PRE,1991,169570281.0
Pre-demographic dividend,PRE,1990,164792679.0
Small states,SST,2025,8845185.0
Small states,SST,2024,8767036.0
Small states,SST,2023,8690821.0
Small states,SST,2022,8482721.0
Small states,SST,2021,8192349.0
Small states,SST,2020,8055944.0
Small states,SST,2019,8226695.0
Small states,SST,2018,8083555.0
Small states,SST,2017,7935291.0
Small states,SST,2016,7801495.0
Small states,SST,2015,7696537.0
Small states,SST,2014,7580989.0
Small states,SST,2013,7476785.0
Small states,SST,2012,7360430.0
Small states,SST,2011,7257503.0
Small states,SST,2010,7163271.0
Small states,SST,2009,7056864.0
Small states,SST,2008,6972700.0
Small states,SST,2007,6861251.0
Small states,SST,2006,6756740.0
Small states,SST,2005,6620230.0
Small states,SST,2004,6543384.0
Small states,SST,2003,6448417.0
Small states,SST,2002,6271971.0
Small states,SST,2001,6155149.0
Small states,SST,2000,6040230.0
Small states,SST,1999,5982529.0
Small states,SST,1998,5923919.0
Small states,SST,1997,5830804.0
Small states,SST,1996,5729806.0
Small states,SST,1995,5651380.0
Small states,SST,1994,5590142.0
Small states,SST,1993,5521713.0
Small states,SST,1992,5487587.0
Small states,SST,1991,5453152.0
Small states,SST,1990,5374353.0
South Asia,SAS,2025,709779338.0
South Asia,SAS,2024,699442220.0
South Asia,SAS,2023,681389763.0
South Asia,SAS,2022,661309170.0
South Asia,SAS,2021,640376891.0
South Asia,SAS,2020,619936303.0
South Asia,SAS,2019,617666967.0
South Asia,SAS,2018,608713889.0
South Asia,SAS,2017,599795845.0
South Asia,SAS,2016,588022370.0
South Asia,SAS,2015,579056589.0
South Asia,SAS,2014,569856830.0
South Asia,SAS,2013,560850749.0
South Asia,SAS,2012,552104604.0
South Asia,SAS,2011,547215255.0
South Asia,SAS,2010,542294917.0
South Asia,SAS,2009,538546532.0
South Asia,SAS,2008,535015838.0
South Asia,SAS,2007,531598949.0
South Asia,SAS,2006,527851037.0
South Asia,SAS,2005,524059948.0
South Asia,SAS,2004,513984040.0
South Asia,SAS,2003,503804643.0
South Asia,SAS,2002,493728341.0
South Asia,SAS,2001,483431090.0
South Asia,SAS,2000,472836407.0
South Asia,SAS,1999,459131535.0
South Asia,SAS,1998,445613801.0
South Asia,SAS,1997,431762428.0
South Asia,SAS,1996,418756778.0
South Asia,SAS,1995,406050472.0
South Asia,SAS,1994,394200377.0
South Asia,SAS,1993,384174637.0
South Asia,SAS,1992,374361337.0
South Asia,SAS,1991,365051908.0
South Asia,SAS,1990,356025995.0
South Asia (IDA & IBRD),TSA,2025,709779338.0
South Asia (IDA & IBRD),TSA,2024,699442220.0
South Asia (IDA & IBRD),TSA,2023,681389763.0
South Asia (IDA & IBRD),TSA,2022,661309170.0
South Asia (IDA & IBRD),TSA,2021,640376891.0
South Asia (IDA & IBRD),TSA,2020,619936303.0
South Asia (IDA & IBRD),TSA,2019,617666967.0
South Asia (IDA & IBRD),TSA,2018,608713889.0
South Asia (IDA & IBRD),TSA,2017,599795845.0
South Asia (IDA & IBRD),TSA,2016,588022370.0
South Asia (IDA & IBRD),TSA,2015,579056589.0
South Asia (IDA & IBRD),TSA,2014,569856830.0
South Asia (IDA & IBRD),TSA,2013,560850749.0
South Asia (IDA & IBRD),TSA,2012,552104604.0
South Asia (IDA & IBRD),TSA,2011,547215255.0
South Asia (IDA & IBRD),TSA,2010,542294917.0
South Asia (IDA & IBRD),TSA,2009,538546532.0
South Asia (IDA & IBRD),TSA,2008,535015838.0
South Asia (IDA & IBRD),TSA,2007,531598949.0
South Asia (IDA & IBRD),TSA,2006,527851037.0
South Asia (IDA & IBRD),TSA,2005,524059948.0
South Asia (IDA & IBRD),TSA,2004,513984040.0
South Asia (IDA & IBRD),TSA,2003,503804643.0
South Asia (IDA & IBRD),TSA,2002,493728341.0
South Asia (IDA & IBRD),TSA,2001,483431090.0
South Asia (IDA & IBRD),TSA,2000,472836407.0
South Asia (IDA & IBRD),TSA,1999,459131535.0
South Asia (IDA & IBRD),TSA,1998,445613801.0
South Asia (IDA & IBRD),TSA,1997,431762428.0
South Asia (IDA & IBRD),TSA,1996,418756778.0
South Asia (IDA & IBRD),TSA,1995,406050472.0
South Asia (IDA & IBRD),TSA,1994,394200377.0
South Asia (IDA & IBRD),TSA,1993,384174637.0
South Asia (IDA & IBRD),TSA,1992,374361337.0
South Asia (IDA & IBRD),TSA,1991,365051908.0
South Asia (IDA & IBRD),TSA,1990,356025995.0
Sub-Saharan Africa,SSF,2025,527425163.0
Sub-Saharan Africa,SSF,2024,512194475.0
Sub-Saharan Africa,SSF,2023,501784028.0
Sub-Saharan Africa,SSF,2022,494481549.0
Sub-Saharan Africa,SSF,2021,476317985.0
Sub-Saharan Africa,SSF,2020,460180615.0
Sub-Saharan Africa,SSF,2019,453972241.0
Sub-Saharan Africa,SSF,2018,442242603.0
Sub-Saharan Africa,SSF,2017,430809364.0
Sub-Saharan Africa,SSF,2016,421306460.0
Sub-Saharan Africa,SSF,2015,410807552.0
Sub-Saharan Africa,SSF,2014,400522552.0
Sub-Saharan Africa,SSF,2013,392434993.0
Sub-Saharan Africa,SSF,2012,379402197.0
Sub-Saharan Africa,SSF,2011,371248043.0
Sub-Saharan Africa,SSF,2010,360279814.0
Sub-Saharan Africa,SSF,2009,351658222.0
Sub-Saharan Africa,SSF,2008,343184324.0
Sub-Saharan Africa,SSF,2007,334517985.0
Sub-Saharan Africa,SSF,2006,326024636.0
Sub-Saharan Africa,SSF,2005,317644634.0
Sub-Saharan Africa,SSF,2004,309082440.0
Sub-Saharan Africa,SSF,2003,300652829.0
Sub-Saharan Africa,SSF,2002,292433575.0
Sub-Saharan Africa,SSF,2001,284397024.0
Sub-Saharan Africa,SSF,2000,276637269.0
Sub-Saharan Africa,SSF,1999,269097279.0
Sub-Saharan Africa,SSF,1998,261569369.0
Sub-Saharan Africa,SSF,1997,254433473.0
Sub-Saharan Africa,SSF,1996,247973026.0
Sub-Saharan Africa,SSF,1995,241597731.0
Sub-Saharan Africa,SSF,1994,234674945.0
Sub-Saharan Africa,SSF,1993,227615186.0
Sub-Saharan Africa,SSF,1992,220969346.0
Sub-Saharan Africa,SSF,1991,214376145.0
Sub-Saharan Africa,SSF,1990,207968923.0
Sub-Saharan Africa (excluding high income),SSA,2025,470646102.0
Sub-Saharan Africa (excluding high income),SSA,2024,457094864.0
Sub-Saharan Africa (excluding high income),SSA,2023,448364521.0
Sub-Saharan Africa (excluding high income),SSA,2022,442717094.0
Sub-Saharan Africa (excluding high income),SSA,2021,426354049.0
Sub-Saharan Africa (excluding high income),SSA,2020,411041674.0
Sub-Saharan Africa (excluding high income),SSA,2019,404983232.0
Sub-Saharan Africa (excluding high income),SSA,2018,393850299.0
Sub-Saharan Africa (excluding high income),SSA,2017,383069530.0
Sub-Saharan Africa (excluding high income),SSA,2016,374282402.0
Sub-Saharan Africa (excluding high income),SSA,2015,364517659.0
Sub-Saharan Africa (excluding high income),SSA,2014,354981763.0
Sub-Saharan Africa (excluding high income),SSA,2013,347665406.0
Sub-Saharan Africa (excluding high income),SSA,2012,336239497.0
Sub-Saharan Africa (excluding high income),SSA,2011,329662113.0
Sub-Saharan Africa (excluding high income),SSA,2010,320202967.0
Sub-Saharan Africa (excluding high income),SSA,2009,312999412.0
Sub-Saharan Africa (excluding high income),SSA,2008,305851265.0
Sub-Saharan Africa (excluding high income),SSA,2007,298442361.0
Sub-Saharan Africa (excluding high income),SSA,2006,291134183.0
Sub-Saharan Africa (excluding high income),SSA,2005,283857491.0
Sub-Saharan Africa (excluding high income),SSA,2004,276369927.0
Sub-Saharan Africa (excluding high income),SSA,2003,268972207.0
Sub-Saharan Africa (excluding high income),SSA,2002,261739892.0
Sub-Saharan Africa (excluding high income),SSA,2001,254633607.0
Sub-Saharan Africa (excluding high income),SSA,2000,247728679.0
Sub-Saharan Africa (excluding high income),SSA,1999,240988510.0
Sub-Saharan Africa (excluding high income),SSA,1998,234224222.0
Sub-Saharan Africa (excluding high income),SSA,1997,227821772.0
Sub-Saharan Africa (excluding high income),SSA,1996,222099028.0
Sub-Saharan Africa (excluding high income),SSA,1995,216481991.0
Sub-Saharan Africa (excluding high income),SSA,1994,210330745.0
Sub-Saharan Africa (excluding high income),SSA,1993,204038852.0
Sub-Saharan Africa (excluding high income),SSA,1992,198145190.0
Sub-Saharan Africa (excluding high income),SSA,1991,192488972.0
Sub-Saharan Africa (excluding high income),SSA,1990,187020320.0
Sub-Saharan Africa (IDA & IBRD countries),TSS,2025,527425163.0
Sub-Saharan Africa (IDA & IBRD countries),TSS,2024,512194475.0
Sub-Saharan Africa (IDA & IBRD countries),TSS,2023,501784028.0
Sub-Saharan Africa (IDA & IBRD countries),TSS,2022,494481549.0
Sub-Saharan Africa (IDA & IBRD countries),TSS,2021,476317985.0
Sub-Saharan Africa (IDA & IBRD countries),TSS,2020,460180615.0
Sub-Saharan Africa (IDA & IBRD countries),TSS,2019,453972241.0
Sub-Saharan Africa (IDA & IBRD countries),TSS,2018,442242603.0
Sub-Saharan Africa (IDA & IBRD countries),TSS,2017,430809364.0
Sub-Saharan Africa (IDA & IBRD countries),TSS,2016,421306460.0
Sub-Saharan Africa (IDA & IBRD countries),TSS,2015,410807552.0
Sub-Saharan Africa (IDA & IBRD countries),TSS,2014,400522552.0
Sub-Saharan Africa (IDA & IBRD countries),TSS,2013,392434993.0
Sub-Saharan Africa (IDA & IBRD countries),TSS,2012,379402197.0
Sub-Saharan Africa (IDA & IBRD countries),TSS,2011,371248043.0
Sub-Saharan Africa (IDA & IBRD countries),TSS,2010,360279814.0
Sub-Saharan Africa (IDA & IBRD countries),TSS,2009,351658222.0
Sub-Saharan Africa (IDA & IBRD countries),TSS,2008,343184324.0
Sub-Saharan Africa (IDA & IBRD countries),TSS,2007,334517985.0
Sub-Saharan Africa (IDA & IBRD countries),TSS,2006,326024636.0
Sub-Saharan Africa (IDA & IBRD countries),TSS,2005,317644634.0
Sub-Saharan Africa (IDA & IBRD countries),TSS,2004,309082440.0
Sub-Saharan Africa (IDA & IBRD countries),TSS,2003,300652829.0
Sub-Saharan Africa (IDA & IBRD countries),TSS,2002,292433575.0
Sub-Saharan Africa (IDA & IBRD countries),TSS,2001,284397024.0
Sub-Saharan Africa (IDA & IBRD countries),TSS,2000,276637269.0
Sub-Saharan Africa (IDA & IBRD countries),TSS,1999,269097279.0
Sub-Saharan Africa (IDA & IBRD countries),TSS,1998,261569369.0
Sub-Saharan Africa (IDA & IBRD countries),TSS,1997,254433473.0
Sub-Saharan Africa (IDA & IBRD countries),TSS,1996,247973026.0
Sub-Saharan Africa (IDA & IBRD countries),TSS,1995,241597731.0
Sub-Saharan Africa (IDA & IBRD countries),TSS,1994,234674945.0
Sub-Saharan Africa (IDA & IBRD countries),TSS,1993,227615186.0
Sub-Saharan Africa (IDA & IBRD countries),TSS,1992,220969346.0
Sub-Saharan Africa (IDA & IBRD countries),TSS,1991,214376145.0
Sub-Saharan Africa (IDA & IBRD countries),TSS,1990,207968923.0
World,WLD,2025,3734006209.0
World,WLD,2024,3697524627.0
World,WLD,2023,3657473761.0
World,WLD,2022,3599638706.0
World,WLD,2021,3556319593.0
World,WLD,2020,3473045948.0
World,WLD,2019,3509211723.0
World,WLD,2018,3472041781.0
World,WLD,2017,3435255416.0
World,WLD,2016,3400882046.0
World,WLD,2015,3363643592.0
World,WLD,2014,3325087977.0
World,WLD,2013,3291126988.0
World,WLD,2012,3254767408.0
World,WLD,2011,3220227493.0
World,WLD,2010,3182912494.0
World,WLD,2009,3151288396.0
World,WLD,2008,3117424560.0
World,WLD,2007,3081183201.0
World,WLD,2006,3039229306.0
World,WLD,2005,2997204379.0
World,WLD,2004,2947529378.0
World,WLD,2003,2898063186.0
World,WLD,2002,2851212331.0
World,WLD,2001,2806152532.0
World,WLD,2000,2762443952.0
World,WLD,1999,2716330047.0
World,WLD,1998,2663920914.0
World,WLD,1997,2616772368.0
World,WLD,1996,2568811762.0
World,WLD,1995,2525159147.0
World,WLD,1994,2482468924.0
World,WLD,1993,2439038099.0
World,WLD,1992,2403679396.0
World,WLD,1991,2363656277.0
World,WLD,1990,2322685727.0
Afghanistan,AFG,2025,9433041.0
Afghanistan,AFG,2024,9145340.0
Afghanistan,AFG,2023,8846502.0
Afghanistan,AFG,2022,8617545.0
Afghanistan,AFG,2021,9128262.0
Afghanistan,AFG,2020,9060510.0
Afghanistan,AFG,2019,9192643.0
Afghanistan,AFG,2018,9215046.0
Afghanistan,AFG,2017,9223903.0
Afghanistan,AFG,2016,8883595.0
Afghanistan,AFG,2015,8575264.0
Afghanistan,AFG,2014,8229616.0
Afghanistan,AFG,2013,7857574.0
Afghanistan,AFG,2012,7518518.0
Afghanistan,AFG,2011,7149401.0
Afghanistan,AFG,2010,6823542.0
Afghanistan,AFG,2009,6563683.0
Afghanistan,AFG,2008,6273854.0
Afghanistan,AFG,2007,6089849.0
Afghanistan,AFG,2006,5937185.0
Afghanistan,AFG,2005,5672338.0
Afghanistan,AFG,2004,5459174.0
Afghanistan,AFG,2003,5259694.0
Afghanistan,AFG,2002,4947295.0
Afghanistan,AFG,2001,4702818.0
Afghanistan,AFG,2000,4684205.0
Afghanistan,AFG,1999,4651589.0
Afghanistan,AFG,1998,4509602.0
Afghanistan,AFG,1997,4372875.0
Afghanistan,AFG,1996,4239207.0
Afghanistan,AFG,1995,4100434.0
Afghanistan,AFG,1994,3930551.0
Afghanistan,AFG,1993,3636608.0
Afghanistan,AFG,1992,3248953.0
Afghanistan,AFG,1991,3009251.0
Afghanistan,AFG,1990,2974181.0
Albania,ALB,2025,1262236.0
Albania,ALB,2024,1265271.0
Albania,ALB,2023,1279356.0
Albania,ALB,2022,1261497.0
Albania,ALB,2021,1227911.0
Albania,ALB,2020,1238064.0
Albania,ALB,2019,1273761.0
Albania,ALB,2018,1267869.0
Albania,ALB,2017,1256406.0
Albania,ALB,2016,1254637.0
Albania,ALB,2015,1227883.0
Albania,ALB,2014,1194487.0
Albania,ALB,2013,1184290.0
Albania,ALB,2012,1299606.0
Albania,ALB,2011,1376922.0
Albania,ALB,2010,1259163.0
Albania,ALB,2009,1247208.0
Albania,ALB,2008,1201455.0
Albania,ALB,2007,1222005.0
Albania,ALB,2006,1241897.0
Albania,ALB,2005,1259700.0
Albania,ALB,2004,1275726.0
Albania,ALB,2003,1290479.0
Albania,ALB,2002,1304298.0
Albania,ALB,2001,1305821.0
Albania,ALB,2000,1329781.0
Albania,ALB,1999,1349592.0
Albania,ALB,1998,1386216.0
Albania,ALB,1997,1414713.0
Albania,ALB,1996,1384852.0
Albania,ALB,1995,1416048.0
Albania,ALB,1994,1460475.0
Albania,ALB,1993,1491699.0
Albania,ALB,1992,1527908.0
Albania,ALB,1991,1508188.0
Albania,ALB,1990,1408834.0
Algeria,DZA,2025,13556625.0
Algeria,DZA,2024,13425069.0
Algeria,DZA,2023,13290460.0
Algeria,DZA,2022,13145205.0
Algeria,DZA,2021,11881915.0
Algeria,DZA,2020,11586994.0
Algeria,DZA,2019,12673323.0
Algeria,DZA,2018,12518797.0
Algeria,DZA,2017,12361094.0
Algeria,DZA,2016,12191778.0
Algeria,DZA,2015,12057287.0
Algeria,DZA,2014,11933136.0
Algeria,DZA,2013,11845414.0
Algeria,DZA,2012,11731223.0
Algeria,DZA,2011,11586989.0
Algeria,DZA,2010,11421278.0
Algeria,DZA,2009,11105183.0
Algeria,DZA,2008,10864872.0
Algeria,DZA,2007,10631111.0
Algeria,DZA,2006,10408612.0
Algeria,DZA,2005,10191263.0
Algeria,DZA,2004,9976118.0
Algeria,DZA,2003,9754476.0
Algeria,DZA,2002,9534659.0
Algeria,DZA,2001,9308223.0
Algeria,DZA,2000,9070882.0
Algeria,DZA,1999,8830321.0
Algeria,DZA,1998,8590732.0
Algeria,DZA,1997,8369970.0
Algeria,DZA,1996,8155850.0
Algeria,DZA,1995,7908611.0
Algeria,DZA,1994,7673802.0
Algeria,DZA,1993,7429564.0
Algeria,DZA,1992,7198682.0
Algeria,DZA,1991,6977299.0
Algeria,DZA,1990,6716777.0
Angola,AGO,2025,16321277.0
Angola,AGO,2024,15787244.0
Angola,AGO,2023,15255232.0
Angola,AGO,2022,14812783.0
Angola,AGO,2021,14529142.0
Angola,AGO,2020,13484525.0
Angola,AGO,2019,13331298.0
Angola,AGO,2018,12917977.0
Angola,AGO,2017,12515803.0
Angola,AGO,2016,12119717.0
Angola,AGO,2015,11740075.0
Angola,AGO,2014,11376942.0
Angola,AGO,2013,11009075.0
Angola,AGO,2012,10636117.0
Angola,AGO,2011,10270426.0
Angola,AGO,2010,9873442.0
Angola,AGO,2009,9502781.0
Angola,AGO,2008,9150465.0
Angola,AGO,2007,8810729.0
Angola,AGO,2006,8483347.0
Angola,AGO,2005,8170696.0
Angola,AGO,2004,7870095.0
Angola,AGO,2003,7582160.0
Angola,AGO,2002,7311174.0
Angola,AGO,2001,7055911.0
Angola,AGO,2000,6813281.0
Angola,AGO,1999,6582797.0
Angola,AGO,1998,6362468.0
Angola,AGO,1997,6147010.0
Angola,AGO,1996,5938382.0
Angola,AGO,1995,5741253.0
Angola,AGO,1994,5558037.0
Angola,AGO,1993,5391763.0
Angola,AGO,1992,5234382.0
Angola,AGO,1991,5078829.0
Angola,AGO,1990,4924638.0
Argentina,ARG,2025,22422031.0
Argentina,ARG,2024,22161435.0
Argentina,ARG,2023,22069879.0
Argentina,ARG,2022,21566906.0
Argentina,ARG,2021,20993886.0
Argentina,ARG,2020,19317784.0
Argentina,ARG,2019,20580300.0
Argentina,ARG,2018,20125838.0
Argentina,ARG,2017,19643677.0
Argentina,ARG,2016,19497873.0
Argentina,ARG,2015,19343227.0
Argentina,ARG,2014,19177885.0
Argentina,ARG,2013,19111596.0
Argentina,ARG,2012,19006986.0
Argentina,ARG,2011,18857586.0
Argentina,ARG,2010,18468692.0
Argentina,ARG,2009,18399678.0
Argentina,ARG,2008,18041663.0
Argentina,ARG,2007,18001087.0
Argentina,ARG,2006,17955872.0
Argentina,ARG,2005,17624307.0
Argentina,ARG,2004,17502349.0
Argentina,ARG,2003,17011226.0
Argentina,ARG,2002,16535085.0
Argentina,ARG,2001,16713495.0
Argentina,ARG,2000,16658086.0
Argentina,ARG,1999,16481391.0
Argentina,ARG,1998,16382407.0
Argentina,ARG,1997,16058261.0
Argentina,ARG,1996,15613030.0
Argentina,ARG,1995,15243917.0
Argentina,ARG,1994,15116295.0
Argentina,ARG,1993,14742103.0
Argentina,ARG,1992,14312489.0
Argentina,ARG,1991,13899045.0
Argentina,ARG,1990,13464669.0
Armenia,ARM,2025,1449654.0
Armenia,ARM,2024,1467933.0
Armenia,ARM,2023,1430641.0
Armenia,ARM,2022,1399516.0
Armenia,ARM,2021,1467125.0
Armenia,ARM,2020,1448279.0
Armenia,ARM,2019,1387309.0
Armenia,ARM,2018,1448464.0
Armenia,ARM,2017,1456321.0
Armenia,ARM,2016,1469687.0
Armenia,ARM,2015,1477065.0
Armenia,ARM,2014,1485574.0
Armenia,ARM,2013,1494270.0
Armenia,ARM,2012,1499083.0
Armenia,ARM,2011,1509387.0
Armenia,ARM,2010,1522315.0
Armenia,ARM,2009,1531465.0
Armenia,ARM,2008,1503687.0
Armenia,ARM,2007,1513707.0
Armenia,ARM,2006,1509698.0
Armenia,ARM,2005,1506023.0
Armenia,ARM,2004,1503545.0
Armenia,ARM,2003,1502199.0
Armenia,ARM,2002,1500767.0
Armenia,ARM,2001,1493640.0
Armenia,ARM,2000,1475960.0
Armenia,ARM,1999,1422494.0
Armenia,ARM,1998,1411779.0
Armenia,ARM,1997,1412814.0
Armenia,ARM,1996,1426441.0
Armenia,ARM,1995,1441118.0
Armenia,ARM,1994,1475516.0
Armenia,ARM,1993,1533771.0
Armenia,ARM,1992,1616135.0
Armenia,ARM,1991,1655662.0
Armenia,ARM,1990,1631762.0
Australia,AUS,2025,15033307.0
Australia,AUS,2024,14907959.0
Australia,AUS,2023,14646578.0
Australia,AUS,2022,14230223.0
Australia,AUS,2021,13859964.0
Australia,AUS,2020,13583584.0
Australia,AUS,2019,13618789.0
Australia,AUS,2018,13344850.0
Australia,AUS,2017,13022869.0
Australia,AUS,2016,12744765.0
Australia,AUS,2015,12568796.0
Australia,AUS,2014,12332149.0
Australia,AUS,2013,12191663.0
Australia,AUS,2012,12022336.0
Australia,AUS,2011,11857590.0
Australia,AUS,2010,11675443.0
Australia,AUS,2009,11482552.0
Australia,AUS,2008,11241263.0
Australia,AUS,2007,10951719.0
Australia,AUS,2006,10664324.0
Australia,AUS,2005,10443456.0
Australia,AUS,2004,10143548.0
Australia,AUS,2003,10032150.0
Australia,AUS,2002,9859433.0
Australia,AUS,2001,9713101.0
Australia,AUS,2000,9542614.0
Australia,AUS,1999,9358682.0
Australia,AUS,1998,9271447.0
Australia,AUS,1997,9179631.0
Australia,AUS,1996,9118415.0
Australia,AUS,1995,8996098.0
Australia,AUS,1994,8799524.0
Australia,AUS,1993,8638153.0
Australia,AUS,1992,8607321.0
Australia,AUS,1991,8539975.0
Australia,AUS,1990,8500719.0
Austria,AUT,2025,4731937.0
Austria,AUT,2024,4763195.0
Austria,AUT,2023,4762160.0
Austria,AUT,2022,4715201.0
Austria,AUT,2021,4650207.0
Austria,AUT,2020,4607777.0
Austria,AUT,2019,4627750.0
Austria,AUT,2018,4608423.0
Austria,AUT,2017,4567690.0
Austria,AUT,2016,4541001.0
Austria,AUT,2015,4460463.0
Austria,AUT,2014,4407077.0
Austria,AUT,2013,4382851.0
Austria,AUT,2012,4340007.0
Austria,AUT,2011,4291049.0
Austria,AUT,2010,4265488.0
Austria,AUT,2009,4248651.0
Austria,AUT,2008,4207426.0
Austria,AUT,2007,4165230.0
Austria,AUT,2006,4078846.0
Austria,AUT,2005,4012358.0
Austria,AUT,2004,3946112.0
Austria,AUT,2003,3985902.0
Austria,AUT,2002,3955409.0
Austria,AUT,2001,3872867.0
Austria,AUT,2000,3883391.0
Austria,AUT,1999,3874871.0
Austria,AUT,1998,3848029.0
Austria,AUT,1997,3815158.0
Austria,AUT,1996,3823952.0
Austria,AUT,1995,3846779.0
Austria,AUT,1994,3827748.0
Austria,AUT,1993,3717260.0
Austria,AUT,1992,3674884.0
Austria,AUT,1991,3585317.0
Austria,AUT,1990,3524952.0
Azerbaijan,AZE,2025,5118728.0
Azerbaijan,AZE,2024,5097655.0
Azerbaijan,AZE,2023,5073676.0
Azerbaijan,AZE,2022,5071753.0
Azerbaijan,AZE,2021,4963081.0
Azerbaijan,AZE,2020,5197914.0
Azerbaijan,AZE,2019,4998924.0
Azerbaijan,AZE,2018,4955866.0
Azerbaijan,AZE,2017,4876185.0
Azerbaijan,AZE,2016,4809412.0
Azerbaijan,AZE,2015,4693026.0
Azerbaijan,AZE,2014,4602987.0
Azerbaijan,AZE,2013,4508074.0
Azerbaijan,AZE,2012,4449918.0
Azerbaijan,AZE,2011,4368984.0
Azerbaijan,AZE,2010,4281288.0
Azerbaijan,AZE,2009,4219228.0
Azerbaijan,AZE,2008,4094522.0
Azerbaijan,AZE,2007,4042762.0
Azerbaijan,AZE,2006,4157327.0
Azerbaijan,AZE,2005,4180297.0
Azerbaijan,AZE,2004,4179032.0
Azerbaijan,AZE,2003,4242455.0
Azerbaijan,AZE,2002,4260614.0
Azerbaijan,AZE,2001,4283030.0
Azerbaijan,AZE,2000,4306234.0
Azerbaijan,AZE,1999,4281195.0
Azerbaijan,AZE,1998,4232868.0
Azerbaijan,AZE,1997,4211106.0
Azerbaijan,AZE,1996,4172243.0
Azerbaijan,AZE,1995,4107634.0
Azerbaijan,AZE,1994,3946235.0
Azerbaijan,AZE,1993,3732857.0
Azerbaijan,AZE,1992,3518607.0
Azerbaijan,AZE,1991,3345875.0
Azerbaijan,AZE,1990,3301133.0
"Bahamas, The",BHS,2025,245159.0
"Bahamas, The",BHS,2024,243754.0
"Bahamas, The",BHS,2023,241834.0
"Bahamas, The",BHS,2022,239500.0
"Bahamas, The",BHS,2021,223263.0
"Bahamas, The",BHS,2020,216992.0
"Bahamas, The",BHS,2019,235355.0
"Bahamas, The",BHS,2018,232799.0
"Bahamas, The",BHS,2017,230010.0
"Bahamas, The",BHS,2016,227165.0
"Bahamas, The",BHS,2015,224301.0
"Bahamas, The",BHS,2014,221339.0
"Bahamas, The",BHS,2013,218257.0
"Bahamas, The",BHS,2012,215079.0
"Bahamas, The",BHS,2011,211745.0
"Bahamas, The",BHS,2010,208102.0
"Bahamas, The",BHS,2009,204367.0
"Bahamas, The",BHS,2008,200608.0
"Bahamas, The",BHS,2007,196607.0
"Bahamas, The",BHS,2006,192637.0
"Bahamas, The",BHS,2005,189152.0
"Bahamas, The",BHS,2004,185918.0
"Bahamas, The",BHS,2003,182667.0
"Bahamas, The",BHS,2002,179578.0
"Bahamas, The",BHS,2001,176723.0
"Bahamas, The",BHS,2000,173823.0
"Bahamas, The",BHS,1999,170893.0
"Bahamas, The",BHS,1998,168035.0
"Bahamas, The",BHS,1997,165102.0
"Bahamas, The",BHS,1996,162113.0
"Bahamas, The",BHS,1995,159055.0
"Bahamas, The",BHS,1994,155918.0
"Bahamas, The",BHS,1993,152275.0
"Bahamas, The",BHS,1992,148521.0
"Bahamas, The",BHS,1991,144678.0
"Bahamas, The",BHS,1990,140803.0
Bahrain,BHR,2025,932073.0
Bahrain,BHR,2024,911274.0
Bahrain,BHR,2023,903224.0
Bahrain,BHR,2022,867174.0
Bahrain,BHR,2021,837039.0
Bahrain,BHR,2020,816393.0
Bahrain,BHR,2019,846623.0
Bahrain,BHR,2018,868320.0
Bahrain,BHR,2017,871711.0
Bahrain,BHR,2016,818900.0
Bahrain,BHR,2015,777303.0
Bahrain,BHR,2014,745356.0
Bahrain,BHR,2013,719472.0
Bahrain,BHR,2012,693460.0
Bahrain,BHR,2011,677360.0
Bahrain,BHR,2010,701770.0
Bahrain,BHR,2009,661715.0
Bahrain,BHR,2008,602188.0
Bahrain,BHR,2007,551013.0
Bahrain,BHR,2006,494758.0
Bahrain,BHR,2005,445275.0
Bahrain,BHR,2004,401712.0
Bahrain,BHR,2003,366810.0
Bahrain,BHR,2002,335569.0
Bahrain,BHR,2001,307924.0
Bahrain,BHR,2000,293400.0
Bahrain,BHR,1999,282954.0
Bahrain,BHR,1998,273175.0
Bahrain,BHR,1997,264086.0
Bahrain,BHR,1996,255751.0
Bahrain,BHR,1995,248109.0
Bahrain,BHR,1994,240964.0
Bahrain,BHR,1993,234206.0
Bahrain,BHR,1992,227938.0
Bahrain,BHR,1991,221644.0
Bahrain,BHR,1990,228153.0
Bangladesh,BGD,2025,74739682.0
Bangladesh,BGD,2024,73619393.0
Bangladesh,BGD,2023,74789575.0
Bangladesh,BGD,2022,74651451.0
Bangladesh,BGD,2021,72637932.0
Bangladesh,BGD,2020,70314500.0
Bangladesh,BGD,2019,69165404.0
Bangladesh,BGD,2018,67683856.0
Bangladesh,BGD,2017,66147765.0
Bangladesh,BGD,2016,62629015.0
Bangladesh,BGD,2015,61920877.0
Bangladesh,BGD,2014,61204476.0
Bangladesh,BGD,2013,60484221.0
Bangladesh,BGD,2012,59869794.0
Bangladesh,BGD,2011,59281113.0
Bangladesh,BGD,2010,58796583.0
Bangladesh,BGD,2009,57807404.0
Bangladesh,BGD,2008,56846810.0
Bangladesh,BGD,2007,55892527.0
Bangladesh,BGD,2006,54908227.0
Bangladesh,BGD,2005,54049068.0
Bangladesh,BGD,2004,53140734.0
Bangladesh,BGD,2003,52208969.0
Bangladesh,BGD,2002,51244757.0
Bangladesh,BGD,2001,50230500.0
Bangladesh,BGD,2000,49048139.0
Bangladesh,BGD,1999,47683629.0
Bangladesh,BGD,1998,46289164.0
Bangladesh,BGD,1997,44900980.0
Bangladesh,BGD,1996,43526326.0
Bangladesh,BGD,1995,42190668.0
Bangladesh,BGD,1994,40903868.0
Bangladesh,BGD,1993,39681340.0
Bangladesh,BGD,1992,38518429.0
Bangladesh,BGD,1991,37393210.0
Bangladesh,BGD,1990,36309221.0
Barbados,BRB,2025,151620.0
Barbados,BRB,2024,151889.0
Barbados,BRB,2023,151472.0
Barbados,BRB,2022,151781.0
Barbados,BRB,2021,144514.0
Barbados,BRB,2020,145656.0
Barbados,BRB,2019,149274.0
Barbados,BRB,2018,150452.0
Barbados,BRB,2017,150789.0
Barbados,BRB,2016,149786.0
Barbados,BRB,2015,147528.0
Barbados,BRB,2014,148747.0
Barbados,BRB,2013,152318.0
Barbados,BRB,2012,149937.0
Barbados,BRB,2011,151562.0
Barbados,BRB,2010,151410.0
Barbados,BRB,2009,151202.0
Barbados,BRB,2008,150841.0
Barbados,BRB,2007,150206.0
Barbados,BRB,2006,149367.0
Barbados,BRB,2005,148476.0
Barbados,BRB,2004,147603.0
Barbados,BRB,2003,145129.0
Barbados,BRB,2002,143924.0
Barbados,BRB,2001,142669.0
Barbados,BRB,2000,141943.0
Barbados,BRB,1999,141586.0
Barbados,BRB,1998,140921.0
Barbados,BRB,1997,140167.0
Barbados,BRB,1996,139437.0
Barbados,BRB,1995,140568.0
Barbados,BRB,1994,138085.0
Barbados,BRB,1993,136388.0
Barbados,BRB,1992,134536.0
Barbados,BRB,1991,134474.0
Barbados,BRB,1990,134200.0
Belarus,BLR,2025,4789298.0
Belarus,BLR,2024,4835456.0
Belarus,BLR,2023,4861854.0
Belarus,BLR,2022,4907541.0
Belarus,BLR,2021,4938726.0
Belarus,BLR,2020,4982156.0
Belarus,BLR,2019,5025008.0
Belarus,BLR,2018,5054114.0
Belarus,BLR,2017,5079681.0
Belarus,BLR,2016,5092675.0
Belarus,BLR,2015,5097379.0
Belarus,BLR,2014,5098253.0
Belarus,BLR,2013,5097773.0
Belarus,BLR,2012,5096141.0
Belarus,BLR,2011,5090448.0
Belarus,BLR,2010,5073617.0
Belarus,BLR,2009,5048840.0
Belarus,BLR,2008,5018075.0
Belarus,BLR,2007,4990775.0
Belarus,BLR,2006,4973237.0
Belarus,BLR,2005,4959928.0
Belarus,BLR,2004,4948132.0
Belarus,BLR,2003,4931485.0
Belarus,BLR,2002,4907156.0
Belarus,BLR,2001,4871194.0
Belarus,BLR,2000,4815953.0
Belarus,BLR,1999,4752493.0
Belarus,BLR,1998,4721707.0
Belarus,BLR,1997,4716116.0
Belarus,BLR,1996,4745323.0
Belarus,BLR,1995,4754039.0
Belarus,BLR,1994,4719999.0
Belarus,BLR,1993,4687143.0
Belarus,BLR,1992,4663584.0
Belarus,BLR,1991,4639406.0
Belarus,BLR,1990,4646286.0
Belgium,BEL,2025,5433161.0
Belgium,BEL,2024,5432908.0
Belgium,BEL,2023,5365023.0
Belgium,BEL,2022,5320892.0
Belgium,BEL,2021,5217415.0
Belgium,BEL,2020,5124712.0
Belgium,BEL,2019,5146209.0
Belgium,BEL,2018,5093485.0
Belgium,BEL,2017,5037325.0
Belgium,BEL,2016,5001167.0
Belgium,BEL,2015,4994454.0
Belgium,BEL,2014,4984459.0
Belgium,BEL,2013,4966858.0
Belgium,BEL,2012,4917260.0
Belgium,BEL,2011,4884172.0
Belgium,BEL,2010,4901576.0
Belgium,BEL,2009,4801697.0
Belgium,BEL,2008,4779497.0
Belgium,BEL,2007,4735412.0
Belgium,BEL,2006,4647632.0
Belgium,BEL,2005,4627612.0
Belgium,BEL,2004,4480433.0
Belgium,BEL,2003,4395670.0
Belgium,BEL,2002,4358408.0
Belgium,BEL,2001,4307825.0
Belgium,BEL,2000,4412646.0
Belgium,BEL,1999,4368200.0
Belgium,BEL,1998,4260848.0
Belgium,BEL,1997,4226864.0
Belgium,BEL,1996,4204594.0
Belgium,BEL,1995,4194014.0
Belgium,BEL,1994,4162431.0
Belgium,BEL,1993,4096201.0
Belgium,BEL,1992,4070771.0
Belgium,BEL,1991,4027934.0
Belgium,BEL,1990,3938244.0
Belize,BLZ,2025,184286.0
Belize,BLZ,2024,174087.0
Belize,BLZ,2023,172940.0
Belize,BLZ,2022,170023.0
Belize,BLZ,2021,171060.0
Belize,BLZ,2020,151949.0
Belize,BLZ,2019,189886.0
Belize,BLZ,2018,179388.0
Belize,BLZ,2017,166282.0
Belize,BLZ,2016,161442.0
Belize,BLZ,2015,155137.0
Belize,BLZ,2014,149447.0
Belize,BLZ,2013,142809.0
Belize,BLZ,2012,137751.0
Belize,BLZ,2011,132775.0
Belize,BLZ,2010,127831.0
Belize,BLZ,2009,123041.0
Belize,BLZ,2008,118461.0
Belize,BLZ,2007,114014.0
Belize,BLZ,2006,109679.0
Belize,BLZ,2005,105467.0
Belize,BLZ,2004,101380.0
Belize,BLZ,2003,97414.0
Belize,BLZ,2002,93582.0
Belize,BLZ,2001,89869.0
Belize,BLZ,2000,86164.0
Belize,BLZ,1999,82388.0
Belize,BLZ,1998,78094.0
Belize,BLZ,1997,74916.0
Belize,BLZ,1996,70561.0
Belize,BLZ,1995,66725.0
Belize,BLZ,1994,63461.0
Belize,BLZ,1993,61794.0
Belize,BLZ,1992,60104.0
Belize,BLZ,1991,58218.0
Belize,BLZ,1990,56410.0
Benin,BEN,2025,6644562.0
Benin,BEN,2024,6447181.0
Benin,BEN,2023,6260192.0
Benin,BEN,2022,6074872.0
Benin,BEN,2021,5877845.0
Benin,BEN,2020,5605006.0
Benin,BEN,2019,5459336.0
Benin,BEN,2018,5267149.0
Benin,BEN,2017,5081385.0
Benin,BEN,2016,4901776.0
Benin,BEN,2015,4727555.0
Benin,BEN,2014,4557889.0
Benin,BEN,2013,4393926.0
Benin,BEN,2012,4235463.0
Benin,BEN,2011,4080183.0
Benin,BEN,2010,3950053.0
Benin,BEN,2009,3820397.0
Benin,BEN,2008,3695226.0
Benin,BEN,2007,3577425.0
Benin,BEN,2006,3468401.0
Benin,BEN,2005,3353095.0
Benin,BEN,2004,3235131.0
Benin,BEN,2003,3128205.0
Benin,BEN,2002,3024243.0
Benin,BEN,2001,2925855.0
Benin,BEN,2000,2830348.0
Benin,BEN,1999,2737746.0
Benin,BEN,1998,2648475.0
Benin,BEN,1997,2563287.0
Benin,BEN,1996,2486709.0
Benin,BEN,1995,2427651.0
Benin,BEN,1994,2394402.0
Benin,BEN,1993,2300455.0
Benin,BEN,1992,2182477.0
Benin,BEN,1991,2116070.0
Benin,BEN,1990,2052309.0
Bhutan,BTN,2025,411263.0
Bhutan,BTN,2024,406288.0
Bhutan,BTN,2023,401407.0
Bhutan,BTN,2022,384122.0
Bhutan,BTN,2021,414321.0
Bhutan,BTN,2020,400199.0
Bhutan,BTN,2019,384922.0
Bhutan,BTN,2018,356713.0
Bhutan,BTN,2017,351309.0
Bhutan,BTN,2016,346258.0
Bhutan,BTN,2015,341579.0
Bhutan,BTN,2014,333159.0
Bhutan,BTN,2013,341708.0
Bhutan,BTN,2012,331207.0
Bhutan,BTN,2011,340377.0
Bhutan,BTN,2010,337478.0
Bhutan,BTN,2009,338169.0
Bhutan,BTN,2008,330817.0
Bhutan,BTN,2007,323188.0
Bhutan,BTN,2006,315480.0
Bhutan,BTN,2005,307038.0
Bhutan,BTN,2004,296828.0
Bhutan,BTN,2003,285884.0
Bhutan,BTN,2002,275468.0
Bhutan,BTN,2001,265537.0
Bhutan,BTN,2000,256106.0
Bhutan,BTN,1999,247167.0
Bhutan,BTN,1998,239059.0
Bhutan,BTN,1997,232244.0
Bhutan,BTN,1996,226241.0
Bhutan,BTN,1995,224336.0
Bhutan,BTN,1994,225719.0
Bhutan,BTN,1993,224823.0
Bhutan,BTN,1992,233433.0
Bhutan,BTN,1991,241880.0
Bhutan,BTN,1990,237503.0
Bolivia,BOL,2025,6980187.0
Bolivia,BOL,2024,6827098.0
Bolivia,BOL,2023,6704214.0
Bolivia,BOL,2022,6569575.0
Bolivia,BOL,2021,6426918.0
Bolivia,BOL,2020,5890135.0
Bolivia,BOL,2019,5946418.0
Bolivia,BOL,2018,5649910.0
Bolivia,BOL,2017,5298716.0
Bolivia,BOL,2016,5100033.0
Bolivia,BOL,2015,5012447.0
Bolivia,BOL,2014,4923587.0
Bolivia,BOL,2013,4834468.0
Bolivia,BOL,2012,4745827.0
Bolivia,BOL,2011,4656895.0
Bolivia,BOL,2010,4567789.0
Bolivia,BOL,2009,4479358.0
Bolivia,BOL,2008,4391217.0
Bolivia,BOL,2007,4303228.0
Bolivia,BOL,2006,4215393.0
Bolivia,BOL,2005,4128982.0
Bolivia,BOL,2004,4045470.0
Bolivia,BOL,2003,3965089.0
Bolivia,BOL,2002,3888572.0
Bolivia,BOL,2001,3814211.0
Bolivia,BOL,2000,3741182.0
Bolivia,BOL,1999,3669870.0
Bolivia,BOL,1998,3599373.0
Bolivia,BOL,1997,3529691.0
Bolivia,BOL,1996,3436510.0
Bolivia,BOL,1995,3347466.0
Bolivia,BOL,1994,3258009.0
Bolivia,BOL,1993,3169634.0
Bolivia,BOL,1992,3086352.0
Bolivia,BOL,1991,3018790.0
Bolivia,BOL,1990,2937020.0
Bosnia and Herzegovina,BIH,2025,1340707.0
Bosnia and Herzegovina,BIH,2024,1354967.0
Bosnia and Herzegovina,BIH,2023,1366194.0
Bosnia and Herzegovina,BIH,2022,1355798.0
Bosnia and Herzegovina,BIH,2021,1339593.0
Bosnia and Herzegovina,BIH,2020,1353715.0
Bosnia and Herzegovina,BIH,2019,1409096.0
Bosnia and Herzegovina,BIH,2018,1434054.0
Bosnia and Herzegovina,BIH,2017,1457512.0
Bosnia and Herzegovina,BIH,2016,1480171.0
Bosnia and Herzegovina,BIH,2015,1503962.0
Bosnia and Herzegovina,BIH,2014,1526206.0
Bosnia and Herzegovina,BIH,2013,1549763.0
Bosnia and Herzegovina,BIH,2012,1578701.0
Bosnia and Herzegovina,BIH,2011,1611361.0
Bosnia and Herzegovina,BIH,2010,1646045.0
Bosnia and Herzegovina,BIH,2009,1678662.0
Bosnia and Herzegovina,BIH,2008,1707270.0
Bosnia and Herzegovina,BIH,2007,1732512.0
Bosnia and Herzegovina,BIH,2006,1749717.0
Bosnia and Herzegovina,BIH,2005,1760240.0
Bosnia and Herzegovina,BIH,2004,1779371.0
Bosnia and Herzegovina,BIH,2003,1792383.0
Bosnia and Herzegovina,BIH,2002,1792171.0
Bosnia and Herzegovina,BIH,2001,1779186.0
Bosnia and Herzegovina,BIH,2000,1760409.0
Bosnia and Herzegovina,BIH,1999,1737464.0
Bosnia and Herzegovina,BIH,1998,1706529.0
Bosnia and Herzegovina,BIH,1997,1665533.0
Bosnia and Herzegovina,BIH,1996,1586917.0
Bosnia and Herzegovina,BIH,1995,1503812.0
Bosnia and Herzegovina,BIH,1994,1506562.0
Bosnia and Herzegovina,BIH,1993,1591188.0
Bosnia and Herzegovina,BIH,1992,1756129.0
Bosnia and Herzegovina,BIH,1991,1852103.0
Bosnia and Herzegovina,BIH,1990,1825158.0
Botswana,BWA,2025,1199393.0
Botswana,BWA,2024,1173288.0
Botswana,BWA,2023,1146757.0
Botswana,BWA,2022,1065472.0
Botswana,BWA,2021,1036012.0
Botswana,BWA,2020,973488.0
Botswana,BWA,2019,987878.0
Botswana,BWA,2018,962977.0
Botswana,BWA,2017,939892.0
Botswana,BWA,2016,918682.0
Botswana,BWA,2015,899557.0
Botswana,BWA,2014,882070.0
Botswana,BWA,2013,865462.0
Botswana,BWA,2012,849151.0
Botswana,BWA,2011,828613.0
Botswana,BWA,2010,802345.0
Botswana,BWA,2009,820510.0
Botswana,BWA,2008,789289.0
Botswana,BWA,2007,758634.0
Botswana,BWA,2006,728696.0
Botswana,BWA,2005,708319.0
Botswana,BWA,2004,688033.0
Botswana,BWA,2003,667858.0
Botswana,BWA,2002,647894.0
Botswana,BWA,2001,627315.0
Botswana,BWA,2000,605662.0
Botswana,BWA,1999,593811.0
Botswana,BWA,1998,581158.0
Botswana,BWA,1997,564216.0
Botswana,BWA,1996,547728.0
Botswana,BWA,1995,530690.0
Botswana,BWA,1994,513293.0
Botswana,BWA,1993,495609.0
Botswana,BWA,1992,478227.0
Botswana,BWA,1991,462465.0
Botswana,BWA,1990,448456.0
Brazil,BRA,2025,108318282.0
Brazil,BRA,2024,107871864.0
Brazil,BRA,2023,106356432.0
Brazil,BRA,2022,106610573.0
Brazil,BRA,2021,104085430.0
Brazil,BRA,2020,100001874.0
Brazil,BRA,2019,106262669.0
Brazil,BRA,2018,104554923.0
Brazil,BRA,2017,103476109.0
Brazil,BRA,2016,101885554.0
Brazil,BRA,2015,100587656.0
Brazil,BRA,2014,98900006.0
Brazil,BRA,2013,97945820.0
Brazil,BRA,2012,96690220.0
Brazil,BRA,2011,95987652.0
Brazil,BRA,2010,96467543.0
Brazil,BRA,2009,96857149.0
Brazil,BRA,2008,95054971.0
Brazil,BRA,2007,93712199.0
Brazil,BRA,2006,92726865.0
Brazil,BRA,2005,91599988.0
Brazil,BRA,2004,89058034.0
Brazil,BRA,2003,86792831.0
Brazil,BRA,2002,85201661.0
Brazil,BRA,2001,82302317.0
Brazil,BRA,2000,80295093.0
Brazil,BRA,1999,78290799.0
Brazil,BRA,1998,75725311.0
Brazil,BRA,1997,73815138.0
Brazil,BRA,1996,71163065.0
Brazil,BRA,1995,71346700.0
Brazil,BRA,1994,69427335.0
Brazil,BRA,1993,67538482.0
Brazil,BRA,1992,65654226.0
Brazil,BRA,1991,63803243.0
Brazil,BRA,1990,62225754.0
Brunei Darussalam,BRN,2025,237763.0
Brunei Darussalam,BRN,2024,236334.0
Brunei Darussalam,BRN,2023,234630.0
Brunei Darussalam,BRN,2022,230003.0
Brunei Darussalam,BRN,2021,227037.0
Brunei Darussalam,BRN,2020,224330.0
Brunei Darussalam,BRN,2019,223877.0
Brunei Darussalam,BRN,2018,225919.0
Brunei Darussalam,BRN,2017,218025.0
Brunei Darussalam,BRN,2016,215000.0
Brunei Darussalam,BRN,2015,211934.0
Brunei Darussalam,BRN,2014,208771.0
Brunei Darussalam,BRN,2013,205548.0
Brunei Darussalam,BRN,2012,202249.0
Brunei Darussalam,BRN,2011,198704.0
Brunei Darussalam,BRN,2010,194946.0
Brunei Darussalam,BRN,2009,191439.0
Brunei Darussalam,BRN,2008,188400.0
Brunei Darussalam,BRN,2007,185717.0
Brunei Darussalam,BRN,2006,182482.0
Brunei Darussalam,BRN,2005,178441.0
Brunei Darussalam,BRN,2004,174224.0
Brunei Darussalam,BRN,2003,169865.0
Brunei Darussalam,BRN,2002,165377.0
Brunei Darussalam,BRN,2001,160781.0
Brunei Darussalam,BRN,2000,155602.0
Brunei Darussalam,BRN,1999,150477.0
Brunei Darussalam,BRN,1998,145533.0
Brunei Darussalam,BRN,1997,140730.0
Brunei Darussalam,BRN,1996,135999.0
Brunei Darussalam,BRN,1995,131354.0
Brunei Darussalam,BRN,1994,126837.0
Brunei Darussalam,BRN,1993,122467.0
Brunei Darussalam,BRN,1992,118249.0
Brunei Darussalam,BRN,1991,114327.0
Brunei Darussalam,BRN,1990,111227.0
Bulgaria,BGR,2025,3073503.0
Bulgaria,BGR,2024,3100224.0
Bulgaria,BGR,2023,3134615.0
Bulgaria,BGR,2022,3134677.0
Bulgaria,BGR,2021,3082471.0
Bulgaria,BGR,2020,3132138.0
Bulgaria,BGR,2019,3209606.0
Bulgaria,BGR,2018,3181267.0
Bulgaria,BGR,2017,3235284.0
Bulgaria,BGR,2016,3159813.0
Bulgaria,BGR,2015,3259536.0
Bulgaria,BGR,2014,3290417.0
Bulgaria,BGR,2013,3333973.0
Bulgaria,BGR,2012,3358087.0
Bulgaria,BGR,2011,3339707.0
Bulgaria,BGR,2010,3424396.0
Bulgaria,BGR,2009,3489069.0
Bulgaria,BGR,2008,3562863.0
Bulgaria,BGR,2007,3500732.0
Bulgaria,BGR,2006,3421452.0
Bulgaria,BGR,2005,3314525.0
Bulgaria,BGR,2004,3379275.0
Bulgaria,BGR,2003,3340007.0
Bulgaria,BGR,2002,3404016.0
Bulgaria,BGR,2001,3494894.0
Bulgaria,BGR,2000,3441466.0
Bulgaria,BGR,1999,3458070.0
Bulgaria,BGR,1998,3432014.0
Bulgaria,BGR,1997,3450756.0
Bulgaria,BGR,1996,3413411.0
Bulgaria,BGR,1995,3427355.0
Bulgaria,BGR,1994,3432780.0
Bulgaria,BGR,1993,3433418.0
Bulgaria,BGR,1992,3450609.0
Bulgaria,BGR,1991,3470217.0
Bulgaria,BGR,1990,3491632.0
Burkina Faso,BFA,2025,9914873.0
Burkina Faso,BFA,2024,9601936.0
Burkina Faso,BFA,2023,9442280.0
Burkina Faso,BFA,2022,9286105.0
Burkina Faso,BFA,2021,9191515.0
Burkina Faso,BFA,2020,9036235.0
Burkina Faso,BFA,2019,9029420.0
Burkina Faso,BFA,2018,8776683.0
Burkina Faso,BFA,2017,8529005.0
Burkina Faso,BFA,2016,8284194.0
Burkina Faso,BFA,2015,8047980.0
Burkina Faso,BFA,2014,7823803.0
Burkina Faso,BFA,2013,7612290.0
Burkina Faso,BFA,2012,7407953.0
Burkina Faso,BFA,2011,7209651.0
Burkina Faso,BFA,2010,7026133.0
Burkina Faso,BFA,2009,6852468.0
Burkina Faso,BFA,2008,6684501.0
Burkina Faso,BFA,2007,6517021.0
Burkina Faso,BFA,2006,6339851.0
Burkina Faso,BFA,2005,6152177.0
Burkina Faso,BFA,2004,5960801.0
Burkina Faso,BFA,2003,5771423.0
Burkina Faso,BFA,2002,5585808.0
Burkina Faso,BFA,2001,5404652.0
Burkina Faso,BFA,2000,5231474.0
Burkina Faso,BFA,1999,5068035.0
Burkina Faso,BFA,1998,4913899.0
Burkina Faso,BFA,1997,4779014.0
Burkina Faso,BFA,1996,4663584.0
Burkina Faso,BFA,1995,4553094.0
Burkina Faso,BFA,1994,4444988.0
Burkina Faso,BFA,1993,4344231.0
Burkina Faso,BFA,1992,4252688.0
Burkina Faso,BFA,1991,4170246.0
Burkina Faso,BFA,1990,4077503.0
Burundi,BDI,2025,6308213.0
Burundi,BDI,2024,6097715.0
Burundi,BDI,2023,5893737.0
Burundi,BDI,2022,5691432.0
Burundi,BDI,2021,5484419.0
Burundi,BDI,2020,5256681.0
Burundi,BDI,2019,5145487.0
Burundi,BDI,2018,4958957.0
Burundi,BDI,2017,4797040.0
Burundi,BDI,2016,4696640.0
Burundi,BDI,2015,4650400.0
Burundi,BDI,2014,4568956.0
Burundi,BDI,2013,4439368.0
Burundi,BDI,2012,4302379.0
Burundi,BDI,2011,4169441.0
Burundi,BDI,2010,4037123.0
Burundi,BDI,2009,3843653.0
Burundi,BDI,2008,3627058.0
Burundi,BDI,2007,3458975.0
Burundi,BDI,2006,3316162.0
Burundi,BDI,2005,3227287.0
Burundi,BDI,2004,3123186.0
Burundi,BDI,2003,3009287.0
Burundi,BDI,2002,2918476.0
Burundi,BDI,2001,2838292.0
Burundi,BDI,2000,2766896.0
Burundi,BDI,1999,2711621.0
Burundi,BDI,1998,2636111.0
Burundi,BDI,1997,2586586.0
Burundi,BDI,1996,2631487.0
Burundi,BDI,1995,2681962.0
Burundi,BDI,1994,2445092.0
Burundi,BDI,1993,2457056.0
Burundi,BDI,1992,2664991.0
Burundi,BDI,1991,2607838.0
Burundi,BDI,1990,2581935.0
Cabo Verde,CPV,2025,226448.0
Cabo Verde,CPV,2024,222880.0
Cabo Verde,CPV,2023,219684.0
Cabo Verde,CPV,2022,216497.0
Cabo Verde,CPV,2021,201583.0
Cabo Verde,CPV,2020,196815.0
Cabo Verde,CPV,2019,211472.0
Cabo Verde,CPV,2018,204314.0
Cabo Verde,CPV,2017,217299.0
Cabo Verde,CPV,2016,216787.0
Cabo Verde,CPV,2015,215930.0
Cabo Verde,CPV,2014,214593.0
Cabo Verde,CPV,2013,212810.0
Cabo Verde,CPV,2012,210577.0
Cabo Verde,CPV,2011,207854.0
Cabo Verde,CPV,2010,204374.0
Cabo Verde,CPV,2009,188994.0
Cabo Verde,CPV,2008,185468.0
Cabo Verde,CPV,2007,181799.0
Cabo Verde,CPV,2006,178016.0
Cabo Verde,CPV,2005,174138.0
Cabo Verde,CPV,2004,170161.0
Cabo Verde,CPV,2003,166090.0
Cabo Verde,CPV,2002,161946.0
Cabo Verde,CPV,2001,157762.0
Cabo Verde,CPV,2000,153739.0
Cabo Verde,CPV,1999,150159.0
Cabo Verde,CPV,1998,146938.0
Cabo Verde,CPV,1997,143859.0
Cabo Verde,CPV,1996,140888.0
Cabo Verde,CPV,1995,137998.0
Cabo Verde,CPV,1994,135145.0
Cabo Verde,CPV,1993,132320.0
Cabo Verde,CPV,1992,129540.0
Cabo Verde,CPV,1991,126796.0
Cabo Verde,CPV,1990,124052.0
Cambodia,KHM,2025,10367640.0
Cambodia,KHM,2024,10200782.0
Cambodia,KHM,2023,10027889.0
Cambodia,KHM,2022,9850128.0
Cambodia,KHM,2021,9341945.0
Cambodia,KHM,2020,9480039.0
Cambodia,KHM,2019,9329147.0
Cambodia,KHM,2018,9127738.0
Cambodia,KHM,2017,8936644.0
Cambodia,KHM,2016,8833454.0
Cambodia,KHM,2015,8465622.0
Cambodia,KHM,2014,8400442.0
Cambodia,KHM,2013,8249987.0
Cambodia,KHM,2012,8380559.0
Cambodia,KHM,2011,8456181.0
Cambodia,KHM,2010,8200397.0
Cambodia,KHM,2009,7740705.0
Cambodia,KHM,2008,7248715.0
Cambodia,KHM,2007,7242199.0
Cambodia,KHM,2006,7006763.0
Cambodia,KHM,2005,6779458.0
Cambodia,KHM,2004,6561970.0
Cambodia,KHM,2003,6346615.0
Cambodia,KHM,2002,6150602.0
Cambodia,KHM,2001,5954751.0
Cambodia,KHM,2000,5758610.0
Cambodia,KHM,1999,5565808.0
Cambodia,KHM,1998,5386770.0
Cambodia,KHM,1997,5085513.0
Cambodia,KHM,1996,4682363.0
Cambodia,KHM,1995,4320977.0
Cambodia,KHM,1994,4017853.0
Cambodia,KHM,1993,3767309.0
Cambodia,KHM,1992,3566092.0
Cambodia,KHM,1991,3412853.0
Cambodia,KHM,1990,3321159.0
Cameroon,CMR,2025,11466010.0
Cameroon,CMR,2024,11175287.0
Cameroon,CMR,2023,10831875.0
Cameroon,CMR,2022,10499324.0
Cameroon,CMR,2021,10140896.0
Cameroon,CMR,2020,9926685.0
Cameroon,CMR,2019,9850728.0
Cameroon,CMR,2018,9687110.0
Cameroon,CMR,2017,9535157.0
Cameroon,CMR,2016,9380946.0
Cameroon,CMR,2015,9206366.0
Cameroon,CMR,2014,9008472.0
Cameroon,CMR,2013,8842713.0
Cameroon,CMR,2012,8709448.0
Cameroon,CMR,2011,8576769.0
Cameroon,CMR,2010,8440780.0
Cameroon,CMR,2009,8404820.0
Cameroon,CMR,2008,8349018.0
Cameroon,CMR,2007,8274850.0
Cameroon,CMR,2006,8035172.0
Cameroon,CMR,2005,7807548.0
Cameroon,CMR,2004,7583440.0
Cameroon,CMR,2003,7362216.0
Cameroon,CMR,2002,7143935.0
Cameroon,CMR,2001,6932629.0
Cameroon,CMR,2000,6732947.0
Cameroon,CMR,1999,6540493.0
Cameroon,CMR,1998,6351361.0
Cameroon,CMR,1997,6164040.0
Cameroon,CMR,1996,5980972.0
Cameroon,CMR,1995,5805250.0
Cameroon,CMR,1994,5636469.0
Cameroon,CMR,1993,5472246.0
Cameroon,CMR,1992,5313963.0
Cameroon,CMR,1991,5162902.0
Cameroon,CMR,1990,5015683.0
Canada,CAN,2025,22837209.0
Canada,CAN,2024,22690597.0
Canada,CAN,2023,22189334.0
Canada,CAN,2022,21454656.0
Canada,CAN,2021,21005652.0
Canada,CAN,2020,20505333.0
Canada,CAN,2019,20799435.0
Canada,CAN,2018,20391340.0
Canada,CAN,2017,20155417.0
Canada,CAN,2016,19857477.0
Canada,CAN,2015,19705946.0
Canada,CAN,2014,19594831.0
Canada,CAN,2013,19544962.0
Canada,CAN,2012,19332146.0
Canada,CAN,2011,19112505.0
Canada,CAN,2010,18934218.0
Canada,CAN,2009,18747581.0
Canada,CAN,2008,18579576.0
Canada,CAN,2007,18289463.0
Canada,CAN,2006,17980234.0
Canada,CAN,2005,17706025.0
Canada,CAN,2004,17554856.0
Canada,CAN,2003,17341662.0
Canada,CAN,2002,16941931.0
Canada,CAN,2001,16454900.0
Canada,CAN,2000,16186923.0
Canada,CAN,1999,15924535.0
Canada,CAN,1998,15645133.0
Canada,CAN,1997,15409638.0
Canada,CAN,1996,15170582.0
Canada,CAN,1995,15019710.0
Canada,CAN,1994,14916387.0
Canada,CAN,1993,14776360.0
Canada,CAN,1992,14690496.0
Canada,CAN,1991,14723928.0
Canada,CAN,1990,14657129.0
Central African Republic,CAF,2025,2076374.0
Central African Republic,CAF,2024,1995930.0
Central African Republic,CAF,2023,1923117.0
Central African Republic,CAF,2022,1901019.0
Central African Republic,CAF,2021,1893361.0
Central African Republic,CAF,2020,1867628.0
Central African Republic,CAF,2019,1850874.0
Central African Republic,CAF,2018,1825321.0
Central African Republic,CAF,2017,1794130.0
Central African Republic,CAF,2016,1764993.0
Central African Republic,CAF,2015,1733211.0
Central African Republic,CAF,2014,1746738.0
Central African Republic,CAF,2013,1778738.0
Central African Republic,CAF,2012,1785548.0
Central African Republic,CAF,2011,1784613.0
Central African Republic,CAF,2010,1766478.0
Central African Republic,CAF,2009,1789770.0
Central African Republic,CAF,2008,1808786.0
Central African Republic,CAF,2007,1773114.0
Central African Republic,CAF,2006,1743041.0
Central African Republic,CAF,2005,1709327.0
Central African Republic,CAF,2004,1669525.0
Central African Republic,CAF,2003,1632285.0
Central African Republic,CAF,2002,1590065.0
Central African Republic,CAF,2001,1553600.0
Central African Republic,CAF,2000,1518605.0
Central African Republic,CAF,1999,1474543.0
Central African Republic,CAF,1998,1432785.0
Central African Republic,CAF,1997,1393563.0
Central African Republic,CAF,1996,1355925.0
Central African Republic,CAF,1995,1323404.0
Central African Republic,CAF,1994,1290317.0
Central African Republic,CAF,1993,1252544.0
Central African Republic,CAF,1992,1216479.0
Central African Republic,CAF,1991,1183381.0
Central African Republic,CAF,1990,1153553.0
Chad,TCD,2025,6746477.0
Chad,TCD,2024,6524704.0
Chad,TCD,2023,6143264.0
Chad,TCD,2022,5803315.0
Chad,TCD,2021,5534858.0
Chad,TCD,2020,5321517.0
Chad,TCD,2019,5188719.0
Chad,TCD,2018,5014610.0
Chad,TCD,2017,4877629.0
Chad,TCD,2016,4749824.0
Chad,TCD,2015,4641464.0
Chad,TCD,2014,4535967.0
Chad,TCD,2013,4404538.0
Chad,TCD,2012,4278285.0
Chad,TCD,2011,4160410.0
Chad,TCD,2010,4047417.0
Chad,TCD,2009,3946011.0
Chad,TCD,2008,3836518.0
Chad,TCD,2007,3732926.0
Chad,TCD,2006,3639849.0
Chad,TCD,2005,3541960.0
Chad,TCD,2004,3419145.0
Chad,TCD,2003,3273492.0
Chad,TCD,2002,3158872.0
Chad,TCD,2001,3080169.0
Chad,TCD,2000,3012805.0
Chad,TCD,1999,2940091.0
Chad,TCD,1998,2864476.0
Chad,TCD,1997,2800176.0
Chad,TCD,1996,2743008.0
Chad,TCD,1995,2636467.0
Chad,TCD,1994,2527214.0
Chad,TCD,1993,2514530.0
Chad,TCD,1992,2479498.0
Chad,TCD,1991,2370516.0
Chad,TCD,1990,2284096.0
Channel Islands,CHI,2025,81617.0
Channel Islands,CHI,2024,81828.0
Channel Islands,CHI,2023,81944.0
Channel Islands,CHI,2022,82427.0
Channel Islands,CHI,2021,82146.0
Channel Islands,CHI,2020,81350.0
Channel Islands,CHI,2019,82103.0
Channel Islands,CHI,2018,81872.0
Channel Islands,CHI,2017,81753.0
Channel Islands,CHI,2016,81720.0
Channel Islands,CHI,2015,81514.0
Channel Islands,CHI,2014,80973.0
Channel Islands,CHI,2013,81067.0
Channel Islands,CHI,2012,80805.0
Channel Islands,CHI,2011,80088.0
Channel Islands,CHI,2010,80263.0
Channel Islands,CHI,2009,79158.0
Channel Islands,CHI,2008,78495.0
Channel Islands,CHI,2007,77752.0
Channel Islands,CHI,2006,76999.0
Channel Islands,CHI,2005,76281.0
Channel Islands,CHI,2004,75346.0
Channel Islands,CHI,2003,74595.0
Channel Islands,CHI,2002,73947.0
Channel Islands,CHI,2001,73299.0
Channel Islands,CHI,2000,72850.0
Channel Islands,CHI,1999,72246.0
Channel Islands,CHI,1998,71422.0
Channel Islands,CHI,1997,70763.0
Channel Islands,CHI,1996,70239.0
Channel Islands,CHI,1995,69753.0
Channel Islands,CHI,1994,69409.0
Channel Islands,CHI,1993,69340.0
Channel Islands,CHI,1992,69426.0
Channel Islands,CHI,1991,69285.0
Channel Islands,CHI,1990,68629.0
Chile,CHL,2025,10326077.0
Chile,CHL,2024,10223511.0
Chile,CHL,2023,9991796.0
Chile,CHL,2022,9670728.0
Chile,CHL,2021,9171143.0
Chile,CHL,2020,8906788.0
Chile,CHL,2019,9843775.0
Chile,CHL,2018,9671888.0
Chile,CHL,2017,9423968.0
Chile,CHL,2016,9146668.0
Chile,CHL,2015,8996276.0
Chile,CHL,2014,8855370.0
Chile,CHL,2013,8693613.0
Chile,CHL,2012,8560000.0
Chile,CHL,2011,8444195.0
Chile,CHL,2010,8137781.0
Chile,CHL,2009,7744258.0
Chile,CHL,2008,7648250.0
Chile,CHL,2007,7369317.0
Chile,CHL,2006,7184183.0
Chile,CHL,2005,6916575.0
Chile,CHL,2004,6752634.0
Chile,CHL,2003,6589050.0
Chile,CHL,2002,6411103.0
Chile,CHL,2001,6355065.0
Chile,CHL,2000,6343733.0
Chile,CHL,1999,6313009.0
Chile,CHL,1998,6211120.0
Chile,CHL,1997,6086471.0
Chile,CHL,1996,5980808.0
Chile,CHL,1995,5812124.0
Chile,CHL,1994,5623118.0
Chile,CHL,1993,5480115.0
Chile,CHL,1992,5322228.0
Chile,CHL,1991,5120213.0
Chile,CHL,1990,4956423.0
China,CHN,2025,767626880.0
China,CHN,2024,768163717.0
China,CHN,2023,774607590.0
China,CHN,2022,770113477.0
China,CHN,2021,781187865.0
China,CHN,2020,760877838.0
China,CHN,2019,775928449.0
China,CHN,2018,776868988.0
China,CHN,2017,779166682.0
China,CHN,2016,780932880.0
China,CHN,2015,781077009.0
China,CHN,2014,780370287.0
China,CHN,2013,779251311.0
China,CHN,2012,779022561.0
China,CHN,2011,778275581.0
China,CHN,2010,773873234.0
China,CHN,2009,772141043.0
China,CHN,2008,769779554.0
China,CHN,2007,766486940.0
China,CHN,2006,761959276.0
China,CHN,2005,754465388.0
China,CHN,2004,744936890.0
China,CHN,2003,735682023.0
China,CHN,2002,725938760.0
China,CHN,2001,715928584.0
China,CHN,2000,706837950.0
China,CHN,1999,700431310.0
China,CHN,1998,694011207.0
China,CHN,1997,686473251.0
China,CHN,1996,678359927.0
China,CHN,1995,671238114.0
China,CHN,1994,664565882.0
China,CHN,1993,658329022.0
China,CHN,1992,652547071.0
China,CHN,1991,646245556.0
China,CHN,1990,639912098.0
Colombia,COL,2025,27099025.0
Colombia,COL,2024,26786696.0
Colombia,COL,2023,26478562.0
Colombia,COL,2022,25828593.0
Colombia,COL,2021,25915910.0
Colombia,COL,2020,25151123.0
Colombia,COL,2019,25000012.0
Colombia,COL,2018,24727292.0
Colombia,COL,2017,24367946.0
Colombia,COL,2016,23971867.0
Colombia,COL,2015,23769792.0
Colombia,COL,2014,23376219.0
Colombia,COL,2013,23081167.0
Colombia,COL,2012,22946523.0
Colombia,COL,2011,22348779.0
Colombia,COL,2010,21788403.0
Colombia,COL,2009,21321685.0
Colombia,COL,2008,20022584.0
Colombia,COL,2007,19533984.0
Colombia,COL,2006,19349955.0
Colombia,COL,2005,19163184.0
Colombia,COL,2004,19153768.0
Colombia,COL,2003,18966234.0
Colombia,COL,2002,18340323.0
Colombia,COL,2001,18236154.0
Colombia,COL,2000,17848151.0
Colombia,COL,1999,17423725.0
Colombia,COL,1998,17193959.0
Colombia,COL,1997,16820790.0
Colombia,COL,1996,16381915.0
Colombia,COL,1995,15992545.0
Colombia,COL,1994,15534013.0
Colombia,COL,1993,15073455.0
Colombia,COL,1992,14632018.0
Colombia,COL,1991,14232845.0
Colombia,COL,1990,13885610.0
Comoros,COM,2025,310841.0
Comoros,COM,2024,301817.0
Comoros,COM,2023,295028.0
Comoros,COM,2022,288181.0
Comoros,COM,2021,279968.0
Comoros,COM,2020,264785.0
Comoros,COM,2019,252874.0
Comoros,COM,2018,239430.0
Comoros,COM,2017,226302.0
Comoros,COM,2016,213692.0
Comoros,COM,2015,201635.0
Comoros,COM,2014,189935.0
Comoros,COM,2013,183981.0
Comoros,COM,2012,177826.0
Comoros,COM,2011,171513.0
Comoros,COM,2010,165266.0
Comoros,COM,2009,159104.0
Comoros,COM,2008,153038.0
Comoros,COM,2007,147128.0
Comoros,COM,2006,141390.0
Comoros,COM,2005,135802.0
Comoros,COM,2004,130361.0
Comoros,COM,2003,127081.0
Comoros,COM,2002,124260.0
Comoros,COM,2001,121375.0
Comoros,COM,2000,118516.0
Comoros,COM,1999,115707.0
Comoros,COM,1998,113180.0
Comoros,COM,1997,111013.0
Comoros,COM,1996,109062.0
Comoros,COM,1995,107292.0
Comoros,COM,1994,105656.0
Comoros,COM,1993,104138.0
Comoros,COM,1992,102704.0
Comoros,COM,1991,100809.0
Comoros,COM,1990,98348.0
"Congo, Dem. Rep.",COD,2025,39217778.0
"Congo, Dem. Rep.",COD,2024,37985198.0
"Congo, Dem. Rep.",COD,2023,36727006.0
"Congo, Dem. Rep.",COD,2022,35515220.0
"Congo, Dem. Rep.",COD,2021,34004531.0
"Congo, Dem. Rep.",COD,2020,32851843.0
"Congo, Dem. Rep.",COD,2019,32284525.0
"Congo, Dem. Rep.",COD,2018,31449816.0
"Congo, Dem. Rep.",COD,2017,30551551.0
"Congo, Dem. Rep.",COD,2016,29526034.0
"Congo, Dem. Rep.",COD,2015,28575856.0
"Congo, Dem. Rep.",COD,2014,27761167.0
"Congo, Dem. Rep.",COD,2013,26942408.0
"Congo, Dem. Rep.",COD,2012,26140390.0
"Congo, Dem. Rep.",COD,2011,25643565.0
"Congo, Dem. Rep.",COD,2010,25138984.0
"Congo, Dem. Rep.",COD,2009,24679893.0
"Congo, Dem. Rep.",COD,2008,24276075.0
"Congo, Dem. Rep.",COD,2007,23897816.0
"Congo, Dem. Rep.",COD,2006,23509900.0
"Congo, Dem. Rep.",COD,2005,23088764.0
"Congo, Dem. Rep.",COD,2004,22393319.0
"Congo, Dem. Rep.",COD,2003,21759296.0
"Congo, Dem. Rep.",COD,2002,21155380.0
"Congo, Dem. Rep.",COD,2001,20532886.0
"Congo, Dem. Rep.",COD,2000,19902693.0
"Congo, Dem. Rep.",COD,1999,19285887.0
"Congo, Dem. Rep.",COD,1998,18645056.0
"Congo, Dem. Rep.",COD,1997,18208440.0
"Congo, Dem. Rep.",COD,1996,18103264.0
"Congo, Dem. Rep.",COD,1995,17932971.0
"Congo, Dem. Rep.",COD,1994,17180110.0
"Congo, Dem. Rep.",COD,1993,16300900.0
"Congo, Dem. Rep.",COD,1992,15730621.0
"Congo, Dem. Rep.",COD,1991,15219255.0
"Congo, Dem. Rep.",COD,1990,14731105.0
"Congo, Rep.",COG,2025,2641346.0
"Congo, Rep.",COG,2024,2558880.0
"Congo, Rep.",COG,2023,2481698.0
"Congo, Rep.",COG,2022,2408846.0
"Congo, Rep.",COG,2021,2257465.0
"Congo, Rep.",COG,2020,2175569.0
"Congo, Rep.",COG,2019,2221302.0
"Congo, Rep.",COG,2018,2165299.0
"Congo, Rep.",COG,2017,2112071.0
"Congo, Rep.",COG,2016,2062331.0
"Congo, Rep.",COG,2015,2016975.0
"Congo, Rep.",COG,2014,1975476.0
"Congo, Rep.",COG,2013,1936631.0
"Congo, Rep.",COG,2012,1899642.0
"Congo, Rep.",COG,2011,1854917.0
"Congo, Rep.",COG,2010,1800569.0
"Congo, Rep.",COG,2009,1725290.0
"Congo, Rep.",COG,2008,1654680.0
"Congo, Rep.",COG,2007,1601048.0
"Congo, Rep.",COG,2006,1539544.0
"Congo, Rep.",COG,2005,1477494.0
"Congo, Rep.",COG,2004,1419604.0
"Congo, Rep.",COG,2003,1366485.0
"Congo, Rep.",COG,2002,1326298.0
"Congo, Rep.",COG,2001,1294826.0
"Congo, Rep.",COG,2000,1237677.0
"Congo, Rep.",COG,1999,1180982.0
"Congo, Rep.",COG,1998,1146125.0
"Congo, Rep.",COG,1997,1121663.0
"Congo, Rep.",COG,1996,1099192.0
"Congo, Rep.",COG,1995,1067350.0
"Congo, Rep.",COG,1994,1036044.0
"Congo, Rep.",COG,1993,1003287.0
"Congo, Rep.",COG,1992,971096.0
"Congo, Rep.",COG,1991,941577.0
"Congo, Rep.",COG,1990,912788.0
Costa Rica,CRI,2025,2427166.0
Costa Rica,CRI,2024,2402966.0
Costa Rica,CRI,2023,2340628.0
Costa Rica,CRI,2022,2504874.0
Costa Rica,CRI,2021,2491035.0
Costa Rica,CRI,2020,2419333.0
Costa Rica,CRI,2019,2534006.0
Costa Rica,CRI,2018,2422784.0
Costa Rica,CRI,2017,2300637.0
Costa Rica,CRI,2016,2262369.0
Costa Rica,CRI,2015,2344336.0
Costa Rica,CRI,2014,2357268.0
Costa Rica,CRI,2013,2299128.0
Costa Rica,CRI,2012,2283817.0
Costa Rica,CRI,2011,2114264.0
Costa Rica,CRI,2010,2027352.0
Costa Rica,CRI,2009,2030924.0
Costa Rica,CRI,2008,2003972.0
Costa Rica,CRI,2007,1978866.0
Costa Rica,CRI,2006,1911390.0
Costa Rica,CRI,2005,1888687.0
Costa Rica,CRI,2004,1771024.0
Costa Rica,CRI,2003,1762605.0
Costa Rica,CRI,2002,1710423.0
Costa Rica,CRI,2001,1679060.0
Costa Rica,CRI,2000,1596716.0
Costa Rica,CRI,1999,1573058.0
Costa Rica,CRI,1998,1526529.0
Costa Rica,CRI,1997,1441542.0
Costa Rica,CRI,1996,1345220.0
Costa Rica,CRI,1995,1351531.0
Costa Rica,CRI,1994,1286844.0
Costa Rica,CRI,1993,1236713.0
Costa Rica,CRI,1992,1180500.0
Costa Rica,CRI,1991,1162715.0
Costa Rica,CRI,1990,1146377.0
Cote d'Ivoire,CIV,2025,13067763.0
Cote d'Ivoire,CIV,2024,12671518.0
Cote d'Ivoire,CIV,2023,12285672.0
Cote d'Ivoire,CIV,2022,11906614.0
Cote d'Ivoire,CIV,2021,11390094.0
Cote d'Ivoire,CIV,2020,10849289.0
Cote d'Ivoire,CIV,2019,10522774.0
Cote d'Ivoire,CIV,2018,10349949.0
Cote d'Ivoire,CIV,2017,10180365.0
Cote d'Ivoire,CIV,2016,10013267.0
Cote d'Ivoire,CIV,2015,9764168.0
Cote d'Ivoire,CIV,2014,9534174.0
Cote d'Ivoire,CIV,2013,9300688.0
Cote d'Ivoire,CIV,2012,9048653.0
Cote d'Ivoire,CIV,2011,8749188.0
Cote d'Ivoire,CIV,2010,8433828.0
Cote d'Ivoire,CIV,2009,8106769.0
Cote d'Ivoire,CIV,2008,7771201.0
Cote d'Ivoire,CIV,2007,7505748.0
Cote d'Ivoire,CIV,2006,7317090.0
Cote d'Ivoire,CIV,2005,7133415.0
Cote d'Ivoire,CIV,2004,6954406.0
Cote d'Ivoire,CIV,2003,6779544.0
Cote d'Ivoire,CIV,2002,6605404.0
Cote d'Ivoire,CIV,2001,6429804.0
Cote d'Ivoire,CIV,2000,6253233.0
Cote d'Ivoire,CIV,1999,6073240.0
Cote d'Ivoire,CIV,1998,5858115.0
Cote d'Ivoire,CIV,1997,5627257.0
Cote d'Ivoire,CIV,1996,5398868.0
Cote d'Ivoire,CIV,1995,5176501.0
Cote d'Ivoire,CIV,1994,4960891.0
Cote d'Ivoire,CIV,1993,4752650.0
Cote d'Ivoire,CIV,1992,4551689.0
Cote d'Ivoire,CIV,1991,4358646.0
Cote d'Ivoire,CIV,1990,4176181.0
Croatia,HRV,2025,1728075.0
Croatia,HRV,2024,1742356.0
Croatia,HRV,2023,1731788.0
Croatia,HRV,2022,1734995.0
Croatia,HRV,2021,1728310.0
Croatia,HRV,2020,1706748.0
Croatia,HRV,2019,1716971.0
Croatia,HRV,2018,1735734.0
Croatia,HRV,2017,1774192.0
Croatia,HRV,2016,1794702.0
Croatia,HRV,2015,1864017.0
Croatia,HRV,2014,1870242.0
Croatia,HRV,2013,1830788.0
Croatia,HRV,2012,1859596.0
Croatia,HRV,2011,1880089.0
Croatia,HRV,2010,1911488.0
Croatia,HRV,2009,1932994.0
Croatia,HRV,2008,1934423.0
Croatia,HRV,2007,1924883.0
Croatia,HRV,2006,1894312.0
Croatia,HRV,2005,1910033.0
Croatia,HRV,2004,1912837.0
Croatia,HRV,2003,1865695.0
Croatia,HRV,2002,1859183.0
Croatia,HRV,2001,1869944.0
Croatia,HRV,2000,1953924.0
Croatia,HRV,1999,1983687.0
Croatia,HRV,1998,2004029.0
Croatia,HRV,1997,2018865.0
Croatia,HRV,1996,2042400.0
Croatia,HRV,1995,2084050.0
Croatia,HRV,1994,2111599.0
Croatia,HRV,1993,2100259.0
Croatia,HRV,1992,2100893.0
Croatia,HRV,1991,2164697.0
Croatia,HRV,1990,2212069.0
Cuba,CUB,2025,4855941.0
Cuba,CUB,2024,4895340.0
Cuba,CUB,2023,4949822.0
Cuba,CUB,2022,5005156.0
Cuba,CUB,2021,4945430.0
Cuba,CUB,2020,4943318.0
Cuba,CUB,2019,5204593.0
Cuba,CUB,2018,5224481.0
Cuba,CUB,2017,5231805.0
Cuba,CUB,2016,5229123.0
Cuba,CUB,2015,5217686.0
Cuba,CUB,2014,5195184.0
Cuba,CUB,2013,5174923.0
Cuba,CUB,2012,5148474.0
Cuba,CUB,2011,5121797.0
Cuba,CUB,2010,5096065.0
Cuba,CUB,2009,5142082.0
Cuba,CUB,2008,5010521.0
Cuba,CUB,2007,4981194.0
Cuba,CUB,2006,4944666.0
Cuba,CUB,2005,4898212.0
Cuba,CUB,2004,4850406.0
Cuba,CUB,2003,4810512.0
Cuba,CUB,2002,4773419.0
Cuba,CUB,2001,4738313.0
Cuba,CUB,2000,4697933.0
Cuba,CUB,1999,4651037.0
Cuba,CUB,1998,4601430.0
Cuba,CUB,1997,4559835.0
Cuba,CUB,1996,4518840.0
Cuba,CUB,1995,4475989.0
Cuba,CUB,1994,4440041.0
Cuba,CUB,1993,4401596.0
Cuba,CUB,1992,4376160.0
Cuba,CUB,1991,4337357.0
Cuba,CUB,1990,4287333.0
Cyprus,CYP,2025,770268.0
Cyprus,CYP,2024,765938.0
Cyprus,CYP,2023,767136.0
Cyprus,CYP,2022,755975.0
Cyprus,CYP,2021,735675.0
Cyprus,CYP,2020,719491.0
Cyprus,CYP,2019,715150.0
Cyprus,CYP,2018,698503.0
Cyprus,CYP,2017,678816.0
Cyprus,CYP,2016,663048.0
Cyprus,CYP,2015,657397.0
Cyprus,CYP,2014,651925.0
Cyprus,CYP,2013,635175.0
Cyprus,CYP,2012,623910.0
Cyprus,CYP,2011,610147.0
Cyprus,CYP,2010,600971.0
Cyprus,CYP,2009,583119.0
Cyprus,CYP,2008,569349.0
Cyprus,CYP,2007,556863.0
Cyprus,CYP,2006,538627.0
Cyprus,CYP,2005,525197.0
Cyprus,CYP,2004,512182.0
Cyprus,CYP,2003,498316.0
Cyprus,CYP,2002,477404.0
Cyprus,CYP,2001,467154.0
Cyprus,CYP,2000,444571.0
Cyprus,CYP,1999,434538.0
Cyprus,CYP,1998,424717.0
Cyprus,CYP,1997,414925.0
Cyprus,CYP,1996,405086.0
Cyprus,CYP,1995,395306.0
Cyprus,CYP,1994,385822.0
Cyprus,CYP,1993,376868.0
Cyprus,CYP,1992,369147.0
Cyprus,CYP,1991,365398.0
Cyprus,CYP,1990,357356.0
Czechia,CZE,2025,5513783.0
Czechia,CZE,2024,5593139.0
Czechia,CZE,2023,5536510.0
Czechia,CZE,2022,5369986.0
Czechia,CZE,2021,5242069.0
Czechia,CZE,2020,5343016.0
Czechia,CZE,2019,5394887.0
Czechia,CZE,2018,5405110.0
Czechia,CZE,2017,5370664.0
Czechia,CZE,2016,5344644.0
Czechia,CZE,2015,5305064.0
Czechia,CZE,2014,5296601.0
Czechia,CZE,2013,5300303.0
Czechia,CZE,2012,5253910.0
Czechia,CZE,2011,5223171.0
Czechia,CZE,2010,5230927.0
Czechia,CZE,2009,5244400.0
Czechia,CZE,2008,5203709.0
Czechia,CZE,2007,5188860.0
Czechia,CZE,2006,5192187.0
Czechia,CZE,2005,5175001.0
Czechia,CZE,2004,5133307.0
Czechia,CZE,2003,5134951.0
Czechia,CZE,2002,5141940.0
Czechia,CZE,2001,5146214.0
Czechia,CZE,2000,5175714.0
Czechia,CZE,1999,5218700.0
Czechia,CZE,1998,5198829.0
Czechia,CZE,1997,5184785.0
Czechia,CZE,1996,5173419.0
Czechia,CZE,1995,5169680.0
Czechia,CZE,1994,5148804.0
Czechia,CZE,1993,5090175.0
Czechia,CZE,1992,5048967.0
Czechia,CZE,1991,5007238.0
Czechia,CZE,1990,5000592.0
Denmark,DNK,2025,3287645.0
Denmark,DNK,2024,3277500.0
Denmark,DNK,2023,3189737.0
Denmark,DNK,2022,3147518.0
Denmark,DNK,2021,3076617.0
Denmark,DNK,2020,3032944.0
Denmark,DNK,2019,3034322.0
Denmark,DNK,2018,2992952.0
Denmark,DNK,2017,2970148.0
Denmark,DNK,2016,2943425.0
Denmark,DNK,2015,2899972.0
Denmark,DNK,2014,2869233.0
Denmark,DNK,2013,2854299.0
Denmark,DNK,2012,2877238.0
Denmark,DNK,2011,2892968.0
Denmark,DNK,2010,2893686.0
Denmark,DNK,2009,2914657.0
Denmark,DNK,2008,2924360.0
Denmark,DNK,2007,2931561.0
Denmark,DNK,2006,2933792.0
Denmark,DNK,2005,2902668.0
Denmark,DNK,2004,2901221.0
Denmark,DNK,2003,2877534.0
Denmark,DNK,2002,2881404.0
Denmark,DNK,2001,2851668.0
Denmark,DNK,2000,2861618.0
Denmark,DNK,1999,2873210.0
Denmark,DNK,1998,2837498.0
Denmark,DNK,1997,2851413.0
Denmark,DNK,1996,2834685.0
Denmark,DNK,1995,2820861.0
Denmark,DNK,1994,2780928.0
Denmark,DNK,1993,2858653.0
Denmark,DNK,1992,2879282.0
Denmark,DNK,1991,2876612.0
Denmark,DNK,1990,2869645.0
Djibouti,DJI,2025,267610.0
Djibouti,DJI,2024,263018.0
Djibouti,DJI,2023,258002.0
Djibouti,DJI,2022,252945.0
Djibouti,DJI,2021,247690.0
Djibouti,DJI,2020,240671.0
Djibouti,DJI,2019,238047.0
Djibouti,DJI,2018,233398.0
Djibouti,DJI,2017,228680.0
Djibouti,DJI,2016,223972.0
Djibouti,DJI,2015,219291.0
Djibouti,DJI,2014,214643.0
Djibouti,DJI,2013,210033.0
Djibouti,DJI,2012,205479.0
Djibouti,DJI,2011,200952.0
Djibouti,DJI,2010,196416.0
Djibouti,DJI,2009,191812.0
Djibouti,DJI,2008,187172.0
Djibouti,DJI,2007,182681.0
Djibouti,DJI,2006,178121.0
Djibouti,DJI,2005,174207.0
Djibouti,DJI,2004,171328.0
Djibouti,DJI,2003,168680.0
Djibouti,DJI,2002,164728.0
Djibouti,DJI,2001,159154.0
Djibouti,DJI,2000,153611.0
Djibouti,DJI,1999,148244.0
Djibouti,DJI,1998,142357.0
Djibouti,DJI,1997,135702.0
Djibouti,DJI,1996,130092.0
Djibouti,DJI,1995,126574.0
Djibouti,DJI,1994,124951.0
Djibouti,DJI,1993,122156.0
Djibouti,DJI,1992,124191.0
Djibouti,DJI,1991,124928.0
Djibouti,DJI,1990,114481.0
Dominican Republic,DOM,2025,5512758.0
Dominican Republic,DOM,2024,5424140.0
Dominican Republic,DOM,2023,5323558.0
Dominican Republic,DOM,2022,5169749.0
Dominican Republic,DOM,2021,5099149.0
Dominican Republic,DOM,2020,4805608.0
Dominican Republic,DOM,2019,5117215.0
Dominican Republic,DOM,2018,4935940.0
Dominican Republic,DOM,2017,4755988.0
Dominican Republic,DOM,2016,4689168.0
Dominican Republic,DOM,2015,4581646.0
Dominican Republic,DOM,2014,4327340.0
Dominican Republic,DOM,2013,4239112.0
Dominican Republic,DOM,2012,4180944.0
Dominican Republic,DOM,2011,4020502.0
Dominican Republic,DOM,2010,3849571.0
Dominican Republic,DOM,2009,3696350.0
Dominican Republic,DOM,2008,3765044.0
Dominican Republic,DOM,2007,3668718.0
Dominican Republic,DOM,2006,3602821.0
Dominican Republic,DOM,2005,3488715.0
Dominican Republic,DOM,2004,3431434.0
Dominican Republic,DOM,2003,3348018.0
Dominican Republic,DOM,2002,3333649.0
Dominican Republic,DOM,2001,3248577.0
Dominican Republic,DOM,2000,3248886.0
Dominican Republic,DOM,1999,3171281.0
Dominican Republic,DOM,1998,3090644.0
Dominican Republic,DOM,1997,3009885.0
Dominican Republic,DOM,1996,2926830.0
Dominican Republic,DOM,1995,2849794.0
Dominican Republic,DOM,1994,2774070.0
Dominican Republic,DOM,1993,2705093.0
Dominican Republic,DOM,1992,2629118.0
Dominican Republic,DOM,1991,2547830.0
Dominican Republic,DOM,1990,2483685.0
Ecuador,ECU,2025,8977208.0
Ecuador,ECU,2024,8842169.0
Ecuador,ECU,2023,8695838.0
Ecuador,ECU,2022,8739737.0
Ecuador,ECU,2021,8597736.0
Ecuador,ECU,2020,7753251.0
Ecuador,ECU,2019,8393240.0
Ecuador,ECU,2018,8250992.0
Ecuador,ECU,2017,8229598.0
Ecuador,ECU,2016,7985502.0
Ecuador,ECU,2015,7577726.0
Ecuador,ECU,2014,7072058.0
Ecuador,ECU,2013,6882742.0
Ecuador,ECU,2012,6757347.0
Ecuador,ECU,2011,6540161.0
Ecuador,ECU,2010,6489520.0
Ecuador,ECU,2009,6478792.0
Ecuador,ECU,2008,6581958.0
Ecuador,ECU,2007,6449993.0
Ecuador,ECU,2006,6409972.0
Ecuador,ECU,2005,6169877.0
Ecuador,ECU,2004,6069723.0
Ecuador,ECU,2003,5740735.0
Ecuador,ECU,2002,5554493.0
Ecuador,ECU,2001,5375207.0
Ecuador,ECU,2000,5202036.0
Ecuador,ECU,1999,5202482.0
Ecuador,ECU,1998,5196031.0
Ecuador,ECU,1997,4912617.0
Ecuador,ECU,1996,4740530.0
Ecuador,ECU,1995,4629670.0
Ecuador,ECU,1994,4516529.0
Ecuador,ECU,1993,4390835.0
Ecuador,ECU,1992,4280876.0
Ecuador,ECU,1991,4169617.0
Ecuador,ECU,1990,4043976.0
"Egypt, Arab Rep.",EGY,2025,36106369.0
"Egypt, Arab Rep.",EGY,2024,35343331.0
"Egypt, Arab Rep.",EGY,2023,34567534.0
"Egypt, Arab Rep.",EGY,2022,32394044.0
"Egypt, Arab Rep.",EGY,2021,31865548.0
"Egypt, Arab Rep.",EGY,2020,30264331.0
"Egypt, Arab Rep.",EGY,2019,30072045.0
"Egypt, Arab Rep.",EGY,2018,30208878.0
"Egypt, Arab Rep.",EGY,2017,30714881.0
"Egypt, Arab Rep.",EGY,2016,31224055.0
"Egypt, Arab Rep.",EGY,2015,30851683.0
"Egypt, Arab Rep.",EGY,2014,30992087.0
"Egypt, Arab Rep.",EGY,2013,30519334.0
"Egypt, Arab Rep.",EGY,2012,29870854.0
"Egypt, Arab Rep.",EGY,2011,29381900.0
"Egypt, Arab Rep.",EGY,2010,29112224.0
"Egypt, Arab Rep.",EGY,2009,27711440.0
"Egypt, Arab Rep.",EGY,2008,26970086.0
"Egypt, Arab Rep.",EGY,2007,26632069.0
"Egypt, Arab Rep.",EGY,2006,25528081.0
"Egypt, Arab Rep.",EGY,2005,24412249.0
"Egypt, Arab Rep.",EGY,2004,23289758.0
"Egypt, Arab Rep.",EGY,2003,22178983.0
"Egypt, Arab Rep.",EGY,2002,21097168.0
"Egypt, Arab Rep.",EGY,2001,21324246.0
"Egypt, Arab Rep.",EGY,2000,21302020.0
"Egypt, Arab Rep.",EGY,1999,21254606.0
"Egypt, Arab Rep.",EGY,1998,19954542.0
"Egypt, Arab Rep.",EGY,1997,19639085.0
"Egypt, Arab Rep.",EGY,1996,19361060.0
"Egypt, Arab Rep.",EGY,1995,19086778.0
"Egypt, Arab Rep.",EGY,1994,18936961.0
"Egypt, Arab Rep.",EGY,1993,18050843.0
"Egypt, Arab Rep.",EGY,1992,17287797.0
"Egypt, Arab Rep.",EGY,1991,16639933.0
"Egypt, Arab Rep.",EGY,1990,16098397.0
El Salvador,SLV,2025,2989409.0
El Salvador,SLV,2024,2951018.0
El Salvador,SLV,2023,2904981.0
El Salvador,SLV,2022,2806629.0
El Salvador,SLV,2021,2739437.0
El Salvador,SLV,2020,2595893.0
El Salvador,SLV,2019,2732360.0
El Salvador,SLV,2018,2664932.0
El Salvador,SLV,2017,2658834.0
El Salvador,SLV,2016,2645808.0
El Salvador,SLV,2015,2591980.0
El Salvador,SLV,2014,2591567.0
El Salvador,SLV,2013,2605139.0
El Salvador,SLV,2012,2554561.0
El Salvador,SLV,2011,2492794.0
El Salvador,SLV,2010,2471139.0
El Salvador,SLV,2009,2459601.0
El Salvador,SLV,2008,2448227.0
El Salvador,SLV,2007,2437329.0
El Salvador,SLV,2006,2397018.0
El Salvador,SLV,2005,2368100.0
El Salvador,SLV,2004,2336542.0
El Salvador,SLV,2003,2376142.0
El Salvador,SLV,2002,2301183.0
El Salvador,SLV,2001,2302106.0
El Salvador,SLV,2000,2300761.0
El Salvador,SLV,1999,2296264.0
El Salvador,SLV,1998,2284553.0
El Salvador,SLV,1997,2174391.0
El Salvador,SLV,1996,2149076.0
El Salvador,SLV,1995,2164164.0
El Salvador,SLV,1994,2156922.0
El Salvador,SLV,1993,2084523.0
El Salvador,SLV,1992,2015122.0
El Salvador,SLV,1991,1974487.0
El Salvador,SLV,1990,1936380.0
Equatorial Guinea,GNQ,2025,737977.0
Equatorial Guinea,GNQ,2024,722907.0
Equatorial Guinea,GNQ,2023,706195.0
Equatorial Guinea,GNQ,2022,687104.0
Equatorial Guinea,GNQ,2021,630607.0
Equatorial Guinea,GNQ,2020,607636.0
Equatorial Guinea,GNQ,2019,633862.0
Equatorial Guinea,GNQ,2018,612820.0
Equatorial Guinea,GNQ,2017,591358.0
Equatorial Guinea,GNQ,2016,569457.0
Equatorial Guinea,GNQ,2015,547117.0
Equatorial Guinea,GNQ,2014,524435.0
Equatorial Guinea,GNQ,2013,501639.0
Equatorial Guinea,GNQ,2012,479052.0
Equatorial Guinea,GNQ,2011,456996.0
Equatorial Guinea,GNQ,2010,434694.0
Equatorial Guinea,GNQ,2009,412481.0
Equatorial Guinea,GNQ,2008,391751.0
Equatorial Guinea,GNQ,2007,372547.0
Equatorial Guinea,GNQ,2006,354760.0
Equatorial Guinea,GNQ,2005,338269.0
Equatorial Guinea,GNQ,2004,320572.0
Equatorial Guinea,GNQ,2003,301433.0
Equatorial Guinea,GNQ,2002,283043.0
Equatorial Guinea,GNQ,2001,265392.0
Equatorial Guinea,GNQ,2000,248504.0
Equatorial Guinea,GNQ,1999,235345.0
Equatorial Guinea,GNQ,1998,225815.0
Equatorial Guinea,GNQ,1997,216820.0
Equatorial Guinea,GNQ,1996,208337.0
Equatorial Guinea,GNQ,1995,200366.0
Equatorial Guinea,GNQ,1994,192870.0
Equatorial Guinea,GNQ,1993,185854.0
Equatorial Guinea,GNQ,1992,179217.0
Equatorial Guinea,GNQ,1991,172803.0
Equatorial Guinea,GNQ,1990,166562.0
Eritrea,ERI,2025,1763700.0
Eritrea,ERI,2024,1713432.0
Eritrea,ERI,2023,1667350.0
Eritrea,ERI,2022,1624123.0
Eritrea,ERI,2021,1572766.0
Eritrea,ERI,2020,1520345.0
Eritrea,ERI,2019,1498780.0
Eritrea,ERI,2018,1469550.0
Eritrea,ERI,2017,1445587.0
Eritrea,ERI,2016,1431240.0
Eritrea,ERI,2015,1424066.0
Eritrea,ERI,2014,1420197.0
Eritrea,ERI,2013,1415251.0
Eritrea,ERI,2012,1395116.0
Eritrea,ERI,2011,1375299.0
Eritrea,ERI,2010,1348098.0
Eritrea,ERI,2009,1320001.0
Eritrea,ERI,2008,1283339.0
Eritrea,ERI,2007,1244963.0
Eritrea,ERI,2006,1230528.0
Eritrea,ERI,2005,1214595.0
Eritrea,ERI,2004,1185070.0
Eritrea,ERI,2003,1126875.0
Eritrea,ERI,2002,1069583.0
Eritrea,ERI,2001,1025865.0
Eritrea,ERI,2000,993784.0
Eritrea,ERI,1999,983703.0
Eritrea,ERI,1998,977121.0
Eritrea,ERI,1997,974297.0
Eritrea,ERI,1996,974960.0
Eritrea,ERI,1995,920751.0
Eritrea,ERI,1994,858389.0
Eritrea,ERI,1993,831950.0
Eritrea,ERI,1992,804732.0
Eritrea,ERI,1991,860903.0
Eritrea,ERI,1990,913101.0
Estonia,EST,2025,746793.0
Estonia,EST,2024,757729.0
Estonia,EST,2023,755414.0
Estonia,EST,2022,735699.0
Estonia,EST,2021,703200.0
Estonia,EST,2020,700345.0
Estonia,EST,2019,700344.0
Estonia,EST,2018,702066.0
Estonia,EST,2017,697564.0
Estonia,EST,2016,691079.0
Estonia,EST,2015,682925.0
Estonia,EST,2014,675361.0
Estonia,EST,2013,680463.0
Estonia,EST,2012,683905.0
Estonia,EST,2011,687635.0
Estonia,EST,2010,682900.0
Estonia,EST,2009,688923.0
Estonia,EST,2008,695990.0
Estonia,EST,2007,690796.0
Estonia,EST,2006,692908.0
Estonia,EST,2005,673275.0
Estonia,EST,2004,677586.0
Estonia,EST,2003,675532.0
Estonia,EST,2002,654871.0
Estonia,EST,2001,666902.0
Estonia,EST,2000,677821.0
Estonia,EST,1999,669211.0
Estonia,EST,1998,674511.0
Estonia,EST,1997,690530.0
Estonia,EST,1996,690966.0
Estonia,EST,1995,704562.0
Estonia,EST,1994,727988.0
Estonia,EST,1993,741475.0
Estonia,EST,1992,775271.0
Estonia,EST,1991,812068.0
Estonia,EST,1990,829262.0
Eswatini,SWZ,2025,430869.0
Eswatini,SWZ,2024,424113.0
Eswatini,SWZ,2023,418086.0
Eswatini,SWZ,2022,406038.0
Eswatini,SWZ,2021,393966.0
Eswatini,SWZ,2020,385559.0
Eswatini,SWZ,2019,384496.0
Eswatini,SWZ,2018,380669.0
Eswatini,SWZ,2017,376955.0
Eswatini,SWZ,2016,373981.0
Eswatini,SWZ,2015,370293.0
Eswatini,SWZ,2014,366547.0
Eswatini,SWZ,2013,363011.0
Eswatini,SWZ,2012,359714.0
Eswatini,SWZ,2011,356349.0
Eswatini,SWZ,2010,352683.0
Eswatini,SWZ,2009,348706.0
Eswatini,SWZ,2008,344385.0
Eswatini,SWZ,2007,340070.0
Eswatini,SWZ,2006,336690.0
Eswatini,SWZ,2005,333903.0
Eswatini,SWZ,2004,330788.0
Eswatini,SWZ,2003,327249.0
Eswatini,SWZ,2002,323143.0
Eswatini,SWZ,2001,318309.0
Eswatini,SWZ,2000,312687.0
Eswatini,SWZ,1999,306353.0
Eswatini,SWZ,1998,299615.0
Eswatini,SWZ,1997,292470.0
Eswatini,SWZ,1996,284883.0
Eswatini,SWZ,1995,277189.0
Eswatini,SWZ,1994,279033.0
Eswatini,SWZ,1993,281512.0
Eswatini,SWZ,1992,272483.0
Eswatini,SWZ,1991,260543.0
Eswatini,SWZ,1990,248520.0
Ethiopia,ETH,2025,56779061.0
Ethiopia,ETH,2024,55099611.0
Ethiopia,ETH,2023,53419507.0
Ethiopia,ETH,2022,51764455.0
Ethiopia,ETH,2021,49963936.0
Ethiopia,ETH,2020,49138941.0
Ethiopia,ETH,2019,48989009.0
Ethiopia,ETH,2018,48392305.0
Ethiopia,ETH,2017,47739835.0
Ethiopia,ETH,2016,47024057.0
Ethiopia,ETH,2015,46289893.0
Ethiopia,ETH,2014,45540789.0
Ethiopia,ETH,2013,44769587.0
Ethiopia,ETH,2012,43162700.0
Ethiopia,ETH,2011,41585929.0
Ethiopia,ETH,2010,40076847.0
Ethiopia,ETH,2009,38658811.0
Ethiopia,ETH,2008,37333059.0
Ethiopia,ETH,2007,36075624.0
Ethiopia,ETH,2006,34890453.0
Ethiopia,ETH,2005,33787143.0
Ethiopia,ETH,2004,32712513.0
Ethiopia,ETH,2003,31680622.0
Ethiopia,ETH,2002,30693682.0
Ethiopia,ETH,2001,29763416.0
Ethiopia,ETH,2000,28908590.0
Ethiopia,ETH,1999,28108768.0
Ethiopia,ETH,1998,27345147.0
Ethiopia,ETH,1997,26611701.0
Ethiopia,ETH,1996,25873998.0
Ethiopia,ETH,1995,25115740.0
Ethiopia,ETH,1994,24344201.0
Ethiopia,ETH,1993,23576334.0
Ethiopia,ETH,1992,22824157.0
Ethiopia,ETH,1991,21887173.0
Ethiopia,ETH,1990,20948603.0
Fiji,FJI,2025,390290.0
Fiji,FJI,2024,387456.0
Fiji,FJI,2023,383856.0
Fiji,FJI,2022,379661.0
Fiji,FJI,2021,359413.0
Fiji,FJI,2020,354223.0
Fiji,FJI,2019,374639.0
Fiji,FJI,2018,373851.0
Fiji,FJI,2017,373627.0
Fiji,FJI,2016,373395.0
Fiji,FJI,2015,376446.0
Fiji,FJI,2014,379358.0
Fiji,FJI,2013,386863.0
Fiji,FJI,2012,393959.0
Fiji,FJI,2011,400338.0
Fiji,FJI,2010,391050.0
Fiji,FJI,2009,381674.0
Fiji,FJI,2008,372107.0
Fiji,FJI,2007,361736.0
Fiji,FJI,2006,350534.0
Fiji,FJI,2005,339184.0
Fiji,FJI,2004,342970.0
Fiji,FJI,2003,338779.0
Fiji,FJI,2002,334431.0
Fiji,FJI,2001,329834.0
Fiji,FJI,2000,324912.0
Fiji,FJI,1999,319513.0
Fiji,FJI,1998,313729.0
Fiji,FJI,1997,307837.0
Fiji,FJI,1996,302916.0
Fiji,FJI,1995,299221.0
Fiji,FJI,1994,295866.0
Fiji,FJI,1993,292893.0
Fiji,FJI,1992,289705.0
Fiji,FJI,1991,287024.0
Fiji,FJI,1990,283522.0
Finland,FIN,2025,2873200.0
Finland,FIN,2024,2871471.0
Finland,FIN,2023,2863035.0
Finland,FIN,2022,2846126.0
Finland,FIN,2021,2799945.0
Finland,FIN,2020,2744434.0
Finland,FIN,2019,2749091.0
Finland,FIN,2018,2745547.0
Finland,FIN,2017,2708034.0
Finland,FIN,2016,2693204.0
Finland,FIN,2015,2693252.0
Finland,FIN,2014,2681812.0
Finland,FIN,2013,2687096.0
Finland,FIN,2012,2695628.0
Finland,FIN,2011,2691855.0
Finland,FIN,2010,2672403.0
Finland,FIN,2009,2686552.0
Finland,FIN,2008,2715342.0
Finland,FIN,2007,2683761.0
Finland,FIN,2006,2716612.0
Finland,FIN,2005,2697022.0
Finland,FIN,2004,2665989.0
Finland,FIN,2003,2665244.0
Finland,FIN,2002,2654217.0
Finland,FIN,2001,2634098.0
Finland,FIN,2000,2601528.0
Finland,FIN,1999,2576050.0
Finland,FIN,1998,2525317.0
Finland,FIN,1997,2509396.0
Finland,FIN,1996,2460830.0
Finland,FIN,1995,2469694.0
Finland,FIN,1994,2491238.0
Finland,FIN,1993,2510536.0
Finland,FIN,1992,2529602.0
Finland,FIN,1991,2567500.0
Finland,FIN,1990,2604785.0
France,FRA,2025,31827794.0
France,FRA,2024,31859898.0
France,FRA,2023,31826568.0
France,FRA,2022,31586796.0
France,FRA,2021,31188658.0
France,FRA,2020,30289755.0
France,FRA,2019,30500444.0
France,FRA,2018,30534890.0
France,FRA,2017,30347085.0
France,FRA,2016,30280138.0
France,FRA,2015,30261476.0
France,FRA,2014,30194204.0
France,FRA,2013,30287405.0
France,FRA,2012,30074280.0
France,FRA,2011,29815844.0
France,FRA,2010,29781056.0
France,FRA,2009,29692721.0
France,FRA,2008,29464970.0
France,FRA,2007,29271805.0
France,FRA,2006,29008602.0
France,FRA,2005,28829106.0
France,FRA,2004,28513168.0
France,FRA,2003,28339734.0
France,FRA,2002,27809449.0
France,FRA,2001,27441602.0
France,FRA,2000,27313657.0
France,FRA,1999,27142160.0
France,FRA,1998,26832480.0
France,FRA,1997,26651660.0
France,FRA,1996,26684433.0
France,FRA,1995,26380077.0
France,FRA,1994,26228093.0
France,FRA,1993,26135835.0
France,FRA,1992,25968918.0
France,FRA,1991,25748991.0
France,FRA,1990,25871210.0
French Polynesia,PYF,2025,120628.0
French Polynesia,PYF,2024,120370.0
French Polynesia,PYF,2023,120388.0
French Polynesia,PYF,2022,120561.0
French Polynesia,PYF,2021,120135.0
French Polynesia,PYF,2020,119656.0
French Polynesia,PYF,2019,120839.0
French Polynesia,PYF,2018,120471.0
French Polynesia,PYF,2017,119997.0
French Polynesia,PYF,2016,118991.0
French Polynesia,PYF,2015,117940.0
French Polynesia,PYF,2014,116869.0
French Polynesia,PYF,2013,115819.0
French Polynesia,PYF,2012,114831.0
French Polynesia,PYF,2011,113689.0
French Polynesia,PYF,2010,112569.0
French Polynesia,PYF,2009,111386.0
French Polynesia,PYF,2008,110126.0
French Polynesia,PYF,2007,108503.0
French Polynesia,PYF,2006,106958.0
French Polynesia,PYF,2005,105133.0
French Polynesia,PYF,2004,103335.0
French Polynesia,PYF,2003,101540.0
French Polynesia,PYF,2002,99618.0
French Polynesia,PYF,2001,97633.0
French Polynesia,PYF,2000,95603.0
French Polynesia,PYF,1999,93584.0
French Polynesia,PYF,1998,91616.0
French Polynesia,PYF,1997,89664.0
French Polynesia,PYF,1996,87791.0
French Polynesia,PYF,1995,85817.0
French Polynesia,PYF,1994,83863.0
French Polynesia,PYF,1993,81933.0
French Polynesia,PYF,1992,80008.0
French Polynesia,PYF,1991,78107.0
French Polynesia,PYF,1990,76123.0
Gabon,GAB,2025,844145.0
Gabon,GAB,2024,827520.0
Gabon,GAB,2023,810513.0
Gabon,GAB,2022,792686.0
Gabon,GAB,2021,728512.0
Gabon,GAB,2020,702619.0
Gabon,GAB,2019,737231.0
Gabon,GAB,2018,718038.0
Gabon,GAB,2017,697657.0
Gabon,GAB,2016,676184.0
Gabon,GAB,2015,653352.0
Gabon,GAB,2014,629020.0
Gabon,GAB,2013,603387.0
Gabon,GAB,2012,577623.0
Gabon,GAB,2011,552516.0
Gabon,GAB,2010,528908.0
Gabon,GAB,2009,506825.0
Gabon,GAB,2008,485449.0
Gabon,GAB,2007,465141.0
Gabon,GAB,2006,447318.0
Gabon,GAB,2005,429982.0
Gabon,GAB,2004,414676.0
Gabon,GAB,2003,400387.0
Gabon,GAB,2002,387276.0
Gabon,GAB,2001,374802.0
Gabon,GAB,2000,363325.0
Gabon,GAB,1999,352195.0
Gabon,GAB,1998,341055.0
Gabon,GAB,1997,331474.0
Gabon,GAB,1996,322506.0
Gabon,GAB,1995,313789.0
Gabon,GAB,1994,305559.0
Gabon,GAB,1993,297578.0
Gabon,GAB,1992,289892.0
Gabon,GAB,1991,281968.0
Gabon,GAB,1990,274946.0
"Gambia, The",GMB,2025,807275.0
"Gambia, The",GMB,2024,783461.0
"Gambia, The",GMB,2023,760304.0
"Gambia, The",GMB,2022,738066.0
"Gambia, The",GMB,2021,716337.0
"Gambia, The",GMB,2020,695109.0
"Gambia, The",GMB,2019,675484.0
"Gambia, The",GMB,2018,656084.0
"Gambia, The",GMB,2017,637032.0
"Gambia, The",GMB,2016,618571.0
"Gambia, The",GMB,2015,600677.0
"Gambia, The",GMB,2014,582683.0
"Gambia, The",GMB,2013,565400.0
"Gambia, The",GMB,2012,547788.0
"Gambia, The",GMB,2011,530220.0
"Gambia, The",GMB,2010,514388.0
"Gambia, The",GMB,2009,497339.0
"Gambia, The",GMB,2008,480666.0
"Gambia, The",GMB,2007,464605.0
"Gambia, The",GMB,2006,449455.0
"Gambia, The",GMB,2005,435354.0
"Gambia, The",GMB,2004,422236.0
"Gambia, The",GMB,2003,409102.0
"Gambia, The",GMB,2002,396730.0
"Gambia, The",GMB,2001,385746.0
"Gambia, The",GMB,2000,374537.0
"Gambia, The",GMB,1999,363825.0
"Gambia, The",GMB,1998,353541.0
"Gambia, The",GMB,1997,344014.0
"Gambia, The",GMB,1996,334893.0
"Gambia, The",GMB,1995,326409.0
"Gambia, The",GMB,1994,318248.0
"Gambia, The",GMB,1993,309465.0
"Gambia, The",GMB,1992,299048.0
"Gambia, The",GMB,1991,287613.0
"Gambia, The",GMB,1990,276238.0
Georgia,GEO,2025,1891375.0
Georgia,GEO,2024,1885370.0
Georgia,GEO,2023,1878810.0
Georgia,GEO,2022,1863170.0
Georgia,GEO,2021,1783433.0
Georgia,GEO,2020,1864522.0
Georgia,GEO,2019,1854016.0
Georgia,GEO,2018,1893021.0
Georgia,GEO,2017,1957834.0
Georgia,GEO,2016,1972634.0
Georgia,GEO,2015,1985928.0
Georgia,GEO,2014,1997301.0
Georgia,GEO,2013,2008043.0
Georgia,GEO,2012,2023718.0
Georgia,GEO,2011,2052501.0
Georgia,GEO,2010,2087922.0
Georgia,GEO,2009,2121468.0
Georgia,GEO,2008,2136012.0
Georgia,GEO,2007,2145501.0
Georgia,GEO,2006,2177951.0
Georgia,GEO,2005,2202013.0
Georgia,GEO,2004,2228045.0
Georgia,GEO,2003,2246171.0
Georgia,GEO,2002,2282143.0
Georgia,GEO,2001,2304252.0
Georgia,GEO,2000,2341585.0
Georgia,GEO,1999,2381508.0
Georgia,GEO,1998,2431629.0
Georgia,GEO,1997,2498303.0
Georgia,GEO,1996,2619928.0
Georgia,GEO,1995,2766844.0
Georgia,GEO,1994,2891282.0
Georgia,GEO,1993,2883353.0
Georgia,GEO,1992,2816900.0
Georgia,GEO,1991,2758255.0
Georgia,GEO,1990,2708037.0
Germany,DEU,2025,43199538.0
Germany,DEU,2024,43801773.0
Germany,DEU,2023,43771247.0
Germany,DEU,2022,43561312.0
Germany,DEU,2021,43283278.0
Germany,DEU,2020,43372704.0
Germany,DEU,2019,43981829.0
Germany,DEU,2018,43612526.0
Germany,DEU,2017,43391708.0
Germany,DEU,2016,43118037.0
Germany,DEU,2015,42693402.0
Germany,DEU,2014,42451594.0
Germany,DEU,2013,42179007.0
Germany,DEU,2012,41764438.0
Germany,DEU,2011,41522681.0
Germany,DEU,2010,41860532.0
Germany,DEU,2009,41823603.0
Germany,DEU,2008,41800249.0
Germany,DEU,2007,41795078.0
Germany,DEU,2006,41693194.0
Germany,DEU,2005,41133962.0
Germany,DEU,2004,40416992.0
Germany,DEU,2003,40574932.0
Germany,DEU,2002,40394421.0
Germany,DEU,2001,40298909.0
Germany,DEU,2000,40210993.0
Germany,DEU,1999,40339143.0
Germany,DEU,1998,40123592.0
Germany,DEU,1997,40090327.0
Germany,DEU,1996,39843177.0
Germany,DEU,1995,39847771.0
Germany,DEU,1994,39987604.0
Germany,DEU,1993,39750111.0
Germany,DEU,1992,39856048.0
Germany,DEU,1991,39933754.0
Germany,DEU,1990,38773764.0
Ghana,GHA,2025,13250486.0
Ghana,GHA,2024,13049107.0
Ghana,GHA,2023,12737097.0
Ghana,GHA,2022,12434883.0
Ghana,GHA,2021,12396107.0
Ghana,GHA,2020,12333934.0
Ghana,GHA,2019,12437098.0
Ghana,GHA,2018,12431335.0
Ghana,GHA,2017,12411296.0
Ghana,GHA,2016,12308859.0
Ghana,GHA,2015,12200598.0
Ghana,GHA,2014,12101554.0
Ghana,GHA,2013,11997060.0
Ghana,GHA,2012,11707315.0
Ghana,GHA,2011,11424206.0
Ghana,GHA,2010,11144747.0
Ghana,GHA,2009,10856911.0
Ghana,GHA,2008,10557369.0
Ghana,GHA,2007,10253841.0
Ghana,GHA,2006,9952251.0
Ghana,GHA,2005,9656788.0
Ghana,GHA,2004,9363454.0
Ghana,GHA,2003,9071660.0
Ghana,GHA,2002,8780391.0
Ghana,GHA,2001,8489686.0
Ghana,GHA,2000,8217643.0
Ghana,GHA,1999,7967563.0
Ghana,GHA,1998,7723595.0
Ghana,GHA,1997,7484566.0
Ghana,GHA,1996,7268201.0
Ghana,GHA,1995,7072775.0
Ghana,GHA,1994,6875670.0
Ghana,GHA,1993,6678510.0
Ghana,GHA,1992,6492065.0
Ghana,GHA,1991,6322267.0
Ghana,GHA,1990,6157090.0
Greece,GRC,2025,4692676.0
Greece,GRC,2024,4725479.0
Greece,GRC,2023,4658631.0
Greece,GRC,2022,4659964.0
Greece,GRC,2021,4573547.0
Greece,GRC,2020,4596339.0
Greece,GRC,2019,4672995.0
Greece,GRC,2018,4668888.0
Greece,GRC,2017,4695990.0
Greece,GRC,2016,4715851.0
Greece,GRC,2015,4737907.0
Greece,GRC,2014,4766187.0
Greece,GRC,2013,4825291.0
Greece,GRC,2012,4890730.0
Greece,GRC,2011,4943412.0
Greece,GRC,2010,5021719.0
Greece,GRC,2009,5000038.0
Greece,GRC,2008,4948462.0
Greece,GRC,2007,4926848.0
Greece,GRC,2006,4920904.0
Greece,GRC,2005,4871505.0
Greece,GRC,2004,4833969.0
Greece,GRC,2003,4751371.0
Greece,GRC,2002,4692781.0
Greece,GRC,2001,4642262.0
Greece,GRC,2000,4679182.0
Greece,GRC,1999,4664083.0
Greece,GRC,1998,4648334.0
Greece,GRC,1997,4507484.0
Greece,GRC,1996,4487051.0
Greece,GRC,1995,4396119.0
Greece,GRC,1994,4329587.0
Greece,GRC,1993,4242086.0
Greece,GRC,1992,4202526.0
Greece,GRC,1991,4098074.0
Greece,GRC,1990,4153774.0
Guam,GUM,2025,78007.0
Guam,GUM,2024,77324.0
Guam,GUM,2023,76663.0
Guam,GUM,2022,76032.0
Guam,GUM,2021,72348.0
Guam,GUM,2020,71182.0
Guam,GUM,2019,74816.0
Guam,GUM,2018,75326.0
Guam,GUM,2017,75652.0
Guam,GUM,2016,75940.0
Guam,GUM,2015,76100.0
Guam,GUM,2014,76161.0
Guam,GUM,2013,76126.0
Guam,GUM,2012,75967.0
Guam,GUM,2011,75707.0
Guam,GUM,2010,73843.0
Guam,GUM,2009,73751.0
Guam,GUM,2008,70982.0
Guam,GUM,2007,68168.0
Guam,GUM,2006,73393.0
Guam,GUM,2005,70966.0
Guam,GUM,2004,71093.0
Guam,GUM,2003,70941.0
Guam,GUM,2002,70802.0
Guam,GUM,2001,73861.0
Guam,GUM,2000,75675.0
Guam,GUM,1999,75341.0
Guam,GUM,1998,74837.0
Guam,GUM,1997,74317.0
Guam,GUM,1996,73792.0
Guam,GUM,1995,73253.0
Guam,GUM,1994,72681.0
Guam,GUM,1993,72113.0
Guam,GUM,1992,71553.0
Guam,GUM,1991,70979.0
Guam,GUM,1990,70352.0
Guatemala,GTM,2025,7684762.0
Guatemala,GTM,2024,7519217.0
Guatemala,GTM,2023,7329032.0
Guatemala,GTM,2022,7234412.0
Guatemala,GTM,2021,7391464.0
Guatemala,GTM,2020,6751370.0
Guatemala,GTM,2019,6643821.0
Guatemala,GTM,2018,6638657.0
Guatemala,GTM,2017,6525645.0
Guatemala,GTM,2016,6330012.0
Guatemala,GTM,2015,6154180.0
Guatemala,GTM,2014,6005384.0
Guatemala,GTM,2013,5790992.0
Guatemala,GTM,2012,6083825.0
Guatemala,GTM,2011,5569717.0
Guatemala,GTM,2010,5323040.0
Guatemala,GTM,2009,5205207.0
Guatemala,GTM,2008,5089817.0
Guatemala,GTM,2007,4974966.0
Guatemala,GTM,2006,4861633.0
Guatemala,GTM,2005,4752127.0
Guatemala,GTM,2004,4644836.0
Guatemala,GTM,2003,4842105.0
Guatemala,GTM,2002,4646801.0
Guatemala,GTM,2001,4514365.0
Guatemala,GTM,2000,4394451.0
Guatemala,GTM,1999,4271791.0
Guatemala,GTM,1998,4144342.0
Guatemala,GTM,1997,4017853.0
Guatemala,GTM,1996,3900013.0
Guatemala,GTM,1995,3790257.0
Guatemala,GTM,1994,3679765.0
Guatemala,GTM,1993,3572608.0
Guatemala,GTM,1992,3466856.0
Guatemala,GTM,1991,3363858.0
Guatemala,GTM,1990,3265718.0
Guinea,GIN,2025,4722818.0
Guinea,GIN,2024,4603413.0
Guinea,GIN,2023,4470129.0
Guinea,GIN,2022,4337819.0
Guinea,GIN,2021,4194116.0
Guinea,GIN,2020,4051774.0
Guinea,GIN,2019,3969628.0
Guinea,GIN,2018,3904140.0
Guinea,GIN,2017,3841450.0
Guinea,GIN,2016,3778710.0
Guinea,GIN,2015,3714419.0
Guinea,GIN,2014,3651040.0
Guinea,GIN,2013,3590645.0
Guinea,GIN,2012,3531500.0
Guinea,GIN,2011,3471253.0
Guinea,GIN,2010,3411704.0
Guinea,GIN,2009,3354492.0
Guinea,GIN,2008,3298093.0
Guinea,GIN,2007,3243009.0
Guinea,GIN,2006,3194077.0
Guinea,GIN,2005,3158236.0
Guinea,GIN,2004,3127578.0
Guinea,GIN,2003,3089081.0
Guinea,GIN,2002,3046057.0
Guinea,GIN,2001,3007705.0
Guinea,GIN,2000,2983857.0
Guinea,GIN,1999,2933852.0
Guinea,GIN,1998,2874189.0
Guinea,GIN,1997,2832862.0
Guinea,GIN,1996,2786881.0
Guinea,GIN,1995,2712099.0
Guinea,GIN,1994,2640814.0
Guinea,GIN,1993,2566695.0
Guinea,GIN,1992,2493175.0
Guinea,GIN,1991,2418170.0
Guinea,GIN,1990,2325771.0
Guinea-Bissau,GNB,2025,899220.0
Guinea-Bissau,GNB,2024,872544.0
Guinea-Bissau,GNB,2023,847738.0
Guinea-Bissau,GNB,2022,823140.0
Guinea-Bissau,GNB,2021,785828.0
Guinea-Bissau,GNB,2020,748181.0
Guinea-Bissau,GNB,2019,722591.0
Guinea-Bissau,GNB,2018,709612.0
Guinea-Bissau,GNB,2017,689816.0
Guinea-Bissau,GNB,2016,670517.0
Guinea-Bissau,GNB,2015,651647.0
Guinea-Bissau,GNB,2014,633206.0
Guinea-Bissau,GNB,2013,615193.0
Guinea-Bissau,GNB,2012,597640.0
Guinea-Bissau,GNB,2011,580683.0
Guinea-Bissau,GNB,2010,564397.0
Guinea-Bissau,GNB,2009,548777.0
Guinea-Bissau,GNB,2008,533881.0
Guinea-Bissau,GNB,2007,519644.0
Guinea-Bissau,GNB,2006,506064.0
Guinea-Bissau,GNB,2005,493254.0
Guinea-Bissau,GNB,2004,480912.0
Guinea-Bissau,GNB,2003,468941.0
Guinea-Bissau,GNB,2002,457500.0
Guinea-Bissau,GNB,2001,446544.0
Guinea-Bissau,GNB,2000,436113.0
Guinea-Bissau,GNB,1999,426488.0
Guinea-Bissau,GNB,1998,417652.0
Guinea-Bissau,GNB,1997,409129.0
Guinea-Bissau,GNB,1996,400611.0
Guinea-Bissau,GNB,1995,391741.0
Guinea-Bissau,GNB,1994,381647.0
Guinea-Bissau,GNB,1993,369934.0
Guinea-Bissau,GNB,1992,357762.0
Guinea-Bissau,GNB,1991,347006.0
Guinea-Bissau,GNB,1990,339101.0
Guyana,GUY,2025,326682.0
Guyana,GUY,2024,324618.0
Guyana,GUY,2023,319469.0
Guyana,GUY,2022,313338.0
Guyana,GUY,2021,294524.0
Guyana,GUY,2020,288992.0
Guyana,GUY,2019,297505.0
Guyana,GUY,2018,311302.0
Guyana,GUY,2017,298912.0
Guyana,GUY,2016,297021.0
Guyana,GUY,2015,295063.0
Guyana,GUY,2014,293074.0
Guyana,GUY,2013,291068.0
Guyana,GUY,2012,289063.0
Guyana,GUY,2011,287608.0
Guyana,GUY,2010,286522.0
Guyana,GUY,2009,285151.0
Guyana,GUY,2008,283580.0
Guyana,GUY,2007,281862.0
Guyana,GUY,2006,280011.0
Guyana,GUY,2005,278198.0
Guyana,GUY,2004,276503.0
Guyana,GUY,2003,274806.0
Guyana,GUY,2002,273295.0
Guyana,GUY,2001,275343.0
Guyana,GUY,2000,277438.0
Guyana,GUY,1999,279425.0
Guyana,GUY,1998,281313.0
Guyana,GUY,1997,283069.0
Guyana,GUY,1996,284621.0
Guyana,GUY,1995,285887.0
Guyana,GUY,1994,286813.0
Guyana,GUY,1993,287405.0
Guyana,GUY,1992,284774.0
Guyana,GUY,1991,282326.0
Guyana,GUY,1990,281352.0
Haiti,HTI,2025,5268189.0
Haiti,HTI,2024,5181956.0
Haiti,HTI,2023,5135239.0
Haiti,HTI,2022,5073825.0
Haiti,HTI,2021,5061618.0
Haiti,HTI,2020,4940938.0
Haiti,HTI,2019,4902625.0
Haiti,HTI,2018,4823338.0
Haiti,HTI,2017,4734976.0
Haiti,HTI,2016,4644004.0
Haiti,HTI,2015,4553008.0
Haiti,HTI,2014,4462053.0
Haiti,HTI,2013,4367938.0
Haiti,HTI,2012,4270619.0
Haiti,HTI,2011,4182422.0
Haiti,HTI,2010,4101260.0
Haiti,HTI,2009,4006423.0
Haiti,HTI,2008,3894117.0
Haiti,HTI,2007,3782583.0
Haiti,HTI,2006,3671852.0
Haiti,HTI,2005,3562527.0
Haiti,HTI,2004,3464730.0
Haiti,HTI,2003,3370045.0
Haiti,HTI,2002,3277860.0
Haiti,HTI,2001,3189161.0
Haiti,HTI,2000,3103912.0
Haiti,HTI,1999,3054962.0
Haiti,HTI,1998,3007854.0
Haiti,HTI,1997,2962274.0
Haiti,HTI,1996,2918130.0
Haiti,HTI,1995,2875635.0
Haiti,HTI,1994,2829754.0
Haiti,HTI,1993,2785468.0
Haiti,HTI,1992,2742384.0
Haiti,HTI,1991,2700760.0
Haiti,HTI,1990,2660277.0
Honduras,HND,2025,4340779.0
Honduras,HND,2024,4250629.0
Honduras,HND,2023,4149025.0
Honduras,HND,2022,4209927.0
Honduras,HND,2021,4260442.0
Honduras,HND,2020,4083200.0
Honduras,HND,2019,4231661.0
Honduras,HND,2018,4341185.0
Honduras,HND,2017,4091954.0
Honduras,HND,2016,3916766.0
Honduras,HND,2015,3853452.0
Honduras,HND,2014,3747097.0
Honduras,HND,2013,3554537.0
Honduras,HND,2012,3216011.0
Honduras,HND,2011,3191213.0
Honduras,HND,2010,3207856.0
Honduras,HND,2009,3053320.0
Honduras,HND,2008,2897946.0
Honduras,HND,2007,2777245.0
Honduras,HND,2006,2729848.0
Honduras,HND,2005,2722594.0
Honduras,HND,2004,2658765.0
Honduras,HND,2003,2595544.0
Honduras,HND,2002,2532641.0
Honduras,HND,2001,2470594.0
Honduras,HND,2000,2409908.0
Honduras,HND,1999,2385258.0
Honduras,HND,1998,2312858.0
Honduras,HND,1997,2236630.0
Honduras,HND,1996,2159961.0
Honduras,HND,1995,2089123.0
Honduras,HND,1994,2015802.0
Honduras,HND,1993,1952205.0
Honduras,HND,1992,1884411.0
Honduras,HND,1991,1820069.0
Honduras,HND,1990,1768731.0
"Hong Kong SAR, China",HKG,2025,3802007.0
"Hong Kong SAR, China",HKG,2024,3827176.0
"Hong Kong SAR, China",HKG,2023,3850529.0
"Hong Kong SAR, China",HKG,2022,3786090.0
"Hong Kong SAR, China",HKG,2021,3872131.0
"Hong Kong SAR, China",HKG,2020,3914381.0
"Hong Kong SAR, China",HKG,2019,3987130.0
"Hong Kong SAR, China",HKG,2018,3996403.0
"Hong Kong SAR, China",HKG,2017,3953897.0
"Hong Kong SAR, China",HKG,2016,3921737.0
"Hong Kong SAR, China",HKG,2015,3899877.0
"Hong Kong SAR, China",HKG,2014,3854786.0
"Hong Kong SAR, China",HKG,2013,3837047.0
"Hong Kong SAR, China",HKG,2012,3773047.0
"Hong Kong SAR, China",HKG,2011,3698563.0
"Hong Kong SAR, China",HKG,2010,3626540.0
"Hong Kong SAR, China",HKG,2009,3651728.0
"Hong Kong SAR, China",HKG,2008,3633423.0
"Hong Kong SAR, China",HKG,2007,3626034.0
"Hong Kong SAR, China",HKG,2006,3575148.0
"Hong Kong SAR, China",HKG,2005,3528607.0
"Hong Kong SAR, China",HKG,2004,3493354.0
"Hong Kong SAR, China",HKG,2003,3447305.0
"Hong Kong SAR, China",HKG,2002,3464010.0
"Hong Kong SAR, China",HKG,2001,3416906.0
"Hong Kong SAR, China",HKG,2000,3358981.0
"Hong Kong SAR, China",HKG,1999,3322073.0
"Hong Kong SAR, China",HKG,1998,3285298.0
"Hong Kong SAR, China",HKG,1997,3245999.0
"Hong Kong SAR, China",HKG,1996,3217627.0
"Hong Kong SAR, China",HKG,1995,3075031.0
"Hong Kong SAR, China",HKG,1994,3002840.0
"Hong Kong SAR, China",HKG,1993,2927654.0
"Hong Kong SAR, China",HKG,1992,2881959.0
"Hong Kong SAR, China",HKG,1991,2890794.0
"Hong Kong SAR, China",HKG,1990,2841258.0
Hungary,HUN,2025,4929485.0
Hungary,HUN,2024,4965018.0
Hungary,HUN,2023,4971665.0
Hungary,HUN,2022,4912669.0
Hungary,HUN,2021,4864077.0
Hungary,HUN,2020,4829178.0
Hungary,HUN,2019,4843975.0
Hungary,HUN,2018,4835700.0
Hungary,HUN,2017,4807691.0
Hungary,HUN,2016,4780556.0
Hungary,HUN,2015,4709412.0
Hungary,HUN,2014,4626892.0
Hungary,HUN,2013,4520977.0
Hungary,HUN,2012,4485535.0
Hungary,HUN,2011,4449987.0
Hungary,HUN,2010,4434705.0
Hungary,HUN,2009,4400693.0
Hungary,HUN,2008,4452834.0
Hungary,HUN,2007,4463496.0
Hungary,HUN,2006,4468587.0
Hungary,HUN,2005,4456354.0
Hungary,HUN,2004,4441310.0
Hungary,HUN,2003,4420410.0
Hungary,HUN,2002,4404391.0
Hungary,HUN,2001,4378291.0
Hungary,HUN,2000,4344023.0
Hungary,HUN,1999,4319306.0
Hungary,HUN,1998,4310955.0
Hungary,HUN,1997,4309332.0
Hungary,HUN,1996,4306901.0
Hungary,HUN,1995,4303818.0
Hungary,HUN,1994,4299242.0
Hungary,HUN,1993,4291598.0
Hungary,HUN,1992,4280411.0
Hungary,HUN,1991,4268634.0
Hungary,HUN,1990,4265575.0
Iceland,ISL,2025,241522.0
Iceland,ISL,2024,238873.0
Iceland,ISL,2023,236225.0
Iceland,ISL,2022,232189.0
Iceland,ISL,2021,222546.0
Iceland,ISL,2020,219071.0
Iceland,ISL,2019,221428.0
Iceland,ISL,2018,216594.0
Iceland,ISL,2017,212416.0
Iceland,ISL,2016,208038.0
Iceland,ISL,2015,202438.0
Iceland,ISL,2014,197861.0
Iceland,ISL,2013,192559.0
Iceland,ISL,2012,188899.0
Iceland,ISL,2011,187361.0
Iceland,ISL,2010,187815.0
Iceland,ISL,2009,188521.0
Iceland,ISL,2008,191884.0
Iceland,ISL,2007,189668.0
Iceland,ISL,2006,183267.0
Iceland,ISL,2005,175134.0
Iceland,ISL,2004,172771.0
Iceland,ISL,2003,172652.0
Iceland,ISL,2002,169794.0
Iceland,ISL,2001,170262.0
Iceland,ISL,2000,167968.0
Iceland,ISL,1999,162052.0
Iceland,ISL,1998,157059.0
Iceland,ISL,1997,151778.0
Iceland,ISL,1996,151743.0
Iceland,ISL,1995,152961.0
Iceland,ISL,1994,146565.0
Iceland,ISL,1993,144512.0
Iceland,ISL,1992,143787.0
Iceland,ISL,1991,140969.0
Iceland,ISL,1990,138996.0
India,IND,2025,617625336.0
India,IND,2024,608500805.0
India,IND,2023,589486854.0
India,IND,2022,569155867.0
India,IND,2021,550352877.0
India,IND,2020,532528354.0
India,IND,2019,531373378.0
India,IND,2018,524292869.0
India,IND,2017,516713963.0
India,IND,2016,508681288.0
India,IND,2015,500640619.0
India,IND,2014,492680645.0
India,IND,2013,484466830.0
India,IND,2012,476101422.0
India,IND,2011,471891929.0
India,IND,2010,467561989.0
India,IND,2009,464953334.0
India,IND,2008,462536166.0
India,IND,2007,460225575.0
India,IND,2006,457611460.0
India,IND,2005,454832471.0
India,IND,2004,445825854.0
India,IND,2003,436753652.0
India,IND,2002,427829074.0
India,IND,2001,418764922.0
India,IND,2000,409617771.0
India,IND,1999,397354085.0
India,IND,1998,385347723.0
India,IND,1997,373673862.0
India,IND,1996,362330724.0
India,IND,1995,351330547.0
India,IND,1994,340802039.0
India,IND,1993,332338730.0
India,IND,1992,324021661.0
India,IND,1991,315875620.0
India,IND,1990,307898649.0
Indonesia,IDN,2025,147104597.0
Indonesia,IDN,2024,145198137.0
Indonesia,IDN,2023,143318723.0
Indonesia,IDN,2022,139637843.0
Indonesia,IDN,2021,135672770.0
Indonesia,IDN,2020,137375390.0
Indonesia,IDN,2019,137425585.0
Indonesia,IDN,2018,134532894.0
Indonesia,IDN,2017,130940742.0
Indonesia,IDN,2016,128501300.0
Indonesia,IDN,2015,127299364.0
Indonesia,IDN,2014,125645513.0
Indonesia,IDN,2013,124097473.0
Indonesia,IDN,2012,123448397.0
Indonesia,IDN,2011,120648289.0
Indonesia,IDN,2010,118205102.0
Indonesia,IDN,2009,115441860.0
Indonesia,IDN,2008,114200383.0
Indonesia,IDN,2007,112145843.0
Indonesia,IDN,2006,106957017.0
Indonesia,IDN,2005,105482562.0
Indonesia,IDN,2004,105759801.0
Indonesia,IDN,2003,103909546.0
Indonesia,IDN,2002,102498864.0
Indonesia,IDN,2001,102354432.0
Indonesia,IDN,2000,101308307.0
Indonesia,IDN,1999,98429095.0
Indonesia,IDN,1998,95861387.0
Indonesia,IDN,1997,92859996.0
Indonesia,IDN,1996,91432137.0
Indonesia,IDN,1995,89218352.0
Indonesia,IDN,1994,87006941.0
Indonesia,IDN,1993,83361608.0
Indonesia,IDN,1992,82135691.0
Indonesia,IDN,1991,79624184.0
Indonesia,IDN,1990,78081179.0
"Iran, Islamic Rep.",IRN,2025,29521716.0
"Iran, Islamic Rep.",IRN,2024,29306871.0
"Iran, Islamic Rep.",IRN,2023,29026520.0
"Iran, Islamic Rep.",IRN,2022,27880537.0
"Iran, Islamic Rep.",IRN,2021,27754866.0
"Iran, Islamic Rep.",IRN,2020,27655908.0
"Iran, Islamic Rep.",IRN,2019,29161250.0
"Iran, Islamic Rep.",IRN,2018,29067669.0
"Iran, Islamic Rep.",IRN,2017,28624101.0
"Iran, Islamic Rep.",IRN,2016,27579337.0
"Iran, Islamic Rep.",IRN,2015,26476760.0
"Iran, Islamic Rep.",IRN,2014,25523109.0
"Iran, Islamic Rep.",IRN,2013,25379809.0
"Iran, Islamic Rep.",IRN,2012,25434392.0
"Iran, Islamic Rep.",IRN,2011,24409383.0
"Iran, Islamic Rep.",IRN,2010,25068937.0
"Iran, Islamic Rep.",IRN,2009,25116620.0
"Iran, Islamic Rep.",IRN,2008,24252328.0
"Iran, Islamic Rep.",IRN,2007,25004744.0
"Iran, Islamic Rep.",IRN,2006,24828699.0
"Iran, Islamic Rep.",IRN,2005,24431517.0
"Iran, Islamic Rep.",IRN,2004,23217005.0
"Iran, Islamic Rep.",IRN,2003,22044846.0
"Iran, Islamic Rep.",IRN,2002,21179010.0
"Iran, Islamic Rep.",IRN,2001,20409991.0
"Iran, Islamic Rep.",IRN,2000,19476868.0
"Iran, Islamic Rep.",IRN,1999,18602325.0
"Iran, Islamic Rep.",IRN,1998,17783993.0
"Iran, Islamic Rep.",IRN,1997,17026577.0
"Iran, Islamic Rep.",IRN,1996,16376911.0
"Iran, Islamic Rep.",IRN,1995,16072242.0
"Iran, Islamic Rep.",IRN,1994,15813180.0
"Iran, Islamic Rep.",IRN,1993,15864775.0
"Iran, Islamic Rep.",IRN,1992,15968046.0
"Iran, Islamic Rep.",IRN,1991,15745963.0
"Iran, Islamic Rep.",IRN,1990,15383995.0
Iraq,IRQ,2025,12493376.0
Iraq,IRQ,2024,12134030.0
Iraq,IRQ,2023,11803809.0
Iraq,IRQ,2022,11408828.0
Iraq,IRQ,2021,10581037.0
Iraq,IRQ,2020,10441107.0
Iraq,IRQ,2019,10196893.0
Iraq,IRQ,2018,10075417.0
Iraq,IRQ,2017,9932205.0
Iraq,IRQ,2016,9946993.0
Iraq,IRQ,2015,9638775.0
Iraq,IRQ,2014,9317273.0
Iraq,IRQ,2013,8762436.0
Iraq,IRQ,2012,8144917.0
Iraq,IRQ,2011,7794331.0
Iraq,IRQ,2010,7529671.0
Iraq,IRQ,2009,7285510.0
Iraq,IRQ,2008,7012067.0
Iraq,IRQ,2007,6861334.0
Iraq,IRQ,2006,6890879.0
Iraq,IRQ,2005,6816308.0
Iraq,IRQ,2004,6595607.0
Iraq,IRQ,2003,6393346.0
Iraq,IRQ,2002,6189221.0
Iraq,IRQ,2001,5984596.0
Iraq,IRQ,2000,5790991.0
Iraq,IRQ,1999,5596021.0
Iraq,IRQ,1998,5410748.0
Iraq,IRQ,1997,5236951.0
Iraq,IRQ,1996,5070625.0
Iraq,IRQ,1995,4899569.0
Iraq,IRQ,1994,4728472.0
Iraq,IRQ,1993,4497327.0
Iraq,IRQ,1992,4275657.0
Iraq,IRQ,1991,4145856.0
Iraq,IRQ,1990,4090325.0
Ireland,IRL,2025,2892490.0
Ireland,IRL,2024,2857089.0
Ireland,IRL,2023,2846866.0
Ireland,IRL,2022,2705770.0
Ireland,IRL,2021,2604356.0
Ireland,IRL,2020,2459907.0
Ireland,IRL,2019,2467948.0
Ireland,IRL,2018,2413701.0
Ireland,IRL,2017,2363157.0
Ireland,IRL,2016,2332726.0
Ireland,IRL,2015,2285573.0
Ireland,IRL,2014,2257992.0
Ireland,IRL,2013,2246922.0
Ireland,IRL,2012,2224068.0
Ireland,IRL,2011,2230580.0
Ireland,IRL,2010,2252552.0
Ireland,IRL,2009,2303368.0
Ireland,IRL,2008,2354963.0
Ireland,IRL,2007,2335586.0
Ireland,IRL,2006,2248503.0
Ireland,IRL,2005,2168734.0
Ireland,IRL,2004,2074720.0
Ireland,IRL,2003,2031456.0
Ireland,IRL,2002,1998009.0
Ireland,IRL,2001,1958320.0
Ireland,IRL,2000,1915533.0
Ireland,IRL,1999,1863306.0
Ireland,IRL,1998,1821792.0
Ireland,IRL,1997,1765358.0
Ireland,IRL,1996,1749740.0
Ireland,IRL,1995,1688270.0
Ireland,IRL,1994,1653279.0
Ireland,IRL,1993,1619467.0
Ireland,IRL,1992,1583700.0
Ireland,IRL,1991,1581106.0
Ireland,IRL,1990,1549892.0
Israel,ISR,2025,4822657.0
Israel,ISR,2024,4742087.0
Israel,ISR,2023,4637924.0
Israel,ISR,2022,4467037.0
Israel,ISR,2021,4275735.0
Israel,ISR,2020,4204894.0
Israel,ISR,2019,4229687.0
Israel,ISR,2018,4172972.0
Israel,ISR,2017,4094423.0
Israel,ISR,2016,4024474.0
Israel,ISR,2015,3941723.0
Israel,ISR,2014,3869705.0
Israel,ISR,2013,3768300.0
Israel,ISR,2012,3709778.0
Israel,ISR,2011,3521435.0
Israel,ISR,2010,3473539.0
Israel,ISR,2009,3394757.0
Israel,ISR,2008,3313588.0
Israel,ISR,2007,3253643.0
Israel,ISR,2006,3167871.0
Israel,ISR,2005,3089642.0
Israel,ISR,2004,3012760.0
Israel,ISR,2003,2935135.0
Israel,ISR,2002,2865370.0
Israel,ISR,2001,2838920.0
Israel,ISR,2000,2766361.0
Israel,ISR,1999,2660046.0
Israel,ISR,1998,2570580.0
Israel,ISR,1997,2528233.0
Israel,ISR,1996,2473555.0
Israel,ISR,1995,2426622.0
Israel,ISR,1994,2338311.0
Israel,ISR,1993,2240717.0
Israel,ISR,1992,2123687.0
Israel,ISR,1991,2023552.0
Israel,ISR,1990,1884128.0
Italy,ITA,2025,25579070.0
Italy,ITA,2024,25756934.0
Italy,ITA,2023,25806816.0
Italy,ITA,2022,25351560.0
Italy,ITA,2021,25032297.0
Italy,ITA,2020,24984272.0
Italy,ITA,2019,25761500.0
Italy,ITA,2018,25901424.0
Italy,ITA,2017,25724021.0
Italy,ITA,2016,25548902.0
Italy,ITA,2015,25270285.0
Italy,ITA,2014,25330291.0
Italy,ITA,2013,25176920.0
Italy,ITA,2012,25274094.0
Italy,ITA,2011,24716194.0
Italy,ITA,2010,24680015.0
Italy,ITA,2009,24718373.0
Italy,ITA,2008,24903672.0
Italy,ITA,2007,24533838.0
Italy,ITA,2006,24525284.0
Italy,ITA,2005,24435953.0
Italy,ITA,2004,24568011.0
Italy,ITA,2003,23941068.0
Italy,ITA,2002,23619487.0
Italy,ITA,2001,23396490.0
Italy,ITA,2000,23341777.0
Italy,ITA,1999,23313903.0
Italy,ITA,1998,23186365.0
Italy,ITA,1997,23030615.0
Italy,ITA,1996,22979056.0
Italy,ITA,1995,22754181.0
Italy,ITA,1994,22891358.0
Italy,ITA,1993,23175920.0
Italy,ITA,1992,23363975.0
Italy,ITA,1991,24065506.0
Italy,ITA,1990,23724831.0
Jamaica,JAM,2025,1612761.0
Jamaica,JAM,2024,1602871.0
Jamaica,JAM,2023,1595299.0
Jamaica,JAM,2022,1544707.0
Jamaica,JAM,2021,1490454.0
Jamaica,JAM,2020,1457816.0
Jamaica,JAM,2019,1491205.0
Jamaica,JAM,2018,1446091.0
Jamaica,JAM,2017,1437450.0
Jamaica,JAM,2016,1407680.0
Jamaica,JAM,2015,1405947.0
Jamaica,JAM,2014,1327826.0
Jamaica,JAM,2013,1296517.0
Jamaica,JAM,2012,1255850.0
Jamaica,JAM,2011,1239415.0
Jamaica,JAM,2010,1214581.0
Jamaica,JAM,2009,1229928.0
Jamaica,JAM,2008,1254836.0
Jamaica,JAM,2007,1241668.0
Jamaica,JAM,2006,1228512.0
Jamaica,JAM,2005,1215552.0
Jamaica,JAM,2004,1202433.0
Jamaica,JAM,2003,1186996.0
Jamaica,JAM,2002,1177364.0
Jamaica,JAM,2001,1167448.0
Jamaica,JAM,2000,1160690.0
Jamaica,JAM,1999,1153549.0
Jamaica,JAM,1998,1149014.0
Jamaica,JAM,1997,1140810.0
Jamaica,JAM,1996,1133199.0
Jamaica,JAM,1995,1125977.0
Jamaica,JAM,1994,1119074.0
Jamaica,JAM,1993,1112355.0
Jamaica,JAM,1992,1105739.0
Jamaica,JAM,1991,1097915.0
Jamaica,JAM,1990,1089166.0
Japan,JPN,2025,69386649.0
Japan,JPN,2024,69501768.0
Japan,JPN,2023,69197135.0
Japan,JPN,2022,68931266.0
Japan,JPN,2021,68592854.0
Japan,JPN,2020,68656452.0
Japan,JPN,2019,68812048.0
Japan,JPN,2018,68187091.0
Japan,JPN,2017,67070828.0
Japan,JPN,2016,66529155.0
Japan,JPN,2015,65931158.0
Japan,JPN,2014,65843453.0
Japan,JPN,2013,65621150.0
Japan,JPN,2012,65377600.0
Japan,JPN,2011,65674339.0
Japan,JPN,2010,66100429.0
Japan,JPN,2009,66339021.0
Japan,JPN,2008,66611354.0
Japan,JPN,2007,66797225.0
Japan,JPN,2006,66694003.0
Japan,JPN,2005,66581356.0
Japan,JPN,2004,66508242.0
Japan,JPN,2003,66784334.0
Japan,JPN,2002,67054919.0
Japan,JPN,2001,67616593.0
Japan,JPN,2000,67813478.0
Japan,JPN,1999,67979227.0
Japan,JPN,1998,68189075.0
Japan,JPN,1997,68174788.0
Japan,JPN,1996,67600272.0
Japan,JPN,1995,67130016.0
Japan,JPN,1994,66893534.0
Japan,JPN,1993,66590365.0
Japan,JPN,1992,66187368.0
Japan,JPN,1991,65324548.0
Japan,JPN,1990,64169210.0
Jordan,JOR,2025,3220931.0
Jordan,JOR,2024,3204396.0
Jordan,JOR,2023,3156548.0
Jordan,JOR,2022,2957476.0
Jordan,JOR,2021,2893220.0
Jordan,JOR,2020,2914902.0
Jordan,JOR,2019,2794037.0
Jordan,JOR,2018,2717015.0
Jordan,JOR,2017,2712693.0
Jordan,JOR,2016,2553453.0
Jordan,JOR,2015,2343249.0
Jordan,JOR,2014,2081895.0
Jordan,JOR,2013,1931174.0
Jordan,JOR,2012,1872113.0
Jordan,JOR,2011,1881260.0
Jordan,JOR,2010,1844829.0
Jordan,JOR,2009,1818880.0
Jordan,JOR,2008,1740167.0
Jordan,JOR,2007,1699178.0
Jordan,JOR,2006,1503278.0
Jordan,JOR,2005,1421908.0
Jordan,JOR,2004,1361612.0
Jordan,JOR,2003,1305437.0
Jordan,JOR,2002,1304262.0
Jordan,JOR,2001,1284269.0
Jordan,JOR,2000,1272412.0
Jordan,JOR,1999,1243653.0
Jordan,JOR,1998,1215637.0
Jordan,JOR,1997,1187549.0
Jordan,JOR,1996,1155940.0
Jordan,JOR,1995,1114806.0
Jordan,JOR,1994,1064262.0
Jordan,JOR,1993,1003860.0
Jordan,JOR,1992,939578.0
Jordan,JOR,1991,880594.0
Jordan,JOR,1990,784076.0
Kazakhstan,KAZ,2025,10009918.0
Kazakhstan,KAZ,2024,10266072.0
Kazakhstan,KAZ,2023,10084786.0
Kazakhstan,KAZ,2022,9896969.0
Kazakhstan,KAZ,2021,9656830.0
Kazakhstan,KAZ,2020,9543571.0
Kazakhstan,KAZ,2019,9556218.0
Kazakhstan,KAZ,2018,9452255.0
Kazakhstan,KAZ,2017,9361725.0
Kazakhstan,KAZ,2016,9280982.0
Kazakhstan,KAZ,2015,9211841.0
Kazakhstan,KAZ,2014,9151563.0
Kazakhstan,KAZ,2013,9093794.0
Kazakhstan,KAZ,2012,9036145.0
Kazakhstan,KAZ,2011,8977212.0
Kazakhstan,KAZ,2010,8911594.0
Kazakhstan,KAZ,2009,8839321.0
Kazakhstan,KAZ,2008,8777583.0
Kazakhstan,KAZ,2007,8619958.0
Kazakhstan,KAZ,2006,8453665.0
Kazakhstan,KAZ,2005,8337504.0
Kazakhstan,KAZ,2004,8291458.0
Kazakhstan,KAZ,2003,8206130.0
Kazakhstan,KAZ,2002,8100716.0
Kazakhstan,KAZ,2001,8016351.0
Kazakhstan,KAZ,2000,7959482.0
Kazakhstan,KAZ,1999,7910449.0
Kazakhstan,KAZ,1998,7958862.0
Kazakhstan,KAZ,1997,8097848.0
Kazakhstan,KAZ,1996,8255317.0
Kazakhstan,KAZ,1995,8380824.0
Kazakhstan,KAZ,1994,8447253.0
Kazakhstan,KAZ,1993,8449122.0
Kazakhstan,KAZ,1992,8397605.0
Kazakhstan,KAZ,1991,8320059.0
Kazakhstan,KAZ,1990,8193062.0
Kenya,KEN,2025,24711751.0
Kenya,KEN,2024,24031329.0
Kenya,KEN,2023,23353083.0
Kenya,KEN,2022,22679572.0
Kenya,KEN,2021,22012863.0
Kenya,KEN,2020,21267487.0
Kenya,KEN,2019,20875750.0
Kenya,KEN,2018,20958591.0
Kenya,KEN,2017,20983194.0
Kenya,KEN,2016,20945264.0
Kenya,KEN,2015,20289697.0
Kenya,KEN,2014,19660028.0
Kenya,KEN,2013,19043674.0
Kenya,KEN,2012,18441629.0
Kenya,KEN,2011,17856484.0
Kenya,KEN,2010,17284448.0
Kenya,KEN,2009,16722668.0
Kenya,KEN,2008,16164677.0
Kenya,KEN,2007,15623317.0
Kenya,KEN,2006,15091974.0
Kenya,KEN,2005,14559284.0
Kenya,KEN,2004,14027425.0
Kenya,KEN,2003,13497803.0
Kenya,KEN,2002,12985820.0
Kenya,KEN,2001,12475700.0
Kenya,KEN,2000,11981408.0
Kenya,KEN,1999,11524249.0
Kenya,KEN,1998,11136592.0
Kenya,KEN,1997,10781441.0
Kenya,KEN,1996,10439302.0
Kenya,KEN,1995,10106330.0
Kenya,KEN,1994,9772392.0
Kenya,KEN,1993,9442529.0
Kenya,KEN,1992,9121525.0
Kenya,KEN,1991,8806975.0
Kenya,KEN,1990,8489362.0
"Korea, Dem. People's Rep.",PRK,2025,17696854.0
"Korea, Dem. People's Rep.",PRK,2024,17646807.0
"Korea, Dem. People's Rep.",PRK,2023,17585844.0
"Korea, Dem. People's Rep.",PRK,2022,17514243.0
"Korea, Dem. People's Rep.",PRK,2021,17137602.0
"Korea, Dem. People's Rep.",PRK,2020,17050598.0
"Korea, Dem. People's Rep.",PRK,2019,17306773.0
"Korea, Dem. People's Rep.",PRK,2018,17213512.0
"Korea, Dem. People's Rep.",PRK,2017,17087766.0
"Korea, Dem. People's Rep.",PRK,2016,16951814.0
"Korea, Dem. People's Rep.",PRK,2015,16832596.0
"Korea, Dem. People's Rep.",PRK,2014,16685184.0
"Korea, Dem. People's Rep.",PRK,2013,16538377.0
"Korea, Dem. People's Rep.",PRK,2012,16387155.0
"Korea, Dem. People's Rep.",PRK,2011,16232268.0
"Korea, Dem. People's Rep.",PRK,2010,16072822.0
"Korea, Dem. People's Rep.",PRK,2009,15908580.0
"Korea, Dem. People's Rep.",PRK,2008,15741613.0
"Korea, Dem. People's Rep.",PRK,2007,15585861.0
"Korea, Dem. People's Rep.",PRK,2006,15411979.0
"Korea, Dem. People's Rep.",PRK,2005,15236165.0
"Korea, Dem. People's Rep.",PRK,2004,15075890.0
"Korea, Dem. People's Rep.",PRK,2003,14907575.0
"Korea, Dem. People's Rep.",PRK,2002,14754036.0
"Korea, Dem. People's Rep.",PRK,2001,14614099.0
"Korea, Dem. People's Rep.",PRK,2000,14478761.0
"Korea, Dem. People's Rep.",PRK,1999,14330706.0
"Korea, Dem. People's Rep.",PRK,1998,14197012.0
"Korea, Dem. People's Rep.",PRK,1997,14038798.0
"Korea, Dem. People's Rep.",PRK,1996,13859228.0
"Korea, Dem. People's Rep.",PRK,1995,13693292.0
"Korea, Dem. People's Rep.",PRK,1994,13507977.0
"Korea, Dem. People's Rep.",PRK,1993,13308721.0
"Korea, Dem. People's Rep.",PRK,1992,13100546.0
"Korea, Dem. People's Rep.",PRK,1991,12876850.0
"Korea, Dem. People's Rep.",PRK,1990,12642688.0
"Korea, Rep.",KOR,2025,29848809.0
"Korea, Rep.",KOR,2024,29835657.0
"Korea, Rep.",KOR,2023,29587631.0
"Korea, Rep.",KOR,2022,29201402.0
"Korea, Rep.",KOR,2021,28560792.0
"Korea, Rep.",KOR,2020,28369827.0
"Korea, Rep.",KOR,2019,28561856.0
"Korea, Rep.",KOR,2018,28257879.0
"Korea, Rep.",KOR,2017,28106147.0
"Korea, Rep.",KOR,2016,27791833.0
"Korea, Rep.",KOR,2015,27531028.0
"Korea, Rep.",KOR,2014,27115956.0
"Korea, Rep.",KOR,2013,26423747.0
"Korea, Rep.",KOR,2012,25940388.0
"Korea, Rep.",KOR,2011,25497708.0
"Korea, Rep.",KOR,2010,24998081.0
"Korea, Rep.",KOR,2009,24664533.0
"Korea, Rep.",KOR,2008,24606329.0
"Korea, Rep.",KOR,2007,24444660.0
"Korea, Rep.",KOR,2006,24205394.0
"Korea, Rep.",KOR,2005,23953153.0
"Korea, Rep.",KOR,2004,23859038.0
"Korea, Rep.",KOR,2003,23376928.0
"Korea, Rep.",KOR,2002,23347640.0
"Korea, Rep.",KOR,2001,22938753.0
"Korea, Rep.",KOR,2000,22567537.0
"Korea, Rep.",KOR,1999,22101554.0
"Korea, Rep.",KOR,1998,21862558.0
"Korea, Rep.",KOR,1997,22230614.0
"Korea, Rep.",KOR,1996,21746859.0
"Korea, Rep.",KOR,1995,21302160.0
"Korea, Rep.",KOR,1994,20818283.0
"Korea, Rep.",KOR,1993,20236410.0
"Korea, Rep.",KOR,1992,19901460.0
"Korea, Rep.",KOR,1991,19463523.0
"Korea, Rep.",KOR,1990,18881099.0
Kuwait,KWT,2025,2996304.0
Kuwait,KWT,2024,2946067.0
Kuwait,KWT,2023,2922258.0
Kuwait,KWT,2022,2756750.0
Kuwait,KWT,2021,2459769.0
Kuwait,KWT,2020,2417086.0
Kuwait,KWT,2019,2580640.0
Kuwait,KWT,2018,2510334.0
Kuwait,KWT,2017,2397105.0
Kuwait,KWT,2016,2282070.0
Kuwait,KWT,2015,2168535.0
Kuwait,KWT,2014,2056020.0
Kuwait,KWT,2013,1951899.0
Kuwait,KWT,2012,1839553.0
Kuwait,KWT,2011,1692834.0
Kuwait,KWT,2010,1557069.0
Kuwait,KWT,2009,1462198.0
Kuwait,KWT,2008,1374046.0
Kuwait,KWT,2007,1292295.0
Kuwait,KWT,2006,1216034.0
Kuwait,KWT,2005,1147148.0
Kuwait,KWT,2004,1090522.0
Kuwait,KWT,2003,1042008.0
Kuwait,KWT,2002,995195.0
Kuwait,KWT,2001,951041.0
Kuwait,KWT,2000,910204.0
Kuwait,KWT,1999,872956.0
Kuwait,KWT,1998,839190.0
Kuwait,KWT,1997,808458.0
Kuwait,KWT,1996,780283.0
Kuwait,KWT,1995,753549.0
Kuwait,KWT,1994,730334.0
Kuwait,KWT,1993,706594.0
Kuwait,KWT,1992,677551.0
Kuwait,KWT,1991,562036.0
Kuwait,KWT,1990,699846.0
Kyrgyz Republic,KGZ,2025,2863490.0
Kyrgyz Republic,KGZ,2024,2808345.0
Kyrgyz Republic,KGZ,2023,2720905.0
Kyrgyz Republic,KGZ,2022,2769026.0
Kyrgyz Republic,KGZ,2021,2709138.0
Kyrgyz Republic,KGZ,2020,2587678.0
Kyrgyz Republic,KGZ,2019,2614491.0
Kyrgyz Republic,KGZ,2018,2549272.0
Kyrgyz Republic,KGZ,2017,2432348.0
Kyrgyz Republic,KGZ,2016,2484649.0
Kyrgyz Republic,KGZ,2015,2451353.0
Kyrgyz Republic,KGZ,2014,2395065.0
Kyrgyz Republic,KGZ,2013,2327447.0
Kyrgyz Republic,KGZ,2012,2407004.0
Kyrgyz Republic,KGZ,2011,2443159.0
Kyrgyz Republic,KGZ,2010,2377173.0
Kyrgyz Republic,KGZ,2009,2330184.0
Kyrgyz Republic,KGZ,2008,2296073.0
Kyrgyz Republic,KGZ,2007,2297469.0
Kyrgyz Republic,KGZ,2006,2299928.0
Kyrgyz Republic,KGZ,2005,2269857.0
Kyrgyz Republic,KGZ,2004,2220055.0
Kyrgyz Republic,KGZ,2003,2205060.0
Kyrgyz Republic,KGZ,2002,2192597.0
Kyrgyz Republic,KGZ,2001,2145499.0
Kyrgyz Republic,KGZ,2000,2126902.0
Kyrgyz Republic,KGZ,1999,2104042.0
Kyrgyz Republic,KGZ,1998,2063167.0
Kyrgyz Republic,KGZ,1997,2014043.0
Kyrgyz Republic,KGZ,1996,2007967.0
Kyrgyz Republic,KGZ,1995,1992341.0
Kyrgyz Republic,KGZ,1994,1934567.0
Kyrgyz Republic,KGZ,1993,1837363.0
Kyrgyz Republic,KGZ,1992,1771219.0
Kyrgyz Republic,KGZ,1991,1687111.0
Kyrgyz Republic,KGZ,1990,1624426.0
Lao PDR,LAO,2025,3650484.0
Lao PDR,LAO,2024,3578885.0
Lao PDR,LAO,2023,3512483.0
Lao PDR,LAO,2022,3446569.0
Lao PDR,LAO,2021,3310087.0
Lao PDR,LAO,2020,3161020.0
Lao PDR,LAO,2019,3065141.0
Lao PDR,LAO,2018,2946540.0
Lao PDR,LAO,2017,2830876.0
Lao PDR,LAO,2016,2778397.0
Lao PDR,LAO,2015,2725447.0
Lao PDR,LAO,2014,2671973.0
Lao PDR,LAO,2013,2617810.0
Lao PDR,LAO,2012,2563261.0
Lao PDR,LAO,2011,2507144.0
Lao PDR,LAO,2010,2448775.0
Lao PDR,LAO,2009,2388020.0
Lao PDR,LAO,2008,2323357.0
Lao PDR,LAO,2007,2256582.0
Lao PDR,LAO,2006,2188184.0
Lao PDR,LAO,2005,2126841.0
Lao PDR,LAO,2004,2077187.0
Lao PDR,LAO,2003,2032873.0
Lao PDR,LAO,2002,1988712.0
Lao PDR,LAO,2001,1945729.0
Lao PDR,LAO,2000,1904793.0
Lao PDR,LAO,1999,1866775.0
Lao PDR,LAO,1998,1831685.0
Lao PDR,LAO,1997,1795667.0
Lao PDR,LAO,1996,1758338.0
Lao PDR,LAO,1995,1717825.0
Lao PDR,LAO,1994,1677511.0
Lao PDR,LAO,1993,1637445.0
Lao PDR,LAO,1992,1596007.0
Lao PDR,LAO,1991,1554176.0
Lao PDR,LAO,1990,1511683.0
Latvia,LVA,2025,946983.0
Latvia,LVA,2024,960324.0
Latvia,LVA,2023,968514.0
Latvia,LVA,2022,962817.0
Latvia,LVA,2021,950956.0
Latvia,LVA,2020,982835.0
Latvia,LVA,2019,982724.0
Latvia,LVA,2018,994948.0
Latvia,LVA,2017,995587.0
Latvia,LVA,2016,1000347.0
Latvia,LVA,2015,1007753.0
Latvia,LVA,2014,1005662.0
Latvia,LVA,2013,1019762.0
Latvia,LVA,2012,1039646.0
Latvia,LVA,2011,1033285.0
Latvia,LVA,2010,1058829.0
Latvia,LVA,2009,1104930.0
Latvia,LVA,2008,1151245.0
Latvia,LVA,2007,1137729.0
Latvia,LVA,2006,1119868.0
Latvia,LVA,2005,1091799.0
Latvia,LVA,2004,1097352.0
Latvia,LVA,2003,1096482.0
Latvia,LVA,2002,1115802.0
Latvia,LVA,2001,1093896.0
Latvia,LVA,2000,1094541.0
Latvia,LVA,1999,1126521.0
Latvia,LVA,1998,1151595.0
Latvia,LVA,1997,1161105.0
Latvia,LVA,1996,1177291.0
Latvia,LVA,1995,1191497.0
Latvia,LVA,1994,1209338.0
Latvia,LVA,1993,1237449.0
Latvia,LVA,1992,1264591.0
Latvia,LVA,1991,1261078.0
Latvia,LVA,1990,1268859.0
Lebanon,LBN,2023,1837294.0
Lebanon,LBN,2022,1815347.0
Lebanon,LBN,2021,1884419.0
Lebanon,LBN,2020,1949531.0
Lebanon,LBN,2019,2042509.0
Lebanon,LBN,2018,2102355.0
Lebanon,LBN,2017,2158877.0
Lebanon,LBN,2016,2211422.0
Lebanon,LBN,2015,2259873.0
Lebanon,LBN,2014,2201139.0
Lebanon,LBN,2013,1967961.0
Lebanon,LBN,2012,1771730.0
Lebanon,LBN,2011,1702075.0
Lebanon,LBN,2010,1660698.0
Lebanon,LBN,2009,1620024.0
Lebanon,LBN,2008,1572230.0
Lebanon,LBN,2007,1519312.0
Lebanon,LBN,2006,1485356.0
Lebanon,LBN,2005,1454597.0
Lebanon,LBN,2004,1425884.0
Lebanon,LBN,2003,1393524.0
Lebanon,LBN,2002,1363504.0
Lebanon,LBN,2001,1334625.0
Lebanon,LBN,2000,1302966.0
Lebanon,LBN,1999,1269194.0
Lebanon,LBN,1998,1234245.0
Lebanon,LBN,1997,1202800.0
Lebanon,LBN,1996,1170050.0
Lebanon,LBN,1995,1143512.0
Lebanon,LBN,1994,1116017.0
Lebanon,LBN,1993,1091000.0
Lebanon,LBN,1992,1066878.0
Lebanon,LBN,1991,1044534.0
Lebanon,LBN,1990,1020303.0
Lesotho,LSO,2025,889530.0
Lesotho,LSO,2024,878864.0
Lesotho,LSO,2023,864326.0
Lesotho,LSO,2022,850547.0
Lesotho,LSO,2021,827248.0
Lesotho,LSO,2020,819139.0
Lesotho,LSO,2019,814339.0
Lesotho,LSO,2018,820144.0
Lesotho,LSO,2017,825264.0
Lesotho,LSO,2016,830732.0
Lesotho,LSO,2015,837276.0
Lesotho,LSO,2014,844443.0
Lesotho,LSO,2013,851501.0
Lesotho,LSO,2012,850066.0
Lesotho,LSO,2011,848921.0
Lesotho,LSO,2010,848407.0
Lesotho,LSO,2009,848288.0
Lesotho,LSO,2008,848116.0
Lesotho,LSO,2007,847339.0
Lesotho,LSO,2006,847150.0
Lesotho,LSO,2005,853090.0
Lesotho,LSO,2004,862883.0
Lesotho,LSO,2003,869919.0
Lesotho,LSO,2002,874139.0
Lesotho,LSO,2001,876220.0
Lesotho,LSO,2000,876334.0
Lesotho,LSO,1999,874102.0
Lesotho,LSO,1998,865579.0
Lesotho,LSO,1997,855421.0
Lesotho,LSO,1996,843925.0
Lesotho,LSO,1995,831046.0
Lesotho,LSO,1994,817270.0
Lesotho,LSO,1993,803287.0
Lesotho,LSO,1992,789181.0
Lesotho,LSO,1991,775070.0
Lesotho,LSO,1990,761128.0
Liberia,LBR,2025,2673807.0
Liberia,LBR,2024,2600249.0
Liberia,LBR,2023,2526283.0
Liberia,LBR,2022,2452391.0
Liberia,LBR,2021,2370566.0
Liberia,LBR,2020,2297082.0
Liberia,LBR,2019,2258308.0
Liberia,LBR,2018,2206322.0
Liberia,LBR,2017,2158010.0
Liberia,LBR,2016,2112365.0
Liberia,LBR,2015,2065640.0
Liberia,LBR,2014,2020880.0
Liberia,LBR,2013,1979511.0
Liberia,LBR,2012,1939010.0
Liberia,LBR,2011,1863666.0
Liberia,LBR,2010,1781122.0
Liberia,LBR,2009,1729659.0
Liberia,LBR,2008,1675095.0
Liberia,LBR,2007,1608430.0
Liberia,LBR,2006,1532414.0
Liberia,LBR,2005,1450884.0
Liberia,LBR,2004,1388553.0
Liberia,LBR,2003,1372433.0
Liberia,LBR,2002,1361249.0
Liberia,LBR,2001,1325430.0
Liberia,LBR,2000,1285795.0
Liberia,LBR,1999,1237617.0
Liberia,LBR,1998,1169622.0
Liberia,LBR,1997,1055376.0
Liberia,LBR,1996,974409.0
Liberia,LBR,1995,944742.0
Liberia,LBR,1994,933919.0
Liberia,LBR,1993,933778.0
Liberia,LBR,1992,896095.0
Liberia,LBR,1991,844557.0
Liberia,LBR,1990,960752.0
Libya,LBY,2025,2616929.0
Libya,LBY,2024,2585950.0
Libya,LBY,2023,2552880.0
Libya,LBY,2022,2516297.0
Libya,LBY,2021,2302838.0
Libya,LBY,2020,2237376.0
Libya,LBY,2019,2397985.0
Libya,LBY,2018,2353307.0
Libya,LBY,2017,2306606.0
Libya,LBY,2016,2263831.0
Libya,LBY,2015,2225653.0
Libya,LBY,2014,2186048.0
Libya,LBY,2013,2135716.0
Libya,LBY,2012,2080669.0
Libya,LBY,2011,2155869.0
Libya,LBY,2010,2222546.0
Libya,LBY,2009,2153413.0
Libya,LBY,2008,2082345.0
Libya,LBY,2007,2010583.0
Libya,LBY,2006,1939964.0
Libya,LBY,2005,1881926.0
Libya,LBY,2004,1836430.0
Libya,LBY,2003,1792899.0
Libya,LBY,2002,1752290.0
Libya,LBY,2001,1715126.0
Libya,LBY,2000,1681222.0
Libya,LBY,1999,1638683.0
Libya,LBY,1998,1587244.0
Libya,LBY,1997,1536239.0
Libya,LBY,1996,1484080.0
Libya,LBY,1995,1431226.0
Libya,LBY,1994,1378360.0
Libya,LBY,1993,1326316.0
Libya,LBY,1992,1275838.0
Libya,LBY,1991,1227313.0
Libya,LBY,1990,1180652.0
Lithuania,LTU,2025,1530608.0
Lithuania,LTU,2024,1554585.0
Lithuania,LTU,2023,1536989.0
Lithuania,LTU,2022,1509407.0
Lithuania,LTU,2021,1485276.0
Lithuania,LTU,2020,1494750.0
Lithuania,LTU,2019,1481171.0
Lithuania,LTU,2018,1473979.0
Lithuania,LTU,2017,1466105.0
Lithuania,LTU,2016,1479370.0
Lithuania,LTU,2015,1470288.0
Lithuania,LTU,2014,1478569.0
Lithuania,LTU,2013,1465703.0
Lithuania,LTU,2012,1471758.0
Lithuania,LTU,2011,1480384.0
Lithuania,LTU,2010,1492230.0
Lithuania,LTU,2009,1519175.0
Lithuania,LTU,2008,1511065.0
Lithuania,LTU,2007,1508699.0
Lithuania,LTU,2006,1509125.0
Lithuania,LTU,2005,1551720.0
Lithuania,LTU,2004,1590937.0
Lithuania,LTU,2003,1681096.0
Lithuania,LTU,2002,1626250.0
Lithuania,LTU,2001,1645989.0
Lithuania,LTU,2000,1685904.0
Lithuania,LTU,1999,1715516.0
Lithuania,LTU,1998,1713133.0
Lithuania,LTU,1997,1740017.0
Lithuania,LTU,1996,1768048.0
Lithuania,LTU,1995,1795413.0
Lithuania,LTU,1994,1822222.0
Lithuania,LTU,1993,1849983.0
Lithuania,LTU,1992,1877293.0
Lithuania,LTU,1991,1898608.0
Lithuania,LTU,1990,1913853.0
Luxembourg,LUX,2025,354487.0
Luxembourg,LUX,2024,352177.0
Luxembourg,LUX,2023,345229.0
Luxembourg,LUX,2022,334814.0
Luxembourg,LUX,2021,330815.0
Luxembourg,LUX,2020,318373.0
Luxembourg,LUX,2019,312622.0
Luxembourg,LUX,2018,302446.0
Luxembourg,LUX,2017,293587.0
Luxembourg,LUX,2016,287759.0
Luxembourg,LUX,2015,284538.0
Luxembourg,LUX,2014,273158.0
Luxembourg,LUX,2013,264233.0
Luxembourg,LUX,2012,256283.0
Luxembourg,LUX,2011,243685.0
Luxembourg,LUX,2010,238167.0
Luxembourg,LUX,2009,234992.0
Luxembourg,LUX,2008,221164.0
Luxembourg,LUX,2007,216607.0
Luxembourg,LUX,2006,212749.0
Luxembourg,LUX,2005,208956.0
Luxembourg,LUX,2004,202765.0
Luxembourg,LUX,2003,196484.0
Luxembourg,LUX,2002,196340.0
Luxembourg,LUX,2001,190351.0
Luxembourg,LUX,2000,188913.0
Luxembourg,LUX,1999,182418.0
Luxembourg,LUX,1998,177338.0
Luxembourg,LUX,1997,174803.0
Luxembourg,LUX,1996,171927.0
Luxembourg,LUX,1995,167787.0
Luxembourg,LUX,1994,171916.0
Luxembourg,LUX,1993,170387.0
Luxembourg,LUX,1992,170723.0
Luxembourg,LUX,1991,165801.0
Luxembourg,LUX,1990,160164.0
"Macao SAR, China",MAC,2025,396773.0
"Macao SAR, China",MAC,2024,403821.0
"Macao SAR, China",MAC,2023,396357.0
"Macao SAR, China",MAC,2022,386966.0
"Macao SAR, China",MAC,2021,402627.0
"Macao SAR, China",MAC,2020,403030.0
"Macao SAR, China",MAC,2019,402804.0
"Macao SAR, China",MAC,2018,398219.0
"Macao SAR, China",MAC,2017,391922.0
"Macao SAR, China",MAC,2016,396434.0
"Macao SAR, China",MAC,2015,395711.0
"Macao SAR, China",MAC,2014,387049.0
"Macao SAR, China",MAC,2013,366847.0
"Macao SAR, China",MAC,2012,352453.0
"Macao SAR, China",MAC,2011,341686.0
"Macao SAR, China",MAC,2010,327912.0
"Macao SAR, China",MAC,2009,324071.0
"Macao SAR, China",MAC,2008,323790.0
"Macao SAR, China",MAC,2007,303722.0
"Macao SAR, China",MAC,2006,276137.0
"Macao SAR, China",MAC,2005,251230.0
"Macao SAR, China",MAC,2004,233377.0
"Macao SAR, China",MAC,2003,220677.0
"Macao SAR, China",MAC,2002,223356.0
"Macao SAR, China",MAC,2001,220527.0
"Macao SAR, China",MAC,2000,217883.0
"Macao SAR, China",MAC,1999,214421.0
"Macao SAR, China",MAC,1998,209017.0
"Macao SAR, China",MAC,1997,205892.0
"Macao SAR, China",MAC,1996,200672.0
"Macao SAR, China",MAC,1995,193706.0
"Macao SAR, China",MAC,1994,183534.0
"Macao SAR, China",MAC,1993,173250.0
"Macao SAR, China",MAC,1992,162795.0
"Macao SAR, China",MAC,1991,155258.0
"Macao SAR, China",MAC,1990,147271.0
Madagascar,MDG,2025,17092352.0
Madagascar,MDG,2024,16596270.0
Madagascar,MDG,2023,16111038.0
Madagascar,MDG,2022,15639635.0
Madagascar,MDG,2021,15114095.0
Madagascar,MDG,2020,14599606.0
Madagascar,MDG,2019,14297110.0
Madagascar,MDG,2018,13885082.0
Madagascar,MDG,2017,13481355.0
Madagascar,MDG,2016,13085244.0
Madagascar,MDG,2015,12695269.0
Madagascar,MDG,2014,12293186.0
Madagascar,MDG,2013,11892464.0
Madagascar,MDG,2012,11497411.0
Madagascar,MDG,2011,11113290.0
Madagascar,MDG,2010,10741659.0
Madagascar,MDG,2009,10383736.0
Madagascar,MDG,2008,10039628.0
Madagascar,MDG,2007,9709215.0
Madagascar,MDG,2006,9391231.0
Madagascar,MDG,2005,9085463.0
Madagascar,MDG,2004,8801974.0
Madagascar,MDG,2003,8534374.0
Madagascar,MDG,2002,8279889.0
Madagascar,MDG,2001,8025096.0
Madagascar,MDG,2000,7777716.0
Madagascar,MDG,1999,7531761.0
Madagascar,MDG,1998,7291469.0
Madagascar,MDG,1997,7057745.0
Madagascar,MDG,1996,6831288.0
Madagascar,MDG,1995,6611853.0
Madagascar,MDG,1994,6399587.0
Madagascar,MDG,1993,6194386.0
Madagascar,MDG,1992,5998067.0
Madagascar,MDG,1991,5809228.0
Madagascar,MDG,1990,5624871.0
Malawi,MWI,2025,8323726.0
Malawi,MWI,2024,8079939.0
Malawi,MWI,2023,7802263.0
Malawi,MWI,2022,7532800.0
Malawi,MWI,2021,7249519.0
Malawi,MWI,2020,7584986.0
Malawi,MWI,2019,6781042.0
Malawi,MWI,2018,6554638.0
Malawi,MWI,2017,6338147.0
Malawi,MWI,2016,6291731.0
Malawi,MWI,2015,6242829.0
Malawi,MWI,2014,6192255.0
Malawi,MWI,2013,6138043.0
Malawi,MWI,2012,6082605.0
Malawi,MWI,2011,6026641.0
Malawi,MWI,2010,5958706.0
Malawi,MWI,2009,5889253.0
Malawi,MWI,2008,5820422.0
Malawi,MWI,2007,5749113.0
Malawi,MWI,2006,5674340.0
Malawi,MWI,2005,5599129.0
Malawi,MWI,2004,5451420.0
Malawi,MWI,2003,5309996.0
Malawi,MWI,2002,5175917.0
Malawi,MWI,2001,5048546.0
Malawi,MWI,2000,4924494.0
Malawi,MWI,1999,4803402.0
Malawi,MWI,1998,4692630.0
Malawi,MWI,1997,4595359.0
Malawi,MWI,1996,4505137.0
Malawi,MWI,1995,4418806.0
Malawi,MWI,1994,4429803.0
Malawi,MWI,1993,4489831.0
Malawi,MWI,1992,4435670.0
Malawi,MWI,1991,4320767.0
Malawi,MWI,1990,4202672.0
Malaysia,MYS,2025,18719406.0
Malaysia,MYS,2024,18384977.0
Malaysia,MYS,2023,18064842.0
Malaysia,MYS,2022,17730042.0
Malaysia,MYS,2021,17233270.0
Malaysia,MYS,2020,16871915.0
Malaysia,MYS,2019,16636582.0
Malaysia,MYS,2018,16212579.0
Malaysia,MYS,2017,15779343.0
Malaysia,MYS,2016,15415068.0
Malaysia,MYS,2015,15103051.0
Malaysia,MYS,2014,14721580.0
Malaysia,MYS,2013,14173536.0
Malaysia,MYS,2012,13636640.0
Malaysia,MYS,2011,13112179.0
Malaysia,MYS,2010,12720268.0
Malaysia,MYS,2009,12298453.0
Malaysia,MYS,2008,11872645.0
Malaysia,MYS,2007,11462139.0
Malaysia,MYS,2006,11067941.0
Malaysia,MYS,2005,10688442.0
Malaysia,MYS,2004,10324666.0
Malaysia,MYS,2003,9976922.0
Malaysia,MYS,2002,9642825.0
Malaysia,MYS,2001,9319049.0
Malaysia,MYS,2000,9003136.0
Malaysia,MYS,1999,8693122.0
Malaysia,MYS,1998,8390877.0
Malaysia,MYS,1997,8100507.0
Malaysia,MYS,1996,7819897.0
Malaysia,MYS,1995,7547014.0
Malaysia,MYS,1994,7282444.0
Malaysia,MYS,1993,7025550.0
Malaysia,MYS,1992,6771591.0
Malaysia,MYS,1991,6517412.0
Malaysia,MYS,1990,6301032.0
Maldives,MDV,2025,272320.0
Maldives,MDV,2024,268233.0
Maldives,MDV,2023,266313.0
Maldives,MDV,2022,264656.0
Maldives,MDV,2021,244493.0
Maldives,MDV,2020,230564.0
Maldives,MDV,2019,243098.0
Maldives,MDV,2018,226484.0
Maldives,MDV,2017,210295.0
Maldives,MDV,2016,194588.0
Maldives,MDV,2015,184820.0
Maldives,MDV,2014,175647.0
Maldives,MDV,2013,167096.0
Maldives,MDV,2012,158657.0
Maldives,MDV,2011,150145.0
Maldives,MDV,2010,141579.0
Maldives,MDV,2009,133007.0
Maldives,MDV,2008,126861.0
Maldives,MDV,2007,120535.0
Maldives,MDV,2006,114475.0
Maldives,MDV,2005,109859.0
Maldives,MDV,2004,106350.0
Maldives,MDV,2003,102849.0
Maldives,MDV,2002,99366.0
Maldives,MDV,2001,95869.0
Maldives,MDV,2000,92425.0
Maldives,MDV,1999,87596.0
Maldives,MDV,1998,83135.0
Maldives,MDV,1997,78948.0
Maldives,MDV,1996,75004.0
Maldives,MDV,1995,71310.0
Maldives,MDV,1994,68435.0
Maldives,MDV,1993,65860.0
Maldives,MDV,1992,63457.0
Maldives,MDV,1991,61190.0
Maldives,MDV,1990,59026.0
Mali,MLI,2025,9156646.0
Mali,MLI,2024,8855828.0
Mali,MLI,2023,8552851.0
Mali,MLI,2022,8260725.0
Mali,MLI,2021,7917555.0
Mali,MLI,2020,7540126.0
Mali,MLI,2019,7442902.0
Mali,MLI,2018,7290683.0
Mali,MLI,2017,7140459.0
Mali,MLI,2016,6976542.0
Mali,MLI,2015,6823303.0
Mali,MLI,2014,6622929.0
Mali,MLI,2013,6424884.0
Mali,MLI,2012,6263559.0
Mali,MLI,2011,6111413.0
Mali,MLI,2010,5935803.0
Mali,MLI,2009,5762799.0
Mali,MLI,2008,5591651.0
Mali,MLI,2007,5421948.0
Mali,MLI,2006,5255465.0
Mali,MLI,2005,5093634.0
Mali,MLI,2004,4934643.0
Mali,MLI,2003,4777817.0
Mali,MLI,2002,4625342.0
Mali,MLI,2001,4478019.0
Mali,MLI,2000,4338346.0
Mali,MLI,1999,4206740.0
Mali,MLI,1998,4083448.0
Mali,MLI,1997,3974393.0
Mali,MLI,1996,3880424.0
Mali,MLI,1995,3794041.0
Mali,MLI,1994,3710477.0
Mali,MLI,1993,3631923.0
Mali,MLI,1992,3560164.0
Mali,MLI,1991,3494815.0
Mali,MLI,1990,3433041.0
Malta,MLT,2025,319715.0
Malta,MLT,2024,317434.0
Malta,MLT,2023,308595.0
Malta,MLT,2022,295009.0
Malta,MLT,2021,280621.0
Malta,MLT,2020,274659.0
Malta,MLT,2019,262597.0
Malta,MLT,2018,247175.0
Malta,MLT,2017,231534.0
Malta,MLT,2016,220741.0
Malta,MLT,2015,211969.0
Malta,MLT,2014,204859.0
Malta,MLT,2013,196467.0
Malta,MLT,2012,188723.0
Malta,MLT,2011,182010.0
Malta,MLT,2010,177951.0
Malta,MLT,2009,174214.0
Malta,MLT,2008,171139.0
Malta,MLT,2007,168700.0
Malta,MLT,2006,164624.0
Malta,MLT,2005,162570.0
Malta,MLT,2004,159180.0
Malta,MLT,2003,161729.0
Malta,MLT,2002,160625.0
Malta,MLT,2001,159155.0
Malta,MLT,2000,155461.0
Malta,MLT,1999,155364.0
Malta,MLT,1998,153670.0
Malta,MLT,1997,151563.0
Malta,MLT,1996,149168.0
Malta,MLT,1995,146820.0
Malta,MLT,1994,145196.0
Malta,MLT,1993,143435.0
Malta,MLT,1992,141454.0
Malta,MLT,1991,139378.0
Malta,MLT,1990,135337.0
Mauritania,MRT,2025,1248560.0
Mauritania,MRT,2024,1211128.0
Mauritania,MRT,2023,1170884.0
Mauritania,MRT,2022,1130709.0
Mauritania,MRT,2021,1086687.0
Mauritania,MRT,2020,1047982.0
Mauritania,MRT,2019,1027210.0
Mauritania,MRT,2018,995824.0
Mauritania,MRT,2017,965695.0
Mauritania,MRT,2016,947607.0
Mauritania,MRT,2015,930280.0
Mauritania,MRT,2014,913659.0
Mauritania,MRT,2013,897627.0
Mauritania,MRT,2012,881729.0
Mauritania,MRT,2011,859554.0
Mauritania,MRT,2010,836733.0
Mauritania,MRT,2009,813148.0
Mauritania,MRT,2008,788979.0
Mauritania,MRT,2007,768512.0
Mauritania,MRT,2006,752518.0
Mauritania,MRT,2005,737537.0
Mauritania,MRT,2004,723366.0
Mauritania,MRT,2003,709947.0
Mauritania,MRT,2002,697153.0
Mauritania,MRT,2001,685336.0
Mauritania,MRT,2000,670649.0
Mauritania,MRT,1999,650369.0
Mauritania,MRT,1998,631881.0
Mauritania,MRT,1997,615131.0
Mauritania,MRT,1996,603191.0
Mauritania,MRT,1995,594895.0
Mauritania,MRT,1994,580159.0
Mauritania,MRT,1993,559857.0
Mauritania,MRT,1992,533965.0
Mauritania,MRT,1991,510519.0
Mauritania,MRT,1990,495369.0
Mauritius,MUS,2025,622142.0
Mauritius,MUS,2024,622583.0
Mauritius,MUS,2023,625239.0
Mauritius,MUS,2022,592892.0
Mauritius,MUS,2021,560132.0
Mauritius,MUS,2020,589990.0
Mauritius,MUS,2019,628768.0
Mauritius,MUS,2018,619649.0
Mauritius,MUS,2017,621819.0
Mauritius,MUS,2016,615224.0
Mauritius,MUS,2015,618312.0
Mauritius,MUS,2014,610180.0
Mauritius,MUS,2013,603297.0
Mauritius,MUS,2012,588857.0
Mauritius,MUS,2011,581250.0
Mauritius,MUS,2010,584117.0
Mauritius,MUS,2009,571049.0
Mauritius,MUS,2008,563956.0
Mauritius,MUS,2007,556648.0
Mauritius,MUS,2006,557780.0
Mauritius,MUS,2005,553847.0
Mauritius,MUS,2004,543713.0
Mauritius,MUS,2003,552982.0
Mauritius,MUS,2002,526227.0
Mauritius,MUS,2001,514388.0
Mauritius,MUS,2000,519717.0
Mauritius,MUS,1999,514629.0
Mauritius,MUS,1998,507577.0
Mauritius,MUS,1997,501010.0
Mauritius,MUS,1996,493166.0
Mauritius,MUS,1995,486189.0
Mauritius,MUS,1994,479516.0
Mauritius,MUS,1993,470444.0
Mauritius,MUS,1992,462679.0
Mauritius,MUS,1991,454544.0
Mauritius,MUS,1990,447597.0
Mexico,MEX,2025,61707262.0
Mexico,MEX,2024,60887761.0
Mexico,MEX,2023,60144623.0
Mexico,MEX,2022,58544385.0
Mexico,MEX,2021,56864048.0
Mexico,MEX,2020,52956486.0
Mexico,MEX,2019,56614536.0
Mexico,MEX,2018,55142830.0
Mexico,MEX,2017,54114274.0
Mexico,MEX,2016,53498509.0
Mexico,MEX,2015,52800736.0
Mexico,MEX,2014,51907743.0
Mexico,MEX,2013,51511392.0
Mexico,MEX,2012,50764169.0
Mexico,MEX,2011,49262430.0
Mexico,MEX,2010,48189452.0
Mexico,MEX,2009,47339853.0
Mexico,MEX,2008,46418411.0
Mexico,MEX,2007,45655255.0
Mexico,MEX,2006,44671073.0
Mexico,MEX,2005,43213356.0
Mexico,MEX,2004,41810127.0
Mexico,MEX,2003,40580596.0
Mexico,MEX,2002,39513494.0
Mexico,MEX,2001,39007360.0
Mexico,MEX,2000,38588417.0
Mexico,MEX,1999,37826980.0
Mexico,MEX,1998,37464290.0
Mexico,MEX,1997,36800377.0
Mexico,MEX,1996,35163744.0
Mexico,MEX,1995,34294154.0
Mexico,MEX,1994,33420497.0
Mexico,MEX,1993,32566874.0
Mexico,MEX,1992,31407743.0
Mexico,MEX,1991,30270005.0
Mexico,MEX,1990,29345631.0
Moldova,MDA,2025,1375753.0
Moldova,MDA,2024,1390446.0
Moldova,MDA,2023,1391968.0
Moldova,MDA,2022,1464574.0
Moldova,MDA,2021,1503026.0
Moldova,MDA,2020,1469067.0
Moldova,MDA,2019,1481802.0
Moldova,MDA,2018,1461369.0
Moldova,MDA,2017,1522181.0
Moldova,MDA,2016,1592836.0
Moldova,MDA,2015,1628234.0
Moldova,MDA,2014,1628063.0
Moldova,MDA,2013,1540530.0
Moldova,MDA,2012,1531943.0
Moldova,MDA,2011,1522374.0
Moldova,MDA,2010,1496559.0
Moldova,MDA,2009,1430516.0
Moldova,MDA,2008,1400896.0
Moldova,MDA,2007,1379676.0
Moldova,MDA,2006,1358271.0
Moldova,MDA,2005,1277880.0
Moldova,MDA,2004,1278631.0
Moldova,MDA,2003,1318632.0
Moldova,MDA,2002,1306607.0
Moldova,MDA,2001,1309886.0
Moldova,MDA,2000,1340815.0
Moldova,MDA,1999,1330648.0
Moldova,MDA,1998,1315282.0
Moldova,MDA,1997,1297264.0
Moldova,MDA,1996,1295449.0
Moldova,MDA,1995,1285566.0
Moldova,MDA,1994,1286547.0
Moldova,MDA,1993,1283628.0
Moldova,MDA,1992,1279786.0
Moldova,MDA,1991,1270808.0
Moldova,MDA,1990,1257758.0
Mongolia,MNG,2025,1457041.0
Mongolia,MNG,2024,1441482.0
Mongolia,MNG,2023,1426526.0
Mongolia,MNG,2022,1442982.0
Mongolia,MNG,2021,1389087.0
Mongolia,MNG,2020,1418986.0
Mongolia,MNG,2019,1451060.0
Mongolia,MNG,2018,1310964.0
Mongolia,MNG,2017,1286695.0
Mongolia,MNG,2016,1258931.0
Mongolia,MNG,2015,1272830.0
Mongolia,MNG,2014,1255944.0
Mongolia,MNG,2013,1234106.0
Mongolia,MNG,2012,1217413.0
Mongolia,MNG,2011,1199560.0
Mongolia,MNG,2010,1160567.0
Mongolia,MNG,2009,1138353.0
Mongolia,MNG,2008,1111016.0
Mongolia,MNG,2007,1100221.0
Mongolia,MNG,2006,1077494.0
Mongolia,MNG,2005,1054193.0
Mongolia,MNG,2004,1029993.0
Mongolia,MNG,2003,1006251.0
Mongolia,MNG,2002,978725.0
Mongolia,MNG,2001,949903.0
Mongolia,MNG,2000,921234.0
Mongolia,MNG,1999,892200.0
Mongolia,MNG,1998,866031.0
Mongolia,MNG,1997,842595.0
Mongolia,MNG,1996,820969.0
Mongolia,MNG,1995,798759.0
Mongolia,MNG,1994,779174.0
Mongolia,MNG,1993,762259.0
Mongolia,MNG,1992,753082.0
Mongolia,MNG,1991,739313.0
Mongolia,MNG,1990,704004.0
Montenegro,MNE,2025,292258.0
Montenegro,MNE,2024,297284.0
Montenegro,MNE,2023,298219.0
Montenegro,MNE,2022,282083.0
Montenegro,MNE,2021,245080.0
Montenegro,MNE,2020,257436.0
Montenegro,MNE,2019,278968.0
Montenegro,MNE,2018,273696.0
Montenegro,MNE,2017,268583.0
Montenegro,MNE,2016,268662.0
Montenegro,MNE,2015,266278.0
Montenegro,MNE,2014,262021.0
Montenegro,MNE,2013,250114.0
Montenegro,MNE,2012,249367.0
Montenegro,MNE,2011,242523.0
Montenegro,MNE,2010,241466.0
Montenegro,MNE,2009,240355.0
Montenegro,MNE,2008,239413.0
Montenegro,MNE,2007,237904.0
Montenegro,MNE,2006,236784.0
Montenegro,MNE,2005,236413.0
Montenegro,MNE,2004,236151.0
Montenegro,MNE,2003,236139.0
Montenegro,MNE,2002,235459.0
Montenegro,MNE,2001,234430.0
Montenegro,MNE,2000,232893.0
Montenegro,MNE,1999,232993.0
Montenegro,MNE,1998,231510.0
Montenegro,MNE,1997,232156.0
Montenegro,MNE,1996,232622.0
Montenegro,MNE,1995,233197.0
Montenegro,MNE,1994,233739.0
Montenegro,MNE,1993,233768.0
Montenegro,MNE,1992,232741.0
Montenegro,MNE,1991,231380.0
Montenegro,MNE,1990,230072.0
Morocco,MAR,2025,12631464.0
Morocco,MAR,2024,12497271.0
Morocco,MAR,2023,12335833.0
Morocco,MAR,2022,12170356.0
Morocco,MAR,2021,12266110.0
Morocco,MAR,2020,11894936.0
Morocco,MAR,2019,12163466.0
Morocco,MAR,2018,11919387.0
Morocco,MAR,2017,11672302.0
Morocco,MAR,2016,11764216.0
Morocco,MAR,2015,11817289.0
Morocco,MAR,2014,11789129.0
Morocco,MAR,2013,11668836.0
Morocco,MAR,2012,11505127.0
Morocco,MAR,2011,11491567.0
Morocco,MAR,2010,11402901.0
Morocco,MAR,2009,11317347.0
Morocco,MAR,2008,11222651.0
Morocco,MAR,2007,11012488.0
Morocco,MAR,2006,10794828.0
Morocco,MAR,2005,10570285.0
Morocco,MAR,2004,10344794.0
Morocco,MAR,2003,10130763.0
Morocco,MAR,2002,9924141.0
Morocco,MAR,2001,9824822.0
Morocco,MAR,2000,9622622.0
Morocco,MAR,1999,9407654.0
Morocco,MAR,1998,9186440.0
Morocco,MAR,1997,8973540.0
Morocco,MAR,1996,8744548.0
Morocco,MAR,1995,8538328.0
Morocco,MAR,1994,8304599.0
Morocco,MAR,1993,8100374.0
Morocco,MAR,1992,7883614.0
Morocco,MAR,1991,7669496.0
Morocco,MAR,1990,7469841.0
Mozambique,MOZ,2025,15658114.0
Mozambique,MOZ,2024,15148294.0
Mozambique,MOZ,2023,14644495.0
Mozambique,MOZ,2022,14168284.0
Mozambique,MOZ,2021,13595901.0
Mozambique,MOZ,2020,13187062.0
Mozambique,MOZ,2019,12903560.0
Mozambique,MOZ,2018,12515124.0
Mozambique,MOZ,2017,12130020.0
Mozambique,MOZ,2016,11753394.0
Mozambique,MOZ,2015,11397352.0
Mozambique,MOZ,2014,11146461.0
Mozambique,MOZ,2013,10904768.0
Mozambique,MOZ,2012,10674835.0
Mozambique,MOZ,2011,10455626.0
Mozambique,MOZ,2010,10258571.0
Mozambique,MOZ,2009,10084170.0
Mozambique,MOZ,2008,9917392.0
Mozambique,MOZ,2007,9755517.0
Mozambique,MOZ,2006,9594635.0
Mozambique,MOZ,2005,9434822.0
Mozambique,MOZ,2004,9280551.0
Mozambique,MOZ,2003,9131272.0
Mozambique,MOZ,2002,8900839.0
Mozambique,MOZ,2001,8679877.0
Mozambique,MOZ,2000,8468296.0
Mozambique,MOZ,1999,8265462.0
Mozambique,MOZ,1998,8059784.0
Mozambique,MOZ,1997,7851935.0
Mozambique,MOZ,1996,7634613.0
Mozambique,MOZ,1995,7366643.0
Mozambique,MOZ,1994,6915461.0
Mozambique,MOZ,1993,6444044.0
Mozambique,MOZ,1992,6231258.0
Mozambique,MOZ,1991,6105373.0
Mozambique,MOZ,1990,5981740.0
Myanmar,MMR,2025,22940495.0
Myanmar,MMR,2024,22744175.0
Myanmar,MMR,2023,22552833.0
Myanmar,MMR,2022,22343279.0
Myanmar,MMR,2021,22117425.0
Myanmar,MMR,2020,23870997.0
Myanmar,MMR,2019,23767370.0
Myanmar,MMR,2018,24244077.0
Myanmar,MMR,2017,23847667.0
Myanmar,MMR,2016,24084188.0
Myanmar,MMR,2015,24298397.0
Myanmar,MMR,2014,24050959.0
Myanmar,MMR,2013,23798826.0
Myanmar,MMR,2012,23537336.0
Myanmar,MMR,2011,23266915.0
Myanmar,MMR,2010,22995561.0
Myanmar,MMR,2009,22768679.0
Myanmar,MMR,2008,22585838.0
Myanmar,MMR,2007,22403892.0
Myanmar,MMR,2006,22204774.0
Myanmar,MMR,2005,22008149.0
Myanmar,MMR,2004,21805694.0
Myanmar,MMR,2003,21594103.0
Myanmar,MMR,2002,21367504.0
Myanmar,MMR,2001,21102417.0
Myanmar,MMR,2000,20800913.0
Myanmar,MMR,1999,20478640.0
Myanmar,MMR,1998,20122608.0
Myanmar,MMR,1997,19742466.0
Myanmar,MMR,1996,19375156.0
Myanmar,MMR,1995,19025231.0
Myanmar,MMR,1994,18683139.0
Myanmar,MMR,1993,18348410.0
Myanmar,MMR,1992,18016005.0
Myanmar,MMR,1991,17699764.0
Myanmar,MMR,1990,17336251.0
Namibia,NAM,2025,1152801.0
Namibia,NAM,2024,1124198.0
Namibia,NAM,2023,1094377.0
Namibia,NAM,2022,1064363.0
Namibia,NAM,2021,994464.0
Namibia,NAM,2020,960250.0
Namibia,NAM,2019,984283.0
Namibia,NAM,2018,958630.0
Namibia,NAM,2017,947334.0
Namibia,NAM,2016,935710.0
Namibia,NAM,2015,914121.0
Namibia,NAM,2014,892359.0
Namibia,NAM,2013,881059.0
Namibia,NAM,2012,800026.0
Namibia,NAM,2011,778067.0
Namibia,NAM,2010,759361.0
Namibia,NAM,2009,740620.0
Namibia,NAM,2008,721316.0
Namibia,NAM,2007,701719.0
Namibia,NAM,2006,682001.0
Namibia,NAM,2005,662309.0
Namibia,NAM,2004,643871.0
Namibia,NAM,2003,627019.0
Namibia,NAM,2002,610372.0
Namibia,NAM,2001,593289.0
Namibia,NAM,2000,575679.0
Namibia,NAM,1999,558646.0
Namibia,NAM,1998,541861.0
Namibia,NAM,1997,525413.0
Namibia,NAM,1996,516044.0
Namibia,NAM,1995,506113.0
Namibia,NAM,1994,495826.0
Namibia,NAM,1993,480507.0
Namibia,NAM,1992,465311.0
Namibia,NAM,1991,450691.0
Namibia,NAM,1990,435534.0
Nepal,NPL,2025,8362760.0
Nepal,NPL,2024,8342811.0
Nepal,NPL,2023,8335831.0
Nepal,NPL,2022,8325856.0
Nepal,NPL,2021,8226953.0
Nepal,NPL,2020,7977675.0
Nepal,NPL,2019,7802999.0
Nepal,NPL,2018,7630668.0
Nepal,NPL,2017,7596203.0
Nepal,NPL,2016,7565879.0
Nepal,NPL,2015,7493338.0
Nepal,NPL,2014,7408274.0
Nepal,NPL,2013,7357452.0
Nepal,NPL,2012,7316791.0
Nepal,NPL,2011,7256378.0
Nepal,NPL,2010,7158341.0
Nepal,NPL,2009,7038992.0
Nepal,NPL,2008,6923924.0
Nepal,NPL,2007,6814461.0
Nepal,NPL,2006,6709291.0
Nepal,NPL,2005,6600031.0
Nepal,NPL,2004,6483894.0
Nepal,NPL,2003,6361849.0
Nepal,NPL,2002,6237676.0
Nepal,NPL,2001,6115063.0
Nepal,NPL,2000,5995668.0
Nepal,NPL,1999,5876855.0
Nepal,NPL,1998,5755551.0
Nepal,NPL,1997,5635976.0
Nepal,NPL,1996,5520321.0
Nepal,NPL,1995,5409055.0
Nepal,NPL,1994,5289149.0
Nepal,NPL,1993,5163407.0
Nepal,NPL,1992,5019700.0
Nepal,NPL,1991,4869782.0
Nepal,NPL,1990,4743334.0
Netherlands,NLD,2025,10351609.0
Netherlands,NLD,2024,10314837.0
Netherlands,NLD,2023,10269843.0
Netherlands,NLD,2022,10073395.0
Netherlands,NLD,2021,9858813.0
Netherlands,NLD,2020,9793423.0
Netherlands,NLD,2019,9742856.0
Netherlands,NLD,2018,9608481.0
Netherlands,NLD,2017,9491538.0
Netherlands,NLD,2016,9434786.0
Netherlands,NLD,2015,9385800.0
Netherlands,NLD,2014,9275880.0
Netherlands,NLD,2013,9298757.0
Netherlands,NLD,2012,9255457.0
Netherlands,NLD,2011,9149140.0
Netherlands,NLD,2010,9106986.0
Netherlands,NLD,2009,9087024.0
Netherlands,NLD,2008,9066482.0
Netherlands,NLD,2007,9012338.0
Netherlands,NLD,2006,8970173.0
Netherlands,NLD,2005,8939597.0
Netherlands,NLD,2004,8931350.0
Netherlands,NLD,2003,8924311.0
Netherlands,NLD,2002,8904143.0
Netherlands,NLD,2001,8854790.0
Netherlands,NLD,2000,8771496.0
Netherlands,NLD,1999,8680658.0
Netherlands,NLD,1998,8598979.0
Netherlands,NLD,1997,8528344.0
Netherlands,NLD,1996,8465472.0
Netherlands,NLD,1995,8409429.0
Netherlands,NLD,1994,8371005.0
Netherlands,NLD,1993,8323965.0
Netherlands,NLD,1992,8263557.0
Netherlands,NLD,1991,8183997.0
Netherlands,NLD,1990,8097914.0
New Caledonia,NCL,2025,131488.0
New Caledonia,NCL,2024,130995.0
New Caledonia,NCL,2023,130221.0
New Caledonia,NCL,2022,129375.0
New Caledonia,NCL,2021,127574.0
New Caledonia,NCL,2020,127349.0
New Caledonia,NCL,2019,126548.0
New Caledonia,NCL,2018,128747.0
New Caledonia,NCL,2017,130830.0
New Caledonia,NCL,2016,132756.0
New Caledonia,NCL,2015,134563.0
New Caledonia,NCL,2014,135552.0
New Caledonia,NCL,2013,133249.0
New Caledonia,NCL,2012,130453.0
New Caledonia,NCL,2011,127652.0
New Caledonia,NCL,2010,124773.0
New Caledonia,NCL,2009,122055.0
New Caledonia,NCL,2008,119956.0
New Caledonia,NCL,2007,117994.0
New Caledonia,NCL,2006,115784.0
New Caledonia,NCL,2005,113641.0
New Caledonia,NCL,2004,111582.0
New Caledonia,NCL,2003,109244.0
New Caledonia,NCL,2002,106849.0
New Caledonia,NCL,2001,104589.0
New Caledonia,NCL,2000,102413.0
New Caledonia,NCL,1999,100196.0
New Caledonia,NCL,1998,97962.0
New Caledonia,NCL,1997,95818.0
New Caledonia,NCL,1996,93308.0
New Caledonia,NCL,1995,90560.0
New Caledonia,NCL,1994,87571.0
New Caledonia,NCL,1993,84715.0
New Caledonia,NCL,1992,81931.0
New Caledonia,NCL,1991,79163.0
New Caledonia,NCL,1990,76340.0
New Zealand,NZL,2025,3075239.0
New Zealand,NZL,2024,3054575.0
New Zealand,NZL,2023,3034955.0
New Zealand,NZL,2022,2932530.0
New Zealand,NZL,2021,2904263.0
New Zealand,NZL,2020,2869748.0
New Zealand,NZL,2019,2819371.0
New Zealand,NZL,2018,2787916.0
New Zealand,NZL,2017,2732646.0
New Zealand,NZL,2016,2634836.0
New Zealand,NZL,2015,2526061.0
New Zealand,NZL,2014,2463012.0
New Zealand,NZL,2013,2382609.0
New Zealand,NZL,2012,2366796.0
New Zealand,NZL,2011,2358833.0
New Zealand,NZL,2010,2325453.0
New Zealand,NZL,2009,2304331.0
New Zealand,NZL,2008,2286662.0
New Zealand,NZL,2007,2266131.0
New Zealand,NZL,2006,2231752.0
New Zealand,NZL,2005,2179558.0
New Zealand,NZL,2004,2122508.0
New Zealand,NZL,2003,2065073.0
New Zealand,NZL,2002,2024542.0
New Zealand,NZL,2001,1962689.0
New Zealand,NZL,2000,1929758.0
New Zealand,NZL,1999,1912390.0
New Zealand,NZL,1998,1898064.0
New Zealand,NZL,1997,1892656.0
New Zealand,NZL,1996,1871435.0
New Zealand,NZL,1995,1817532.0
New Zealand,NZL,1994,1773165.0
New Zealand,NZL,1993,1727412.0
New Zealand,NZL,1992,1709913.0
New Zealand,NZL,1991,1702829.0
New Zealand,NZL,1990,1622298.0
Nicaragua,NIC,2025,3319222.0
Nicaragua,NIC,2024,3253536.0
Nicaragua,NIC,2023,3183098.0
Nicaragua,NIC,2022,3108200.0
Nicaragua,NIC,2021,3032996.0
Nicaragua,NIC,2020,2940072.0
Nicaragua,NIC,2019,2916688.0
Nicaragua,NIC,2018,2871355.0
Nicaragua,NIC,2017,2827514.0
Nicaragua,NIC,2016,2771179.0
Nicaragua,NIC,2015,2714759.0
Nicaragua,NIC,2014,2658091.0
Nicaragua,NIC,2013,2593422.0
Nicaragua,NIC,2012,2529139.0
Nicaragua,NIC,2011,2465061.0
Nicaragua,NIC,2010,2401577.0
Nicaragua,NIC,2009,2338754.0
Nicaragua,NIC,2008,2276217.0
Nicaragua,NIC,2007,2214058.0
Nicaragua,NIC,2006,2152774.0
Nicaragua,NIC,2005,2090654.0
Nicaragua,NIC,2004,2029895.0
Nicaragua,NIC,2003,1972321.0
Nicaragua,NIC,2002,1915679.0
Nicaragua,NIC,2001,1859846.0
Nicaragua,NIC,2000,1804371.0
Nicaragua,NIC,1999,1748818.0
Nicaragua,NIC,1998,1693406.0
Nicaragua,NIC,1997,1633351.0
Nicaragua,NIC,1996,1573241.0
Nicaragua,NIC,1995,1513299.0
Nicaragua,NIC,1994,1465006.0
Nicaragua,NIC,1993,1420073.0
Nicaragua,NIC,1992,1379562.0
Nicaragua,NIC,1991,1339651.0
Nicaragua,NIC,1990,1301799.0
Niger,NER,2025,11971064.0
Niger,NER,2024,11484657.0
Niger,NER,2023,11037913.0
Niger,NER,2022,10614399.0
Niger,NER,2021,9808662.0
Niger,NER,2020,9140912.0
Niger,NER,2019,8590335.0
Niger,NER,2018,8289312.0
Niger,NER,2017,7997473.0
Niger,NER,2016,7711696.0
Niger,NER,2015,7430131.0
Niger,NER,2014,7163554.0
Niger,NER,2013,7090684.0
Niger,NER,2012,7001266.0
Niger,NER,2011,6903571.0
Niger,NER,2010,6659483.0
Niger,NER,2009,6428845.0
Niger,NER,2008,6210570.0
Niger,NER,2007,6003496.0
Niger,NER,2006,5806768.0
Niger,NER,2005,5619156.0
Niger,NER,2004,5440213.0
Niger,NER,2003,5268874.0
Niger,NER,2002,5104114.0
Niger,NER,2001,4945031.0
Niger,NER,2000,4790760.0
Niger,NER,1999,4642142.0
Niger,NER,1998,4497472.0
Niger,NER,1997,4357660.0
Niger,NER,1996,4222430.0
Niger,NER,1995,4085923.0
Niger,NER,1994,3952096.0
Niger,NER,1993,3825494.0
Niger,NER,1992,3704543.0
Niger,NER,1991,3588541.0
Niger,NER,1990,3476201.0
Nigeria,NGA,2025,116581818.0
Nigeria,NGA,2024,113320742.0
Nigeria,NGA,2023,110075281.0
Nigeria,NGA,2022,105269418.0
Nigeria,NGA,2021,100887576.0
Nigeria,NGA,2020,97041268.0
Nigeria,NGA,2019,96335866.0
Nigeria,NGA,2018,93615892.0
Nigeria,NGA,2017,90905566.0
Nigeria,NGA,2016,88256929.0
Nigeria,NGA,2015,85773802.0
Nigeria,NGA,2014,83458627.0
Nigeria,NGA,2013,81303065.0
Nigeria,NGA,2012,79317244.0
Nigeria,NGA,2011,77225150.0
Nigeria,NGA,2010,75284751.0
Nigeria,NGA,2009,73499013.0
Nigeria,NGA,2008,71669029.0
Nigeria,NGA,2007,69975807.0
Nigeria,NGA,2006,68316893.0
Nigeria,NGA,2005,66741004.0
Nigeria,NGA,2004,65217367.0
Nigeria,NGA,2003,63693782.0
Nigeria,NGA,2002,62235800.0
Nigeria,NGA,2001,60772025.0
Nigeria,NGA,2000,59281872.0
Nigeria,NGA,1999,57821632.0
Nigeria,NGA,1998,56231989.0
Nigeria,NGA,1997,54708361.0
Nigeria,NGA,1996,53211071.0
Nigeria,NGA,1995,51813787.0
Nigeria,NGA,1994,50215133.0
Nigeria,NGA,1993,48405331.0
Nigeria,NGA,1992,46738488.0
Nigeria,NGA,1991,45040095.0
Nigeria,NGA,1990,43425556.0
North Macedonia,MKD,2025,786790.0
North Macedonia,MKD,2024,792140.0
North Macedonia,MKD,2023,784466.0
North Macedonia,MKD,2022,802703.0
North Macedonia,MKD,2021,784953.0
North Macedonia,MKD,2020,800704.0
North Macedonia,MKD,2019,823317.0
North Macedonia,MKD,2018,824281.0
North Macedonia,MKD,2017,832185.0
North Macedonia,MKD,2016,837565.0
North Macedonia,MKD,2015,846415.0
North Macedonia,MKD,2014,855229.0
North Macedonia,MKD,2013,855743.0
North Macedonia,MKD,2012,850592.0
North Macedonia,MKD,2011,855183.0
North Macedonia,MKD,2010,834993.0
North Macedonia,MKD,2009,860794.0
North Macedonia,MKD,2008,862431.0
North Macedonia,MKD,2007,856830.0
North Macedonia,MKD,2006,841182.0
North Macedonia,MKD,2005,841338.0
North Macedonia,MKD,2004,842296.0
North Macedonia,MKD,2003,842476.0
North Macedonia,MKD,2002,830362.0
North Macedonia,MKD,2001,829921.0
North Macedonia,MKD,2000,818451.0
North Macedonia,MKD,1999,806793.0
North Macedonia,MKD,1998,807000.0
North Macedonia,MKD,1997,808104.0
North Macedonia,MKD,1996,814199.0
North Macedonia,MKD,1995,811153.0
North Macedonia,MKD,1994,813984.0
North Macedonia,MKD,1993,825216.0
North Macedonia,MKD,1992,838762.0
North Macedonia,MKD,1991,850423.0
North Macedonia,MKD,1990,845619.0
Norway,NOR,2025,3093894.0
Norway,NOR,2024,3074577.0
Norway,NOR,2023,3039025.0
Norway,NOR,2022,2995482.0
Norway,NOR,2021,2948722.0
Norway,NOR,2020,2925043.0
Norway,NOR,2019,2911217.0
Norway,NOR,2018,2883492.0
Norway,NOR,2017,2848702.0
Norway,NOR,2016,2845954.0
Norway,NOR,2015,2832644.0
Norway,NOR,2014,2799152.0
Norway,NOR,2013,2778579.0
Norway,NOR,2012,2745427.0
Norway,NOR,2011,2706107.0
Norway,NOR,2010,2672715.0
Norway,NOR,2009,2662239.0
Norway,NOR,2008,2640107.0
Norway,NOR,2007,2601653.0
Norway,NOR,2006,2559325.0
Norway,NOR,2005,2522881.0
Norway,NOR,2004,2490257.0
Norway,NOR,2003,2462624.0
Norway,NOR,2002,2442913.0
Norway,NOR,2001,2421786.0
Norway,NOR,2000,2399174.0
Norway,NOR,1999,2372447.0
Norway,NOR,1998,2343863.0
Norway,NOR,1997,2311195.0
Norway,NOR,1996,2276563.0
Norway,NOR,1995,2244474.0
Norway,NOR,1994,2215264.0
Norway,NOR,1993,2186590.0
Norway,NOR,1992,2160703.0
Norway,NOR,1991,2136690.0
Norway,NOR,1990,2116221.0
Oman,OMN,2025,2843365.0
Oman,OMN,2024,2715317.0
Oman,OMN,2023,2579803.0
Oman,OMN,2022,2381905.0
Oman,OMN,2021,2169738.0
Oman,OMN,2020,2220588.0
Oman,OMN,2019,2435263.0
Oman,OMN,2018,2500377.0
Oman,OMN,2017,2493490.0
Oman,OMN,2016,2403255.0
Oman,OMN,2015,2259607.0
Oman,OMN,2014,2139249.0
Oman,OMN,2013,2028882.0
Oman,OMN,2012,1811487.0
Oman,OMN,2011,1439274.0
Oman,OMN,2010,1186353.0
Oman,OMN,2009,1125870.0
Oman,OMN,2008,1076359.0
Oman,OMN,2007,1029075.0
Oman,OMN,2006,984013.0
Oman,OMN,2005,942002.0
Oman,OMN,2004,903171.0
Oman,OMN,2003,872229.0
Oman,OMN,2002,849247.0
Oman,OMN,2001,828711.0
Oman,OMN,2000,812951.0
Oman,OMN,1999,799271.0
Oman,OMN,1998,782962.0
Oman,OMN,1997,767412.0
Oman,OMN,1996,756506.0
Oman,OMN,1995,745190.0
Oman,OMN,1994,736060.0
Oman,OMN,1993,706965.0
Oman,OMN,1992,657851.0
Oman,OMN,1991,609375.0
Oman,OMN,1990,561405.0
Pakistan,PAK,2025,85158214.0
Pakistan,PAK,2024,83217450.0
Pakistan,PAK,2023,81613188.0
Pakistan,PAK,2022,80064041.0
Pakistan,PAK,2021,78814704.0
Pakistan,PAK,2020,75332749.0
Pakistan,PAK,2019,73727954.0
Pakistan,PAK,2018,71401725.0
Pakistan,PAK,2017,70494278.0
Pakistan,PAK,2016,69799389.0
Pakistan,PAK,2015,69229075.0
Pakistan,PAK,2014,66802824.0
Pakistan,PAK,2013,66307781.0
Pakistan,PAK,2012,64736311.0
Pakistan,PAK,2011,62965404.0
Pakistan,PAK,2010,61633684.0
Pakistan,PAK,2009,59305908.0
Pakistan,PAK,2008,56978123.0
Pakistan,PAK,2007,55026645.0
Pakistan,PAK,2006,53143744.0
Pakistan,PAK,2005,51855384.0
Pakistan,PAK,2004,50561804.0
Pakistan,PAK,2003,48816449.0
Pakistan,PAK,2002,47266464.0
Pakistan,PAK,2001,45850789.0
Pakistan,PAK,2000,44283074.0
Pakistan,PAK,1999,42608353.0
Pakistan,PAK,1998,41078081.0
Pakistan,PAK,1997,39914024.0
Pakistan,PAK,1996,37978020.0
Pakistan,PAK,1995,36136782.0
Pakistan,PAK,1994,35657736.0
Pakistan,PAK,1993,34702649.0
Pakistan,PAK,1992,34179400.0
Pakistan,PAK,1991,33326736.0
Pakistan,PAK,1990,32066327.0
Panama,PAN,2025,2287522.0
Panama,PAN,2024,2249161.0
Panama,PAN,2023,2170438.0
Panama,PAN,2022,2169258.0
Panama,PAN,2021,2018222.0
Panama,PAN,2020,2098423.0
Panama,PAN,2019,2125347.0
Panama,PAN,2018,2053703.0
Panama,PAN,2017,1960954.0
Panama,PAN,2016,1929484.0
Panama,PAN,2015,1874167.0
Panama,PAN,2014,1836682.0
Panama,PAN,2013,1799983.0
Panama,PAN,2012,1741559.0
Panama,PAN,2011,1653884.0
Panama,PAN,2010,1666955.0
Panama,PAN,2009,1597065.0
Panama,PAN,2008,1614819.0
Panama,PAN,2007,1541403.0
Panama,PAN,2006,1498098.0
Panama,PAN,2005,1482872.0
Panama,PAN,2004,1444961.0
Panama,PAN,2003,1397969.0
Panama,PAN,2002,1361258.0
Panama,PAN,2001,1321605.0
Panama,PAN,2000,1282474.0
Panama,PAN,1999,1243900.0
Panama,PAN,1998,1216031.0
Panama,PAN,1997,1162155.0
Panama,PAN,1996,1129964.0
Panama,PAN,1995,1098366.0
Panama,PAN,1994,1056265.0
Panama,PAN,1993,1023138.0
Panama,PAN,1992,977692.0
Panama,PAN,1991,932805.0
Panama,PAN,1990,855036.0
Papua New Guinea,PNG,2025,3746653.0
Papua New Guinea,PNG,2024,3655667.0
Papua New Guinea,PNG,2023,3573686.0
Papua New Guinea,PNG,2022,3494880.0
Papua New Guinea,PNG,2021,3393679.0
Papua New Guinea,PNG,2020,3269241.0
Papua New Guinea,PNG,2019,3193903.0
Papua New Guinea,PNG,2018,3089167.0
Papua New Guinea,PNG,2017,2979396.0
Papua New Guinea,PNG,2016,2876659.0
Papua New Guinea,PNG,2015,2778064.0
Papua New Guinea,PNG,2014,2682110.0
Papua New Guinea,PNG,2013,2594645.0
Papua New Guinea,PNG,2012,2498151.0
Papua New Guinea,PNG,2011,2404038.0
Papua New Guinea,PNG,2010,2306745.0
Papua New Guinea,PNG,2009,2235349.0
Papua New Guinea,PNG,2008,2162147.0
Papua New Guinea,PNG,2007,2084385.0
Papua New Guinea,PNG,2006,2015655.0
Papua New Guinea,PNG,2005,1946354.0
Papua New Guinea,PNG,2004,1878745.0
Papua New Guinea,PNG,2003,1809703.0
Papua New Guinea,PNG,2002,1742551.0
Papua New Guinea,PNG,2001,1675955.0
Papua New Guinea,PNG,2000,1611797.0
Papua New Guinea,PNG,1999,1548084.0
Papua New Guinea,PNG,1998,1489097.0
Papua New Guinea,PNG,1997,1428038.0
Papua New Guinea,PNG,1996,1368621.0
Papua New Guinea,PNG,1995,1317891.0
Papua New Guinea,PNG,1994,1262329.0
Papua New Guinea,PNG,1993,1213780.0
Papua New Guinea,PNG,1992,1172546.0
Papua New Guinea,PNG,1991,1131883.0
Papua New Guinea,PNG,1990,1095939.0
Paraguay,PRY,2025,3528777.0
Paraguay,PRY,2024,3477137.0
Paraguay,PRY,2023,3448638.0
Paraguay,PRY,2022,3391301.0
Paraguay,PRY,2021,3412056.0
Paraguay,PRY,2020,3281326.0
Paraguay,PRY,2019,3334564.0
Paraguay,PRY,2018,3257956.0
Paraguay,PRY,2017,3167703.0
Paraguay,PRY,2016,3066119.0
Paraguay,PRY,2015,2922145.0
Paraguay,PRY,2014,2866433.0
Paraguay,PRY,2013,2886676.0
Paraguay,PRY,2012,2882296.0
Paraguay,PRY,2011,2686754.0
Paraguay,PRY,2010,2621740.0
Paraguay,PRY,2009,2639352.0
Paraguay,PRY,2008,2576022.0
Paraguay,PRY,2007,2507778.0
Paraguay,PRY,2006,2393784.0
Paraguay,PRY,2005,2456323.0
Paraguay,PRY,2004,2439951.0
Paraguay,PRY,2003,2258622.0
Paraguay,PRY,2002,2246134.0
Paraguay,PRY,2001,2200080.0
Paraguay,PRY,2000,2152330.0
Paraguay,PRY,1999,2106310.0
Paraguay,PRY,1998,2056957.0
Paraguay,PRY,1997,2004371.0
Paraguay,PRY,1996,1942146.0
Paraguay,PRY,1995,1890063.0
Paraguay,PRY,1994,1827430.0
Paraguay,PRY,1993,1771701.0
Paraguay,PRY,1992,1719417.0
Paraguay,PRY,1991,1676933.0
Paraguay,PRY,1990,1631459.0
Peru,PER,2025,19242514.0
Peru,PER,2024,18941504.0
Peru,PER,2023,18608668.0
Peru,PER,2022,18756175.0
Peru,PER,2021,17853296.0
Peru,PER,2020,16861243.0
Peru,PER,2019,18599717.0
Peru,PER,2018,18124121.0
Peru,PER,2017,17644346.0
Peru,PER,2016,16939632.0
Peru,PER,2015,16759049.0
Peru,PER,2014,16746275.0
Peru,PER,2013,16673246.0
Peru,PER,2012,16569598.0
Peru,PER,2011,16389689.0
Peru,PER,2010,16300474.0
Peru,PER,2009,15961805.0
Peru,PER,2008,15688718.0
Peru,PER,2007,15475880.0
Peru,PER,2006,14840428.0
Peru,PER,2005,14025537.0
Peru,PER,2004,13589275.0
Peru,PER,2003,13141432.0
Peru,PER,2002,12684823.0
Peru,PER,2001,12219945.0
Peru,PER,2000,11421931.0
Peru,PER,1999,11549983.0
Peru,PER,1998,11039085.0
Peru,PER,1997,10563686.0
Peru,PER,1996,10071526.0
Peru,PER,1995,9592942.0
Peru,PER,1994,9018294.0
Peru,PER,1993,8643934.0
Peru,PER,1992,8284575.0
Peru,PER,1991,8099101.0
Peru,PER,1990,7882065.0
Philippines,PHL,2025,52204133.0
Philippines,PHL,2024,51307682.0
Philippines,PHL,2023,50378922.0
Philippines,PHL,2022,49481401.0
Philippines,PHL,2021,44699749.0
Philippines,PHL,2020,42533348.0
Philippines,PHL,2019,45267971.0
Philippines,PHL,2018,44041398.0
Philippines,PHL,2017,43266495.0
Philippines,PHL,2016,44089437.0
Philippines,PHL,2015,42976583.0
Philippines,PHL,2014,42543143.0
Philippines,PHL,2013,41114722.0
Philippines,PHL,2012,40289936.0
Philippines,PHL,2011,39596984.0
Philippines,PHL,2010,38110500.0
Philippines,PHL,2009,37120751.0
Philippines,PHL,2008,36070857.0
Philippines,PHL,2007,35381465.0
Philippines,PHL,2006,34684599.0
Philippines,PHL,2005,34017208.0
Philippines,PHL,2004,33146452.0
Philippines,PHL,2003,32101597.0
Philippines,PHL,2002,31307312.0
Philippines,PHL,2001,30515119.0
Philippines,PHL,2000,29661770.0
Philippines,PHL,1999,28772445.0
Philippines,PHL,1998,27834611.0
Philippines,PHL,1997,26927107.0
Philippines,PHL,1996,26190802.0
Philippines,PHL,1995,25519644.0
Philippines,PHL,1994,24909091.0
Philippines,PHL,1993,24316012.0
Philippines,PHL,1992,23650303.0
Philippines,PHL,1991,23033945.0
Philippines,PHL,1990,22437510.0
Poland,POL,2025,18017827.0
Poland,POL,2024,18269205.0
Poland,POL,2023,18449404.0
Poland,POL,2022,18378935.0
Poland,POL,2021,18351011.0
Poland,POL,2020,18197725.0
Poland,POL,2019,18454120.0
Poland,POL,2018,18503688.0
Poland,POL,2017,18534927.0
Poland,POL,2016,18466235.0
Poland,POL,2015,18407499.0
Poland,POL,2014,18420604.0
Poland,POL,2013,18319899.0
Poland,POL,2012,18334357.0
Poland,POL,2011,18210344.0
Poland,POL,2010,18144753.0
Poland,POL,2009,17886033.0
Poland,POL,2008,17601086.0
Poland,POL,2007,17361678.0
Poland,POL,2006,17355521.0
Poland,POL,2005,17466080.0
Poland,POL,2004,17306665.0
Poland,POL,2003,17315310.0
Poland,POL,2002,17337681.0
Poland,POL,2001,17478771.0
Poland,POL,2000,17100972.0
Poland,POL,1999,17324365.0
Poland,POL,1998,17356075.0
Poland,POL,1997,17333653.0
Poland,POL,1996,17446425.0
Poland,POL,1995,17478907.0
Poland,POL,1994,17644559.0
Poland,POL,1993,17696732.0
Poland,POL,1992,17735672.0
Poland,POL,1991,17681067.0
Poland,POL,1990,17481761.0
Portugal,PRT,2025,5419014.0
Portugal,PRT,2024,5450166.0
Portugal,PRT,2023,5395411.0
Portugal,PRT,2022,5245513.0
Portugal,PRT,2021,5114630.0
Portugal,PRT,2020,5138884.0
Portugal,PRT,2019,5245523.0
Portugal,PRT,2018,5230976.0
Portugal,PRT,2017,5221693.0
Portugal,PRT,2016,5182106.0
Portugal,PRT,2015,5197927.0
Portugal,PRT,2014,5223582.0
Portugal,PRT,2013,5281205.0
Portugal,PRT,2012,5377544.0
Portugal,PRT,2011,5423705.0
Portugal,PRT,2010,5488106.0
Portugal,PRT,2009,5483627.0
Portugal,PRT,2008,5531613.0
Portugal,PRT,2007,5529578.0
Portugal,PRT,2006,5497103.0
Portugal,PRT,2005,5461291.0
Portugal,PRT,2004,5415609.0
Portugal,PRT,2003,5439706.0
Portugal,PRT,2002,5418600.0
Portugal,PRT,2001,5335182.0
Portugal,PRT,2000,5230882.0
Portugal,PRT,1999,5168078.0
Portugal,PRT,1998,5119669.0
Portugal,PRT,1997,4958056.0
Portugal,PRT,1996,4863514.0
Portugal,PRT,1995,4803848.0
Portugal,PRT,1994,4783077.0
Portugal,PRT,1993,4749612.0
Portugal,PRT,1992,4748270.0
Portugal,PRT,1991,4875550.0
Portugal,PRT,1990,4740079.0
Puerto Rico (US),PRI,2025,1211661.0
Puerto Rico (US),PRI,2024,1206343.0
Puerto Rico (US),PRI,2023,1187834.0
Puerto Rico (US),PRI,2022,1180357.0
Puerto Rico (US),PRI,2021,1174411.0
Puerto Rico (US),PRI,2020,1115681.0
Puerto Rico (US),PRI,2019,1095857.0
Puerto Rico (US),PRI,2018,1082217.0
Puerto Rico (US),PRI,2017,1104608.0
Puerto Rico (US),PRI,2016,1118418.0
Puerto Rico (US),PRI,2015,1123237.0
Puerto Rico (US),PRI,2014,1138241.0
Puerto Rico (US),PRI,2013,1173960.0
Puerto Rico (US),PRI,2012,1192391.0
Puerto Rico (US),PRI,2011,1212004.0
Puerto Rico (US),PRI,2010,1255569.0
Puerto Rico (US),PRI,2009,1292495.0
Puerto Rico (US),PRI,2008,1340512.0
Puerto Rico (US),PRI,2007,1380534.0
Puerto Rico (US),PRI,2006,1413462.0
Puerto Rico (US),PRI,2005,1425203.0
Puerto Rico (US),PRI,2004,1388497.0
Puerto Rico (US),PRI,2003,1381946.0
Puerto Rico (US),PRI,2002,1359405.0
Puerto Rico (US),PRI,2001,1348012.0
Puerto Rico (US),PRI,2000,1335977.0
Puerto Rico (US),PRI,1999,1367341.0
Puerto Rico (US),PRI,1998,1361718.0
Puerto Rico (US),PRI,1997,1352970.0
Puerto Rico (US),PRI,1996,1312028.0
Puerto Rico (US),PRI,1995,1270018.0
Puerto Rico (US),PRI,1994,1265595.0
Puerto Rico (US),PRI,1993,1260673.0
Puerto Rico (US),PRI,1992,1202145.0
Puerto Rico (US),PRI,1991,1189180.0
Puerto Rico (US),PRI,1990,1146872.0
Qatar,QAT,2025,2158537.0
Qatar,QAT,2024,2116940.0
Qatar,QAT,2023,1972840.0
Qatar,QAT,2022,1972313.0
Qatar,QAT,2021,1827072.0
Qatar,QAT,2020,2059100.0
Qatar,QAT,2019,1971250.0
Qatar,QAT,2018,1943088.0
Qatar,QAT,2017,1921542.0
Qatar,QAT,2016,1869946.0
Qatar,QAT,2015,1760771.0
Qatar,QAT,2014,1597750.0
Qatar,QAT,2013,1411555.0
Qatar,QAT,2012,1270559.0
Qatar,QAT,2011,1205722.0
Qatar,QAT,2010,1205149.0
Qatar,QAT,2009,1196250.0
Qatar,QAT,2008,1049476.0
Qatar,QAT,2007,862514.0
Qatar,QAT,2006,650369.0
Qatar,QAT,2005,527969.0
Qatar,QAT,2004,495587.0
Qatar,QAT,2003,482286.0
Qatar,QAT,2002,456991.0
Qatar,QAT,2001,432708.0
Qatar,QAT,2000,407864.0
Qatar,QAT,1999,384220.0
Qatar,QAT,1998,360460.0
Qatar,QAT,1997,339921.0
Qatar,QAT,1996,328491.0
Qatar,QAT,1995,318677.0
Qatar,QAT,1994,308625.0
Qatar,QAT,1993,298483.0
Qatar,QAT,1992,288057.0
Qatar,QAT,1991,279305.0
Qatar,QAT,1990,269220.0
Romania,ROU,2025,8213271.0
Romania,ROU,2024,8263437.0
Romania,ROU,2023,8296265.0
Romania,ROU,2022,8420718.0
Romania,ROU,2021,8417695.0
Romania,ROU,2020,8404862.0
Romania,ROU,2019,8460344.0
Romania,ROU,2018,8484137.0
Romania,ROU,2017,8547354.0
Romania,ROU,2016,8458910.0
Romania,ROU,2015,8563782.0
Romania,ROU,2014,8482476.0
Romania,ROU,2013,8437034.0
Romania,ROU,2012,8456929.0
Romania,ROU,2011,8469420.0
Romania,ROU,2010,8573642.0
Romania,ROU,2009,8103793.0
Romania,ROU,2008,8824096.0
Romania,ROU,2007,8924741.0
Romania,ROU,2006,9025831.0
Romania,ROU,2005,9050515.0
Romania,ROU,2004,9073058.0
Romania,ROU,2003,9095150.0
Romania,ROU,2002,9095455.0
Romania,ROU,2001,9226282.0
Romania,ROU,2000,9326339.0
Romania,ROU,1999,9281167.0
Romania,ROU,1998,9229127.0
Romania,ROU,1997,9173262.0
Romania,ROU,1996,9095962.0
Romania,ROU,1995,9085797.0
Romania,ROU,1994,9088672.0
Romania,ROU,1993,9058535.0
Romania,ROU,1992,8992547.0
Romania,ROU,1991,8936386.0
Romania,ROU,1990,8912389.0
Russian Federation,RUS,2025,72386984.0
Russian Federation,RUS,2024,73405850.0
Russian Federation,RUS,2023,73713863.0
Russian Federation,RUS,2022,73531906.0
Russian Federation,RUS,2021,73799608.0
Russian Federation,RUS,2020,73410465.0
Russian Federation,RUS,2019,73911859.0
Russian Federation,RUS,2018,74826387.0
Russian Federation,RUS,2017,74950044.0
Russian Federation,RUS,2016,75488447.0
Russian Federation,RUS,2015,75408951.0
Russian Federation,RUS,2014,75706539.0
Russian Federation,RUS,2013,75862836.0
Russian Federation,RUS,2012,76093148.0
Russian Federation,RUS,2011,76175102.0
Russian Federation,RUS,2010,75913844.0
Russian Federation,RUS,2009,76018586.0
Russian Federation,RUS,2008,75997629.0
Russian Federation,RUS,2007,75441349.0
Russian Federation,RUS,2006,74495825.0
Russian Federation,RUS,2005,74120970.0
Russian Federation,RUS,2004,73667709.0
Russian Federation,RUS,2003,72861529.0
Russian Federation,RUS,2002,73090719.0
Russian Federation,RUS,2001,72398707.0
Russian Federation,RUS,2000,73640731.0
Russian Federation,RUS,1999,73259968.0
Russian Federation,RUS,1998,69064934.0
Russian Federation,RUS,1997,69673202.0
Russian Federation,RUS,1996,70917977.0
Russian Federation,RUS,1995,71837022.0
Russian Federation,RUS,1994,72007595.0
Russian Federation,RUS,1993,73942541.0
Russian Federation,RUS,1992,75915507.0
Russian Federation,RUS,1991,76666931.0
Russian Federation,RUS,1990,76883314.0
Rwanda,RWA,2025,5843274.0
Rwanda,RWA,2024,5672552.0
Rwanda,RWA,2023,5531930.0
Rwanda,RWA,2022,5079189.0
Rwanda,RWA,2021,4769099.0
Rwanda,RWA,2020,4981285.0
Rwanda,RWA,2019,4505832.0
Rwanda,RWA,2018,4514731.0
Rwanda,RWA,2017,4388612.0
Rwanda,RWA,2016,4269266.0
Rwanda,RWA,2015,4154021.0
Rwanda,RWA,2014,4042608.0
Rwanda,RWA,2013,3934027.0
Rwanda,RWA,2012,3828558.0
Rwanda,RWA,2011,3725842.0
Rwanda,RWA,2010,3624033.0
Rwanda,RWA,2009,3524232.0
Rwanda,RWA,2008,3428312.0
Rwanda,RWA,2007,3335780.0
Rwanda,RWA,2006,3244740.0
Rwanda,RWA,2005,3153448.0
Rwanda,RWA,2004,3060533.0
Rwanda,RWA,2003,2965592.0
Rwanda,RWA,2002,2878530.0
Rwanda,RWA,2001,2804806.0
Rwanda,RWA,2000,2733475.0
Rwanda,RWA,1999,2658479.0
Rwanda,RWA,1998,2580156.0
Rwanda,RWA,1997,2428351.0
Rwanda,RWA,1996,2069207.0
Rwanda,RWA,1995,1722936.0
Rwanda,RWA,1994,2139935.0
Rwanda,RWA,1993,2579827.0
Rwanda,RWA,1992,2472843.0
Rwanda,RWA,1991,2414151.0
Rwanda,RWA,1990,2364214.0
Samoa,WSM,2025,57776.0
Samoa,WSM,2024,57801.0
Samoa,WSM,2023,57666.0
Samoa,WSM,2022,57627.0
Samoa,WSM,2021,59735.0
Samoa,WSM,2020,61909.0
Samoa,WSM,2019,64742.0
Samoa,WSM,2018,67014.0
Samoa,WSM,2017,69083.0
Samoa,WSM,2016,68644.0
Samoa,WSM,2015,68373.0
Samoa,WSM,2014,67926.0
Samoa,WSM,2013,67321.0
Samoa,WSM,2012,66549.0
Samoa,WSM,2011,65692.0
Samoa,WSM,2010,65260.0
Samoa,WSM,2009,64885.0
Samoa,WSM,2008,64212.0
Samoa,WSM,2007,63617.0
Samoa,WSM,2006,62996.0
Samoa,WSM,2005,62548.0
Samoa,WSM,2004,62248.0
Samoa,WSM,2003,61769.0
Samoa,WSM,2002,61260.0
Samoa,WSM,2001,60920.0
Samoa,WSM,2000,60878.0
Samoa,WSM,1999,60712.0
Samoa,WSM,1998,60361.0
Samoa,WSM,1997,59965.0
Samoa,WSM,1996,59441.0
Samoa,WSM,1995,59119.0
Samoa,WSM,1994,58669.0
Samoa,WSM,1993,57645.0
Samoa,WSM,1992,56842.0
Samoa,WSM,1991,56074.0
Samoa,WSM,1990,55578.0
Sao Tome and Principe,STP,2025,35075.0
Sao Tome and Principe,STP,2024,34253.0
Sao Tome and Principe,STP,2023,33407.0
Sao Tome and Principe,STP,2022,32567.0
Sao Tome and Principe,STP,2021,31376.0
Sao Tome and Principe,STP,2020,30200.0
Sao Tome and Principe,STP,2019,30096.0
Sao Tome and Principe,STP,2018,29532.0
Sao Tome and Principe,STP,2017,28984.0
Sao Tome and Principe,STP,2016,28447.0
Sao Tome and Principe,STP,2015,27918.0
Sao Tome and Principe,STP,2014,27401.0
Sao Tome and Principe,STP,2013,26895.0
Sao Tome and Principe,STP,2012,26393.0
Sao Tome and Principe,STP,2011,25865.0
Sao Tome and Principe,STP,2010,25313.0
Sao Tome and Principe,STP,2009,24756.0
Sao Tome and Principe,STP,2008,24197.0
Sao Tome and Principe,STP,2007,23636.0
Sao Tome and Principe,STP,2006,23073.0
Sao Tome and Principe,STP,2005,22509.0
Sao Tome and Principe,STP,2004,21948.0
Sao Tome and Principe,STP,2003,21389.0
Sao Tome and Principe,STP,2002,20825.0
Sao Tome and Principe,STP,2001,20311.0
Sao Tome and Principe,STP,2000,19926.0
Sao Tome and Principe,STP,1999,19612.0
Sao Tome and Principe,STP,1998,19288.0
Sao Tome and Principe,STP,1997,18962.0
Sao Tome and Principe,STP,1996,18636.0
Sao Tome and Principe,STP,1995,18312.0
Sao Tome and Principe,STP,1994,17989.0
Sao Tome and Principe,STP,1993,17666.0
Sao Tome and Principe,STP,1992,17345.0
Sao Tome and Principe,STP,1991,17027.0
Sao Tome and Principe,STP,1990,16668.0
Saudi Arabia,SAU,2025,17858342.0
Saudi Arabia,SAU,2024,17534019.0
Saudi Arabia,SAU,2023,16713756.0
Saudi Arabia,SAU,2022,15469059.0
Saudi Arabia,SAU,2021,14623231.0
Saudi Arabia,SAU,2020,14673206.0
Saudi Arabia,SAU,2019,13661774.0
Saudi Arabia,SAU,2018,13337661.0
Saudi Arabia,SAU,2017,13674850.0
Saudi Arabia,SAU,2016,14104287.0
Saudi Arabia,SAU,2015,13349016.0
Saudi Arabia,SAU,2014,12334605.0
Saudi Arabia,SAU,2013,11714121.0
Saudi Arabia,SAU,2012,10684948.0
Saudi Arabia,SAU,2011,9790087.0
Saudi Arabia,SAU,2010,8924741.0
Saudi Arabia,SAU,2009,8586196.0
Saudi Arabia,SAU,2008,8067087.0
Saudi Arabia,SAU,2007,7548942.0
Saudi Arabia,SAU,2006,7069191.0
Saudi Arabia,SAU,2005,6604532.0
Saudi Arabia,SAU,2004,6176510.0
Saudi Arabia,SAU,2003,5785353.0
Saudi Arabia,SAU,2002,5431092.0
Saudi Arabia,SAU,2001,5136870.0
Saudi Arabia,SAU,2000,4891476.0
Saudi Arabia,SAU,1999,4561974.0
Saudi Arabia,SAU,1998,4394485.0
Saudi Arabia,SAU,1997,4232237.0
Saudi Arabia,SAU,1996,4072470.0
Saudi Arabia,SAU,1995,3915197.0
Saudi Arabia,SAU,1994,3758723.0
Saudi Arabia,SAU,1993,3605221.0
Saudi Arabia,SAU,1992,3453509.0
Saudi Arabia,SAU,1991,3275665.0
Saudi Arabia,SAU,1990,3115203.0
Senegal,SEN,2025,6131225.0
Senegal,SEN,2024,5930338.0
Senegal,SEN,2023,5755823.0
Senegal,SEN,2022,5578418.0
Senegal,SEN,2021,5361107.0
Senegal,SEN,2020,5080703.0
Senegal,SEN,2019,4904458.0
Senegal,SEN,2018,4514053.0
Senegal,SEN,2017,4146271.0
Senegal,SEN,2016,4362873.0
Senegal,SEN,2015,3825810.0
Senegal,SEN,2014,3737652.0
Senegal,SEN,2013,3653241.0
Senegal,SEN,2012,3583550.0
Senegal,SEN,2011,3527054.0
Senegal,SEN,2010,3476083.0
Senegal,SEN,2009,3429881.0
Senegal,SEN,2008,3383059.0
Senegal,SEN,2007,3335550.0
Senegal,SEN,2006,3287202.0
Senegal,SEN,2005,3207425.0
Senegal,SEN,2004,3128510.0
Senegal,SEN,2003,3050718.0
Senegal,SEN,2002,2969419.0
Senegal,SEN,2001,2888398.0
Senegal,SEN,2000,2812633.0
Senegal,SEN,1999,2738936.0
Senegal,SEN,1998,2667709.0
Senegal,SEN,1997,2598617.0
Senegal,SEN,1996,2530105.0
Senegal,SEN,1995,2460646.0
Senegal,SEN,1994,2389573.0
Senegal,SEN,1993,2317445.0
Senegal,SEN,1992,2245704.0
Senegal,SEN,1991,2175599.0
Senegal,SEN,1990,2107627.0
Serbia,SRB,2025,3314645.0
Serbia,SRB,2024,3339034.0
Serbia,SRB,2023,3295577.0
Serbia,SRB,2022,3257209.0
Serbia,SRB,2021,3290058.0
Serbia,SRB,2020,3157142.0
Serbia,SRB,2019,3219618.0
Serbia,SRB,2018,3230350.0
Serbia,SRB,2017,3222414.0
Serbia,SRB,2016,3203020.0
Serbia,SRB,2015,3113181.0
Serbia,SRB,2014,3153169.0
Serbia,SRB,2013,3141511.0
Serbia,SRB,2012,3094915.0
Serbia,SRB,2011,3083122.0
Serbia,SRB,2010,3096867.0
Serbia,SRB,2009,3186654.0
Serbia,SRB,2008,3309218.0
Serbia,SRB,2007,3362194.0
Serbia,SRB,2006,3363954.0
Serbia,SRB,2005,3388620.0
Serbia,SRB,2004,3415613.0
Serbia,SRB,2003,3442922.0
Serbia,SRB,2002,3463531.0
Serbia,SRB,2001,3480405.0
Serbia,SRB,2000,3502798.0
Serbia,SRB,1999,3530070.0
Serbia,SRB,1998,3482720.0
Serbia,SRB,1997,3513727.0
Serbia,SRB,1996,3564333.0
Serbia,SRB,1995,3600364.0
Serbia,SRB,1994,3625553.0
Serbia,SRB,1993,3644897.0
Serbia,SRB,1992,3643104.0
Serbia,SRB,1991,3633046.0
Serbia,SRB,1990,3754370.0
Sierra Leone,SLE,2025,2934968.0
Sierra Leone,SLE,2024,2866950.0
Sierra Leone,SLE,2023,2789202.0
Sierra Leone,SLE,2022,2710522.0
Sierra Leone,SLE,2021,2629616.0
Sierra Leone,SLE,2020,2538353.0
Sierra Leone,SLE,2019,2487971.0
Sierra Leone,SLE,2018,2419052.0
Sierra Leone,SLE,2017,2379454.0
Sierra Leone,SLE,2016,2339207.0
Sierra Leone,SLE,2015,2300301.0
Sierra Leone,SLE,2014,2263325.0
Sierra Leone,SLE,2013,2234189.0
Sierra Leone,SLE,2012,2205067.0
Sierra Leone,SLE,2011,2175687.0
Sierra Leone,SLE,2010,2145691.0
Sierra Leone,SLE,2009,2113912.0
Sierra Leone,SLE,2008,2083057.0
Sierra Leone,SLE,2007,2056536.0
Sierra Leone,SLE,2006,2036513.0
Sierra Leone,SLE,2005,2016468.0
Sierra Leone,SLE,2004,1987007.0
Sierra Leone,SLE,2003,1877134.0
Sierra Leone,SLE,2002,1802396.0
Sierra Leone,SLE,2001,1701956.0
Sierra Leone,SLE,2000,1605291.0
Sierra Leone,SLE,1999,1568923.0
Sierra Leone,SLE,1998,1563216.0
Sierra Leone,SLE,1997,1549694.0
Sierra Leone,SLE,1996,1531495.0
Sierra Leone,SLE,1995,1525989.0
Sierra Leone,SLE,1994,1525628.0
Sierra Leone,SLE,1993,1521587.0
Sierra Leone,SLE,1992,1526700.0
Sierra Leone,SLE,1991,1557747.0
Sierra Leone,SLE,1990,1541154.0
Singapore,SGP,2025,3736251.0
Singapore,SGP,2024,3689424.0
Singapore,SGP,2023,3622441.0
Singapore,SGP,2022,3459003.0
Singapore,SGP,2021,3385810.0
Singapore,SGP,2020,3431193.0
Singapore,SGP,2019,3454121.0
Singapore,SGP,2018,3390276.0
Singapore,SGP,2017,3388507.0
Singapore,SGP,2016,3396546.0
Singapore,SGP,2015,3360400.0
Singapore,SGP,2014,3266959.0
Singapore,SGP,2013,3179345.0
Singapore,SGP,2012,3125729.0
Singapore,SGP,2011,3012462.0
Singapore,SGP,2010,2936802.0
Singapore,SGP,2009,2837096.0
Singapore,SGP,2008,2737323.0
Singapore,SGP,2007,2530038.0
Singapore,SGP,2006,2426201.0
Singapore,SGP,2005,2301785.0
Singapore,SGP,2004,2211220.0
Singapore,SGP,2003,2176377.0
Singapore,SGP,2002,2200772.0
Singapore,SGP,2001,2205923.0
Singapore,SGP,2000,2138100.0
Singapore,SGP,1999,2092081.0
Singapore,SGP,1998,2067428.0
Singapore,SGP,1997,1977115.0
Singapore,SGP,1996,1886519.0
Singapore,SGP,1995,1786392.0
Singapore,SGP,1994,1705718.0
Singapore,SGP,1993,1635740.0
Singapore,SGP,1992,1583730.0
Singapore,SGP,1991,1522540.0
Singapore,SGP,1990,1461706.0
Slovak Republic,SVK,2025,2746734.0
Slovak Republic,SVK,2024,2776940.0
Slovak Republic,SVK,2023,2791584.0
Slovak Republic,SVK,2022,2791445.0
Slovak Republic,SVK,2021,2757031.0
Slovak Republic,SVK,2020,2705756.0
Slovak Republic,SVK,2019,2735233.0
Slovak Republic,SVK,2018,2742867.0
Slovak Republic,SVK,2017,2751313.0
Slovak Republic,SVK,2016,2756837.0
Slovak Republic,SVK,2015,2738069.0
Slovak Republic,SVK,2014,2743071.0
Slovak Republic,SVK,2013,2715149.0
Slovak Republic,SVK,2012,2707969.0
Slovak Republic,SVK,2011,2684605.0
Slovak Republic,SVK,2010,2681599.0
Slovak Republic,SVK,2009,2670723.0
Slovak Republic,SVK,2008,2682509.0
Slovak Republic,SVK,2007,2649679.0
Slovak Republic,SVK,2006,2651834.0
Slovak Republic,SVK,2005,2655652.0
Slovak Republic,SVK,2004,2667677.0
Slovak Republic,SVK,2003,2661789.0
Slovak Republic,SVK,2002,2628367.0
Slovak Republic,SVK,2001,2621280.0
Slovak Republic,SVK,2000,2581927.0
Slovak Republic,SVK,1999,2548083.0
Slovak Republic,SVK,1998,2518451.0
Slovak Republic,SVK,1997,2521164.0
Slovak Republic,SVK,1996,2517738.0
Slovak Republic,SVK,1995,2479680.0
Slovak Republic,SVK,1994,2455663.0
Slovak Republic,SVK,1993,2520357.0
Slovak Republic,SVK,1992,2575461.0
Slovak Republic,SVK,1991,2635687.0
Slovak Republic,SVK,1990,2595058.0
Slovenia,SVN,2025,1046040.0
Slovenia,SVN,2024,1051473.0
Slovenia,SVN,2023,1047279.0
Slovenia,SVN,2022,1058958.0
Slovenia,SVN,2021,1044095.0
Slovenia,SVN,2020,1031435.0
Slovenia,SVN,2019,1035062.0
Slovenia,SVN,2018,1038040.0
Slovenia,SVN,2017,1028260.0
Slovenia,SVN,2016,998728.0
Slovenia,SVN,2015,1012244.0
Slovenia,SVN,2014,1017500.0
Slovenia,SVN,2013,1014176.0
Slovenia,SVN,2012,1018089.0
Slovenia,SVN,2011,1023430.0
Slovenia,SVN,2010,1044156.0
Slovenia,SVN,2009,1045805.0
Slovenia,SVN,2008,1039794.0
Slovenia,SVN,2007,1041672.0
Slovenia,SVN,2006,1025310.0
Slovenia,SVN,2005,1017728.0
Slovenia,SVN,2004,1008932.0
Slovenia,SVN,2003,964072.0
Slovenia,SVN,2002,987254.0
Slovenia,SVN,2001,971801.0
Slovenia,SVN,2000,962184.0
Slovenia,SVN,1999,965745.0
Slovenia,SVN,1998,979781.0
Slovenia,SVN,1997,961054.0
Slovenia,SVN,1996,941323.0
Slovenia,SVN,1995,938320.0
Slovenia,SVN,1994,935246.0
Slovenia,SVN,1993,932795.0
Slovenia,SVN,1992,931987.0
Slovenia,SVN,1991,929821.0
Slovenia,SVN,1990,926757.0
Solomon Islands,SLB,2025,448502.0
Solomon Islands,SLB,2024,435148.0
Solomon Islands,SLB,2023,422325.0
Solomon Islands,SLB,2022,409847.0
Solomon Islands,SLB,2021,396138.0
Solomon Islands,SLB,2020,382865.0
Solomon Islands,SLB,2019,376244.0
Solomon Islands,SLB,2018,364564.0
Solomon Islands,SLB,2017,350561.0
Solomon Islands,SLB,2016,336997.0
Solomon Islands,SLB,2015,324142.0
Solomon Islands,SLB,2014,311186.0
Solomon Islands,SLB,2013,298607.0
Solomon Islands,SLB,2012,286978.0
Solomon Islands,SLB,2011,275534.0
Solomon Islands,SLB,2010,265141.0
Solomon Islands,SLB,2009,257843.0
Solomon Islands,SLB,2008,252792.0
Solomon Islands,SLB,2007,248361.0
Solomon Islands,SLB,2006,243560.0
Solomon Islands,SLB,2005,238676.0
Solomon Islands,SLB,2004,233973.0
Solomon Islands,SLB,2003,229154.0
Solomon Islands,SLB,2002,224078.0
Solomon Islands,SLB,2001,217971.0
Solomon Islands,SLB,2000,211276.0
Solomon Islands,SLB,1999,203427.0
Solomon Islands,SLB,1998,196551.0
Solomon Islands,SLB,1997,189909.0
Solomon Islands,SLB,1996,183233.0
Solomon Islands,SLB,1995,176960.0
Solomon Islands,SLB,1994,171530.0
Solomon Islands,SLB,1993,166074.0
Solomon Islands,SLB,1992,160398.0
Solomon Islands,SLB,1991,155387.0
Solomon Islands,SLB,1990,149936.0
"Somalia, Fed. Rep.",SOM,2025,3555419.0
"Somalia, Fed. Rep.",SOM,2024,3441587.0
"Somalia, Fed. Rep.",SOM,2023,3319369.0
"Somalia, Fed. Rep.",SOM,2022,3211325.0
"Somalia, Fed. Rep.",SOM,2021,3090758.0
"Somalia, Fed. Rep.",SOM,2020,2972858.0
"Somalia, Fed. Rep.",SOM,2019,2883798.0
"Somalia, Fed. Rep.",SOM,2018,2775849.0
"Somalia, Fed. Rep.",SOM,2017,2674985.0
"Somalia, Fed. Rep.",SOM,2016,2569469.0
"Somalia, Fed. Rep.",SOM,2015,2470187.0
"Somalia, Fed. Rep.",SOM,2014,2384281.0
"Somalia, Fed. Rep.",SOM,2013,2298110.0
"Somalia, Fed. Rep.",SOM,2012,2221994.0
"Somalia, Fed. Rep.",SOM,2011,2191973.0
"Somalia, Fed. Rep.",SOM,2010,2166597.0
"Somalia, Fed. Rep.",SOM,2009,2110183.0
"Somalia, Fed. Rep.",SOM,2008,2055329.0
"Somalia, Fed. Rep.",SOM,2007,1996305.0
"Somalia, Fed. Rep.",SOM,2006,1941927.0
"Somalia, Fed. Rep.",SOM,2005,1892176.0
"Somalia, Fed. Rep.",SOM,2004,1834004.0
"Somalia, Fed. Rep.",SOM,2003,1771377.0
"Somalia, Fed. Rep.",SOM,2002,1709618.0
"Somalia, Fed. Rep.",SOM,2001,1648683.0
"Somalia, Fed. Rep.",SOM,2000,1586078.0
"Somalia, Fed. Rep.",SOM,1999,1525786.0
"Somalia, Fed. Rep.",SOM,1998,1467256.0
"Somalia, Fed. Rep.",SOM,1997,1409681.0
"Somalia, Fed. Rep.",SOM,1996,1363071.0
"Somalia, Fed. Rep.",SOM,1995,1316655.0
"Somalia, Fed. Rep.",SOM,1994,1272347.0
"Somalia, Fed. Rep.",SOM,1993,1212271.0
"Somalia, Fed. Rep.",SOM,1992,1176749.0
"Somalia, Fed. Rep.",SOM,1991,1228156.0
"Somalia, Fed. Rep.",SOM,1990,1275918.0
South Africa,ZAF,2025,26731522.0
South Africa,ZAF,2024,26362253.0
South Africa,ZAF,2023,25707269.0
South Africa,ZAF,2022,24587967.0
South Africa,ZAF,2021,23480812.0
South Africa,ZAF,2020,22347803.0
South Africa,ZAF,2019,23899064.0
South Africa,ZAF,2018,23325105.0
South Africa,ZAF,2017,22888401.0
South Africa,ZAF,2016,22454382.0
South Africa,ZAF,2015,22199948.0
South Africa,ZAF,2014,21191119.0
South Africa,ZAF,2013,20696420.0
South Africa,ZAF,2012,20077789.0
South Africa,ZAF,2011,19595642.0
South Africa,ZAF,2010,19313604.0
South Africa,ZAF,2009,19627941.0
South Africa,ZAF,2008,19985153.0
South Africa,ZAF,2007,19701783.0
South Africa,ZAF,2006,19425615.0
South Africa,ZAF,2005,19148046.0
South Africa,ZAF,2004,18856474.0
South Africa,ZAF,2003,18543438.0
South Africa,ZAF,2002,18213750.0
South Africa,ZAF,2001,17886684.0
South Africa,ZAF,2000,17579103.0
South Africa,ZAF,1999,17269604.0
South Africa,ZAF,1998,16939801.0
South Africa,ZAF,1997,16607141.0
South Africa,ZAF,1996,16358427.0
South Africa,ZAF,1995,16155006.0
South Africa,ZAF,1994,16012767.0
South Africa,ZAF,1993,15744688.0
South Africa,ZAF,1992,15381627.0
South Africa,ZAF,1991,15115009.0
South Africa,ZAF,1990,14739816.0
South Sudan,SSD,2023,5070344.0
South Sudan,SSD,2022,4793498.0
South Sudan,SSD,2021,4661528.0
South Sudan,SSD,2020,4510898.0
South Sudan,SSD,2019,4349614.0
South Sudan,SSD,2018,4140093.0
South Sudan,SSD,2017,4187095.0
South Sudan,SSD,2016,4507100.0
South Sudan,SSD,2015,4667602.0
South Sudan,SSD,2014,4763473.0
South Sudan,SSD,2013,4775170.0
South Sudan,SSD,2012,4596350.0
South Sudan,SSD,2011,4380416.0
South Sudan,SSD,2010,4113362.0
South Sudan,SSD,2009,3866780.0
South Sudan,SSD,2008,3666157.0
South Sudan,SSD,2007,3461706.0
South Sudan,SSD,2006,3265213.0
South Sudan,SSD,2005,3083622.0
South Sudan,SSD,2004,2919214.0
South Sudan,SSD,2003,2779920.0
South Sudan,SSD,2002,2664708.0
South Sudan,SSD,2001,2556225.0
South Sudan,SSD,2000,2445658.0
South Sudan,SSD,1999,2336935.0
South Sudan,SSD,1998,2266562.0
South Sudan,SSD,1997,2214257.0
South Sudan,SSD,1996,2154973.0
South Sudan,SSD,1995,2106756.0
South Sudan,SSD,1994,2046138.0
South Sudan,SSD,1993,2002075.0
South Sudan,SSD,1992,1988470.0
South Sudan,SSD,1991,1961655.0
South Sudan,SSD,1990,1922115.0
Spain,ESP,2025,24486385.0
Spain,ESP,2024,24604513.0
Spain,ESP,2023,24153349.0
Spain,ESP,2022,23770575.0
Spain,ESP,2021,23392854.0
Spain,ESP,2020,22918332.0
Spain,ESP,2019,23229297.0
Spain,ESP,2018,23008131.0
Spain,ESP,2017,23026725.0
Spain,ESP,2016,23054343.0
Spain,ESP,2015,23132898.0
Spain,ESP,2014,23180626.0
Spain,ESP,2013,23404018.0
Spain,ESP,2012,23600235.0
Spain,ESP,2011,23587175.0
Spain,ESP,2010,23521339.0
Spain,ESP,2009,23401615.0
Spain,ESP,2008,23164314.0
Spain,ESP,2007,22532489.0
Spain,ESP,2006,21942920.0
Spain,ESP,2005,21228524.0
Spain,ESP,2004,20447306.0
Spain,ESP,2003,19763085.0
Spain,ESP,2002,18992358.0
Spain,ESP,2001,18160478.0
Spain,ESP,2000,18277062.0
Spain,ESP,1999,17764327.0
Spain,ESP,1998,17451500.0
Spain,ESP,1997,17194770.0
Spain,ESP,1996,16869991.0
Spain,ESP,1995,16598448.0
Spain,ESP,1994,16472363.0
Spain,ESP,1993,16134954.0
Spain,ESP,1992,15906261.0
Spain,ESP,1991,15683050.0
Spain,ESP,1990,15543853.0
Sri Lanka,LKA,2025,8367977.0
Sri Lanka,LKA,2024,8304691.0
Sri Lanka,LKA,2023,8109783.0
Sri Lanka,LKA,2022,8527218.0
Sri Lanka,LKA,2021,8500316.0
Sri Lanka,LKA,2020,8485010.0
Sri Lanka,LKA,2019,8697166.0
Sri Lanka,LKA,2018,8523299.0
Sri Lanka,LKA,2017,8776309.0
Sri Lanka,LKA,2016,8605342.0
Sri Lanka,LKA,2015,8475356.0
Sri Lanka,LKA,2014,8054629.0
Sri Lanka,LKA,2013,8033442.0
Sri Lanka,LKA,2012,8326733.0
Sri Lanka,LKA,2011,8295313.0
Sri Lanka,LKA,2010,8298948.0
Sri Lanka,LKA,2009,8275626.0
Sri Lanka,LKA,2008,8251260.0
Sri Lanka,LKA,2007,8222663.0
Sri Lanka,LKA,2006,8192105.0
Sri Lanka,LKA,2005,8161482.0
Sri Lanka,LKA,2004,8130380.0
Sri Lanka,LKA,2003,8091441.0
Sri Lanka,LKA,2002,8042001.0
Sri Lanka,LKA,2001,7959198.0
Sri Lanka,LKA,2000,7826298.0
Sri Lanka,LKA,1999,7882204.0
Sri Lanka,LKA,1998,7899169.0
Sri Lanka,LKA,1997,7240418.0
Sri Lanka,LKA,1996,7078162.0
Sri Lanka,LKA,1995,6824556.0
Sri Lanka,LKA,1994,6911166.0
Sri Lanka,LKA,1993,6700476.0
Sri Lanka,LKA,1992,6504657.0
Sri Lanka,LKA,1991,6610226.0
Sri Lanka,LKA,1990,6778262.0
St. Lucia,LCA,2025,101771.0
St. Lucia,LCA,2024,101133.0
St. Lucia,LCA,2023,100958.0
St. Lucia,LCA,2022,101159.0
St. Lucia,LCA,2021,95353.0
St. Lucia,LCA,2020,77845.0
St. Lucia,LCA,2019,98910.0
St. Lucia,LCA,2018,99636.0
St. Lucia,LCA,2017,98031.0
St. Lucia,LCA,2016,97030.0
St. Lucia,LCA,2015,95917.0
St. Lucia,LCA,2014,94736.0
St. Lucia,LCA,2013,93542.0
St. Lucia,LCA,2012,92038.0
St. Lucia,LCA,2011,88151.0
St. Lucia,LCA,2010,86415.0
St. Lucia,LCA,2009,84639.0
St. Lucia,LCA,2008,82831.0
St. Lucia,LCA,2007,80971.0
St. Lucia,LCA,2006,79125.0
St. Lucia,LCA,2005,77341.0
St. Lucia,LCA,2004,75589.0
St. Lucia,LCA,2003,73869.0
St. Lucia,LCA,2002,72170.0
St. Lucia,LCA,2001,70471.0
St. Lucia,LCA,2000,68701.0
St. Lucia,LCA,1999,66610.0
St. Lucia,LCA,1998,64414.0
St. Lucia,LCA,1997,62511.0
St. Lucia,LCA,1996,60988.0
St. Lucia,LCA,1995,59551.0
St. Lucia,LCA,1994,58216.0
St. Lucia,LCA,1993,56953.0
St. Lucia,LCA,1992,55689.0
St. Lucia,LCA,1991,54444.0
St. Lucia,LCA,1990,53107.0
St. Vincent and the Grenadines,VCT,2025,53688.0
St. Vincent and the Grenadines,VCT,2024,53881.0
St. Vincent and the Grenadines,VCT,2023,53876.0
St. Vincent and the Grenadines,VCT,2022,53833.0
St. Vincent and the Grenadines,VCT,2021,53497.0
St. Vincent and the Grenadines,VCT,2020,53554.0
St. Vincent and the Grenadines,VCT,2019,54464.0
St. Vincent and the Grenadines,VCT,2018,54559.0
St. Vincent and the Grenadines,VCT,2017,54592.0
St. Vincent and the Grenadines,VCT,2016,54627.0
St. Vincent and the Grenadines,VCT,2015,54603.0
St. Vincent and the Grenadines,VCT,2014,54577.0
St. Vincent and the Grenadines,VCT,2013,54562.0
St. Vincent and the Grenadines,VCT,2012,54510.0
St. Vincent and the Grenadines,VCT,2011,54477.0
St. Vincent and the Grenadines,VCT,2010,54437.0
St. Vincent and the Grenadines,VCT,2009,54347.0
St. Vincent and the Grenadines,VCT,2008,54133.0
St. Vincent and the Grenadines,VCT,2007,53839.0
St. Vincent and the Grenadines,VCT,2006,53462.0
St. Vincent and the Grenadines,VCT,2005,52991.0
St. Vincent and the Grenadines,VCT,2004,52547.0
St. Vincent and the Grenadines,VCT,2003,52025.0
St. Vincent and the Grenadines,VCT,2002,51390.0
St. Vincent and the Grenadines,VCT,2001,50779.0
St. Vincent and the Grenadines,VCT,2000,50373.0
St. Vincent and the Grenadines,VCT,1999,50032.0
St. Vincent and the Grenadines,VCT,1998,49584.0
St. Vincent and the Grenadines,VCT,1997,49032.0
St. Vincent and the Grenadines,VCT,1996,48420.0
St. Vincent and the Grenadines,VCT,1995,47787.0
St. Vincent and the Grenadines,VCT,1994,47018.0
St. Vincent and the Grenadines,VCT,1993,46289.0
St. Vincent and the Grenadines,VCT,1992,45384.0
St. Vincent and the Grenadines,VCT,1991,44421.0
St. Vincent and the Grenadines,VCT,1990,43636.0
Sudan,SDN,2022,10949089.0
Sudan,SDN,2021,10843717.0
Sudan,SDN,2020,10720171.0
Sudan,SDN,2019,10724574.0
Sudan,SDN,2018,10606791.0
Sudan,SDN,2017,10406873.0
Sudan,SDN,2016,10212220.0
Sudan,SDN,2015,10077759.0
Sudan,SDN,2014,9935420.0
Sudan,SDN,2013,9839163.0
Sudan,SDN,2012,9794697.0
Sudan,SDN,2011,9764043.0
Sudan,SDN,2010,9560739.0
Sudan,SDN,2009,9307983.0
Sudan,SDN,2008,8975910.0
Sudan,SDN,2007,8777369.0
Sudan,SDN,2006,8597845.0
Sudan,SDN,2005,8433244.0
Sudan,SDN,2004,8278923.0
Sudan,SDN,2003,8136941.0
Sudan,SDN,2002,7989799.0
Sudan,SDN,2001,7824410.0
Sudan,SDN,2000,7658513.0
Sudan,SDN,1999,7494398.0
Sudan,SDN,1998,7331500.0
Sudan,SDN,1997,7167065.0
Sudan,SDN,1996,7024779.0
Sudan,SDN,1995,6812527.0
Sudan,SDN,1994,6589705.0
Sudan,SDN,1993,6387063.0
Sudan,SDN,1992,6219895.0
Sudan,SDN,1991,6076864.0
Sudan,SDN,1990,5939068.0
Suriname,SUR,2025,257128.0
Suriname,SUR,2024,253976.0
Suriname,SUR,2023,249544.0
Suriname,SUR,2022,245451.0
Suriname,SUR,2021,241674.0
Suriname,SUR,2020,235893.0
Suriname,SUR,2019,248439.0
Suriname,SUR,2018,244674.0
Suriname,SUR,2017,240368.0
Suriname,SUR,2016,236541.0
Suriname,SUR,2015,230457.0
Suriname,SUR,2014,224478.0
Suriname,SUR,2013,218645.0
Suriname,SUR,2012,212991.0
Suriname,SUR,2011,207535.0
Suriname,SUR,2010,202286.0
Suriname,SUR,2009,197286.0
Suriname,SUR,2008,192509.0
Suriname,SUR,2007,187926.0
Suriname,SUR,2006,183522.0
Suriname,SUR,2005,179276.0
Suriname,SUR,2004,175179.0
Suriname,SUR,2003,170001.0
Suriname,SUR,2002,163639.0
Suriname,SUR,2001,157213.0
Suriname,SUR,2000,150740.0
Suriname,SUR,1999,144283.0
Suriname,SUR,1998,140628.0
Suriname,SUR,1997,137034.0
Suriname,SUR,1996,133634.0
Suriname,SUR,1995,130458.0
Suriname,SUR,1994,127758.0
Suriname,SUR,1993,126430.0
Suriname,SUR,1992,126445.0
Suriname,SUR,1991,125476.0
Suriname,SUR,1990,124285.0
Sweden,SWE,2025,5709480.0
Sweden,SWE,2024,5680083.0
Sweden,SWE,2023,5661389.0
Sweden,SWE,2022,5586140.0
Sweden,SWE,2021,5504637.0
Sweden,SWE,2020,5463932.0
Sweden,SWE,2019,5458324.0
Sweden,SWE,2018,5397382.0
Sweden,SWE,2017,5331498.0
Sweden,SWE,2016,5244169.0
Sweden,SWE,2015,5177451.0
Sweden,SWE,2014,5132346.0
Sweden,SWE,2013,5090081.0
Sweden,SWE,2012,5032178.0
Sweden,SWE,2011,5002813.0
Sweden,SWE,2010,4942519.0
Sweden,SWE,2009,4912061.0
Sweden,SWE,2008,4903302.0
Sweden,SWE,2007,4842914.0
Sweden,SWE,2006,4766168.0
Sweden,SWE,2005,4715768.0
Sweden,SWE,2004,4619761.0
Sweden,SWE,2003,4605791.0
Sweden,SWE,2002,4579075.0
Sweden,SWE,2001,4557682.0
Sweden,SWE,2000,4486411.0
Sweden,SWE,1999,4515590.0
Sweden,SWE,1998,4469126.0
Sweden,SWE,1997,4507531.0
Sweden,SWE,1996,4522092.0
Sweden,SWE,1995,4528462.0
Sweden,SWE,1994,4471760.0
Sweden,SWE,1993,4502573.0
Sweden,SWE,1992,4591180.0
Sweden,SWE,1991,4676303.0
Sweden,SWE,1990,4708094.0
Switzerland,CHE,2025,5138790.0
Switzerland,CHE,2024,5139536.0
Switzerland,CHE,2023,5095827.0
Switzerland,CHE,2022,5000225.0
Switzerland,CHE,2021,5007036.0
Switzerland,CHE,2020,4988638.0
Switzerland,CHE,2019,4978225.0
Switzerland,CHE,2018,4963632.0
Switzerland,CHE,2017,4927955.0
Switzerland,CHE,2016,4894095.0
Switzerland,CHE,2015,4810503.0
Switzerland,CHE,2014,4739164.0
Switzerland,CHE,2013,4653184.0
Switzerland,CHE,2012,4595555.0
Switzerland,CHE,2011,4537669.0
Switzerland,CHE,2010,4449019.0
Switzerland,CHE,2009,4480494.0
Switzerland,CHE,2008,4411012.0
Switzerland,CHE,2007,4307426.0
Switzerland,CHE,2006,4237789.0
Switzerland,CHE,2005,4176168.0
Switzerland,CHE,2004,4156420.0
Switzerland,CHE,2003,4152630.0
Switzerland,CHE,2002,4106054.0
Switzerland,CHE,2001,4061716.0
Switzerland,CHE,2000,3994754.0
Switzerland,CHE,1999,3993466.0
Switzerland,CHE,1998,3978049.0
Switzerland,CHE,1997,3931532.0
Switzerland,CHE,1996,3926340.0
Switzerland,CHE,1995,3716027.0
Switzerland,CHE,1994,3688719.0
Switzerland,CHE,1993,3722974.0
Switzerland,CHE,1992,3678755.0
Switzerland,CHE,1991,3649724.0
Switzerland,CHE,1990,3599978.0
Syrian Arab Republic,SYR,2025,6764801.0
Syrian Arab Republic,SYR,2024,6464691.0
Syrian Arab Republic,SYR,2023,6103412.0
Syrian Arab Republic,SYR,2022,5706897.0
Syrian Arab Republic,SYR,2021,5237189.0
Syrian Arab Republic,SYR,2020,4944498.0
Syrian Arab Republic,SYR,2019,4920535.0
Syrian Arab Republic,SYR,2018,4590870.0
Syrian Arab Republic,SYR,2017,4403603.0
Syrian Arab Republic,SYR,2016,4329700.0
Syrian Arab Republic,SYR,2015,4353793.0
Syrian Arab Republic,SYR,2014,4607761.0
Syrian Arab Republic,SYR,2013,5074803.0
Syrian Arab Republic,SYR,2012,5662953.0
Syrian Arab Republic,SYR,2011,6346859.0
Syrian Arab Republic,SYR,2010,6130225.0
Syrian Arab Republic,SYR,2009,6009823.0
Syrian Arab Republic,SYR,2008,6012322.0
Syrian Arab Republic,SYR,2007,5847208.0
Syrian Arab Republic,SYR,2006,5571945.0
Syrian Arab Republic,SYR,2005,5339779.0
Syrian Arab Republic,SYR,2004,5239465.0
Syrian Arab Republic,SYR,2003,5144334.0
Syrian Arab Republic,SYR,2002,5072868.0
Syrian Arab Republic,SYR,2001,4998848.0
Syrian Arab Republic,SYR,2000,4923495.0
Syrian Arab Republic,SYR,1999,4704871.0
Syrian Arab Republic,SYR,1998,4493812.0
Syrian Arab Republic,SYR,1997,4327467.0
Syrian Arab Republic,SYR,1996,4167038.0
Syrian Arab Republic,SYR,1995,4009358.0
Syrian Arab Republic,SYR,1994,3928390.0
Syrian Arab Republic,SYR,1993,3841771.0
Syrian Arab Republic,SYR,1992,3696179.0
Syrian Arab Republic,SYR,1991,3562419.0
Syrian Arab Republic,SYR,1990,3428690.0
Tajikistan,TJK,2025,2647875.0
Tajikistan,TJK,2024,2588617.0
Tajikistan,TJK,2023,2513014.0
Tajikistan,TJK,2022,2442377.0
Tajikistan,TJK,2021,2344147.0
Tajikistan,TJK,2020,2279405.0
Tajikistan,TJK,2019,2253843.0
Tajikistan,TJK,2018,2253700.0
Tajikistan,TJK,2017,2252648.0
Tajikistan,TJK,2016,2243295.0
Tajikistan,TJK,2015,2207719.0
Tajikistan,TJK,2014,2171321.0
Tajikistan,TJK,2013,2133789.0
Tajikistan,TJK,2012,2096722.0
Tajikistan,TJK,2011,2064762.0
Tajikistan,TJK,2010,2035779.0
Tajikistan,TJK,2009,2005435.0
Tajikistan,TJK,2008,2051949.0
Tajikistan,TJK,2007,2095011.0
Tajikistan,TJK,2006,2131688.0
Tajikistan,TJK,2005,2160857.0
Tajikistan,TJK,2004,2183109.0
Tajikistan,TJK,2003,2199613.0
Tajikistan,TJK,2002,2130435.0
Tajikistan,TJK,2001,2062032.0
Tajikistan,TJK,2000,1995679.0
Tajikistan,TJK,1999,1945266.0
Tajikistan,TJK,1998,1911239.0
Tajikistan,TJK,1997,1880368.0
Tajikistan,TJK,1996,1843805.0
Tajikistan,TJK,1995,1802856.0
Tajikistan,TJK,1994,1767270.0
Tajikistan,TJK,1993,1743638.0
Tajikistan,TJK,1992,1731864.0
Tajikistan,TJK,1991,1707728.0
Tajikistan,TJK,1990,1671723.0
Tanzania,TZA,2025,34052654.0
Tanzania,TZA,2024,32994873.0
Tanzania,TZA,2023,31961730.0
Tanzania,TZA,2022,30944597.0
Tanzania,TZA,2021,29917681.0
Tanzania,TZA,2020,28601375.0
Tanzania,TZA,2019,27975993.0
Tanzania,TZA,2018,27078758.0
Tanzania,TZA,2017,26154191.0
Tanzania,TZA,2016,25187717.0
Tanzania,TZA,2015,24221886.0
Tanzania,TZA,2014,23349936.0
Tanzania,TZA,2013,22738784.0
Tanzania,TZA,2012,22152965.0
Tanzania,TZA,2011,21614611.0
Tanzania,TZA,2010,21118881.0
Tanzania,TZA,2009,20740296.0
Tanzania,TZA,2008,20409553.0
Tanzania,TZA,2007,20013223.0
Tanzania,TZA,2006,19602335.0
Tanzania,TZA,2005,19021824.0
Tanzania,TZA,2004,18459197.0
Tanzania,TZA,2003,17913256.0
Tanzania,TZA,2002,17384896.0
Tanzania,TZA,2001,16876892.0
Tanzania,TZA,2000,16421275.0
Tanzania,TZA,1999,15933453.0
Tanzania,TZA,1998,15494414.0
Tanzania,TZA,1997,15071449.0
Tanzania,TZA,1996,14800775.0
Tanzania,TZA,1995,14574206.0
Tanzania,TZA,1994,14039173.0
Tanzania,TZA,1993,13358345.0
Tanzania,TZA,1992,12850664.0
Tanzania,TZA,1991,12495234.0
Tanzania,TZA,1990,12145602.0
Thailand,THA,2025,40871242.0
Thailand,THA,2024,41014040.0
Thailand,THA,2023,41287040.0
Thailand,THA,2022,40754371.0
Thailand,THA,2021,40439671.0
Thailand,THA,2020,40252215.0
Thailand,THA,2019,39952678.0
Thailand,THA,2018,40193292.0
Thailand,THA,2017,39720340.0
Thailand,THA,2016,39822992.0
Thailand,THA,2015,40014953.0
Thailand,THA,2014,39964948.0
Thailand,THA,2013,39678084.0
Thailand,THA,2012,40844641.0
Thailand,THA,2011,40584009.0
Thailand,THA,2010,39244294.0
Thailand,THA,2009,39417409.0
Thailand,THA,2008,38958286.0
Thailand,THA,2007,38463790.0
Thailand,THA,2006,37757576.0
Thailand,THA,2005,37537474.0
Thailand,THA,2004,37013784.0
Thailand,THA,2003,36488833.0
Thailand,THA,2002,36072920.0
Thailand,THA,2001,35644475.0
Thailand,THA,2000,35011504.0
Thailand,THA,1999,34287322.0
Thailand,THA,1998,34179395.0
Thailand,THA,1997,33925700.0
Thailand,THA,1996,33280368.0
Thailand,THA,1995,32495666.0
Thailand,THA,1994,31687801.0
Thailand,THA,1993,31018796.0
Thailand,THA,1992,30319020.0
Thailand,THA,1991,29588647.0
Thailand,THA,1990,28835252.0
Timor-Leste,TLS,2025,635489.0
Timor-Leste,TLS,2024,620365.0
Timor-Leste,TLS,2023,606149.0
Timor-Leste,TLS,2022,593922.0
Timor-Leste,TLS,2021,579432.0
Timor-Leste,TLS,2020,559412.0
Timor-Leste,TLS,2019,548771.0
Timor-Leste,TLS,2018,538790.0
Timor-Leste,TLS,2017,522211.0
Timor-Leste,TLS,2016,505233.0
Timor-Leste,TLS,2015,490678.0
Timor-Leste,TLS,2014,476704.0
Timor-Leste,TLS,2013,463844.0
Timor-Leste,TLS,2012,451161.0
Timor-Leste,TLS,2011,439563.0
Timor-Leste,TLS,2010,428797.0
Timor-Leste,TLS,2009,419267.0
Timor-Leste,TLS,2008,410153.0
Timor-Leste,TLS,2007,401624.0
Timor-Leste,TLS,2006,393299.0
Timor-Leste,TLS,2005,381649.0
Timor-Leste,TLS,2004,374867.0
Timor-Leste,TLS,2003,369584.0
Timor-Leste,TLS,2002,352942.0
Timor-Leste,TLS,2001,323297.0
Timor-Leste,TLS,2000,298005.0
Timor-Leste,TLS,1999,347315.0
Timor-Leste,TLS,1998,383392.0
Timor-Leste,TLS,1997,371634.0
Timor-Leste,TLS,1996,361681.0
Timor-Leste,TLS,1995,352983.0
Timor-Leste,TLS,1994,344275.0
Timor-Leste,TLS,1993,335932.0
Timor-Leste,TLS,1992,328558.0
Timor-Leste,TLS,1991,321483.0
Timor-Leste,TLS,1990,315882.0
Togo,TGO,2025,3421753.0
Togo,TGO,2024,3330912.0
Togo,TGO,2023,3239829.0
Togo,TGO,2022,3148313.0
Togo,TGO,2021,3048503.0
Togo,TGO,2020,2950943.0
Togo,TGO,2019,2899008.0
Togo,TGO,2018,2823599.0
Togo,TGO,2017,2749806.0
Togo,TGO,2016,2677913.0
Togo,TGO,2015,2608149.0
Togo,TGO,2014,2540610.0
Togo,TGO,2013,2475181.0
Togo,TGO,2012,2411647.0
Togo,TGO,2011,2349345.0
Togo,TGO,2010,2287943.0
Togo,TGO,2009,2227562.0
Togo,TGO,2008,2164656.0
Togo,TGO,2007,2101468.0
Togo,TGO,2006,2037983.0
Togo,TGO,2005,1978125.0
Togo,TGO,2004,1925102.0
Togo,TGO,2003,1872991.0
Togo,TGO,2002,1823154.0
Togo,TGO,2001,1774282.0
Togo,TGO,2000,1724206.0
Togo,TGO,1999,1672302.0
Togo,TGO,1998,1619712.0
Togo,TGO,1997,1567967.0
Togo,TGO,1996,1513435.0
Togo,TGO,1995,1453551.0
Togo,TGO,1994,1387357.0
Togo,TGO,1993,1377851.0
Togo,TGO,1992,1382217.0
Togo,TGO,1991,1339739.0
Togo,TGO,1990,1298025.0
Tonga,TON,2025,33628.0
Tonga,TON,2024,33779.0
Tonga,TON,2023,34073.0
Tonga,TON,2022,34733.0
Tonga,TON,2021,35255.0
Tonga,TON,2020,35568.0
Tonga,TON,2019,36164.0
Tonga,TON,2018,36363.0
Tonga,TON,2017,36431.0
Tonga,TON,2016,36638.0
Tonga,TON,2015,36946.0
Tonga,TON,2014,37216.0
Tonga,TON,2013,37481.0
Tonga,TON,2012,37695.0
Tonga,TON,2011,37835.0
Tonga,TON,2010,37875.0
Tonga,TON,2009,37845.0
Tonga,TON,2008,37771.0
Tonga,TON,2007,37650.0
Tonga,TON,2006,37584.0
Tonga,TON,2005,37586.0
Tonga,TON,2004,37561.0
Tonga,TON,2003,37506.0
Tonga,TON,2002,37417.0
Tonga,TON,2001,37280.0
Tonga,TON,2000,37080.0
Tonga,TON,1999,36817.0
Tonga,TON,1998,36493.0
Tonga,TON,1997,36102.0
Tonga,TON,1996,35912.0
Tonga,TON,1995,35945.0
Tonga,TON,1994,35945.0
Tonga,TON,1993,35186.0
Tonga,TON,1992,34415.0
Tonga,TON,1991,33647.0
Tonga,TON,1990,32884.0
Trinidad and Tobago,TTO,2025,653446.0
Trinidad and Tobago,TTO,2024,654403.0
Trinidad and Tobago,TTO,2023,664410.0
Trinidad and Tobago,TTO,2022,651121.0
Trinidad and Tobago,TTO,2021,641986.0
Trinidad and Tobago,TTO,2020,651175.0
Trinidad and Tobago,TTO,2019,671805.0
Trinidad and Tobago,TTO,2018,672830.0
Trinidad and Tobago,TTO,2017,673740.0
Trinidad and Tobago,TTO,2016,676403.0
Trinidad and Tobago,TTO,2015,684099.0
Trinidad and Tobago,TTO,2014,690101.0
Trinidad and Tobago,TTO,2013,684094.0
Trinidad and Tobago,TTO,2012,679786.0
Trinidad and Tobago,TTO,2011,665988.0
Trinidad and Tobago,TTO,2010,670134.0
Trinidad and Tobago,TTO,2009,676038.0
Trinidad and Tobago,TTO,2008,681951.0
Trinidad and Tobago,TTO,2007,677808.0
Trinidad and Tobago,TTO,2006,677046.0
Trinidad and Tobago,TTO,2005,670234.0
Trinidad and Tobago,TTO,2004,679474.0
Trinidad and Tobago,TTO,2003,658376.0
Trinidad and Tobago,TTO,2002,636894.0
Trinidad and Tobago,TTO,2001,626695.0
Trinidad and Tobago,TTO,2000,616212.0
Trinidad and Tobago,TTO,1999,606295.0
Trinidad and Tobago,TTO,1998,595443.0
Trinidad and Tobago,TTO,1997,583019.0
Trinidad and Tobago,TTO,1996,570696.0
Trinidad and Tobago,TTO,1995,553081.0
Trinidad and Tobago,TTO,1994,535230.0
Trinidad and Tobago,TTO,1993,517277.0
Trinidad and Tobago,TTO,1992,508811.0
Trinidad and Tobago,TTO,1991,498662.0
Trinidad and Tobago,TTO,1990,490360.0
Tunisia,TUN,2025,4268286.0
Tunisia,TUN,2024,4241942.0
Tunisia,TUN,2023,4220581.0
Tunisia,TUN,2022,4232595.0
Tunisia,TUN,2021,4089131.0
Tunisia,TUN,2020,4082144.0
Tunisia,TUN,2019,4418079.0
Tunisia,TUN,2018,4284730.0
Tunisia,TUN,2017,4149640.0
Tunisia,TUN,2016,4133705.0
Tunisia,TUN,2015,4077612.0
Tunisia,TUN,2014,4050207.0
Tunisia,TUN,2013,4026064.0
Tunisia,TUN,2012,4026524.0
Tunisia,TUN,2011,3932836.0
Tunisia,TUN,2010,3870527.0
Tunisia,TUN,2009,3800334.0
Tunisia,TUN,2008,3722463.0
Tunisia,TUN,2007,3653322.0
Tunisia,TUN,2006,3585831.0
Tunisia,TUN,2005,3495960.0
Tunisia,TUN,2004,3455889.0
Tunisia,TUN,2003,3412860.0
Tunisia,TUN,2002,3367629.0
Tunisia,TUN,2001,3319983.0
Tunisia,TUN,2000,3270136.0
Tunisia,TUN,1999,3218934.0
Tunisia,TUN,1998,3166879.0
Tunisia,TUN,1997,3114488.0
Tunisia,TUN,1996,3034707.0
Tunisia,TUN,1995,2955693.0
Tunisia,TUN,1994,2876850.0
Tunisia,TUN,1993,2794283.0
Tunisia,TUN,1992,2709741.0
Tunisia,TUN,1991,2629038.0
Tunisia,TUN,1990,2547966.0
Turkiye,TUR,2025,36818130.0
Turkiye,TUR,2024,36409307.0
Turkiye,TUR,2023,35554975.0
Turkiye,TUR,2022,35081594.0
Turkiye,TUR,2021,33490693.0
Turkiye,TUR,2020,31770146.0
Turkiye,TUR,2019,33686201.0
Turkiye,TUR,2018,33302540.0
Turkiye,TUR,2017,32535361.0
Turkiye,TUR,2016,31514194.0
Turkiye,TUR,2015,30550902.0
Turkiye,TUR,2014,29521920.0
Turkiye,TUR,2013,29149709.0
Turkiye,TUR,2012,28126488.0
Turkiye,TUR,2011,27575358.0
Turkiye,TUR,2010,26452690.0
Turkiye,TUR,2009,25413653.0
Turkiye,TUR,2008,24405474.0
Turkiye,TUR,2007,23635212.0
Turkiye,TUR,2006,23497202.0
Turkiye,TUR,2005,23212611.0
Turkiye,TUR,2004,22775376.0
Turkiye,TUR,2003,23365651.0
Turkiye,TUR,2002,23537756.0
Turkiye,TUR,2001,23207086.0
Turkiye,TUR,2000,22804910.0
Turkiye,TUR,1999,23563397.0
Turkiye,TUR,1998,23094059.0
Turkiye,TUR,1997,22467652.0
Turkiye,TUR,1996,22434274.0
Turkiye,TUR,1995,22054066.0
Turkiye,TUR,1994,21720314.0
Turkiye,TUR,1993,20211005.0
Turkiye,TUR,1992,21160763.0
Turkiye,TUR,1991,21015986.0
Turkiye,TUR,1990,20354848.0
Turkmenistan,TKM,2025,2202574.0
Turkmenistan,TKM,2024,2164626.0
Turkmenistan,TKM,2023,2113074.0
Turkmenistan,TKM,2022,2084340.0
Turkmenistan,TKM,2021,2025036.0
Turkmenistan,TKM,2020,1985797.0
Turkmenistan,TKM,2019,2011076.0
Turkmenistan,TKM,2018,1985757.0
Turkmenistan,TKM,2017,1959102.0
Turkmenistan,TKM,2016,1931509.0
Turkmenistan,TKM,2015,1901921.0
Turkmenistan,TKM,2014,1871909.0
Turkmenistan,TKM,2013,1850783.0
Turkmenistan,TKM,2012,1829449.0
Turkmenistan,TKM,2011,1811049.0
Turkmenistan,TKM,2010,1805247.0
Turkmenistan,TKM,2009,1782810.0
Turkmenistan,TKM,2008,1749892.0
Turkmenistan,TKM,2007,1749550.0
Turkmenistan,TKM,2006,1737301.0
Turkmenistan,TKM,2005,1725300.0
Turkmenistan,TKM,2004,1721750.0
Turkmenistan,TKM,2003,1682934.0
Turkmenistan,TKM,2002,1635700.0
Turkmenistan,TKM,2001,1574830.0
Turkmenistan,TKM,2000,1532537.0
Turkmenistan,TKM,1999,1496201.0
Turkmenistan,TKM,1998,1507805.0
Turkmenistan,TKM,1997,1488524.0
Turkmenistan,TKM,1996,1392743.0
Turkmenistan,TKM,1995,1379173.0
Turkmenistan,TKM,1994,1313281.0
Turkmenistan,TKM,1993,1209783.0
Turkmenistan,TKM,1992,1178740.0
Turkmenistan,TKM,1991,1099215.0
Turkmenistan,TKM,1990,1053610.0
Uganda,UGA,2025,23393999.0
Uganda,UGA,2024,22581703.0
Uganda,UGA,2023,21821722.0
Uganda,UGA,2022,21087767.0
Uganda,UGA,2021,20121421.0
Uganda,UGA,2020,18996710.0
Uganda,UGA,2019,18014065.0
Uganda,UGA,2018,16685865.0
Uganda,UGA,2017,15308568.0
Uganda,UGA,2016,15021481.0
Uganda,UGA,2015,14730557.0
Uganda,UGA,2014,14471843.0
Uganda,UGA,2013,15284266.0
Uganda,UGA,2012,12226045.0
Uganda,UGA,2011,13558282.0
Uganda,UGA,2010,12002316.0
Uganda,UGA,2009,11635163.0
Uganda,UGA,2008,11284786.0
Uganda,UGA,2007,10950905.0
Uganda,UGA,2006,10633845.0
Uganda,UGA,2005,10334763.0
Uganda,UGA,2004,10044159.0
Uganda,UGA,2003,9755443.0
Uganda,UGA,2002,9453754.0
Uganda,UGA,2001,9169767.0
Uganda,UGA,2000,8905138.0
Uganda,UGA,1999,8638863.0
Uganda,UGA,1998,8373235.0
Uganda,UGA,1997,8149195.0
Uganda,UGA,1996,7942008.0
Uganda,UGA,1995,7768789.0
Uganda,UGA,1994,7599578.0
Uganda,UGA,1993,7359348.0
Uganda,UGA,1992,7115745.0
Uganda,UGA,1991,6880992.0
Uganda,UGA,1990,6667137.0
Ukraine,UKR,2021,20538715.0
Ukraine,UKR,2020,20851194.0
Ukraine,UKR,2019,21427188.0
Ukraine,UKR,2018,21532531.0
Ukraine,UKR,2017,21646057.0
Ukraine,UKR,2016,21762800.0
Ukraine,UKR,2015,21887026.0
Ukraine,UKR,2014,22030438.0
Ukraine,UKR,2013,22165599.0
Ukraine,UKR,2012,22263021.0
Ukraine,UKR,2011,22352316.0
Ukraine,UKR,2010,22447916.0
Ukraine,UKR,2009,22544725.0
Ukraine,UKR,2008,22645052.0
Ukraine,UKR,2007,22737531.0
Ukraine,UKR,2006,22601904.0
Ukraine,UKR,2005,22748573.0
Ukraine,UKR,2004,22913408.0
Ukraine,UKR,2003,23020786.0
Ukraine,UKR,2002,23106162.0
Ukraine,UKR,2001,23187781.0
Ukraine,UKR,2000,23286247.0
Ukraine,UKR,1999,23392137.0
Ukraine,UKR,1998,23487149.0
Ukraine,UKR,1997,23601040.0
Ukraine,UKR,1996,23759088.0
Ukraine,UKR,1995,23935494.0
Ukraine,UKR,1994,24115146.0
Ukraine,UKR,1993,24255649.0
Ukraine,UKR,1992,24286634.0
Ukraine,UKR,1991,24271733.0
Ukraine,UKR,1990,24278759.0
United Arab Emirates,ARE,2025,7424844.0
United Arab Emirates,ARE,2024,7233386.0
United Arab Emirates,ARE,2023,6873426.0
United Arab Emirates,ARE,2022,6499963.0
United Arab Emirates,ARE,2021,6160044.0
United Arab Emirates,ARE,2020,6178311.0
United Arab Emirates,ARE,2019,6256531.0
United Arab Emirates,ARE,2018,6158515.0
United Arab Emirates,ARE,2017,6046380.0
United Arab Emirates,ARE,2016,5830903.0
United Arab Emirates,ARE,2015,5517279.0
United Arab Emirates,ARE,2014,5205610.0
United Arab Emirates,ARE,2013,4948156.0
United Arab Emirates,ARE,2012,4738061.0
United Arab Emirates,ARE,2011,4542648.0
United Arab Emirates,ARE,2010,4376792.0
United Arab Emirates,ARE,2009,4270876.0
United Arab Emirates,ARE,2008,4037891.0
United Arab Emirates,ARE,2007,3609902.0
United Arab Emirates,ARE,2006,3202706.0
United Arab Emirates,ARE,2005,2952666.0
United Arab Emirates,ARE,2004,2768037.0
United Arab Emirates,ARE,2003,2586345.0
United Arab Emirates,ARE,2002,2406156.0
United Arab Emirates,ARE,2001,2229575.0
United Arab Emirates,ARE,2000,2060609.0
United Arab Emirates,ARE,1999,1901019.0
United Arab Emirates,ARE,1998,1749621.0
United Arab Emirates,ARE,1997,1607913.0
United Arab Emirates,ARE,1996,1477735.0
United Arab Emirates,ARE,1995,1373245.0
United Arab Emirates,ARE,1994,1294180.0
United Arab Emirates,ARE,1993,1217956.0
United Arab Emirates,ARE,1992,1139611.0
United Arab Emirates,ARE,1991,1065917.0
United Arab Emirates,ARE,1990,993900.0
United Kingdom,GBR,2025,35470266.0
United Kingdom,GBR,2024,35289735.0
United Kingdom,GBR,2023,34965327.0
United Kingdom,GBR,2022,34472367.0
United Kingdom,GBR,2021,34108417.0
United Kingdom,GBR,2020,34260316.0
United Kingdom,GBR,2019,34207438.0
United Kingdom,GBR,2018,34016301.0
United Kingdom,GBR,2017,33751477.0
United Kingdom,GBR,2016,33594470.0
United Kingdom,GBR,2015,33272547.0
United Kingdom,GBR,2014,32988577.0
United Kingdom,GBR,2013,32691654.0
United Kingdom,GBR,2012,32478183.0
United Kingdom,GBR,2011,32145413.0
United Kingdom,GBR,2010,31901655.0
United Kingdom,GBR,2009,31740291.0
United Kingdom,GBR,2008,31584306.0
United Kingdom,GBR,2007,31187174.0
United Kingdom,GBR,2006,30976247.0
United Kingdom,GBR,2005,30476257.0
United Kingdom,GBR,2004,30084688.0
United Kingdom,GBR,2003,29861693.0
United Kingdom,GBR,2002,29641396.0
United Kingdom,GBR,2001,29309697.0
United Kingdom,GBR,2000,29283662.0
United Kingdom,GBR,1999,28984316.0
United Kingdom,GBR,1998,28692713.0
United Kingdom,GBR,1997,28627262.0
United Kingdom,GBR,1996,28452872.0
United Kingdom,GBR,1995,28319114.0
United Kingdom,GBR,1994,28315845.0
United Kingdom,GBR,1993,28345122.0
United Kingdom,GBR,1992,28550612.0
United Kingdom,GBR,1991,28727933.0
United Kingdom,GBR,1990,28871734.0
United States,USA,2025,174845690.0
United States,USA,2024,174221396.0
United States,USA,2023,172300802.0
United States,USA,2022,169494100.0
United States,USA,2021,167182196.0
United States,USA,2020,166565059.0
United States,USA,2019,168920514.0
United States,USA,2018,167002008.0
United States,USA,2017,165597316.0
United States,USA,2016,163886456.0
United States,USA,2015,161927418.0
United States,USA,2014,160876331.0
United States,USA,2013,160132463.0
United States,USA,2012,159682753.0
United States,USA,2011,158537150.0
United States,USA,2010,158330168.0
United States,USA,2009,158353162.0
United States,USA,2008,158272885.0
United States,USA,2007,156588966.0
United States,USA,2006,155267046.0
United States,USA,2005,153120588.0
United States,USA,2004,151218126.0
United States,USA,2003,149992325.0
United States,USA,2002,149241895.0
United States,USA,2001,148213470.0
United States,USA,2000,147139887.0
United States,USA,1999,145083084.0
United States,USA,1998,143097780.0
United States,USA,1997,141357334.0
United States,USA,1996,138775669.0
United States,USA,1995,136621148.0
United States,USA,1994,134611321.0
United States,USA,1993,132266996.0
United States,USA,1992,130853396.0
United States,USA,1991,128740615.0
United States,USA,1990,127821416.0
Uruguay,URY,2025,1806025.0
Uruguay,URY,2024,1799101.0
Uruguay,URY,2023,1779292.0
Uruguay,URY,2022,1733922.0
Uruguay,URY,2021,1721005.0
Uruguay,URY,2020,1665492.0
Uruguay,URY,2019,1721844.0
Uruguay,URY,2018,1718627.0
Uruguay,URY,2017,1721302.0
Uruguay,URY,2016,1725328.0
Uruguay,URY,2015,1724536.0
Uruguay,URY,2014,1739488.0
Uruguay,URY,2013,1702341.0
Uruguay,URY,2012,1702318.0
Uruguay,URY,2011,1712840.0
Uruguay,URY,2010,1657841.0
Uruguay,URY,2009,1659322.0
Uruguay,URY,2008,1630866.0
Uruguay,URY,2007,1617437.0
Uruguay,URY,2006,1563527.0
Uruguay,URY,2005,1495508.0
Uruguay,URY,2004,1489512.0
Uruguay,URY,2003,1475293.0
Uruguay,URY,2002,1492289.0
Uruguay,URY,2001,1526779.0
Uruguay,URY,2000,1486319.0
Uruguay,URY,1999,1469921.0
Uruguay,URY,1998,1491601.0
Uruguay,URY,1997,1474748.0
Uruguay,URY,1996,1457667.0
Uruguay,URY,1995,1422234.0
Uruguay,URY,1994,1387677.0
Uruguay,URY,1993,1341848.0
Uruguay,URY,1992,1355016.0
Uruguay,URY,1991,1341324.0
Uruguay,URY,1990,1321435.0
Uzbekistan,UZB,2025,14638807.0
Uzbekistan,UZB,2024,14455298.0
Uzbekistan,UZB,2023,14231376.0
Uzbekistan,UZB,2022,13993646.0
Uzbekistan,UZB,2021,13396633.0
Uzbekistan,UZB,2020,13101591.0
Uzbekistan,UZB,2019,13189076.0
Uzbekistan,UZB,2018,12995383.0
Uzbekistan,UZB,2017,12801349.0
Uzbekistan,UZB,2016,12621150.0
Uzbekistan,UZB,2015,12408130.0
Uzbekistan,UZB,2014,12175844.0
Uzbekistan,UZB,2013,11943472.0
Uzbekistan,UZB,2012,11719212.0
Uzbekistan,UZB,2011,11443387.0
Uzbekistan,UZB,2010,11169651.0
Uzbekistan,UZB,2009,10930045.0
Uzbekistan,UZB,2008,10579619.0
Uzbekistan,UZB,2007,10335312.0
Uzbekistan,UZB,2006,10115555.0
Uzbekistan,UZB,2005,9926694.0
Uzbekistan,UZB,2004,9733524.0
Uzbekistan,UZB,2003,9530656.0
Uzbekistan,UZB,2002,9338915.0
Uzbekistan,UZB,2001,9139223.0
Uzbekistan,UZB,2000,8934705.0
Uzbekistan,UZB,1999,8759872.0
Uzbekistan,UZB,1998,8545155.0
Uzbekistan,UZB,1997,8353091.0
Uzbekistan,UZB,1996,8170238.0
Uzbekistan,UZB,1995,8021568.0
Uzbekistan,UZB,1994,7838223.0
Uzbekistan,UZB,1993,7622263.0
Uzbekistan,UZB,1992,7402057.0
Uzbekistan,UZB,1991,7173725.0
Uzbekistan,UZB,1990,6909043.0
Vanuatu,VUT,2025,120833.0
Vanuatu,VUT,2024,117969.0
Vanuatu,VUT,2023,114864.0
Vanuatu,VUT,2022,111868.0
Vanuatu,VUT,2021,108816.0
Vanuatu,VUT,2020,105798.0
Vanuatu,VUT,2019,104361.0
Vanuatu,VUT,2018,103194.0
Vanuatu,VUT,2017,102073.0
Vanuatu,VUT,2016,101055.0
Vanuatu,VUT,2015,100128.0
Vanuatu,VUT,2014,99196.0
Vanuatu,VUT,2013,98219.0
Vanuatu,VUT,2012,97169.0
Vanuatu,VUT,2011,96016.0
Vanuatu,VUT,2010,94738.0
Vanuatu,VUT,2009,97111.0
Vanuatu,VUT,2008,98679.0
Vanuatu,VUT,2007,99698.0
Vanuatu,VUT,2006,100201.0
Vanuatu,VUT,2005,97119.0
Vanuatu,VUT,2004,94000.0
Vanuatu,VUT,2003,90905.0
Vanuatu,VUT,2002,87881.0
Vanuatu,VUT,2001,84696.0
Vanuatu,VUT,2000,81643.0
Vanuatu,VUT,1999,79129.0
Vanuatu,VUT,1998,76813.0
Vanuatu,VUT,1997,74616.0
Vanuatu,VUT,1996,72599.0
Vanuatu,VUT,1995,70640.0
Vanuatu,VUT,1994,68767.0
Vanuatu,VUT,1993,67729.0
Vanuatu,VUT,1992,66927.0
Vanuatu,VUT,1991,65600.0
Vanuatu,VUT,1990,63953.0
"Venezuela, RB",VEN,2025,11118416.0
"Venezuela, RB",VEN,2024,11010896.0
"Venezuela, RB",VEN,2023,10735039.0
"Venezuela, RB",VEN,2022,10509662.0
"Venezuela, RB",VEN,2021,9968779.0
"Venezuela, RB",VEN,2020,9889854.0
"Venezuela, RB",VEN,2019,11487785.0
"Venezuela, RB",VEN,2018,12502649.0
"Venezuela, RB",VEN,2017,13220939.0
"Venezuela, RB",VEN,2016,13570521.0
"Venezuela, RB",VEN,2015,13538387.0
"Venezuela, RB",VEN,2014,13437961.0
"Venezuela, RB",VEN,2013,13325068.0
"Venezuela, RB",VEN,2012,13203531.0
"Venezuela, RB",VEN,2011,13082614.0
"Venezuela, RB",VEN,2010,12898145.0
"Venezuela, RB",VEN,2009,12701604.0
"Venezuela, RB",VEN,2008,12512529.0
"Venezuela, RB",VEN,2007,12288144.0
"Venezuela, RB",VEN,2006,12114160.0
"Venezuela, RB",VEN,2005,11741977.0
"Venezuela, RB",VEN,2004,11370905.0
"Venezuela, RB",VEN,2003,10900540.0
"Venezuela, RB",VEN,2002,10767716.0
"Venezuela, RB",VEN,2001,10637185.0
"Venezuela, RB",VEN,2000,10357302.0
"Venezuela, RB",VEN,1999,10075265.0
"Venezuela, RB",VEN,1998,9900846.0
"Venezuela, RB",VEN,1997,9655834.0
"Venezuela, RB",VEN,1996,9356079.0
"Venezuela, RB",VEN,1995,9123020.0
"Venezuela, RB",VEN,1994,8855095.0
"Venezuela, RB",VEN,1993,8648193.0
"Venezuela, RB",VEN,1992,8420107.0
"Venezuela, RB",VEN,1991,8150266.0
"Venezuela, RB",VEN,1990,7857780.0
Viet Nam,VNM,2025,57041323.0
Viet Nam,VNM,2024,56703936.0
Viet Nam,VNM,2023,56381956.0
Viet Nam,VNM,2022,56475416.0
Viet Nam,VNM,2021,55299911.0
Viet Nam,VNM,2020,55149609.0
Viet Nam,VNM,2019,56180127.0
Viet Nam,VNM,2018,56235855.0
Viet Nam,VNM,2017,55533898.0
Viet Nam,VNM,2016,54888312.0
Viet Nam,VNM,2015,54628714.0
Viet Nam,VNM,2014,53885546.0
Viet Nam,VNM,2013,53209344.0
Viet Nam,VNM,2012,51916391.0
Viet Nam,VNM,2011,51197726.0
Viet Nam,VNM,2010,50303014.0
Viet Nam,VNM,2009,49267257.0
Viet Nam,VNM,2008,47894666.0
Viet Nam,VNM,2007,46296491.0
Viet Nam,VNM,2006,44781401.0
Viet Nam,VNM,2005,43513617.0
Viet Nam,VNM,2004,42508994.0
Viet Nam,VNM,2003,41746162.0
Viet Nam,VNM,2002,41102232.0
Viet Nam,VNM,2001,40511879.0
Viet Nam,VNM,2000,38790735.0
Viet Nam,VNM,1999,38384112.0
Viet Nam,VNM,1998,37710949.0
Viet Nam,VNM,1997,37016863.0
Viet Nam,VNM,1996,36468498.0
Viet Nam,VNM,1995,35609733.0
Viet Nam,VNM,1994,34771003.0
Viet Nam,VNM,1993,33938919.0
Viet Nam,VNM,1992,33115526.0
Viet Nam,VNM,1991,32320532.0
Viet Nam,VNM,1990,31496153.0
Virgin Islands (U.S.),VIR,2025,47005.0
Virgin Islands (U.S.),VIR,2024,47476.0
Virgin Islands (U.S.),VIR,2023,47790.0
Virgin Islands (U.S.),VIR,2022,47986.0
Virgin Islands (U.S.),VIR,2021,47357.0
Virgin Islands (U.S.),VIR,2020,46574.0
Virgin Islands (U.S.),VIR,2019,46389.0
Virgin Islands (U.S.),VIR,2018,48542.0
Virgin Islands (U.S.),VIR,2017,51811.0
Virgin Islands (U.S.),VIR,2016,50806.0
Virgin Islands (U.S.),VIR,2015,50829.0
Virgin Islands (U.S.),VIR,2014,48643.0
Virgin Islands (U.S.),VIR,2013,49212.0
Virgin Islands (U.S.),VIR,2012,52085.0
Virgin Islands (U.S.),VIR,2011,52982.0
Virgin Islands (U.S.),VIR,2010,52285.0
Virgin Islands (U.S.),VIR,2009,53743.0
Virgin Islands (U.S.),VIR,2008,53588.0
Virgin Islands (U.S.),VIR,2007,53487.0
Virgin Islands (U.S.),VIR,2006,52651.0
Virgin Islands (U.S.),VIR,2005,52057.0
Virgin Islands (U.S.),VIR,2004,50895.0
Virgin Islands (U.S.),VIR,2003,49034.0
Virgin Islands (U.S.),VIR,2002,49875.0
Virgin Islands (U.S.),VIR,2001,50350.0
Virgin Islands (U.S.),VIR,2000,48131.0
Virgin Islands (U.S.),VIR,1999,47018.0
Virgin Islands (U.S.),VIR,1998,47905.0
Virgin Islands (U.S.),VIR,1997,48142.0
Virgin Islands (U.S.),VIR,1996,48426.0
Virgin Islands (U.S.),VIR,1995,51480.0
Virgin Islands (U.S.),VIR,1994,54700.0
Virgin Islands (U.S.),VIR,1993,54223.0
Virgin Islands (U.S.),VIR,1992,53625.0
Virgin Islands (U.S.),VIR,1991,52109.0
Virgin Islands (U.S.),VIR,1990,48420.0
West Bank and Gaza,PSE,2022,1391230.0
West Bank and Gaza,PSE,2021,1301690.0
West Bank and Gaza,PSE,2020,1193390.0
West Bank and Gaza,PSE,2019,1254417.0
West Bank and Gaza,PSE,2018,1198168.0
West Bank and Gaza,PSE,2017,1181552.0
West Bank and Gaza,PSE,2016,1149280.0
West Bank and Gaza,PSE,2015,1124303.0
West Bank and Gaza,PSE,2014,1047752.0
West Bank and Gaza,PSE,2013,1010156.0
West Bank and Gaza,PSE,2012,977472.0
West Bank and Gaza,PSE,2011,940188.0
West Bank and Gaza,PSE,2010,879814.0
West Bank and Gaza,PSE,2009,839676.0
West Bank and Gaza,PSE,2008,805777.0
West Bank and Gaza,PSE,2007,785554.0
West Bank and Gaza,PSE,2006,732368.0
West Bank and Gaza,PSE,2005,705921.0
West Bank and Gaza,PSE,2004,673177.0
West Bank and Gaza,PSE,2003,658607.0
West Bank and Gaza,PSE,2002,589186.0
West Bank and Gaza,PSE,2001,581078.0
West Bank and Gaza,PSE,2000,618184.0
West Bank and Gaza,PSE,1999,596900.0
West Bank and Gaza,PSE,1998,579028.0
West Bank and Gaza,PSE,1997,562694.0
West Bank and Gaza,PSE,1996,536523.0
West Bank and Gaza,PSE,1995,510936.0
West Bank and Gaza,PSE,1994,487467.0
West Bank and Gaza,PSE,1993,465270.0
West Bank and Gaza,PSE,1992,444441.0
West Bank and Gaza,PSE,1991,424971.0
West Bank and Gaza,PSE,1990,406130.0
"Yemen, Rep.",YEM,2025,8155939.0
"Yemen, Rep.",YEM,2024,7928543.0
"Yemen, Rep.",YEM,2023,7664536.0
"Yemen, Rep.",YEM,2022,7408746.0
"Yemen, Rep.",YEM,2021,7037044.0
"Yemen, Rep.",YEM,2020,6884754.0
"Yemen, Rep.",YEM,2019,6735232.0
"Yemen, Rep.",YEM,2018,6505806.0
"Yemen, Rep.",YEM,2017,6279018.0
"Yemen, Rep.",YEM,2016,6044703.0
"Yemen, Rep.",YEM,2015,5811186.0
"Yemen, Rep.",YEM,2014,6474957.0
"Yemen, Rep.",YEM,2013,6349911.0
"Yemen, Rep.",YEM,2012,6230735.0
"Yemen, Rep.",YEM,2011,6114378.0
"Yemen, Rep.",YEM,2010,6001445.0
"Yemen, Rep.",YEM,2009,5811858.0
"Yemen, Rep.",YEM,2008,5624158.0
"Yemen, Rep.",YEM,2007,5442713.0
"Yemen, Rep.",YEM,2006,5269013.0
"Yemen, Rep.",YEM,2005,5102583.0
"Yemen, Rep.",YEM,2004,4959009.0
"Yemen, Rep.",YEM,2003,4840323.0
"Yemen, Rep.",YEM,2002,4728950.0
"Yemen, Rep.",YEM,2001,4622334.0
"Yemen, Rep.",YEM,2000,4519390.0
"Yemen, Rep.",YEM,1999,4420595.0
"Yemen, Rep.",YEM,1998,4213020.0
"Yemen, Rep.",YEM,1997,4018166.0
"Yemen, Rep.",YEM,1996,3833542.0
"Yemen, Rep.",YEM,1995,3654887.0
"Yemen, Rep.",YEM,1994,3483901.0
"Yemen, Rep.",YEM,1993,3353058.0
"Yemen, Rep.",YEM,1992,3228874.0
"Yemen, Rep.",YEM,1991,3114591.0
"Yemen, Rep.",YEM,1990,3005968.0
Zambia,ZMB,2025,8011366.0
Zambia,ZMB,2024,7724343.0
Zambia,ZMB,2023,7453413.0
Zambia,ZMB,2022,6905885.0
Zambia,ZMB,2021,6728077.0
Zambia,ZMB,2020,6574250.0
Zambia,ZMB,2019,6200188.0
Zambia,ZMB,2018,5870382.0
Zambia,ZMB,2017,5669282.0
Zambia,ZMB,2016,5472448.0
Zambia,ZMB,2015,5282918.0
Zambia,ZMB,2014,5100623.0
Zambia,ZMB,2013,4924206.0
Zambia,ZMB,2012,4755565.0
Zambia,ZMB,2011,4593175.0
Zambia,ZMB,2010,4433254.0
Zambia,ZMB,2009,4271856.0
Zambia,ZMB,2008,4112860.0
Zambia,ZMB,2007,3958969.0
Zambia,ZMB,2006,3812820.0
Zambia,ZMB,2005,3675118.0
Zambia,ZMB,2004,3547801.0
Zambia,ZMB,2003,3428701.0
Zambia,ZMB,2002,3315125.0
Zambia,ZMB,2001,3205152.0
Zambia,ZMB,2000,3100873.0
Zambia,ZMB,1999,3010189.0
Zambia,ZMB,1998,2928130.0
Zambia,ZMB,1997,2850681.0
Zambia,ZMB,1996,2778194.0
Zambia,ZMB,1995,2711960.0
Zambia,ZMB,1994,2648159.0
Zambia,ZMB,1993,2585349.0
Zambia,ZMB,1992,2522822.0
Zambia,ZMB,1991,2460274.0
Zambia,ZMB,1990,2397170.0
Zimbabwe,ZWE,2025,6854692.0
Zimbabwe,ZWE,2024,6660943.0
Zimbabwe,ZWE,2023,6499497.0
Zimbabwe,ZWE,2022,6118687.0
Zimbabwe,ZWE,2021,6005153.0
Zimbabwe,ZWE,2020,5805013.0
Zimbabwe,ZWE,2019,5773237.0
Zimbabwe,ZWE,2018,5654759.0
Zimbabwe,ZWE,2017,5543892.0
Zimbabwe,ZWE,2016,5441038.0
Zimbabwe,ZWE,2015,5349250.0
Zimbabwe,ZWE,2014,5270044.0
Zimbabwe,ZWE,2013,5200964.0
Zimbabwe,ZWE,2012,5143461.0
Zimbabwe,ZWE,2011,5081883.0
Zimbabwe,ZWE,2010,5015581.0
Zimbabwe,ZWE,2009,4959627.0
Zimbabwe,ZWE,2008,4911151.0
Zimbabwe,ZWE,2007,4867035.0
Zimbabwe,ZWE,2006,4810305.0
Zimbabwe,ZWE,2005,4760160.0
Zimbabwe,ZWE,2004,4728584.0
Zimbabwe,ZWE,2003,4688939.0
Zimbabwe,ZWE,2002,4639582.0
Zimbabwe,ZWE,2001,4587960.0
Zimbabwe,ZWE,2000,4537120.0
Zimbabwe,ZWE,1999,4465846.0
Zimbabwe,ZWE,1998,4350611.0
Zimbabwe,ZWE,1997,4213710.0
Zimbabwe,ZWE,1996,4078583.0
Zimbabwe,ZWE,1995,3957290.0
Zimbabwe,ZWE,1994,3880873.0
Zimbabwe,ZWE,1993,3850702.0
Zimbabwe,ZWE,1992,3810735.0
Zimbabwe,ZWE,1991,3714749.0
Zimbabwe,ZWE,1990,3590008.0
