country,country_code,year,unemployment_percent
Africa Eastern and Southern,AFE,2025,7.53923442390472
Africa Eastern and Southern,AFE,2024,7.57169749274654
Africa Eastern and Southern,AFE,2023,7.67654773372157
Africa Eastern and Southern,AFE,2022,7.86947018999245
Africa Eastern and Southern,AFE,2021,8.40741154700022
Africa Eastern and Southern,AFE,2020,7.97430164130982
Africa Eastern and Southern,AFE,2019,7.45910636823544
Africa Eastern and Southern,AFE,2018,7.24484282680541
Africa Eastern and Southern,AFE,2017,7.21491501896869
Africa Eastern and Southern,AFE,2016,7.07442880999326
Africa Eastern and Southern,AFE,2015,6.9309412585873
Africa Eastern and Southern,AFE,2014,6.86242857576034
Africa Eastern and Southern,AFE,2013,6.88972223038428
Africa Eastern and Southern,AFE,2012,7.10873740350119
Africa Eastern and Southern,AFE,2011,7.303350943492
Africa Eastern and Southern,AFE,2010,7.33948885318777
Africa Eastern and Southern,AFE,2009,7.02933493362019
Africa Eastern and Southern,AFE,2008,6.95926232871186
Africa Eastern and Southern,AFE,2007,6.98058891496815
Africa Eastern and Southern,AFE,2006,7.03560059961336
Africa Eastern and Southern,AFE,2005,7.10041371887931
Africa Eastern and Southern,AFE,2004,7.27852246959678
Africa Eastern and Southern,AFE,2003,7.4720424200925
Africa Eastern and Southern,AFE,2002,7.51149338877195
Africa Eastern and Southern,AFE,2001,7.55388452430262
Africa Eastern and Southern,AFE,2000,7.66876829683374
Africa Eastern and Southern,AFE,1999,7.72993010885893
Africa Eastern and Southern,AFE,1998,7.68263780767572
Africa Eastern and Southern,AFE,1997,7.64190636706094
Africa Eastern and Southern,AFE,1996,7.6816226939442
Africa Eastern and Southern,AFE,1995,7.77389399169686
Africa Eastern and Southern,AFE,1994,8.02210049864685
Africa Eastern and Southern,AFE,1993,8.15590989808314
Africa Eastern and Southern,AFE,1992,8.15827337351447
Africa Eastern and Southern,AFE,1991,8.05080898877577
Africa Western and Central,AFW,2025,3.19055229252225
Africa Western and Central,AFW,2024,3.17242064214562
Africa Western and Central,AFW,2023,3.20080093275134
Africa Western and Central,AFW,2022,3.59335356570127
Africa Western and Central,AFW,2021,4.66663403105227
Africa Western and Central,AFW,2020,4.79531801163781
Africa Western and Central,AFW,2019,4.39076373818366
Africa Western and Central,AFW,2018,4.33437713943307
Africa Western and Central,AFW,2017,4.28399591922403
Africa Western and Central,AFW,2016,4.16758013639496
Africa Western and Central,AFW,2015,4.17014290578818
Africa Western and Central,AFW,2014,3.88775083913174
Africa Western and Central,AFW,2013,3.70779396420408
Africa Western and Central,AFW,2012,3.98010182260688
Africa Western and Central,AFW,2011,3.96721211893844
Africa Western and Central,AFW,2010,3.98952016701337
Africa Western and Central,AFW,2009,4.00285567701831
Africa Western and Central,AFW,2008,3.96722459921357
Africa Western and Central,AFW,2007,3.9480584197936
Africa Western and Central,AFW,2006,3.96927941109318
Africa Western and Central,AFW,2005,4.09646467682858
Africa Western and Central,AFW,2004,4.08689146118398
Africa Western and Central,AFW,2003,4.1679789387801
Africa Western and Central,AFW,2002,4.27370648574837
Africa Western and Central,AFW,2001,4.46519556174692
Africa Western and Central,AFW,2000,4.53084348194886
Africa Western and Central,AFW,1999,4.48967729134782
Africa Western and Central,AFW,1998,4.30420099773995
Africa Western and Central,AFW,1997,4.29611784310687
Africa Western and Central,AFW,1996,4.32613401613888
Africa Western and Central,AFW,1995,4.39276887843604
Africa Western and Central,AFW,1994,4.39009720211516
Africa Western and Central,AFW,1993,4.36703329539105
Africa Western and Central,AFW,1992,4.24671355789136
Africa Western and Central,AFW,1991,4.15789313945605
Arab World,ARB,2025,9.22073083160848
Arab World,ARB,2024,9.26592419265216
Arab World,ARB,2023,9.31338863204988
Arab World,ARB,2022,9.74413095599936
Arab World,ARB,2021,10.8627489086684
Arab World,ARB,2020,11.2951503646669
Arab World,ARB,2019,10.2137182910936
Arab World,ARB,2018,10.6546406452031
Arab World,ARB,2017,11.1152019032057
Arab World,ARB,2016,10.8617161429412
Arab World,ARB,2015,11.1524464292006
Arab World,ARB,2014,11.0319261608507
Arab World,ARB,2013,11.0350018909533
Arab World,ARB,2012,11.0650966632009
Arab World,ARB,2011,10.6873951414609
Arab World,ARB,2010,9.57178825247491
Arab World,ARB,2009,9.46079216862091
Arab World,ARB,2008,9.87515901443002
Arab World,ARB,2007,10.1456780757217
Arab World,ARB,2006,10.5176425576734
Arab World,ARB,2005,11.2344112966755
Arab World,ARB,2004,11.4271164700074
Arab World,ARB,2003,12.4496966444039
Arab World,ARB,2002,12.5062276655765
Arab World,ARB,2001,12.49820212983
Arab World,ARB,2000,12.6227231888262
Arab World,ARB,1999,12.1410531058538
Arab World,ARB,1998,11.9519989476751
Arab World,ARB,1997,11.9963600041588
Arab World,ARB,1996,12.4585943877988
Arab World,ARB,1995,13.5049205239265
Arab World,ARB,1994,13.012183394794
Arab World,ARB,1993,12.9097459716624
Arab World,ARB,1992,12.1536912884059
Arab World,ARB,1991,11.9097573121416
Caribbean small states,CSS,2025,7.55114639676154
Caribbean small states,CSS,2024,7.49180699898505
Caribbean small states,CSS,2023,7.51281290895946
Caribbean small states,CSS,2022,8.29867755889038
Caribbean small states,CSS,2021,9.71327125079923
Caribbean small states,CSS,2020,9.95181592662355
Caribbean small states,CSS,2019,8.21142514691839
Caribbean small states,CSS,2018,8.59708625490841
Caribbean small states,CSS,2017,8.24674002522057
Caribbean small states,CSS,2016,8.52897625860849
Caribbean small states,CSS,2015,8.22453564269079
Caribbean small states,CSS,2014,8.61294822432626
Caribbean small states,CSS,2013,8.87950796126762
Caribbean small states,CSS,2012,8.99563754734034
Caribbean small states,CSS,2011,8.82531756416261
Caribbean small states,CSS,2010,8.80934904598808
Caribbean small states,CSS,2009,9.18808540593253
Caribbean small states,CSS,2008,7.8711908829552
Caribbean small states,CSS,2007,8.1976990614565
Caribbean small states,CSS,2006,8.69394120180955
Caribbean small states,CSS,2005,9.98480572264988
Caribbean small states,CSS,2004,10.2916036767948
Caribbean small states,CSS,2003,11.5380632882928
Caribbean small states,CSS,2002,11.3083250951395
Caribbean small states,CSS,2001,11.1794403357232
Caribbean small states,CSS,2000,11.7427630641232
Caribbean small states,CSS,1999,12.5019625854356
Caribbean small states,CSS,1998,13.0418053985954
Caribbean small states,CSS,1997,13.6119469585577
Caribbean small states,CSS,1996,14.1980943997497
Caribbean small states,CSS,1995,14.6507674227641
Caribbean small states,CSS,1994,16.1154342863252
Caribbean small states,CSS,1993,16.8394643774493
Caribbean small states,CSS,1992,17.043855044918
Caribbean small states,CSS,1991,16.3249606471741
Central Europe and the Baltics,CEB,2025,4.14452082089943
Central Europe and the Baltics,CEB,2024,4.00056350955849
Central Europe and the Baltics,CEB,2023,4.01230416616797
Central Europe and the Baltics,CEB,2022,3.96540582731722
Central Europe and the Baltics,CEB,2021,4.44508031221282
Central Europe and the Baltics,CEB,2020,4.3496421220328
Central Europe and the Baltics,CEB,2019,3.76072643211224
Central Europe and the Baltics,CEB,2018,4.29483445753775
Central Europe and the Baltics,CEB,2017,5.2771900084377
Central Europe and the Baltics,CEB,2016,6.47626986745334
Central Europe and the Baltics,CEB,2015,7.81260796234007
Central Europe and the Baltics,CEB,2014,8.87370489824698
Central Europe and the Baltics,CEB,2013,10.076189699493
Central Europe and the Baltics,CEB,2012,10.014837051229
Central Europe and the Baltics,CEB,2011,9.80960842319459
Central Europe and the Baltics,CEB,2010,9.92718738959062
Central Europe and the Baltics,CEB,2009,8.51650875155537
Central Europe and the Baltics,CEB,2008,6.60116715977237
Central Europe and the Baltics,CEB,2007,7.80912922603523
Central Europe and the Baltics,CEB,2006,10.1249144944981
Central Europe and the Baltics,CEB,2005,12.0311529429654
Central Europe and the Baltics,CEB,2004,12.8914606604503
Central Europe and the Baltics,CEB,2003,13.2764246828022
Central Europe and the Baltics,CEB,2002,13.9609765303477
Central Europe and the Baltics,CEB,2001,13.4981128132324
Central Europe and the Baltics,CEB,2000,12.1493697321005
Central Europe and the Baltics,CEB,1999,10.6183180697798
Central Europe and the Baltics,CEB,1998,9.18697418361695
Central Europe and the Baltics,CEB,1997,9.39172805883786
Central Europe and the Baltics,CEB,1996,10.3630367762026
Central Europe and the Baltics,CEB,1995,11.0167295576433
Central Europe and the Baltics,CEB,1994,11.5568158799985
Central Europe and the Baltics,CEB,1993,11.6885817374484
Central Europe and the Baltics,CEB,1992,10.1959798130274
Central Europe and the Baltics,CEB,1991,9.5754583965422
Early-demographic dividend,EAR,2025,5.15274599833717
Early-demographic dividend,EAR,2024,5.14376176238682
Early-demographic dividend,EAR,2023,5.11313521249178
Early-demographic dividend,EAR,2022,5.64296814018676
Early-demographic dividend,EAR,2021,6.74359581980053
Early-demographic dividend,EAR,2020,7.36417086549936
Early-demographic dividend,EAR,2019,6.30970549335686
Early-demographic dividend,EAR,2018,6.77526130131479
Early-demographic dividend,EAR,2017,6.71806478492721
Early-demographic dividend,EAR,2016,6.7341480328496
Early-demographic dividend,EAR,2015,6.79324404164611
Early-demographic dividend,EAR,2014,6.61419058154874
Early-demographic dividend,EAR,2013,6.67711092742994
Early-demographic dividend,EAR,2012,6.70184146782176
Early-demographic dividend,EAR,2011,6.60736243902951
Early-demographic dividend,EAR,2010,6.69836499671353
Early-demographic dividend,EAR,2009,6.88223725605258
Early-demographic dividend,EAR,2008,6.76572719306619
Early-demographic dividend,EAR,2007,6.8238682430718
Early-demographic dividend,EAR,2006,6.88954096317128
Early-demographic dividend,EAR,2005,7.11332854467778
Early-demographic dividend,EAR,2004,7.18946151700737
Early-demographic dividend,EAR,2003,7.29621887458035
Early-demographic dividend,EAR,2002,7.39006412287729
Early-demographic dividend,EAR,2001,7.1563905809364
Early-demographic dividend,EAR,2000,7.07281148454185
Early-demographic dividend,EAR,1999,7.06616766110044
Early-demographic dividend,EAR,1998,6.86942892859097
Early-demographic dividend,EAR,1997,6.76187367957394
Early-demographic dividend,EAR,1996,6.88342868446174
Early-demographic dividend,EAR,1995,7.03393456293223
Early-demographic dividend,EAR,1994,6.75830009709217
Early-demographic dividend,EAR,1993,6.52253587521998
Early-demographic dividend,EAR,1992,6.34783715467962
Early-demographic dividend,EAR,1991,6.27795263088707
East Asia & Pacific,EAS,2025,3.80585541446833
East Asia & Pacific,EAS,2024,3.80594017324633
East Asia & Pacific,EAS,2023,3.86187012642211
East Asia & Pacific,EAS,2022,4.10032254258298
East Asia & Pacific,EAS,2021,4.06219092494547
East Asia & Pacific,EAS,2020,4.29658340250273
East Asia & Pacific,EAS,2019,3.82442011949597
East Asia & Pacific,EAS,2018,3.75442452697159
East Asia & Pacific,EAS,2017,3.87456480348735
East Asia & Pacific,EAS,2016,4.00393781457677
East Asia & Pacific,EAS,2015,4.08987694775025
East Asia & Pacific,EAS,2014,4.02541580416077
East Asia & Pacific,EAS,2013,4.05303743028521
East Asia & Pacific,EAS,2012,4.0605301268473
East Asia & Pacific,EAS,2011,4.13091004622057
East Asia & Pacific,EAS,2010,4.22455076502669
East Asia & Pacific,EAS,2009,4.47420796985744
East Asia & Pacific,EAS,2008,4.38194930101755
East Asia & Pacific,EAS,2007,4.30429852915007
East Asia & Pacific,EAS,2006,4.351012904116
East Asia & Pacific,EAS,2005,4.47463469156014
East Asia & Pacific,EAS,2004,4.42980737625595
East Asia & Pacific,EAS,2003,4.47961803252938
East Asia & Pacific,EAS,2002,4.26557821608325
East Asia & Pacific,EAS,2001,3.96606605575514
East Asia & Pacific,EAS,2000,3.56333033432491
East Asia & Pacific,EAS,1999,3.65945976901506
East Asia & Pacific,EAS,1998,3.54773877147608
East Asia & Pacific,EAS,1997,3.25632597864275
East Asia & Pacific,EAS,1996,3.16713936232141
East Asia & Pacific,EAS,1995,3.05225354598453
East Asia & Pacific,EAS,1994,2.97684115736109
East Asia & Pacific,EAS,1993,2.70801641148741
East Asia & Pacific,EAS,1992,2.45298512544046
East Asia & Pacific,EAS,1991,2.45960141823165
East Asia & Pacific (excluding high income),EAP,2025,3.9178376117136
East Asia & Pacific (excluding high income),EAP,2024,3.91370991631764
East Asia & Pacific (excluding high income),EAP,2023,3.97712381690091
East Asia & Pacific (excluding high income),EAP,2022,4.23491194246921
East Asia & Pacific (excluding high income),EAP,2021,4.13328662810016
East Asia & Pacific (excluding high income),EAP,2020,4.36943697408605
East Asia & Pacific (excluding high income),EAP,2019,3.90432643103478
East Asia & Pacific (excluding high income),EAP,2018,3.81235265554938
East Asia & Pacific (excluding high income),EAP,2017,3.9216662036523
East Asia & Pacific (excluding high income),EAP,2016,4.04312471702124
East Asia & Pacific (excluding high income),EAP,2015,4.12458341898818
East Asia & Pacific (excluding high income),EAP,2014,4.05030843985024
East Asia & Pacific (excluding high income),EAP,2013,4.05506180796151
East Asia & Pacific (excluding high income),EAP,2012,4.05276045051969
East Asia & Pacific (excluding high income),EAP,2011,4.11479448813573
East Asia & Pacific (excluding high income),EAP,2010,4.16370037437203
East Asia & Pacific (excluding high income),EAP,2009,4.42509624520043
East Asia & Pacific (excluding high income),EAP,2008,4.44442036989862
East Asia & Pacific (excluding high income),EAP,2007,4.36462589942474
East Asia & Pacific (excluding high income),EAP,2006,4.3836448453094
East Asia & Pacific (excluding high income),EAP,2005,4.49019174546575
East Asia & Pacific (excluding high income),EAP,2004,4.41127089940087
East Asia & Pacific (excluding high income),EAP,2003,4.41684389931735
East Asia & Pacific (excluding high income),EAP,2002,4.16950098114092
East Asia & Pacific (excluding high income),EAP,2001,3.85578728070638
East Asia & Pacific (excluding high income),EAP,2000,3.43334970499077
East Asia & Pacific (excluding high income),EAP,1999,3.47870712039455
East Asia & Pacific (excluding high income),EAP,1998,3.38360539136196
East Asia & Pacific (excluding high income),EAP,1997,3.2129923203788
East Asia & Pacific (excluding high income),EAP,1996,3.12119458500169
East Asia & Pacific (excluding high income),EAP,1995,3.01646156806726
East Asia & Pacific (excluding high income),EAP,1994,2.93314445248657
East Asia & Pacific (excluding high income),EAP,1993,2.63468153816686
East Asia & Pacific (excluding high income),EAP,1992,2.38330583983105
East Asia & Pacific (excluding high income),EAP,1991,2.41390623885303
East Asia & Pacific (IDA & IBRD countries),TEA,2025,3.92368997709517
East Asia & Pacific (IDA & IBRD countries),TEA,2024,3.91959262359653
East Asia & Pacific (IDA & IBRD countries),TEA,2023,3.98514803684521
East Asia & Pacific (IDA & IBRD countries),TEA,2022,4.24711639501186
East Asia & Pacific (IDA & IBRD countries),TEA,2021,4.14006542894987
East Asia & Pacific (IDA & IBRD countries),TEA,2020,4.38103635885362
East Asia & Pacific (IDA & IBRD countries),TEA,2019,3.91155753249547
East Asia & Pacific (IDA & IBRD countries),TEA,2018,3.81860609641702
East Asia & Pacific (IDA & IBRD countries),TEA,2017,3.92821339454137
East Asia & Pacific (IDA & IBRD countries),TEA,2016,4.0503221911626
East Asia & Pacific (IDA & IBRD countries),TEA,2015,4.13377205147226
East Asia & Pacific (IDA & IBRD countries),TEA,2014,4.05853741844698
East Asia & Pacific (IDA & IBRD countries),TEA,2013,4.06245777272466
East Asia & Pacific (IDA & IBRD countries),TEA,2012,4.06044851591873
East Asia & Pacific (IDA & IBRD countries),TEA,2011,4.12377298395066
East Asia & Pacific (IDA & IBRD countries),TEA,2010,4.17487787059342
East Asia & Pacific (IDA & IBRD countries),TEA,2009,4.43923742826889
East Asia & Pacific (IDA & IBRD countries),TEA,2008,4.45880440548548
East Asia & Pacific (IDA & IBRD countries),TEA,2007,4.37680263860099
East Asia & Pacific (IDA & IBRD countries),TEA,2006,4.3960838573092
East Asia & Pacific (IDA & IBRD countries),TEA,2005,4.50383702137591
East Asia & Pacific (IDA & IBRD countries),TEA,2004,4.42310310906886
East Asia & Pacific (IDA & IBRD countries),TEA,2003,4.428076738741
East Asia & Pacific (IDA & IBRD countries),TEA,2002,4.17741336740834
East Asia & Pacific (IDA & IBRD countries),TEA,2001,3.85850449672084
East Asia & Pacific (IDA & IBRD countries),TEA,2000,3.43001128152857
East Asia & Pacific (IDA & IBRD countries),TEA,1999,3.47579200535286
East Asia & Pacific (IDA & IBRD countries),TEA,1998,3.38242232824111
East Asia & Pacific (IDA & IBRD countries),TEA,1997,3.21237864407138
East Asia & Pacific (IDA & IBRD countries),TEA,1996,3.12070620503968
East Asia & Pacific (IDA & IBRD countries),TEA,1995,3.01496053849378
East Asia & Pacific (IDA & IBRD countries),TEA,1994,2.93069940629993
East Asia & Pacific (IDA & IBRD countries),TEA,1993,2.62936653616558
East Asia & Pacific (IDA & IBRD countries),TEA,1992,2.37576826157152
East Asia & Pacific (IDA & IBRD countries),TEA,1991,2.4073196083798
Euro area,EMU,2025,6.33138964349225
Euro area,EMU,2024,6.38633268588582
Euro area,EMU,2023,6.56284141881272
Euro area,EMU,2022,6.77735729230381
Euro area,EMU,2021,7.74091996942336
Euro area,EMU,2020,7.83444210222942
Euro area,EMU,2019,7.50763908569826
Euro area,EMU,2018,8.145745207482
Euro area,EMU,2017,9.06848085645283
Euro area,EMU,2016,10.0320372944587
Euro area,EMU,2015,10.881412988039
Euro area,EMU,2014,11.6246613617345
Euro area,EMU,2013,11.9997144514046
Euro area,EMU,2012,11.4157094775581
Euro area,EMU,2011,10.2604549448738
Euro area,EMU,2010,10.1740194070287
Euro area,EMU,2009,9.63334626391305
Euro area,EMU,2008,7.54425138527358
Euro area,EMU,2007,7.53715996964668
Euro area,EMU,2006,8.42956606287314
Euro area,EMU,2005,9.15007509419852
Euro area,EMU,2004,9.2907687105215
Euro area,EMU,2003,9.0218414865169
Euro area,EMU,2002,8.68085523881314
Euro area,EMU,2001,8.41956121583543
Euro area,EMU,2000,9.47321124385057
Euro area,EMU,1999,10.4542821601684
Euro area,EMU,1998,11.205669738695
Euro area,EMU,1997,11.6224406312296
Euro area,EMU,1996,11.6258748533766
Euro area,EMU,1995,11.4189986140193
Euro area,EMU,1994,11.7377677754957
Euro area,EMU,1993,10.691650859096
Euro area,EMU,1992,8.93072986689998
Euro area,EMU,1991,8.31633202176857
Europe & Central Asia,ECS,2025,5.35763709810189
Europe & Central Asia,ECS,2024,5.37193076650132
Europe & Central Asia,ECS,2023,5.5524628481626
Europe & Central Asia,ECS,2022,5.8461378752333
Europe & Central Asia,ECS,2021,6.90008993267541
Europe & Central Asia,ECS,2020,7.09506699474453
Europe & Central Asia,ECS,2019,6.62368420554511
Europe & Central Asia,ECS,2018,6.87753387966177
Europe & Central Asia,ECS,2017,7.48553527599582
Europe & Central Asia,ECS,2016,8.07810584353711
Europe & Central Asia,ECS,2015,8.55822892785091
Europe & Central Asia,ECS,2014,8.94531748737116
Europe & Central Asia,ECS,2013,9.26791470889925
Europe & Central Asia,ECS,2012,9.07096034933149
Europe & Central Asia,ECS,2011,8.8511592613399
Europe & Central Asia,ECS,2010,9.11732766770857
Europe & Central Asia,ECS,2009,9.05895187341577
Europe & Central Asia,ECS,2008,7.16897078667497
Europe & Central Asia,ECS,2007,7.24696438985174
Europe & Central Asia,ECS,2006,8.17297527475334
Europe & Central Asia,ECS,2005,8.7318165816003
Europe & Central Asia,ECS,2004,9.05651425282142
Europe & Central Asia,ECS,2003,9.11346744115473
Europe & Central Asia,ECS,2002,9.07870920871455
Europe & Central Asia,ECS,2001,9.0564200675213
Europe & Central Asia,ECS,2000,9.68483091902418
Europe & Central Asia,ECS,1999,10.5851773676979
Europe & Central Asia,ECS,1998,10.6928774380072
Europe & Central Asia,ECS,1997,10.5181612217563
Europe & Central Asia,ECS,1996,10.2686228030506
Europe & Central Asia,ECS,1995,9.9311190228704
Europe & Central Asia,ECS,1994,9.65148359317699
Europe & Central Asia,ECS,1993,8.65755617021955
Europe & Central Asia,ECS,1992,7.50363987800311
Europe & Central Asia,ECS,1991,6.89908680494163
Europe & Central Asia (excluding high income),ECA,2025,6.83346297049418
Europe & Central Asia (excluding high income),ECA,2024,6.90392605245375
Europe & Central Asia (excluding high income),ECA,2023,7.17966785115489
Europe & Central Asia (excluding high income),ECA,2022,7.71538545377934
Europe & Central Asia (excluding high income),ECA,2021,8.95407922243149
Europe & Central Asia (excluding high income),ECA,2020,9.26814225066228
Europe & Central Asia (excluding high income),ECA,2019,9.11807057814077
Europe & Central Asia (excluding high income),ECA,2018,8.61159005290134
Europe & Central Asia (excluding high income),ECA,2017,8.94336027365094
Europe & Central Asia (excluding high income),ECA,2016,9.03756351375215
Europe & Central Asia (excluding high income),ECA,2015,8.9610543144391
Europe & Central Asia (excluding high income),ECA,2014,8.96073635337147
Europe & Central Asia (excluding high income),ECA,2013,8.56358395138192
Europe & Central Asia (excluding high income),ECA,2012,8.60097981057875
Europe & Central Asia (excluding high income),ECA,2011,8.88391871872232
Europe & Central Asia (excluding high income),ECA,2010,9.54059516043394
Europe & Central Asia (excluding high income),ECA,2009,10.1856136243961
Europe & Central Asia (excluding high income),ECA,2008,8.58123430648126
Europe & Central Asia (excluding high income),ECA,2007,8.61312246579108
Europe & Central Asia (excluding high income),ECA,2006,9.15632666629247
Europe & Central Asia (excluding high income),ECA,2005,9.62072328847468
Europe & Central Asia (excluding high income),ECA,2004,10.1363077374344
Europe & Central Asia (excluding high income),ECA,2003,10.290974644155
Europe & Central Asia (excluding high income),ECA,2002,10.702874375174
Europe & Central Asia (excluding high income),ECA,2001,10.6408534193536
Europe & Central Asia (excluding high income),ECA,2000,10.7462183942089
Europe & Central Asia (excluding high income),ECA,1999,11.3939211887159
Europe & Central Asia (excluding high income),ECA,1998,11.0176037980024
Europe & Central Asia (excluding high income),ECA,1997,10.123820205318
Europe & Central Asia (excluding high income),ECA,1996,9.94996550467078
Europe & Central Asia (excluding high income),ECA,1995,8.5598066611286
Europe & Central Asia (excluding high income),ECA,1994,7.15598913122265
Europe & Central Asia (excluding high income),ECA,1993,5.93307208181572
Europe & Central Asia (excluding high income),ECA,1992,5.26992299704434
Europe & Central Asia (excluding high income),ECA,1991,4.47175276094931
Europe & Central Asia (IDA & IBRD countries),TEC,2025,4.61967413491655
Europe & Central Asia (IDA & IBRD countries),TEC,2024,4.71442788634565
Europe & Central Asia (IDA & IBRD countries),TEC,2023,5.07700038173614
Europe & Central Asia (IDA & IBRD countries),TEC,2022,5.62584537984402
Europe & Central Asia (IDA & IBRD countries),TEC,2021,6.78803635122713
Europe & Central Asia (IDA & IBRD countries),TEC,2020,7.20291679357834
Europe & Central Asia (IDA & IBRD countries),TEC,2019,6.70220366105967
Europe & Central Asia (IDA & IBRD countries),TEC,2018,6.64992815855912
Europe & Central Asia (IDA & IBRD countries),TEC,2017,7.09014958895511
Europe & Central Asia (IDA & IBRD countries),TEC,2016,7.43861188713932
Europe & Central Asia (IDA & IBRD countries),TEC,2015,7.60801134268431
Europe & Central Asia (IDA & IBRD countries),TEC,2014,7.62801272694854
Europe & Central Asia (IDA & IBRD countries),TEC,2013,7.69053724382222
Europe & Central Asia (IDA & IBRD countries),TEC,2012,7.63560375277808
Europe & Central Asia (IDA & IBRD countries),TEC,2011,8.10364260938392
Europe & Central Asia (IDA & IBRD countries),TEC,2010,8.67633640799942
Europe & Central Asia (IDA & IBRD countries),TEC,2009,9.09793178837198
Europe & Central Asia (IDA & IBRD countries),TEC,2008,7.37988688857846
Europe & Central Asia (IDA & IBRD countries),TEC,2007,7.59407523011705
Europe & Central Asia (IDA & IBRD countries),TEC,2006,8.7030435256555
Europe & Central Asia (IDA & IBRD countries),TEC,2005,9.31364245463686
Europe & Central Asia (IDA & IBRD countries),TEC,2004,9.96727145258182
Europe & Central Asia (IDA & IBRD countries),TEC,2003,10.3043605492778
Europe & Central Asia (IDA & IBRD countries),TEC,2002,10.5396612637819
Europe & Central Asia (IDA & IBRD countries),TEC,2001,10.7447066639553
Europe & Central Asia (IDA & IBRD countries),TEC,2000,11.0183192610913
Europe & Central Asia (IDA & IBRD countries),TEC,1999,11.9116471065413
Europe & Central Asia (IDA & IBRD countries),TEC,1998,11.4943269237354
Europe & Central Asia (IDA & IBRD countries),TEC,1997,10.6542403206707
Europe & Central Asia (IDA & IBRD countries),TEC,1996,9.9834256885538
Europe & Central Asia (IDA & IBRD countries),TEC,1995,9.38897907204676
Europe & Central Asia (IDA & IBRD countries),TEC,1994,8.4016596302501
Europe & Central Asia (IDA & IBRD countries),TEC,1993,7.0346645065866
Europe & Central Asia (IDA & IBRD countries),TEC,1992,6.36813427704303
Europe & Central Asia (IDA & IBRD countries),TEC,1991,5.90955131197024
European Union,EUU,2025,5.92651809121259
European Union,EUU,2024,5.92300803762815
European Union,EUU,2023,6.02643653344515
European Union,EUU,2022,6.16136079316676
European Union,EUU,2021,7.0265794645481
European Union,EUU,2020,7.05471356704802
European Union,EUU,2019,6.67705052747452
European Union,EUU,2018,7.24425466386935
European Union,EUU,2017,8.13208945121752
European Union,EUU,2016,9.1056944627421
European Union,EUU,2015,10.0165353301996
European Union,EUU,2014,10.8255885011473
European Union,EUU,2013,11.3511730368596
European Union,EUU,2012,10.8758482088061
European Union,EUU,2011,9.92888294564936
European Union,EUU,2010,9.87327234610775
European Union,EUU,2009,9.21120412957521
European Union,EUU,2008,7.24163431745465
European Union,EUU,2007,7.5031053820411
European Union,EUU,2006,8.68896256105534
European Union,EUU,2005,9.63100586720302
European Union,EUU,2004,9.86057517861666
European Union,EUU,2003,9.70782702151942
European Union,EUU,2002,9.5656358156472
European Union,EUU,2001,9.20662418982846
European Union,EUU,2000,9.6992067646065
European Union,EUU,1999,10.2140715975986
European Union,EUU,1998,10.5276376311465
European Union,EUU,1997,10.9465383712559
European Union,EUU,1996,11.1438232362614
European Union,EUU,1995,11.109236245509
European Union,EUU,1994,11.5479115718762
European Union,EUU,1993,10.8519435596734
European Union,EUU,1992,9.2310495773906
European Union,EUU,1991,8.58619358196168
Fragile and conflict affected situations,FCS,2025,5.12087353705196
Fragile and conflict affected situations,FCS,2024,5.10292528264286
Fragile and conflict affected situations,FCS,2023,5.25788625090276
Fragile and conflict affected situations,FCS,2022,5.66963973502859
Fragile and conflict affected situations,FCS,2021,6.78144462467384
Fragile and conflict affected situations,FCS,2020,6.65657957461586
Fragile and conflict affected situations,FCS,2019,5.90080932795554
Fragile and conflict affected situations,FCS,2018,5.85152506730988
Fragile and conflict affected situations,FCS,2017,5.84698350124452
Fragile and conflict affected situations,FCS,2016,5.62699513440415
Fragile and conflict affected situations,FCS,2015,5.47368968838346
Fragile and conflict affected situations,FCS,2014,5.37288631344439
Fragile and conflict affected situations,FCS,2013,5.22783229689778
Fragile and conflict affected situations,FCS,2012,5.23732928583222
Fragile and conflict affected situations,FCS,2011,5.17742478848615
Fragile and conflict affected situations,FCS,2010,5.13136973093564
Fragile and conflict affected situations,FCS,2009,5.05847183686227
Fragile and conflict affected situations,FCS,2008,5.00225362970178
Fragile and conflict affected situations,FCS,2007,4.96588170785721
Fragile and conflict affected situations,FCS,2006,5.03911118703589
Fragile and conflict affected situations,FCS,2005,5.17767975776894
Fragile and conflict affected situations,FCS,2004,5.48623094719852
Fragile and conflict affected situations,FCS,2003,5.64312921777869
Fragile and conflict affected situations,FCS,2002,5.77114189513379
Fragile and conflict affected situations,FCS,2001,5.80674802618769
Fragile and conflict affected situations,FCS,2000,5.89463669839926
Fragile and conflict affected situations,FCS,1999,5.91106797509165
Fragile and conflict affected situations,FCS,1998,5.67463210572767
Fragile and conflict affected situations,FCS,1997,5.42867756634261
Fragile and conflict affected situations,FCS,1996,5.33010913621677
Fragile and conflict affected situations,FCS,1995,5.06716615448784
Fragile and conflict affected situations,FCS,1994,4.58781916448892
Fragile and conflict affected situations,FCS,1993,4.4933108272632
Fragile and conflict affected situations,FCS,1992,4.46708088098546
Fragile and conflict affected situations,FCS,1991,4.51253711157987
Heavily indebted poor countries (HIPC),HPC,2025,4.14029129900976
Heavily indebted poor countries (HIPC),HPC,2024,4.14848963835004
Heavily indebted poor countries (HIPC),HPC,2023,4.19619473713708
Heavily indebted poor countries (HIPC),HPC,2022,4.43078249558701
Heavily indebted poor countries (HIPC),HPC,2021,4.93435685063582
Heavily indebted poor countries (HIPC),HPC,2020,5.01828149435176
Heavily indebted poor countries (HIPC),HPC,2019,4.32712993411352
Heavily indebted poor countries (HIPC),HPC,2018,4.33305716551729
Heavily indebted poor countries (HIPC),HPC,2017,4.3687433547996
Heavily indebted poor countries (HIPC),HPC,2016,4.36081253702186
Heavily indebted poor countries (HIPC),HPC,2015,4.41918817317726
Heavily indebted poor countries (HIPC),HPC,2014,4.28826647868032
Heavily indebted poor countries (HIPC),HPC,2013,4.27669196602094
Heavily indebted poor countries (HIPC),HPC,2012,4.55871731026607
Heavily indebted poor countries (HIPC),HPC,2011,4.74293021322176
Heavily indebted poor countries (HIPC),HPC,2010,4.78364031173157
Heavily indebted poor countries (HIPC),HPC,2009,4.57265134354586
Heavily indebted poor countries (HIPC),HPC,2008,4.52527614628092
Heavily indebted poor countries (HIPC),HPC,2007,4.54454519553662
Heavily indebted poor countries (HIPC),HPC,2006,4.59618717389945
Heavily indebted poor countries (HIPC),HPC,2005,4.68888744539656
Heavily indebted poor countries (HIPC),HPC,2004,4.85081989248064
Heavily indebted poor countries (HIPC),HPC,2003,4.99109102200802
Heavily indebted poor countries (HIPC),HPC,2002,5.03835833800164
Heavily indebted poor countries (HIPC),HPC,2001,5.07037722965317
Heavily indebted poor countries (HIPC),HPC,2000,5.14077341492919
Heavily indebted poor countries (HIPC),HPC,1999,5.09699241426821
Heavily indebted poor countries (HIPC),HPC,1998,4.95227177541551
Heavily indebted poor countries (HIPC),HPC,1997,4.88640547366322
Heavily indebted poor countries (HIPC),HPC,1996,4.95209843066913
Heavily indebted poor countries (HIPC),HPC,1995,4.98342281731573
Heavily indebted poor countries (HIPC),HPC,1994,5.16730035156024
Heavily indebted poor countries (HIPC),HPC,1993,5.22608473462243
Heavily indebted poor countries (HIPC),HPC,1992,5.23070943274951
Heavily indebted poor countries (HIPC),HPC,1991,5.12070312374583
IBRD only,IBD,2025,4.97734579110731
IBRD only,IBD,2024,5.02151629934745
IBRD only,IBD,2023,5.11483942298028
IBRD only,IBD,2022,5.56994264084484
IBRD only,IBD,2021,6.31312953704222
IBRD only,IBD,2020,6.95128407575739
IBRD only,IBD,2019,6.06655916125813
IBRD only,IBD,2018,6.28190637378299
IBRD only,IBD,2017,6.39131744182122
IBRD only,IBD,2016,6.41617806380602
IBRD only,IBD,2015,6.30417535482962
IBRD only,IBD,2014,6.16790791106399
IBRD only,IBD,2013,6.18706162531591
IBRD only,IBD,2012,6.18009390756913
IBRD only,IBD,2011,6.26592646975981
IBRD only,IBD,2010,6.38041154792517
IBRD only,IBD,2009,6.61644359608536
IBRD only,IBD,2008,6.30181703865489
IBRD only,IBD,2007,6.33250535472638
IBRD only,IBD,2006,6.51847415278713
IBRD only,IBD,2005,6.7433312220245
IBRD only,IBD,2004,6.81767500872433
IBRD only,IBD,2003,6.97665523180592
IBRD only,IBD,2002,6.90119517399481
IBRD only,IBD,2001,6.68806846107529
IBRD only,IBD,2000,6.5378671665525
IBRD only,IBD,1999,6.62456222247388
IBRD only,IBD,1998,6.37504928029892
IBRD only,IBD,1997,6.14475484858296
IBRD only,IBD,1996,6.03438037229408
IBRD only,IBD,1995,5.93858823293217
IBRD only,IBD,1994,5.61775478445955
IBRD only,IBD,1993,5.23619365659646
IBRD only,IBD,1992,5.00864134602565
IBRD only,IBD,1991,4.94818008732479
IDA & IBRD total,IBT,2025,4.84304079329494
IDA & IBRD total,IBT,2024,4.87442555532322
IDA & IBRD total,IBT,2023,4.95186990095765
IDA & IBRD total,IBT,2022,5.38641759178597
IDA & IBRD total,IBT,2021,6.1438114050949
IDA & IBRD total,IBT,2020,6.61362546144519
IDA & IBRD total,IBT,2019,5.76721925998948
IDA & IBRD total,IBT,2018,5.91029155867602
IDA & IBRD total,IBT,2017,5.97420353977293
IDA & IBRD total,IBT,2016,5.95304901797185
IDA & IBRD total,IBT,2015,5.89251378910782
IDA & IBRD total,IBT,2014,5.72428213427767
IDA & IBRD total,IBT,2013,5.76297907281738
IDA & IBRD total,IBT,2012,5.80093134299641
IDA & IBRD total,IBT,2011,5.80464090146674
IDA & IBRD total,IBT,2010,5.89329023432406
IDA & IBRD total,IBT,2009,6.10324262948273
IDA & IBRD total,IBT,2008,5.84623449176225
IDA & IBRD total,IBT,2007,5.86200448265076
IDA & IBRD total,IBT,2006,6.01932254782821
IDA & IBRD total,IBT,2005,6.23533050464378
IDA & IBRD total,IBT,2004,6.31905124067439
IDA & IBRD total,IBT,2003,6.47132589686559
IDA & IBRD total,IBT,2002,6.41990741313757
IDA & IBRD total,IBT,2001,6.25497510538627
IDA & IBRD total,IBT,2000,6.13803612006999
IDA & IBRD total,IBT,1999,6.21162704876033
IDA & IBRD total,IBT,1998,5.99439926601113
IDA & IBRD total,IBT,1997,5.79469409397703
IDA & IBRD total,IBT,1996,5.71138107997951
IDA & IBRD total,IBT,1995,5.63084309726097
IDA & IBRD total,IBT,1994,5.379343555189
IDA & IBRD total,IBT,1993,5.06306721250455
IDA & IBRD total,IBT,1992,4.86117181649703
IDA & IBRD total,IBT,1991,4.80291828899014
IDA blend,IDB,2025,4.42715825954522
IDA blend,IDB,2024,4.43949809013088
IDA blend,IDB,2023,4.36958257524396
IDA blend,IDB,2022,4.74456534673109
IDA blend,IDB,2021,5.813781237265
IDA blend,IDB,2020,5.79415278844651
IDA blend,IDB,2019,5.0804070213856
IDA blend,IDB,2018,4.76275439835545
IDA blend,IDB,2017,4.34851254345894
IDA blend,IDB,2016,3.73137542358032
IDA blend,IDB,2015,4.00215322009935
IDA blend,IDB,2014,3.3801313878636
IDA blend,IDB,2013,3.70433029886193
IDA blend,IDB,2012,4.08486021677751
IDA blend,IDB,2011,3.19533203358853
IDA blend,IDB,2010,3.14320402026914
IDA blend,IDB,2009,3.09853098089253
IDA blend,IDB,2008,3.04378002820466
IDA blend,IDB,2007,3.01249783655869
IDA blend,IDB,2006,3.13594252329219
IDA blend,IDB,2005,3.2286448044491
IDA blend,IDB,2004,3.27695586964825
IDA blend,IDB,2003,3.42217572676054
IDA blend,IDB,2002,3.53946096491474
IDA blend,IDB,2001,3.72882194919706
IDA blend,IDB,2000,3.82333592364451
IDA blend,IDB,1999,3.91434730814139
IDA blend,IDB,1998,3.89184762940828
IDA blend,IDB,1997,3.77455453239581
IDA blend,IDB,1996,3.79689239249562
IDA blend,IDB,1995,3.69403538353833
IDA blend,IDB,1994,3.65543950397293
IDA blend,IDB,1993,3.53024916447056
IDA blend,IDB,1992,3.31106342065644
IDA blend,IDB,1991,3.23945543564595
IDA only,IDX,2025,4.42829541893749
IDA only,IDX,2024,4.39436259005177
IDA only,IDX,2023,4.47309044453303
IDA only,IDX,2022,4.84321749828202
IDA only,IDX,2021,5.47334095799464
IDA only,IDX,2020,5.36669055791166
IDA only,IDX,2019,4.58565537355345
IDA only,IDX,2018,4.57514391570401
IDA only,IDX,2017,4.6296367615898
IDA only,IDX,2016,4.65555478300369
IDA only,IDX,2015,4.66372876139455
IDA only,IDX,2014,4.53740484773331
IDA only,IDX,2013,4.50875002517795
IDA only,IDX,2012,4.57369221767426
IDA only,IDX,2011,4.56857556253715
IDA only,IDX,2010,4.54192222128241
IDA only,IDX,2009,4.67961700626147
IDA only,IDX,2008,4.60368834910733
IDA only,IDX,2007,4.50718786849523
IDA only,IDX,2006,4.46399684953156
IDA only,IDX,2005,4.65145396689018
IDA only,IDX,2004,4.7856089666451
IDA only,IDX,2003,4.8684254959882
IDA only,IDX,2002,4.84896984068503
IDA only,IDX,2001,4.77495105971428
IDA only,IDX,2000,4.73257287195726
IDA only,IDX,1999,4.68037611473745
IDA only,IDX,1998,4.55267354368707
IDA only,IDX,1997,4.48776059178245
IDA only,IDX,1996,4.50426040576814
IDA only,IDX,1995,4.50759315235961
IDA only,IDX,1994,4.60808408673192
IDA only,IDX,1993,4.63092754077228
IDA only,IDX,1992,4.6043556340404
IDA only,IDX,1991,4.55360453557852
IDA total,IDA,2025,4.42787371896187
IDA total,IDA,2024,4.41110085739661
IDA total,IDA,2023,4.43505142118137
IDA total,IDA,2022,4.80770011659382
IDA total,IDA,2021,5.59578179046383
IDA total,IDA,2020,5.51885638627426
IDA total,IDA,2019,4.7623812532015
IDA total,IDA,2018,4.6420932568397
IDA total,IDA,2017,4.52893960230548
IDA total,IDA,2016,4.3231511668841
IDA total,IDA,2015,4.42584800452485
IDA total,IDA,2014,4.12440295798333
IDA total,IDA,2013,4.22255892497341
IDA total,IDA,2012,4.39956625407497
IDA total,IDA,2011,4.08361552252545
IDA total,IDA,2010,4.04765745305091
IDA total,IDA,2009,4.12260393901142
IDA total,IDA,2008,4.05660136215322
IDA total,IDA,2007,3.98484462603312
IDA total,IDA,2006,4.00149808563909
IDA total,IDA,2005,4.15643714559074
IDA total,IDA,2004,4.26087719864505
IDA total,IDA,2003,4.36667743397795
IDA total,IDA,2002,4.39528597726998
IDA total,IDA,2001,4.41290639290413
IDA total,IDA,2000,4.41870677984127
IDA total,IDA,1999,4.4166504871621
IDA total,IDA,1998,4.32570851831212
IDA total,IDA,1997,4.24264746039582
IDA total,IDA,1996,4.26250990852824
IDA total,IDA,1995,4.23074966396405
IDA total,IDA,1994,4.28328749855898
IDA total,IDA,1993,4.25608441507583
IDA total,IDA,1992,4.16345585602457
IDA total,IDA,1991,4.10693679025095
Late-demographic dividend,LTE,2025,4.49842503652739
Late-demographic dividend,LTE,2024,4.5972989340493
Late-demographic dividend,LTE,2023,4.79546301775753
Late-demographic dividend,LTE,2022,5.19342173027057
Late-demographic dividend,LTE,2021,5.50538470000201
Late-demographic dividend,LTE,2020,5.93153762506637
Late-demographic dividend,LTE,2019,5.19591640696366
Late-demographic dividend,LTE,2018,5.05006029808032
Late-demographic dividend,LTE,2017,5.27038544833334
Late-demographic dividend,LTE,2016,5.28065390607939
Late-demographic dividend,LTE,2015,5.11139944235291
Late-demographic dividend,LTE,2014,4.93887259586478
Late-demographic dividend,LTE,2013,5.01097351607565
Late-demographic dividend,LTE,2012,5.02938218164513
Late-demographic dividend,LTE,2011,5.11922021804217
Late-demographic dividend,LTE,2010,5.25181815855478
Late-demographic dividend,LTE,2009,5.57785428299668
Late-demographic dividend,LTE,2008,5.14867990448763
Late-demographic dividend,LTE,2007,5.11709007503548
Late-demographic dividend,LTE,2006,5.38097826380605
Late-demographic dividend,LTE,2005,5.63125210477498
Late-demographic dividend,LTE,2004,5.70845578270121
Late-demographic dividend,LTE,2003,5.90243541524635
Late-demographic dividend,LTE,2002,5.66563235164984
Late-demographic dividend,LTE,2001,5.47907914783063
Late-demographic dividend,LTE,2000,5.29485034456226
Late-demographic dividend,LTE,1999,5.4707305770275
Late-demographic dividend,LTE,1998,5.21710249367688
Late-demographic dividend,LTE,1997,4.94668708418151
Late-demographic dividend,LTE,1996,4.67637018700231
Late-demographic dividend,LTE,1995,4.47531718027036
Late-demographic dividend,LTE,1994,4.30063275796875
Late-demographic dividend,LTE,1993,3.88855373414191
Late-demographic dividend,LTE,1992,3.67499973475162
Late-demographic dividend,LTE,1991,3.66023223286086
Latin America & Caribbean,LCN,2025,5.45906708114628
Latin America & Caribbean,LCN,2024,5.86943268920785
Latin America & Caribbean,LCN,2023,6.19254754786298
Latin America & Caribbean,LCN,2022,6.93153209123053
Latin America & Caribbean,LCN,2021,9.14468415154642
Latin America & Caribbean,LCN,2020,10.214072797585
Latin America & Caribbean,LCN,2019,8.00061467672947
Latin America & Caribbean,LCN,2018,7.93331984460849
Latin America & Caribbean,LCN,2017,8.02820612705932
Latin America & Caribbean,LCN,2016,7.73682468877475
Latin America & Caribbean,LCN,2015,6.67695891386519
Latin America & Caribbean,LCN,2014,6.18310613899891
Latin America & Caribbean,LCN,2013,6.37856594564285
Latin America & Caribbean,LCN,2012,6.42118292240463
Latin America & Caribbean,LCN,2011,6.71534566285068
Latin America & Caribbean,LCN,2010,7.21826756521545
Latin America & Caribbean,LCN,2009,7.81478715032184
Latin America & Caribbean,LCN,2008,6.83921032197309
Latin America & Caribbean,LCN,2007,7.22630490484512
Latin America & Caribbean,LCN,2006,7.61413600233204
Latin America & Caribbean,LCN,2005,8.23739951394743
Latin America & Caribbean,LCN,2004,8.75018243421292
Latin America & Caribbean,LCN,2003,9.25661869657505
Latin America & Caribbean,LCN,2002,9.38790662648606
Latin America & Caribbean,LCN,2001,9.04975653454107
Latin America & Caribbean,LCN,2000,9.4445224692252
Latin America & Caribbean,LCN,1999,9.42701702915778
Latin America & Caribbean,LCN,1998,8.48626182410088
Latin America & Caribbean,LCN,1997,8.14011323257484
Latin America & Caribbean,LCN,1996,8.29119463249977
Latin America & Caribbean,LCN,1995,7.90486804676992
Latin America & Caribbean,LCN,1994,6.67780065279213
Latin America & Caribbean,LCN,1993,6.07134108681392
Latin America & Caribbean,LCN,1992,6.30385369925644
Latin America & Caribbean,LCN,1991,6.30995748550306
Latin America & Caribbean (excluding high income),LAC,2025,5.28568569134171
Latin America & Caribbean (excluding high income),LAC,2024,5.74320450887568
Latin America & Caribbean (excluding high income),LAC,2023,6.08952489876161
Latin America & Caribbean (excluding high income),LAC,2022,6.88224992720831
Latin America & Caribbean (excluding high income),LAC,2021,9.16082734268686
Latin America & Caribbean (excluding high income),LAC,2020,10.2091587750212
Latin America & Caribbean (excluding high income),LAC,2019,8.09033318956351
Latin America & Caribbean (excluding high income),LAC,2018,8.06258795479693
Latin America & Caribbean (excluding high income),LAC,2017,8.21675278591613
Latin America & Caribbean (excluding high income),LAC,2016,7.89037898781748
Latin America & Caribbean (excluding high income),LAC,2015,6.67695090020011
Latin America & Caribbean (excluding high income),LAC,2014,6.07575691219429
Latin America & Caribbean (excluding high income),LAC,2013,6.27391326261169
Latin America & Caribbean (excluding high income),LAC,2012,6.34500302860845
Latin America & Caribbean (excluding high income),LAC,2011,6.62359532407489
Latin America & Caribbean (excluding high income),LAC,2010,7.13816479765139
Latin America & Caribbean (excluding high income),LAC,2009,7.76325904485299
Latin America & Caribbean (excluding high income),LAC,2008,6.78002884731258
Latin America & Caribbean (excluding high income),LAC,2007,7.18066576953914
Latin America & Caribbean (excluding high income),LAC,2006,7.49927013814271
Latin America & Caribbean (excluding high income),LAC,2005,8.05335882665772
Latin America & Caribbean (excluding high income),LAC,2004,8.37144323116109
Latin America & Caribbean (excluding high income),LAC,2003,8.82029806556972
Latin America & Caribbean (excluding high income),LAC,2002,8.98258667227847
Latin America & Caribbean (excluding high income),LAC,2001,8.77343392903867
Latin America & Caribbean (excluding high income),LAC,2000,9.19337642576302
Latin America & Caribbean (excluding high income),LAC,1999,9.11886164441249
Latin America & Caribbean (excluding high income),LAC,1998,8.35774200401712
Latin America & Caribbean (excluding high income),LAC,1997,7.94453922455541
Latin America & Caribbean (excluding high income),LAC,1996,8.05810647447753
Latin America & Caribbean (excluding high income),LAC,1995,7.81147543178073
Latin America & Caribbean (excluding high income),LAC,1994,6.48651570394148
Latin America & Caribbean (excluding high income),LAC,1993,5.93566914514152
Latin America & Caribbean (excluding high income),LAC,1992,6.13845418981951
Latin America & Caribbean (excluding high income),LAC,1991,6.02410331623917
Latin America & the Caribbean (IDA & IBRD countries),TLA,2025,5.50985450118759
Latin America & the Caribbean (IDA & IBRD countries),TLA,2024,5.9308852770292
Latin America & the Caribbean (IDA & IBRD countries),TLA,2023,6.26268991297245
Latin America & the Caribbean (IDA & IBRD countries),TLA,2022,7.01556949606688
Latin America & the Caribbean (IDA & IBRD countries),TLA,2021,9.26330031941499
Latin America & the Caribbean (IDA & IBRD countries),TLA,2020,10.355452107179
Latin America & the Caribbean (IDA & IBRD countries),TLA,2019,8.10633851896146
Latin America & the Caribbean (IDA & IBRD countries),TLA,2018,8.03589728630349
Latin America & the Caribbean (IDA & IBRD countries),TLA,2017,8.12865999426483
Latin America & the Caribbean (IDA & IBRD countries),TLA,2016,7.82039688517988
Latin America & the Caribbean (IDA & IBRD countries),TLA,2015,6.72924741273479
Latin America & the Caribbean (IDA & IBRD countries),TLA,2014,6.20935559864304
Latin America & the Caribbean (IDA & IBRD countries),TLA,2013,6.39401761164224
Latin America & the Caribbean (IDA & IBRD countries),TLA,2012,6.43477941830029
Latin America & the Caribbean (IDA & IBRD countries),TLA,2011,6.73516198738484
Latin America & the Caribbean (IDA & IBRD countries),TLA,2010,7.26042689855492
Latin America & the Caribbean (IDA & IBRD countries),TLA,2009,7.89406164784247
Latin America & the Caribbean (IDA & IBRD countries),TLA,2008,6.9157446304206
Latin America & the Caribbean (IDA & IBRD countries),TLA,2007,7.31214733545694
Latin America & the Caribbean (IDA & IBRD countries),TLA,2006,7.7076777430645
Latin America & the Caribbean (IDA & IBRD countries),TLA,2005,8.34365571129642
Latin America & the Caribbean (IDA & IBRD countries),TLA,2004,8.88029213614675
Latin America & the Caribbean (IDA & IBRD countries),TLA,2003,9.38382565258049
Latin America & the Caribbean (IDA & IBRD countries),TLA,2002,9.50084872810719
Latin America & the Caribbean (IDA & IBRD countries),TLA,2001,9.1432735656305
Latin America & the Caribbean (IDA & IBRD countries),TLA,2000,9.52894893986909
Latin America & the Caribbean (IDA & IBRD countries),TLA,1999,9.48237924552907
Latin America & the Caribbean (IDA & IBRD countries),TLA,1998,8.50383489490465
Latin America & the Caribbean (IDA & IBRD countries),TLA,1997,8.12385222071719
Latin America & the Caribbean (IDA & IBRD countries),TLA,1996,8.26787405014723
Latin America & the Caribbean (IDA & IBRD countries),TLA,1995,7.85357644180886
Latin America & the Caribbean (IDA & IBRD countries),TLA,1994,6.56680800344838
Latin America & the Caribbean (IDA & IBRD countries),TLA,1993,5.9122489733434
Latin America & the Caribbean (IDA & IBRD countries),TLA,1992,6.16195847363912
Latin America & the Caribbean (IDA & IBRD countries),TLA,1991,6.18499961502329
Least developed countries: UN classification,LDC,2025,4.66480928166506
Least developed countries: UN classification,LDC,2024,4.63004995634959
Least developed countries: UN classification,LDC,2023,4.69874423007014
Least developed countries: UN classification,LDC,2022,5.05048767454214
Least developed countries: UN classification,LDC,2021,5.7342733352141
Least developed countries: UN classification,LDC,2020,5.5984272213638
Least developed countries: UN classification,LDC,2019,4.87319739899668
Least developed countries: UN classification,LDC,2018,4.87642905613966
Least developed countries: UN classification,LDC,2017,4.95273324976286
Least developed countries: UN classification,LDC,2016,4.8918256789537
Least developed countries: UN classification,LDC,2015,4.82634268692319
Least developed countries: UN classification,LDC,2014,4.7478845482911
Least developed countries: UN classification,LDC,2013,4.78810702335574
Least developed countries: UN classification,LDC,2012,4.84447014073901
Least developed countries: UN classification,LDC,2011,4.85581288914549
Least developed countries: UN classification,LDC,2010,4.75657307667184
Least developed countries: UN classification,LDC,2009,4.88165129097702
Least developed countries: UN classification,LDC,2008,4.78615582186984
Least developed countries: UN classification,LDC,2007,4.72846171671699
Least developed countries: UN classification,LDC,2006,4.66743315924375
Least developed countries: UN classification,LDC,2005,4.78617235413845
Least developed countries: UN classification,LDC,2004,4.8461040020584
Least developed countries: UN classification,LDC,2003,4.88891565223902
Least developed countries: UN classification,LDC,2002,4.81370443469752
Least developed countries: UN classification,LDC,2001,4.72346641947108
Least developed countries: UN classification,LDC,2000,4.69028330186409
Least developed countries: UN classification,LDC,1999,4.64027270266917
Least developed countries: UN classification,LDC,1998,4.54294047396138
Least developed countries: UN classification,LDC,1997,4.46140795668622
Least developed countries: UN classification,LDC,1996,4.46802538631446
Least developed countries: UN classification,LDC,1995,4.49940287771995
Least developed countries: UN classification,LDC,1994,4.600990950454
Least developed countries: UN classification,LDC,1993,4.62740336480402
Least developed countries: UN classification,LDC,1992,4.60753398974361
Least developed countries: UN classification,LDC,1991,4.54779576422489
Low & middle income,LMY,2025,4.91298327796184
Low & middle income,LMY,2024,4.94160293231847
Low & middle income,LMY,2023,5.00470630144505
Low & middle income,LMY,2022,5.4501372521796
Low & middle income,LMY,2021,6.20117690908003
Low & middle income,LMY,2020,6.6636269031363
Low & middle income,LMY,2019,5.84822511373103
Low & middle income,LMY,2018,5.98999541060915
Low & middle income,LMY,2017,6.04325903299711
Low & middle income,LMY,2016,5.99811641501721
Low & middle income,LMY,2015,5.9151653043874
Low & middle income,LMY,2014,5.73024977441405
Low & middle income,LMY,2013,5.75107708355317
Low & middle income,LMY,2012,5.79670311681129
Low & middle income,LMY,2011,5.76478083157227
Low & middle income,LMY,2010,5.82874130267436
Low & middle income,LMY,2009,6.03268599783015
Low & middle income,LMY,2008,5.84635579413637
Low & middle income,LMY,2007,5.84061607071867
Low & middle income,LMY,2006,5.92329736043004
Low & middle income,LMY,2005,6.10189134627543
Low & middle income,LMY,2004,6.12436721134229
Low & middle income,LMY,2003,6.24862006224706
Low & middle income,LMY,2002,6.18899642896501
Low & middle income,LMY,2001,6.00285447710927
Low & middle income,LMY,2000,5.84310963310359
Low & middle income,LMY,1999,5.85505753745311
Low & middle income,LMY,1998,5.68185852139688
Low & middle income,LMY,1997,5.50368537005251
Low & middle income,LMY,1996,5.46096569968567
Low & middle income,LMY,1995,5.38296480095666
Low & middle income,LMY,1994,5.14887709339877
Low & middle income,LMY,1993,4.90106925354757
Low & middle income,LMY,1992,4.70977041216799
Low & middle income,LMY,1991,4.64433287742556
"Middle East, North Africa, Afghanistan & Pakistan",MEA,2025,7.79483882954434
"Middle East, North Africa, Afghanistan & Pakistan",MEA,2024,7.8404049815873
"Middle East, North Africa, Afghanistan & Pakistan",MEA,2023,7.79272191834479
"Middle East, North Africa, Afghanistan & Pakistan",MEA,2022,8.23898776216766
"Middle East, North Africa, Afghanistan & Pakistan",MEA,2021,9.00366611562493
"Middle East, North Africa, Afghanistan & Pakistan",MEA,2020,9.14819309323363
"Middle East, North Africa, Afghanistan & Pakistan",MEA,2019,8.33082967841649
"Middle East, North Africa, Afghanistan & Pakistan",MEA,2018,8.53535637968998
"Middle East, North Africa, Afghanistan & Pakistan",MEA,2017,8.5198428948238
"Middle East, North Africa, Afghanistan & Pakistan",MEA,2016,8.0751146709309
"Middle East, North Africa, Afghanistan & Pakistan",MEA,2015,8.36498933286657
"Middle East, North Africa, Afghanistan & Pakistan",MEA,2014,7.64519859427481
"Middle East, North Africa, Afghanistan & Pakistan",MEA,2013,7.92975020058705
"Middle East, North Africa, Afghanistan & Pakistan",MEA,2012,8.34766826613965
"Middle East, North Africa, Afghanistan & Pakistan",MEA,2011,7.23452105809906
"Middle East, North Africa, Afghanistan & Pakistan",MEA,2010,6.85675050559872
"Middle East, North Africa, Afghanistan & Pakistan",MEA,2009,6.71404844364157
"Middle East, North Africa, Afghanistan & Pakistan",MEA,2008,6.58386551452509
"Middle East, North Africa, Afghanistan & Pakistan",MEA,2007,6.82070410411982
"Middle East, North Africa, Afghanistan & Pakistan",MEA,2006,7.22108801251314
"Middle East, North Africa, Afghanistan & Pakistan",MEA,2005,7.65760282606948
"Middle East, North Africa, Afghanistan & Pakistan",MEA,2004,7.54776306570901
"Middle East, North Africa, Afghanistan & Pakistan",MEA,2003,8.30300037305323
"Middle East, North Africa, Afghanistan & Pakistan",MEA,2002,8.48914200309222
"Middle East, North Africa, Afghanistan & Pakistan",MEA,2001,8.42943669202
"Middle East, North Africa, Afghanistan & Pakistan",MEA,2000,8.4169385368672
"Middle East, North Africa, Afghanistan & Pakistan",MEA,1999,8.10473132845309
"Middle East, North Africa, Afghanistan & Pakistan",MEA,1998,7.86215125968508
"Middle East, North Africa, Afghanistan & Pakistan",MEA,1997,7.77681950155754
"Middle East, North Africa, Afghanistan & Pakistan",MEA,1996,7.96657131190278
"Middle East, North Africa, Afghanistan & Pakistan",MEA,1995,8.74623216428901
"Middle East, North Africa, Afghanistan & Pakistan",MEA,1994,8.52159746477789
"Middle East, North Africa, Afghanistan & Pakistan",MEA,1993,8.52874979745686
"Middle East, North Africa, Afghanistan & Pakistan",MEA,1992,8.07196382177059
"Middle East, North Africa, Afghanistan & Pakistan",MEA,1991,7.96325856391227
"Middle East, North Africa, Afghanistan & Pakistan (excluding high income)",MNA,2025,8.69378066221379
"Middle East, North Africa, Afghanistan & Pakistan (excluding high income)",MNA,2024,8.70657329890235
"Middle East, North Africa, Afghanistan & Pakistan (excluding high income)",MNA,2023,8.59209919735259
"Middle East, North Africa, Afghanistan & Pakistan (excluding high income)",MNA,2022,8.9382675467404
"Middle East, North Africa, Afghanistan & Pakistan (excluding high income)",MNA,2021,9.6948074926195
"Middle East, North Africa, Afghanistan & Pakistan (excluding high income)",MNA,2020,9.77596723068346
"Middle East, North Africa, Afghanistan & Pakistan (excluding high income)",MNA,2019,9.06488013658605
"Middle East, North Africa, Afghanistan & Pakistan (excluding high income)",MNA,2018,9.28194998275843
"Middle East, North Africa, Afghanistan & Pakistan (excluding high income)",MNA,2017,9.25338345180518
"Middle East, North Africa, Afghanistan & Pakistan (excluding high income)",MNA,2016,8.75542082657381
"Middle East, North Africa, Afghanistan & Pakistan (excluding high income)",MNA,2015,9.05052035727651
"Middle East, North Africa, Afghanistan & Pakistan (excluding high income)",MNA,2014,8.14794947550081
"Middle East, North Africa, Afghanistan & Pakistan (excluding high income)",MNA,2013,8.46109583177143
"Middle East, North Africa, Afghanistan & Pakistan (excluding high income)",MNA,2012,8.88951819638217
"Middle East, North Africa, Afghanistan & Pakistan (excluding high income)",MNA,2011,7.58032093040946
"Middle East, North Africa, Afghanistan & Pakistan (excluding high income)",MNA,2010,7.123332390198
"Middle East, North Africa, Afghanistan & Pakistan (excluding high income)",MNA,2009,6.94800177686091
"Middle East, North Africa, Afghanistan & Pakistan (excluding high income)",MNA,2008,6.84334845869645
"Middle East, North Africa, Afghanistan & Pakistan (excluding high income)",MNA,2007,7.0181698985801
"Middle East, North Africa, Afghanistan & Pakistan (excluding high income)",MNA,2006,7.39019405991603
"Middle East, North Africa, Afghanistan & Pakistan (excluding high income)",MNA,2005,7.84838151626538
"Middle East, North Africa, Afghanistan & Pakistan (excluding high income)",MNA,2004,7.69407412818457
"Middle East, North Africa, Afghanistan & Pakistan (excluding high income)",MNA,2003,8.52231485976773
"Middle East, North Africa, Afghanistan & Pakistan (excluding high income)",MNA,2002,8.74924905373015
"Middle East, North Africa, Afghanistan & Pakistan (excluding high income)",MNA,2001,8.72286096614539
"Middle East, North Africa, Afghanistan & Pakistan (excluding high income)",MNA,2000,8.71870374230222
"Middle East, North Africa, Afghanistan & Pakistan (excluding high income)",MNA,1999,8.37484954351616
"Middle East, North Africa, Afghanistan & Pakistan (excluding high income)",MNA,1998,8.10371343099382
"Middle East, North Africa, Afghanistan & Pakistan (excluding high income)",MNA,1997,8.00919483294535
"Middle East, North Africa, Afghanistan & Pakistan (excluding high income)",MNA,1996,8.22167447864503
"Middle East, North Africa, Afghanistan & Pakistan (excluding high income)",MNA,1995,9.04197057012473
"Middle East, North Africa, Afghanistan & Pakistan (excluding high income)",MNA,1994,8.75493973614969
"Middle East, North Africa, Afghanistan & Pakistan (excluding high income)",MNA,1993,8.6904598679539
"Middle East, North Africa, Afghanistan & Pakistan (excluding high income)",MNA,1992,8.15777841491164
"Middle East, North Africa, Afghanistan & Pakistan (excluding high income)",MNA,1991,8.04281882929149
"Middle East, North Africa, Afghanistan & Pakistan (IDA & IBRD)",TMN,2025,8.69378066221379
"Middle East, North Africa, Afghanistan & Pakistan (IDA & IBRD)",TMN,2024,8.70657329890235
"Middle East, North Africa, Afghanistan & Pakistan (IDA & IBRD)",TMN,2023,8.59209919735259
"Middle East, North Africa, Afghanistan & Pakistan (IDA & IBRD)",TMN,2022,8.83598059809406
"Middle East, North Africa, Afghanistan & Pakistan (IDA & IBRD)",TMN,2021,9.58930430798613
"Middle East, North Africa, Afghanistan & Pakistan (IDA & IBRD)",TMN,2020,9.67954007701653
"Middle East, North Africa, Afghanistan & Pakistan (IDA & IBRD)",TMN,2019,8.96317446023269
"Middle East, North Africa, Afghanistan & Pakistan (IDA & IBRD)",TMN,2018,9.1788143786994
"Middle East, North Africa, Afghanistan & Pakistan (IDA & IBRD)",TMN,2017,9.15400226751887
"Middle East, North Africa, Afghanistan & Pakistan (IDA & IBRD)",TMN,2016,8.66507565229991
"Middle East, North Africa, Afghanistan & Pakistan (IDA & IBRD)",TMN,2015,8.96791885955849
"Middle East, North Africa, Afghanistan & Pakistan (IDA & IBRD)",TMN,2014,8.07837404021819
"Middle East, North Africa, Afghanistan & Pakistan (IDA & IBRD)",TMN,2013,8.39834200288349
"Middle East, North Africa, Afghanistan & Pakistan (IDA & IBRD)",TMN,2012,8.83376247941241
"Middle East, North Africa, Afghanistan & Pakistan (IDA & IBRD)",TMN,2011,7.52714837608606
"Middle East, North Africa, Afghanistan & Pakistan (IDA & IBRD)",TMN,2010,7.05144257493513
"Middle East, North Africa, Afghanistan & Pakistan (IDA & IBRD)",TMN,2009,6.88122796682575
"Middle East, North Africa, Afghanistan & Pakistan (IDA & IBRD)",TMN,2008,6.76464093439402
"Middle East, North Africa, Afghanistan & Pakistan (IDA & IBRD)",TMN,2007,6.96341976204585
"Middle East, North Africa, Afghanistan & Pakistan (IDA & IBRD)",TMN,2006,7.33599436897474
"Middle East, North Africa, Afghanistan & Pakistan (IDA & IBRD)",TMN,2005,7.79217578193013
"Middle East, North Africa, Afghanistan & Pakistan (IDA & IBRD)",TMN,2004,7.62342664414024
"Middle East, North Africa, Afghanistan & Pakistan (IDA & IBRD)",TMN,2003,8.45544746199598
"Middle East, North Africa, Afghanistan & Pakistan (IDA & IBRD)",TMN,2002,8.66928035849804
"Middle East, North Africa, Afghanistan & Pakistan (IDA & IBRD)",TMN,2001,8.66782939884288
"Middle East, North Africa, Afghanistan & Pakistan (IDA & IBRD)",TMN,2000,8.70973223936551
"Middle East, North Africa, Afghanistan & Pakistan (IDA & IBRD)",TMN,1999,8.36545993025764
"Middle East, North Africa, Afghanistan & Pakistan (IDA & IBRD)",TMN,1998,8.09262446768442
"Middle East, North Africa, Afghanistan & Pakistan (IDA & IBRD)",TMN,1997,7.99731851319209
"Middle East, North Africa, Afghanistan & Pakistan (IDA & IBRD)",TMN,1996,8.20998075616308
"Middle East, North Africa, Afghanistan & Pakistan (IDA & IBRD)",TMN,1995,9.03428655097015
"Middle East, North Africa, Afghanistan & Pakistan (IDA & IBRD)",TMN,1994,8.74589375449375
"Middle East, North Africa, Afghanistan & Pakistan (IDA & IBRD)",TMN,1993,8.68160187265869
"Middle East, North Africa, Afghanistan & Pakistan (IDA & IBRD)",TMN,1992,8.14685219721254
"Middle East, North Africa, Afghanistan & Pakistan (IDA & IBRD)",TMN,1991,8.03168197869505
Middle income,MIC,2025,4.88571220068297
Middle income,MIC,2024,4.917823771954
Middle income,MIC,2023,4.96898586111354
Middle income,MIC,2022,5.43225929726469
Middle income,MIC,2021,6.1975169341469
Middle income,MIC,2020,6.69993931452761
Middle income,MIC,2019,5.86438207211019
Middle income,MIC,2018,6.01571305676214
Middle income,MIC,2017,6.06288569127333
Middle income,MIC,2016,6.02106354455131
Middle income,MIC,2015,5.9395730547184
Middle income,MIC,2014,5.75062867638151
Middle income,MIC,2013,5.77006457117913
Middle income,MIC,2012,5.80237450251584
Middle income,MIC,2011,5.77824724069607
Middle income,MIC,2010,5.85017441431265
Middle income,MIC,2009,6.08071155164535
Middle income,MIC,2008,5.87229754868276
Middle income,MIC,2007,5.87608645057118
Middle income,MIC,2006,5.96679299894577
Middle income,MIC,2005,6.15853119262441
Middle income,MIC,2004,6.17385389686565
Middle income,MIC,2003,6.29719027444246
Middle income,MIC,2002,6.22958469299709
Middle income,MIC,2001,6.03024850732525
Middle income,MIC,2000,5.86482215984168
Middle income,MIC,1999,5.88534588737734
Middle income,MIC,1998,5.70694502615219
Middle income,MIC,1997,5.52299509996656
Middle income,MIC,1996,5.47835305534338
Middle income,MIC,1995,5.39659604636452
Middle income,MIC,1994,5.14242714622036
Middle income,MIC,1993,4.88064691663017
Middle income,MIC,1992,4.68043342060315
Middle income,MIC,1991,4.61513992758544
North America,NAC,2025,4.51095574626817
North America,NAC,2024,4.29037573277215
North America,NAC,2023,3.84073751321764
North America,NAC,2022,3.83303148633239
North America,NAC,2021,5.59210979982087
North America,NAC,2020,8.23059990715153
North America,NAC,2019,3.890566885067
North America,NAC,2018,4.10721129091519
North America,NAC,2017,4.57971738602629
North America,NAC,2016,5.10340701910414
North America,NAC,2015,5.4606408215288
North America,NAC,2014,6.26083245211775
North America,NAC,2013,7.34976348971497
North America,NAC,2012,7.99588953313322
North America,NAC,2011,8.80784798616693
North America,NAC,2010,9.47758645184374
North America,NAC,2009,9.16994852137916
North America,NAC,2008,5.83652846325955
North America,NAC,2007,4.78243165759455
North America,NAC,2006,4.81614136114576
North America,NAC,2005,5.25750859640354
North America,NAC,2004,5.70124819512877
North America,NAC,2003,6.15326151532504
North America,NAC,2002,5.97486412366027
North America,NAC,2001,4.97961964201139
North America,NAC,2000,4.27316817166147
North America,NAC,1999,4.55171801715172
North America,NAC,1998,4.88226202925985
North America,NAC,1997,5.40301547573426
North America,NAC,1996,5.86183271562099
North America,NAC,1995,6.03024492508477
North America,NAC,1994,6.54555954314501
North America,NAC,1993,7.34989291267264
North America,NAC,1992,7.87315728585848
North America,NAC,1991,7.16085104908465
OECD members,OED,2025,4.92579055790538
OECD members,OED,2024,4.909183925318
OECD members,OED,2023,4.82630518293887
OECD members,OED,2022,4.99493121590976
OECD members,OED,2021,6.19603952385965
OECD members,OED,2020,7.15006573828169
OECD members,OED,2019,5.38694799203713
OECD members,OED,2018,5.47531712204431
OECD members,OED,2017,5.91778939975999
OECD members,OED,2016,6.43777881290623
OECD members,OED,2015,6.86087177315421
OECD members,OED,2014,7.41355901404922
OECD members,OED,2013,8.0052013501398
OECD members,OED,2012,8.1052243905592
OECD members,OED,2011,8.12208995143807
OECD members,OED,2010,8.5207939102318
OECD members,OED,2009,8.38089327283664
OECD members,OED,2008,6.20560204861274
OECD members,OED,2007,5.88940261869547
OECD members,OED,2006,6.34618116260618
OECD members,OED,2005,6.8314671013283
OECD members,OED,2004,7.17441119702139
OECD members,OED,2003,7.27483771000377
OECD members,OED,2002,7.13987676171849
OECD members,OED,2001,6.61732244402855
OECD members,OED,2000,6.71100200632985
OECD members,OED,1999,7.16498343192011
OECD members,OED,1998,7.2199536786199
OECD members,OED,1997,7.2525797614352
OECD members,OED,1996,7.54860880642088
OECD members,OED,1995,7.60351506136332
OECD members,OED,1994,7.8347445928305
OECD members,OED,1993,7.76186074581727
OECD members,OED,1992,7.26896398956244
OECD members,OED,1991,6.78453649835212
Other small states,OSS,2025,8.59167767443203
Other small states,OSS,2024,8.48668976701628
Other small states,OSS,2023,8.44487902544127
Other small states,OSS,2022,9.01147513544492
Other small states,OSS,2021,9.49668399234599
Other small states,OSS,2020,9.99575648409841
Other small states,OSS,2019,8.37803693303246
Other small states,OSS,2018,8.78845724438525
Other small states,OSS,2017,9.26010688179757
Other small states,OSS,2016,9.69565767751643
Other small states,OSS,2015,9.99952511697503
Other small states,OSS,2014,10.4617084896957
Other small states,OSS,2013,10.7696689681663
Other small states,OSS,2012,10.5345766634014
Other small states,OSS,2011,10.5303011113759
Other small states,OSS,2010,11.1281009935269
Other small states,OSS,2009,10.7283220301547
Other small states,OSS,2008,8.87238702238271
Other small states,OSS,2007,9.04975553505642
Other small states,OSS,2006,9.68343911516973
Other small states,OSS,2005,10.5021202220473
Other small states,OSS,2004,10.6266524019735
Other small states,OSS,2003,10.6409211857421
Other small states,OSS,2002,10.2407776645491
Other small states,OSS,2001,10.9398104204621
Other small states,OSS,2000,11.0177711399269
Other small states,OSS,1999,10.6854506886027
Other small states,OSS,1998,9.95866567854553
Other small states,OSS,1997,10.1294672610186
Other small states,OSS,1996,9.99515701713923
Other small states,OSS,1995,9.94793817545676
Other small states,OSS,1994,9.57430196742702
Other small states,OSS,1993,9.40750422047572
Other small states,OSS,1992,8.54155735284872
Other small states,OSS,1991,7.94216805267713
Pacific island small states,PSS,2025,3.51831083728422
Pacific island small states,PSS,2024,3.52751412823486
Pacific island small states,PSS,2023,3.52057525691559
Pacific island small states,PSS,2022,3.60681620269367
Pacific island small states,PSS,2021,3.35468526106548
Pacific island small states,PSS,2020,3.30655660526839
Pacific island small states,PSS,2019,3.32798136589447
Pacific island small states,PSS,2018,3.35231302156857
Pacific island small states,PSS,2017,3.40034043733734
Pacific island small states,PSS,2016,3.36311039358415
Pacific island small states,PSS,2015,3.37020462675283
Pacific island small states,PSS,2014,3.39737128470569
Pacific island small states,PSS,2013,3.42532155080918
Pacific island small states,PSS,2012,3.54707816512722
Pacific island small states,PSS,2011,3.44436830760268
Pacific island small states,PSS,2010,3.50675202326758
Pacific island small states,PSS,2009,3.60850865304197
Pacific island small states,PSS,2008,3.66517406587763
Pacific island small states,PSS,2007,3.76264674833736
Pacific island small states,PSS,2006,3.81456389998427
Pacific island small states,PSS,2005,3.8404573462192
Pacific island small states,PSS,2004,4.3406725276094
Pacific island small states,PSS,2003,4.51420593104194
Pacific island small states,PSS,2002,4.61174676237171
Pacific island small states,PSS,2001,4.51782547170457
Pacific island small states,PSS,2000,4.40485764939109
Pacific island small states,PSS,1999,4.30498832186484
Pacific island small states,PSS,1998,4.26267963599519
Pacific island small states,PSS,1997,4.1590180797063
Pacific island small states,PSS,1996,4.01560097752488
Pacific island small states,PSS,1995,3.98085442407908
Pacific island small states,PSS,1994,3.90359689716017
Pacific island small states,PSS,1993,3.93673769020559
Pacific island small states,PSS,1992,3.87633861318752
Pacific island small states,PSS,1991,3.87708909176688
Post-demographic dividend,PST,2025,4.69671542934052
Post-demographic dividend,PST,2024,4.61212469541954
Post-demographic dividend,PST,2023,4.469610886267
Post-demographic dividend,PST,2022,4.52601118181449
Post-demographic dividend,PST,2021,5.80601878307517
Post-demographic dividend,PST,2020,6.72547708283435
Post-demographic dividend,PST,2019,4.93863446884342
Post-demographic dividend,PST,2018,5.29449359834603
Post-demographic dividend,PST,2017,5.85021228229905
Post-demographic dividend,PST,2016,6.41054450626655
Post-demographic dividend,PST,2015,6.88380070613878
Post-demographic dividend,PST,2014,7.46206103870454
Post-demographic dividend,PST,2013,8.01055114325588
Post-demographic dividend,PST,2012,8.11703125262048
Post-demographic dividend,PST,2011,8.06019449389029
Post-demographic dividend,PST,2010,8.34726962592943
Post-demographic dividend,PST,2009,8.07274225977277
Post-demographic dividend,PST,2008,5.90228542517582
Post-demographic dividend,PST,2007,5.57196004328002
Post-demographic dividend,PST,2006,5.994063325313
Post-demographic dividend,PST,2005,6.4091008362879
Post-demographic dividend,PST,2004,6.67204910657906
Post-demographic dividend,PST,2003,6.86199228387437
Post-demographic dividend,PST,2002,6.77664467622594
Post-demographic dividend,PST,2001,6.38359327702813
Post-demographic dividend,PST,2000,6.53699120304108
Post-demographic dividend,PST,1999,7.1145514900882
Post-demographic dividend,PST,1998,7.39692261448223
Post-demographic dividend,PST,1997,7.36478723006136
Post-demographic dividend,PST,1996,7.55967472307922
Post-demographic dividend,PST,1995,7.38445233898678
Post-demographic dividend,PST,1994,7.50942275337142
Post-demographic dividend,PST,1993,7.5103906033007
Post-demographic dividend,PST,1992,6.91243365569708
Post-demographic dividend,PST,1991,6.30420825660087
Pre-demographic dividend,PRE,2025,4.54137517937725
Pre-demographic dividend,PRE,2024,4.53457662666582
Pre-demographic dividend,PRE,2023,4.64913795185354
Pre-demographic dividend,PRE,2022,4.97198453165573
Pre-demographic dividend,PRE,2021,5.76542741642859
Pre-demographic dividend,PRE,2020,5.88792360175845
Pre-demographic dividend,PRE,2019,5.38697693157414
Pre-demographic dividend,PRE,2018,5.32779414618264
Pre-demographic dividend,PRE,2017,5.26598804411752
Pre-demographic dividend,PRE,2016,5.00711519839577
Pre-demographic dividend,PRE,2015,4.92689483295687
Pre-demographic dividend,PRE,2014,4.85763710814677
Pre-demographic dividend,PRE,2013,4.86771037914176
Pre-demographic dividend,PRE,2012,5.06267357362057
Pre-demographic dividend,PRE,2011,5.14632432089404
Pre-demographic dividend,PRE,2010,5.09326441616899
Pre-demographic dividend,PRE,2009,4.90006867902661
Pre-demographic dividend,PRE,2008,4.86733284827807
Pre-demographic dividend,PRE,2007,4.8712810896709
Pre-demographic dividend,PRE,2006,4.90961115720825
Pre-demographic dividend,PRE,2005,4.93346734324225
Pre-demographic dividend,PRE,2004,4.96161227317846
Pre-demographic dividend,PRE,2003,5.04526193299681
Pre-demographic dividend,PRE,2002,5.07187215308205
Pre-demographic dividend,PRE,2001,5.12089443897368
Pre-demographic dividend,PRE,2000,5.13327710280851
Pre-demographic dividend,PRE,1999,5.10236443756839
Pre-demographic dividend,PRE,1998,5.05916301228677
Pre-demographic dividend,PRE,1997,5.08008777711002
Pre-demographic dividend,PRE,1996,5.18058208461804
Pre-demographic dividend,PRE,1995,5.30300529201383
Pre-demographic dividend,PRE,1994,5.42250534841091
Pre-demographic dividend,PRE,1993,5.45719489861945
Pre-demographic dividend,PRE,1992,5.38583561212587
Pre-demographic dividend,PRE,1991,5.344915197388
Small states,SST,2025,7.75664307665696
Small states,SST,2024,7.68067610421584
Small states,SST,2023,7.66141080204045
Small states,SST,2022,8.21647080688741
Small states,SST,2021,8.82676059647369
Small states,SST,2020,9.20499420465331
Small states,SST,2019,7.75168865751208
Small states,SST,2018,8.10689854999494
Small states,SST,2017,8.32778127632622
Small states,SST,2016,8.66740053405156
Small states,SST,2015,8.78391504425951
Small states,SST,2014,9.17019543151895
Small states,SST,2013,9.42789036106017
Small states,SST,2012,9.31406963085983
Small states,SST,2011,9.25275015749216
Small states,SST,2010,9.64092506344516
Small states,SST,2009,9.49383006346728
Small states,SST,2008,8.00243712798649
Small states,SST,2007,8.20829015972595
Small states,SST,2006,8.74041678886564
Small states,SST,2005,9.58922696945574
Small states,SST,2004,9.79947038236949
Small states,SST,2003,10.1507838382451
Small states,SST,2002,9.84688576834024
Small states,SST,2001,10.2393243248864
Small states,SST,2000,10.4220070497304
Small states,SST,1999,10.4073769208229
Small states,SST,1998,10.0913118732191
Small states,SST,1997,10.3378370859039
Small states,SST,1996,10.3911667521844
Small states,SST,1995,10.4710896476613
Small states,SST,1994,10.5872265992528
Small states,SST,1993,10.6575821130902
Small states,SST,1992,10.138175676572
Small states,SST,1991,9.56063404717749
South Asia,SAS,2025,4.24316978447462
South Asia,SAS,2024,4.19214668978211
South Asia,SAS,2023,4.16220090187648
South Asia,SAS,2022,4.86631704704624
South Asia,SAS,2021,6.33048938390488
South Asia,SAS,2020,7.62561175204578
South Asia,SAS,2019,6.30644937347767
South Asia,SAS,2018,7.28140399591901
South Asia,SAS,2017,7.24969569674111
South Asia,SAS,2016,7.25080318686175
South Asia,SAS,2015,7.27349261228767
South Asia,SAS,2014,7.29419854752289
South Asia,SAS,2013,7.31372620028363
South Asia,SAS,2012,7.23720359721905
South Asia,SAS,2011,7.17458097714582
South Asia,SAS,2010,7.16328861819797
South Asia,SAS,2009,7.3628078548039
South Asia,SAS,2008,7.29504082041586
South Asia,SAS,2007,7.2019977638481
South Asia,SAS,2006,7.16089355787342
South Asia,SAS,2005,7.24801932806737
South Asia,SAS,2004,7.30632128284372
South Asia,SAS,2003,7.33330344756806
South Asia,SAS,2002,7.34580672778149
South Asia,SAS,2001,7.23245898235974
South Asia,SAS,2000,7.17647475389305
South Asia,SAS,1999,7.17195172652658
South Asia,SAS,1998,7.16874708180548
South Asia,SAS,1997,7.15153632180334
South Asia,SAS,1996,7.11279594729808
South Asia,SAS,1995,7.15013674904188
South Asia,SAS,1994,7.18007906379825
South Asia,SAS,1993,7.24980061619164
South Asia,SAS,1992,7.23871666924301
South Asia,SAS,1991,7.24315545951345
South Asia (IDA & IBRD),TSA,2025,4.24316978447462
South Asia (IDA & IBRD),TSA,2024,4.19214668978211
South Asia (IDA & IBRD),TSA,2023,4.16220090187648
South Asia (IDA & IBRD),TSA,2022,4.86631704704624
South Asia (IDA & IBRD),TSA,2021,6.33048938390488
South Asia (IDA & IBRD),TSA,2020,7.62561175204578
South Asia (IDA & IBRD),TSA,2019,6.30644937347767
South Asia (IDA & IBRD),TSA,2018,7.28140399591901
South Asia (IDA & IBRD),TSA,2017,7.24969569674111
South Asia (IDA & IBRD),TSA,2016,7.25080318686175
South Asia (IDA & IBRD),TSA,2015,7.27349261228767
South Asia (IDA & IBRD),TSA,2014,7.29419854752289
South Asia (IDA & IBRD),TSA,2013,7.31372620028363
South Asia (IDA & IBRD),TSA,2012,7.23720359721905
South Asia (IDA & IBRD),TSA,2011,7.17458097714582
South Asia (IDA & IBRD),TSA,2010,7.16328861819797
South Asia (IDA & IBRD),TSA,2009,7.3628078548039
South Asia (IDA & IBRD),TSA,2008,7.29504082041586
South Asia (IDA & IBRD),TSA,2007,7.2019977638481
South Asia (IDA & IBRD),TSA,2006,7.16089355787342
South Asia (IDA & IBRD),TSA,2005,7.24801932806737
South Asia (IDA & IBRD),TSA,2004,7.30632128284372
South Asia (IDA & IBRD),TSA,2003,7.33330344756806
South Asia (IDA & IBRD),TSA,2002,7.34580672778149
South Asia (IDA & IBRD),TSA,2001,7.23245898235974
South Asia (IDA & IBRD),TSA,2000,7.17647475389305
South Asia (IDA & IBRD),TSA,1999,7.17195172652658
South Asia (IDA & IBRD),TSA,1998,7.16874708180548
South Asia (IDA & IBRD),TSA,1997,7.15153632180334
South Asia (IDA & IBRD),TSA,1996,7.11279594729808
South Asia (IDA & IBRD),TSA,1995,7.15013674904188
South Asia (IDA & IBRD),TSA,1994,7.18007906379825
South Asia (IDA & IBRD),TSA,1993,7.24980061619164
South Asia (IDA & IBRD),TSA,1992,7.23871666924301
South Asia (IDA & IBRD),TSA,1991,7.24315545951344
Sub-Saharan Africa,SSF,2025,5.65798225644767
Sub-Saharan Africa,SSF,2024,5.66785964521359
Sub-Saharan Africa,SSF,2023,5.75821420848371
Sub-Saharan Africa,SSF,2022,6.07875092921414
Sub-Saharan Africa,SSF,2021,6.84417115636911
Sub-Saharan Africa,SSF,2020,6.64963226537121
Sub-Saharan Africa,SSF,2019,6.17859261789174
Sub-Saharan Africa,SSF,2018,6.03077037529887
Sub-Saharan Africa,SSF,2017,5.99278380853675
Sub-Saharan Africa,SSF,2016,5.86436518410548
Sub-Saharan Africa,SSF,2015,5.78525200580782
Sub-Saharan Africa,SSF,2014,5.62776331426723
Sub-Saharan Africa,SSF,2013,5.57284215444355
Sub-Saharan Africa,SSF,2012,5.80072495990126
Sub-Saharan Africa,SSF,2011,5.91357874156347
Sub-Saharan Africa,SSF,2010,5.9384663035217
Sub-Saharan Africa,SSF,2009,5.7640684373361
Sub-Saharan Africa,SSF,2008,5.70991877342324
Sub-Saharan Africa,SSF,2007,5.71366247607083
Sub-Saharan Africa,SSF,2006,5.75470274955599
Sub-Saharan Africa,SSF,2005,5.84542677033048
Sub-Saharan Africa,SSF,2004,5.94349195717333
Sub-Saharan Africa,SSF,2003,6.08906292747373
Sub-Saharan Africa,SSF,2002,6.1544562626131
Sub-Saharan Africa,SSF,2001,6.25801553911127
Sub-Saharan Africa,SSF,2000,6.35178469623133
Sub-Saharan Africa,SSF,1999,6.36947715632251
Sub-Saharan Africa,SSF,1998,6.26493513613641
Sub-Saharan Africa,SSF,1997,6.23960940520436
Sub-Saharan Africa,SSF,1996,6.27896875583569
Sub-Saharan Africa,SSF,1995,6.36295420429711
Sub-Saharan Africa,SSF,1994,6.50793947568754
Sub-Saharan Africa,SSF,1993,6.57864448347074
Sub-Saharan Africa,SSF,1992,6.53330879376537
Sub-Saharan Africa,SSF,1991,6.43805502816505
Sub-Saharan Africa (excluding high income),SSA,2025,5.93967607931729
Sub-Saharan Africa (excluding high income),SSA,2024,5.94641772545801
Sub-Saharan Africa (excluding high income),SSA,2023,6.04215756672425
Sub-Saharan Africa (excluding high income),SSA,2022,6.39359936161309
Sub-Saharan Africa (excluding high income),SSA,2021,7.18509355059853
Sub-Saharan Africa (excluding high income),SSA,2020,6.96662786306036
Sub-Saharan Africa (excluding high income),SSA,2019,6.57180226215195
Sub-Saharan Africa (excluding high income),SSA,2018,6.42638289617654
Sub-Saharan Africa (excluding high income),SSA,2017,6.40750708327807
Sub-Saharan Africa (excluding high income),SSA,2016,6.28002125710955
Sub-Saharan Africa (excluding high income),SSA,2015,6.20980970225917
Sub-Saharan Africa (excluding high income),SSA,2014,6.04685802721244
Sub-Saharan Africa (excluding high income),SSA,2013,6.00060257679016
Sub-Saharan Africa (excluding high income),SSA,2012,6.25627093750895
Sub-Saharan Africa (excluding high income),SSA,2011,6.37320573386418
Sub-Saharan Africa (excluding high income),SSA,2010,6.39448531562492
Sub-Saharan Africa (excluding high income),SSA,2009,6.18870705590335
Sub-Saharan Africa (excluding high income),SSA,2008,6.12296934031664
Sub-Saharan Africa (excluding high income),SSA,2007,6.12183243649404
Sub-Saharan Africa (excluding high income),SSA,2006,6.1642911884134
Sub-Saharan Africa (excluding high income),SSA,2005,6.24398512478568
Sub-Saharan Africa (excluding high income),SSA,2004,6.31841198764216
Sub-Saharan Africa (excluding high income),SSA,2003,6.45196283840583
Sub-Saharan Africa (excluding high income),SSA,2002,6.51804018847795
Sub-Saharan Africa (excluding high income),SSA,2001,6.62013398054274
Sub-Saharan Africa (excluding high income),SSA,2000,6.68468915771202
Sub-Saharan Africa (excluding high income),SSA,1999,6.67921055559192
Sub-Saharan Africa (excluding high income),SSA,1998,6.5899532501301
Sub-Saharan Africa (excluding high income),SSA,1997,6.59151019312812
Sub-Saharan Africa (excluding high income),SSA,1996,6.64686445371628
Sub-Saharan Africa (excluding high income),SSA,1995,6.75253628250272
Sub-Saharan Africa (excluding high income),SSA,1994,6.90238281783516
Sub-Saharan Africa (excluding high income),SSA,1993,6.96303245428916
Sub-Saharan Africa (excluding high income),SSA,1992,6.8923886430784
Sub-Saharan Africa (excluding high income),SSA,1991,6.79669036513229
Sub-Saharan Africa (IDA & IBRD countries),TSS,2025,5.65798225644767
Sub-Saharan Africa (IDA & IBRD countries),TSS,2024,5.66785964521359
Sub-Saharan Africa (IDA & IBRD countries),TSS,2023,5.7582142084837
Sub-Saharan Africa (IDA & IBRD countries),TSS,2022,6.07875092921414
Sub-Saharan Africa (IDA & IBRD countries),TSS,2021,6.84417115636911
Sub-Saharan Africa (IDA & IBRD countries),TSS,2020,6.64963226537121
Sub-Saharan Africa (IDA & IBRD countries),TSS,2019,6.17859261789174
Sub-Saharan Africa (IDA & IBRD countries),TSS,2018,6.03077037529887
Sub-Saharan Africa (IDA & IBRD countries),TSS,2017,5.99278380853675
Sub-Saharan Africa (IDA & IBRD countries),TSS,2016,5.86436518410549
Sub-Saharan Africa (IDA & IBRD countries),TSS,2015,5.78525200580782
Sub-Saharan Africa (IDA & IBRD countries),TSS,2014,5.62776331426723
Sub-Saharan Africa (IDA & IBRD countries),TSS,2013,5.57284215444355
Sub-Saharan Africa (IDA & IBRD countries),TSS,2012,5.80072495990126
Sub-Saharan Africa (IDA & IBRD countries),TSS,2011,5.91357874156347
Sub-Saharan Africa (IDA & IBRD countries),TSS,2010,5.9384663035217
Sub-Saharan Africa (IDA & IBRD countries),TSS,2009,5.7640684373361
Sub-Saharan Africa (IDA & IBRD countries),TSS,2008,5.70991877342324
Sub-Saharan Africa (IDA & IBRD countries),TSS,2007,5.71366247607083
Sub-Saharan Africa (IDA & IBRD countries),TSS,2006,5.75470274955599
Sub-Saharan Africa (IDA & IBRD countries),TSS,2005,5.84542677033048
Sub-Saharan Africa (IDA & IBRD countries),TSS,2004,5.94349195717333
Sub-Saharan Africa (IDA & IBRD countries),TSS,2003,6.08906292747373
Sub-Saharan Africa (IDA & IBRD countries),TSS,2002,6.1544562626131
Sub-Saharan Africa (IDA & IBRD countries),TSS,2001,6.25801553911127
Sub-Saharan Africa (IDA & IBRD countries),TSS,2000,6.35178469623133
Sub-Saharan Africa (IDA & IBRD countries),TSS,1999,6.36947715632251
Sub-Saharan Africa (IDA & IBRD countries),TSS,1998,6.26493513613641
Sub-Saharan Africa (IDA & IBRD countries),TSS,1997,6.23960940520436
Sub-Saharan Africa (IDA & IBRD countries),TSS,1996,6.27896875583569
Sub-Saharan Africa (IDA & IBRD countries),TSS,1995,6.36295420429711
Sub-Saharan Africa (IDA & IBRD countries),TSS,1994,6.50793947568754
Sub-Saharan Africa (IDA & IBRD countries),TSS,1993,6.57864448347074
Sub-Saharan Africa (IDA & IBRD countries),TSS,1992,6.53330879376537
Sub-Saharan Africa (IDA & IBRD countries),TSS,1991,6.43805502816505
World,WLD,2025,4.79097241077406
World,WLD,2024,4.80587275250158
World,WLD,2023,4.84957114230342
World,WLD,2022,5.23426188470581
World,WLD,2021,6.0451914548011
World,WLD,2020,6.58731449706782
World,WLD,2019,5.58822341975783
World,WLD,2018,5.75951966875999
World,WLD,2017,5.89788808678893
World,WLD,2016,5.97068694834666
World,WLD,2015,5.99825160171964
World,WLD,2014,5.95720582647446
World,WLD,2013,6.09906293447201
World,WLD,2012,6.15180927283385
World,WLD,2011,6.14877677051057
World,WLD,2010,6.28092769649237
World,WLD,2009,6.40934094809211
World,WLD,2008,5.82404352868675
World,WLD,2007,5.77480901338889
World,WLD,2006,5.97374019654838
World,WLD,2005,6.22389912094209
World,WLD,2004,6.32969211241359
World,WLD,2003,6.48390882464603
World,WLD,2002,6.41180854857461
World,WLD,2001,6.18980812535966
World,WLD,2000,6.11126625149596
World,WLD,1999,6.27834886767265
World,WLD,1998,6.15906586247165
World,WLD,1997,6.01013695494246
World,WLD,1996,5.98370073084904
World,WLD,1995,5.91942696026279
World,WLD,1994,5.78918170693904
World,WLD,1993,5.54359975807061
World,WLD,1992,5.27548969894175
World,WLD,1991,5.11939576855541
Afghanistan,AFG,2025,13.351
Afghanistan,AFG,2024,13.687
Afghanistan,AFG,2023,14.008
Afghanistan,AFG,2022,14.1
Afghanistan,AFG,2021,12.006
Afghanistan,AFG,2020,11.71
Afghanistan,AFG,2019,11.187
Afghanistan,AFG,2018,11.192
Afghanistan,AFG,2017,11.184
Afghanistan,AFG,2016,10.116
Afghanistan,AFG,2015,9.032
Afghanistan,AFG,2014,7.915
Afghanistan,AFG,2013,7.921
Afghanistan,AFG,2012,7.875
Afghanistan,AFG,2011,7.83
Afghanistan,AFG,2010,7.809
Afghanistan,AFG,2009,7.808
Afghanistan,AFG,2008,7.879
Afghanistan,AFG,2007,7.841
Afghanistan,AFG,2006,7.897
Afghanistan,AFG,2005,7.878
Afghanistan,AFG,2004,7.794
Afghanistan,AFG,2003,7.844
Afghanistan,AFG,2002,7.867
Afghanistan,AFG,2001,7.973
Afghanistan,AFG,2000,7.897
Afghanistan,AFG,1999,7.877
Afghanistan,AFG,1998,7.869
Afghanistan,AFG,1997,7.863
Afghanistan,AFG,1996,7.878
Afghanistan,AFG,1995,7.868
Afghanistan,AFG,1994,7.883
Afghanistan,AFG,1993,7.908
Afghanistan,AFG,1992,7.958
Afghanistan,AFG,1991,7.972
Albania,ALB,2025,10.926
Albania,ALB,2024,10.689
Albania,ALB,2023,10.669
Albania,ALB,2022,10.785
Albania,ALB,2021,11.474
Albania,ALB,2020,11.639
Albania,ALB,2019,11.466
Albania,ALB,2018,12.304
Albania,ALB,2017,13.616
Albania,ALB,2016,15.418
Albania,ALB,2015,17.193
Albania,ALB,2014,18.055
Albania,ALB,2013,15.866
Albania,ALB,2012,13.376
Albania,ALB,2011,13.481
Albania,ALB,2010,14.086
Albania,ALB,2009,13.674
Albania,ALB,2008,13.06
Albania,ALB,2007,15.966
Albania,ALB,2006,15.626
Albania,ALB,2005,15.966
Albania,ALB,2004,16.306
Albania,ALB,2003,16.985
Albania,ALB,2002,17.891
Albania,ALB,2001,18.57
Albania,ALB,2000,19.023
Albania,ALB,1999,20.835
Albania,ALB,1998,20.042
Albania,ALB,1997,16.872
Albania,ALB,1996,13.928
Albania,ALB,1995,14.607
Albania,ALB,1994,20.835
Albania,ALB,1993,25.251
Albania,ALB,1992,30.007
Albania,ALB,1991,10.304
Algeria,DZA,2025,11.633
Algeria,DZA,2024,11.655
Algeria,DZA,2023,11.645
Algeria,DZA,2022,12.382
Algeria,DZA,2021,13.656
Algeria,DZA,2020,14.08
Algeria,DZA,2019,12.302
Algeria,DZA,2018,12.112
Algeria,DZA,2017,12.0
Algeria,DZA,2016,10.202
Algeria,DZA,2015,11.206
Algeria,DZA,2014,10.207
Algeria,DZA,2013,9.82
Algeria,DZA,2012,10.97
Algeria,DZA,2011,9.96
Algeria,DZA,2010,9.96
Algeria,DZA,2009,10.16
Algeria,DZA,2008,11.33
Algeria,DZA,2007,13.79
Algeria,DZA,2006,12.27
Algeria,DZA,2005,15.27
Algeria,DZA,2004,17.65
Algeria,DZA,2003,23.72
Algeria,DZA,2002,25.9
Algeria,DZA,2001,27.3
Algeria,DZA,2000,29.77
Algeria,DZA,1999,28.575
Algeria,DZA,1998,26.85
Algeria,DZA,1997,25.43
Algeria,DZA,1996,28.268
Algeria,DZA,1995,31.84
Algeria,DZA,1994,27.74
Algeria,DZA,1993,26.23
Algeria,DZA,1992,24.38
Algeria,DZA,1991,20.6
Angola,AGO,2025,14.108
Angola,AGO,2024,14.02
Angola,AGO,2023,14.051
Angola,AGO,2022,14.124
Angola,AGO,2021,15.799
Angola,AGO,2020,16.696
Angola,AGO,2019,16.497
Angola,AGO,2018,16.602
Angola,AGO,2017,16.617
Angola,AGO,2016,16.572
Angola,AGO,2015,16.472
Angola,AGO,2014,16.372
Angola,AGO,2013,16.464
Angola,AGO,2012,16.539
Angola,AGO,2011,16.77
Angola,AGO,2010,16.595
Angola,AGO,2009,16.383
Angola,AGO,2008,16.152
Angola,AGO,2007,16.066
Angola,AGO,2006,16.123
Angola,AGO,2005,16.295
Angola,AGO,2004,16.313
Angola,AGO,2003,16.445
Angola,AGO,2002,16.432
Angola,AGO,2001,16.668
Angola,AGO,2000,16.646
Angola,AGO,1999,16.543
Angola,AGO,1998,16.29
Angola,AGO,1997,16.064
Angola,AGO,1996,16.177
Angola,AGO,1995,16.978
Angola,AGO,1994,17.444
Angola,AGO,1993,17.44
Angola,AGO,1992,16.959
Angola,AGO,1991,16.816
Argentina,ARG,2025,7.145
Argentina,ARG,2024,7.15
Argentina,ARG,2023,6.139
Argentina,ARG,2022,6.805
Argentina,ARG,2021,8.736
Argentina,ARG,2020,11.461
Argentina,ARG,2019,9.843
Argentina,ARG,2018,9.22
Argentina,ARG,2017,8.347
Argentina,ARG,2016,8.088
Argentina,ARG,2015,7.577
Argentina,ARG,2014,7.268
Argentina,ARG,2013,7.1
Argentina,ARG,2012,7.217
Argentina,ARG,2011,7.18
Argentina,ARG,2010,7.714
Argentina,ARG,2009,8.645
Argentina,ARG,2008,7.837
Argentina,ARG,2007,8.47
Argentina,ARG,2006,10.078
Argentina,ARG,2005,11.506
Argentina,ARG,2004,13.522
Argentina,ARG,2003,15.36
Argentina,ARG,2002,19.59
Argentina,ARG,2001,17.32
Argentina,ARG,2000,15.0
Argentina,ARG,1999,14.05
Argentina,ARG,1998,12.65
Argentina,ARG,1997,14.82
Argentina,ARG,1996,17.11
Argentina,ARG,1995,18.8
Argentina,ARG,1994,11.76
Argentina,ARG,1993,10.1
Argentina,ARG,1992,6.36
Argentina,ARG,1991,5.44
Armenia,ARM,2025,12.871
Armenia,ARM,2024,12.405
Armenia,ARM,2023,12.405
Armenia,ARM,2022,13.451
Armenia,ARM,2021,15.469
Armenia,ARM,2020,18.175
Armenia,ARM,2019,18.304
Armenia,ARM,2018,18.966
Armenia,ARM,2017,17.704
Armenia,ARM,2016,17.617
Armenia,ARM,2015,18.261
Armenia,ARM,2014,17.498
Armenia,ARM,2013,16.576
Armenia,ARM,2012,17.511
Armenia,ARM,2011,18.884
Armenia,ARM,2010,19.523
Armenia,ARM,2009,19.295
Armenia,ARM,2008,17.1
Armenia,ARM,2007,10.394
Armenia,ARM,2006,10.497
Armenia,ARM,2005,10.584
Armenia,ARM,2004,10.676
Armenia,ARM,2003,10.769
Armenia,ARM,2002,10.888
Armenia,ARM,2001,11.012
Armenia,ARM,2000,11.107
Armenia,ARM,1999,11.2
Armenia,ARM,1998,9.4
Armenia,ARM,1997,10.8
Armenia,ARM,1996,9.3
Armenia,ARM,1995,6.7
Armenia,ARM,1994,6.6
Armenia,ARM,1993,5.3
Armenia,ARM,1992,1.8
Armenia,ARM,1991,1.774
Australia,AUS,2025,4.09
Australia,AUS,2024,3.942
Australia,AUS,2023,3.668
Australia,AUS,2022,3.728
Australia,AUS,2021,5.022
Australia,AUS,2020,6.394
Australia,AUS,2019,5.143
Australia,AUS,2018,5.345
Australia,AUS,2017,5.592
Australia,AUS,2016,5.711
Australia,AUS,2015,6.055
Australia,AUS,2014,6.078
Australia,AUS,2013,5.663
Australia,AUS,2012,5.225
Australia,AUS,2011,5.083
Australia,AUS,2010,5.214
Australia,AUS,2009,5.565
Australia,AUS,2008,4.242
Australia,AUS,2007,4.381
Australia,AUS,2006,4.785
Australia,AUS,2005,5.036
Australia,AUS,2004,5.399
Australia,AUS,2003,5.933
Australia,AUS,2002,6.375
Australia,AUS,2001,6.747
Australia,AUS,2000,6.288
Australia,AUS,1999,6.876
Australia,AUS,1998,7.684
Australia,AUS,1997,8.367
Australia,AUS,1996,8.509
Australia,AUS,1995,8.473
Australia,AUS,1994,9.724
Australia,AUS,1993,10.879
Australia,AUS,1992,10.733
Australia,AUS,1991,9.586
Austria,AUT,2025,5.582
Austria,AUT,2024,5.2
Austria,AUT,2023,5.264
Austria,AUT,2022,4.992
Austria,AUT,2021,6.459
Austria,AUT,2020,5.201
Austria,AUT,2019,4.56
Austria,AUT,2018,4.933
Austria,AUT,2017,5.561
Austria,AUT,2016,6.064
Austria,AUT,2015,5.802
Austria,AUT,2014,5.674
Austria,AUT,2013,5.367
Austria,AUT,2012,4.909
Austria,AUT,2011,4.637
Austria,AUT,2010,4.883
Austria,AUT,2009,5.371
Austria,AUT,2008,4.198
Austria,AUT,2007,4.909
Austria,AUT,2006,5.32
Austria,AUT,2005,5.682
Austria,AUT,2004,5.969
Austria,AUT,2003,4.779
Austria,AUT,2002,4.852
Austria,AUT,2001,4.007
Austria,AUT,2000,4.687
Austria,AUT,1999,4.699
Austria,AUT,1998,5.483
Austria,AUT,1997,5.15
Austria,AUT,1996,5.282
Austria,AUT,1995,4.345
Austria,AUT,1994,3.535
Austria,AUT,1993,4.25
Austria,AUT,1992,3.59
Austria,AUT,1991,3.42
Azerbaijan,AZE,2025,5.457
Azerbaijan,AZE,2024,5.648
Azerbaijan,AZE,2023,5.64
Azerbaijan,AZE,2022,5.65
Azerbaijan,AZE,2021,6.04
Azerbaijan,AZE,2020,7.24
Azerbaijan,AZE,2019,5.0
Azerbaijan,AZE,2018,4.9
Azerbaijan,AZE,2017,5.0
Azerbaijan,AZE,2016,5.0
Azerbaijan,AZE,2015,4.96
Azerbaijan,AZE,2014,4.91
Azerbaijan,AZE,2013,4.97
Azerbaijan,AZE,2012,5.19
Azerbaijan,AZE,2011,5.42
Azerbaijan,AZE,2010,5.63
Azerbaijan,AZE,2009,5.74
Azerbaijan,AZE,2008,5.86
Azerbaijan,AZE,2007,6.33
Azerbaijan,AZE,2006,6.62
Azerbaijan,AZE,2005,7.26
Azerbaijan,AZE,2004,7.99
Azerbaijan,AZE,2003,9.17
Azerbaijan,AZE,2002,10.04
Azerbaijan,AZE,2001,10.91
Azerbaijan,AZE,2000,11.78
Azerbaijan,AZE,1999,10.9
Azerbaijan,AZE,1998,10.0
Azerbaijan,AZE,1997,9.1
Azerbaijan,AZE,1996,8.1
Azerbaijan,AZE,1995,7.2
Azerbaijan,AZE,1994,6.3
Azerbaijan,AZE,1993,4.5
Azerbaijan,AZE,1992,1.8
Azerbaijan,AZE,1991,0.9
"Bahamas, The",BHS,2025,9.207
"Bahamas, The",BHS,2024,9.049
"Bahamas, The",BHS,2023,8.645
"Bahamas, The",BHS,2022,9.25
"Bahamas, The",BHS,2021,11.078
"Bahamas, The",BHS,2020,12.016
"Bahamas, The",BHS,2019,9.336
"Bahamas, The",BHS,2018,10.0
"Bahamas, The",BHS,2017,9.8
"Bahamas, The",BHS,2016,12.7
"Bahamas, The",BHS,2015,12.0
"Bahamas, The",BHS,2014,13.8
"Bahamas, The",BHS,2013,16.18
"Bahamas, The",BHS,2012,14.02
"Bahamas, The",BHS,2011,14.52
"Bahamas, The",BHS,2010,14.435
"Bahamas, The",BHS,2009,14.25
"Bahamas, The",BHS,2008,8.18
"Bahamas, The",BHS,2007,7.88
"Bahamas, The",BHS,2006,7.54
"Bahamas, The",BHS,2005,10.2
"Bahamas, The",BHS,2004,10.2
"Bahamas, The",BHS,2003,10.84
"Bahamas, The",BHS,2002,9.05
"Bahamas, The",BHS,2001,6.87
"Bahamas, The",BHS,2000,7.118
"Bahamas, The",BHS,1999,7.45
"Bahamas, The",BHS,1998,7.65
"Bahamas, The",BHS,1997,9.76
"Bahamas, The",BHS,1996,11.46
"Bahamas, The",BHS,1995,10.83
"Bahamas, The",BHS,1994,13.83
"Bahamas, The",BHS,1993,12.72
"Bahamas, The",BHS,1992,14.81
"Bahamas, The",BHS,1991,12.17
Bahrain,BHR,2025,1.102
Bahrain,BHR,2024,1.084
Bahrain,BHR,2023,1.049
Bahrain,BHR,2022,1.265
Bahrain,BHR,2021,1.548
Bahrain,BHR,2020,1.765
Bahrain,BHR,2019,1.217
Bahrain,BHR,2018,1.188
Bahrain,BHR,2017,1.18
Bahrain,BHR,2016,1.19
Bahrain,BHR,2015,1.164
Bahrain,BHR,2014,1.144
Bahrain,BHR,2013,1.184
Bahrain,BHR,2012,1.2
Bahrain,BHR,2011,1.21
Bahrain,BHR,2010,1.13
Bahrain,BHR,2009,1.07
Bahrain,BHR,2008,1.015
Bahrain,BHR,2007,1.006
Bahrain,BHR,2006,1.021
Bahrain,BHR,2005,1.021
Bahrain,BHR,2004,1.064
Bahrain,BHR,2003,1.126
Bahrain,BHR,2002,1.137
Bahrain,BHR,2001,1.118
Bahrain,BHR,2000,1.081
Bahrain,BHR,1999,1.112
Bahrain,BHR,1998,1.114
Bahrain,BHR,1997,1.125
Bahrain,BHR,1996,1.177
Bahrain,BHR,1995,1.044
Bahrain,BHR,1994,1.007
Bahrain,BHR,1993,0.882
Bahrain,BHR,1992,0.968
Bahrain,BHR,1991,1.047
Bangladesh,BGD,2025,3.778
Bangladesh,BGD,2024,3.635
Bangladesh,BGD,2023,3.352
Bangladesh,BGD,2022,4.593
Bangladesh,BGD,2021,5.457
Bangladesh,BGD,2020,5.539
Bangladesh,BGD,2019,4.504
Bangladesh,BGD,2018,4.439
Bangladesh,BGD,2017,4.372
Bangladesh,BGD,2016,4.35
Bangladesh,BGD,2015,4.397
Bangladesh,BGD,2014,4.417
Bangladesh,BGD,2013,4.426
Bangladesh,BGD,2012,4.07
Bangladesh,BGD,2011,3.737
Bangladesh,BGD,2010,3.379
Bangladesh,BGD,2009,5.0
Bangladesh,BGD,2008,4.49
Bangladesh,BGD,2007,4.015
Bangladesh,BGD,2006,3.591
Bangladesh,BGD,2005,4.25
Bangladesh,BGD,2004,4.316
Bangladesh,BGD,2003,4.32
Bangladesh,BGD,2002,3.966
Bangladesh,BGD,2001,3.609
Bangladesh,BGD,2000,3.27
Bangladesh,BGD,1999,3.088
Bangladesh,BGD,1998,2.893
Bangladesh,BGD,1997,2.698
Bangladesh,BGD,1996,2.51
Bangladesh,BGD,1995,2.441
Bangladesh,BGD,1994,2.37
Bangladesh,BGD,1993,2.31
Bangladesh,BGD,1992,2.233
Bangladesh,BGD,1991,2.2
Barbados,BRB,2025,6.524
Barbados,BRB,2024,6.448
Barbados,BRB,2023,6.54
Barbados,BRB,2022,7.261
Barbados,BRB,2021,11.015
Barbados,BRB,2020,10.586
Barbados,BRB,2019,8.41
Barbados,BRB,2018,8.321
Barbados,BRB,2017,8.62
Barbados,BRB,2016,8.247
Barbados,BRB,2015,9.803
Barbados,BRB,2014,12.17
Barbados,BRB,2013,11.55
Barbados,BRB,2012,11.59
Barbados,BRB,2011,11.19
Barbados,BRB,2010,10.69
Barbados,BRB,2009,10.02
Barbados,BRB,2008,8.12
Barbados,BRB,2007,7.41
Barbados,BRB,2006,8.73
Barbados,BRB,2005,9.08
Barbados,BRB,2004,9.57
Barbados,BRB,2003,11.0
Barbados,BRB,2002,10.32
Barbados,BRB,2001,9.85
Barbados,BRB,2000,9.35
Barbados,BRB,1999,10.61
Barbados,BRB,1998,12.4
Barbados,BRB,1997,14.61
Barbados,BRB,1996,14.71
Barbados,BRB,1995,19.66
Barbados,BRB,1994,22.98
Barbados,BRB,1993,24.54
Barbados,BRB,1992,22.94
Barbados,BRB,1991,22.41
Belarus,BLR,2025,3.38
Belarus,BLR,2024,3.458
Belarus,BLR,2023,3.461
Belarus,BLR,2022,3.574
Belarus,BLR,2021,3.9
Belarus,BLR,2020,4.049
Belarus,BLR,2019,4.165
Belarus,BLR,2018,4.763
Belarus,BLR,2017,5.648
Belarus,BLR,2016,5.844
Belarus,BLR,2015,5.881
Belarus,BLR,2014,5.908
Belarus,BLR,2013,5.942
Belarus,BLR,2012,5.962
Belarus,BLR,2011,6.024
Belarus,BLR,2010,6.052
Belarus,BLR,2009,6.1
Belarus,BLR,2008,6.728
Belarus,BLR,2007,7.41
Belarus,BLR,2006,8.066
Belarus,BLR,2005,8.759
Belarus,BLR,2004,9.463
Belarus,BLR,2003,10.191
Belarus,BLR,2002,10.874
Belarus,BLR,2001,11.561
Belarus,BLR,2000,12.193
Belarus,BLR,1999,12.8
Belarus,BLR,1998,14.0
Belarus,BLR,1997,17.1
Belarus,BLR,1996,24.4
Belarus,BLR,1995,17.7
Belarus,BLR,1994,12.8
Belarus,BLR,1993,8.5
Belarus,BLR,1992,3.1
Belarus,BLR,1991,0.6
Belgium,BEL,2025,5.906
Belgium,BEL,2024,5.7
Belgium,BEL,2023,5.547
Belgium,BEL,2022,5.57
Belgium,BEL,2021,6.248
Belgium,BEL,2020,5.545
Belgium,BEL,2019,5.364
Belgium,BEL,2018,5.941
Belgium,BEL,2017,7.09
Belgium,BEL,2016,7.83
Belgium,BEL,2015,8.482
Belgium,BEL,2014,8.523
Belgium,BEL,2013,8.425
Belgium,BEL,2012,7.542
Belgium,BEL,2011,7.14
Belgium,BEL,2010,8.293
Belgium,BEL,2009,7.908
Belgium,BEL,2008,6.976
Belgium,BEL,2007,7.459
Belgium,BEL,2006,8.246
Belgium,BEL,2005,8.44
Belgium,BEL,2004,7.363
Belgium,BEL,2003,7.68
Belgium,BEL,2002,6.91
Belgium,BEL,2001,6.178
Belgium,BEL,2000,6.586
Belgium,BEL,1999,8.649
Belgium,BEL,1998,9.322
Belgium,BEL,1997,8.95
Belgium,BEL,1996,9.483
Belgium,BEL,1995,9.337
Belgium,BEL,1994,9.645
Belgium,BEL,1993,8.078
Belgium,BEL,1992,6.702
Belgium,BEL,1991,6.984
Belize,BLZ,2025,8.856
Belize,BLZ,2024,8.698
Belize,BLZ,2023,8.278
Belize,BLZ,2022,8.682
Belize,BLZ,2021,10.302
Belize,BLZ,2020,10.763
Belize,BLZ,2019,9.053
Belize,BLZ,2018,9.346
Belize,BLZ,2017,6.596
Belize,BLZ,2016,7.0
Belize,BLZ,2015,7.578
Belize,BLZ,2014,8.244
Belize,BLZ,2013,8.349
Belize,BLZ,2012,8.378
Belize,BLZ,2011,8.424
Belize,BLZ,2010,8.412
Belize,BLZ,2009,8.323
Belize,BLZ,2008,8.18
Belize,BLZ,2007,8.51
Belize,BLZ,2006,9.39
Belize,BLZ,2005,10.91
Belize,BLZ,2004,10.586
Belize,BLZ,2003,10.342
Belize,BLZ,2002,10.04
Belize,BLZ,2001,9.07
Belize,BLZ,2000,10.841
Belize,BLZ,1999,12.84
Belize,BLZ,1998,14.31
Belize,BLZ,1997,12.68
Belize,BLZ,1996,13.82
Belize,BLZ,1995,12.48
Belize,BLZ,1994,11.1
Belize,BLZ,1993,9.78
Belize,BLZ,1992,9.654
Belize,BLZ,1991,9.647
Benin,BEN,2025,1.589
Benin,BEN,2024,1.637
Benin,BEN,2023,1.641
Benin,BEN,2022,1.685
Benin,BEN,2021,1.833
Benin,BEN,2020,1.518
Benin,BEN,2019,1.214
Benin,BEN,2018,1.426
Benin,BEN,2017,1.691
Benin,BEN,2016,1.834
Benin,BEN,2015,1.886
Benin,BEN,2014,1.952
Benin,BEN,2013,2.198
Benin,BEN,2012,2.458
Benin,BEN,2011,2.647
Benin,BEN,2010,1.04
Benin,BEN,2009,0.95
Benin,BEN,2008,0.895
Benin,BEN,2007,0.902
Benin,BEN,2006,0.888
Benin,BEN,2005,0.859
Benin,BEN,2004,0.79
Benin,BEN,2003,0.747
Benin,BEN,2002,0.69
Benin,BEN,2001,0.766
Benin,BEN,2000,0.864
Benin,BEN,1999,0.949
Benin,BEN,1998,1.048
Benin,BEN,1997,1.1
Benin,BEN,1996,1.246
Benin,BEN,1995,1.305
Benin,BEN,1994,1.453
Benin,BEN,1993,1.494
Benin,BEN,1992,1.51
Benin,BEN,1991,1.637
Bhutan,BTN,2025,3.227
Bhutan,BTN,2024,3.282
Bhutan,BTN,2023,3.126
Bhutan,BTN,2022,5.947
Bhutan,BTN,2021,4.803
Bhutan,BTN,2020,5.03
Bhutan,BTN,2019,2.72
Bhutan,BTN,2018,3.35
Bhutan,BTN,2017,3.027
Bhutan,BTN,2016,2.707
Bhutan,BTN,2015,2.45
Bhutan,BTN,2014,2.63
Bhutan,BTN,2013,2.87
Bhutan,BTN,2012,2.05
Bhutan,BTN,2011,3.23
Bhutan,BTN,2010,3.32
Bhutan,BTN,2009,3.96
Bhutan,BTN,2008,3.848
Bhutan,BTN,2007,3.7
Bhutan,BTN,2006,3.13
Bhutan,BTN,2005,3.1
Bhutan,BTN,2004,2.49
Bhutan,BTN,2003,1.8
Bhutan,BTN,2002,1.854
Bhutan,BTN,2001,1.9
Bhutan,BTN,2000,1.655
Bhutan,BTN,1999,1.4
Bhutan,BTN,1998,1.4
Bhutan,BTN,1997,1.393
Bhutan,BTN,1996,1.392
Bhutan,BTN,1995,1.4
Bhutan,BTN,1994,1.405
Bhutan,BTN,1993,1.418
Bhutan,BTN,1992,1.391
Bhutan,BTN,1991,1.381
Bolivia,BOL,2025,2.967
Bolivia,BOL,2024,3.274
Bolivia,BOL,2023,3.024
Bolivia,BOL,2022,3.552
Bolivia,BOL,2021,5.089
Bolivia,BOL,2020,7.903
Bolivia,BOL,2019,3.682
Bolivia,BOL,2018,3.519
Bolivia,BOL,2017,3.655
Bolivia,BOL,2016,3.498
Bolivia,BOL,2015,3.111
Bolivia,BOL,2014,2.021
Bolivia,BOL,2013,2.437
Bolivia,BOL,2012,2.066
Bolivia,BOL,2011,2.255
Bolivia,BOL,2010,2.609
Bolivia,BOL,2009,2.973
Bolivia,BOL,2008,2.603
Bolivia,BOL,2007,2.614
Bolivia,BOL,2006,2.575
Bolivia,BOL,2005,2.598
Bolivia,BOL,2004,2.615
Bolivia,BOL,2003,2.654
Bolivia,BOL,2002,2.603
Bolivia,BOL,2001,2.623
Bolivia,BOL,2000,2.439
Bolivia,BOL,1999,2.299
Bolivia,BOL,1998,2.121
Bolivia,BOL,1997,2.08
Bolivia,BOL,1996,2.375
Bolivia,BOL,1995,2.664
Bolivia,BOL,1994,3.08
Bolivia,BOL,1993,3.05
Bolivia,BOL,1992,3.03
Bolivia,BOL,1991,2.935
Bosnia and Herzegovina,BIH,2025,11.037
Bosnia and Herzegovina,BIH,2024,10.69
Bosnia and Herzegovina,BIH,2023,10.668
Bosnia and Herzegovina,BIH,2022,12.657
Bosnia and Herzegovina,BIH,2021,14.897
Bosnia and Herzegovina,BIH,2020,15.868
Bosnia and Herzegovina,BIH,2019,15.692
Bosnia and Herzegovina,BIH,2018,18.4
Bosnia and Herzegovina,BIH,2017,20.527
Bosnia and Herzegovina,BIH,2016,25.408
Bosnia and Herzegovina,BIH,2015,27.695
Bosnia and Herzegovina,BIH,2014,27.517
Bosnia and Herzegovina,BIH,2013,27.49
Bosnia and Herzegovina,BIH,2012,28.01
Bosnia and Herzegovina,BIH,2011,27.582
Bosnia and Herzegovina,BIH,2010,27.312
Bosnia and Herzegovina,BIH,2009,24.068
Bosnia and Herzegovina,BIH,2008,23.405
Bosnia and Herzegovina,BIH,2007,28.984
Bosnia and Herzegovina,BIH,2006,31.11
Bosnia and Herzegovina,BIH,2005,30.218
Bosnia and Herzegovina,BIH,2004,29.279
Bosnia and Herzegovina,BIH,2003,28.424
Bosnia and Herzegovina,BIH,2002,27.477
Bosnia and Herzegovina,BIH,2001,26.485
Bosnia and Herzegovina,BIH,2000,25.446
Bosnia and Herzegovina,BIH,1999,24.441
Bosnia and Herzegovina,BIH,1998,23.494
Bosnia and Herzegovina,BIH,1997,22.586
Bosnia and Herzegovina,BIH,1996,21.682
Bosnia and Herzegovina,BIH,1995,20.944
Bosnia and Herzegovina,BIH,1994,20.17
Bosnia and Herzegovina,BIH,1993,19.408
Bosnia and Herzegovina,BIH,1992,18.477
Bosnia and Herzegovina,BIH,1991,17.55
Botswana,BWA,2025,24.477
Botswana,BWA,2024,23.81
Botswana,BWA,2023,23.381
Botswana,BWA,2022,23.615
Botswana,BWA,2021,23.106
Botswana,BWA,2020,21.017
Botswana,BWA,2019,20.094
Botswana,BWA,2018,19.665
Botswana,BWA,2017,19.671
Botswana,BWA,2016,19.328
Botswana,BWA,2015,18.915
Botswana,BWA,2014,18.484
Botswana,BWA,2013,18.167
Botswana,BWA,2012,17.916
Botswana,BWA,2011,18.049
Botswana,BWA,2010,17.86
Botswana,BWA,2009,16.169
Botswana,BWA,2008,16.293
Botswana,BWA,2007,16.976
Botswana,BWA,2006,17.782
Botswana,BWA,2005,19.852
Botswana,BWA,2004,21.755
Botswana,BWA,2003,23.8
Botswana,BWA,2002,21.277
Botswana,BWA,2001,18.54
Botswana,BWA,2000,15.88
Botswana,BWA,1999,18.224
Botswana,BWA,1998,20.86
Botswana,BWA,1997,21.031
Botswana,BWA,1996,21.593
Botswana,BWA,1995,21.394
Botswana,BWA,1994,21.2
Botswana,BWA,1993,18.761
Botswana,BWA,1992,16.33
Botswana,BWA,1991,13.82
Brazil,BRA,2025,5.97
Brazil,BRA,2024,6.801
Brazil,BRA,2023,7.947
Brazil,BRA,2022,9.231
Brazil,BRA,2021,13.158
Brazil,BRA,2020,13.697
Brazil,BRA,2019,11.936
Brazil,BRA,2018,12.329
Brazil,BRA,2017,12.792
Brazil,BRA,2016,11.58
Brazil,BRA,2015,8.538
Brazil,BRA,2014,6.755
Brazil,BRA,2013,7.071
Brazil,BRA,2012,7.251
Brazil,BRA,2011,7.578
Brazil,BRA,2010,8.42
Brazil,BRA,2009,9.419
Brazil,BRA,2008,8.268
Brazil,BRA,2007,9.28
Brazil,BRA,2006,9.692
Brazil,BRA,2005,10.551
Brazil,BRA,2004,10.072
Brazil,BRA,2003,11.168
Brazil,BRA,2002,10.641
Brazil,BRA,2001,10.649
Brazil,BRA,2000,10.889
Brazil,BRA,1999,11.125
Brazil,BRA,1998,10.15
Brazil,BRA,1997,9.003
Brazil,BRA,1996,8.035
Brazil,BRA,1995,7.092
Brazil,BRA,1994,6.579
Brazil,BRA,1993,6.03
Brazil,BRA,1992,7.086
Brazil,BRA,1991,6.887
Brunei Darussalam,BRN,2025,5.277
Brunei Darussalam,BRN,2024,5.18
Brunei Darussalam,BRN,2023,5.296
Brunei Darussalam,BRN,2022,5.191
Brunei Darussalam,BRN,2021,4.905
Brunei Darussalam,BRN,2020,7.409
Brunei Darussalam,BRN,2019,6.6
Brunei Darussalam,BRN,2018,8.7
Brunei Darussalam,BRN,2017,9.316
Brunei Darussalam,BRN,2016,8.537
Brunei Darussalam,BRN,2015,7.703
Brunei Darussalam,BRN,2014,6.862
Brunei Darussalam,BRN,2013,6.709
Brunei Darussalam,BRN,2012,6.571
Brunei Darussalam,BRN,2011,6.506
Brunei Darussalam,BRN,2010,6.487
Brunei Darussalam,BRN,2009,6.457
Brunei Darussalam,BRN,2008,6.312
Brunei Darussalam,BRN,2007,6.187
Brunei Darussalam,BRN,2006,6.061
Brunei Darussalam,BRN,2005,5.973
Brunei Darussalam,BRN,2004,5.847
Brunei Darussalam,BRN,2003,5.743
Brunei Darussalam,BRN,2002,5.652
Brunei Darussalam,BRN,2001,5.558
Brunei Darussalam,BRN,2000,5.53
Brunei Darussalam,BRN,1999,5.415
Brunei Darussalam,BRN,1998,5.356
Brunei Darussalam,BRN,1997,5.204
Brunei Darussalam,BRN,1996,5.153
Brunei Darussalam,BRN,1995,5.066
Brunei Darussalam,BRN,1994,5.007
Brunei Darussalam,BRN,1993,4.903
Brunei Darussalam,BRN,1992,4.791
Brunei Darussalam,BRN,1991,4.7
Bulgaria,BGR,2025,3.536
Bulgaria,BGR,2024,4.2
Bulgaria,BGR,2023,4.319
Bulgaria,BGR,2022,4.148
Bulgaria,BGR,2021,5.166
Bulgaria,BGR,2020,5.037
Bulgaria,BGR,2019,4.148
Bulgaria,BGR,2018,5.211
Bulgaria,BGR,2017,6.164
Bulgaria,BGR,2016,7.575
Bulgaria,BGR,2015,9.143
Bulgaria,BGR,2014,11.424
Bulgaria,BGR,2013,12.941
Bulgaria,BGR,2012,12.27
Bulgaria,BGR,2011,11.26
Bulgaria,BGR,2010,10.279
Bulgaria,BGR,2009,6.817
Bulgaria,BGR,2008,5.609
Bulgaria,BGR,2007,6.878
Bulgaria,BGR,2006,8.951
Bulgaria,BGR,2005,10.083
Bulgaria,BGR,2004,12.037
Bulgaria,BGR,2003,13.733
Bulgaria,BGR,2002,18.11
Bulgaria,BGR,2001,19.921
Bulgaria,BGR,2000,16.218
Bulgaria,BGR,1999,14.1
Bulgaria,BGR,1998,12.2
Bulgaria,BGR,1997,13.7
Bulgaria,BGR,1996,12.5
Bulgaria,BGR,1995,11.1
Bulgaria,BGR,1994,12.8
Bulgaria,BGR,1993,16.4
Bulgaria,BGR,1992,15.3
Bulgaria,BGR,1991,11.1
Burkina Faso,BFA,2025,3.477
Burkina Faso,BFA,2024,3.441
Burkina Faso,BFA,2023,3.601
Burkina Faso,BFA,2022,3.828
Burkina Faso,BFA,2021,4.511
Burkina Faso,BFA,2020,4.59
Burkina Faso,BFA,2019,4.493
Burkina Faso,BFA,2018,4.695
Burkina Faso,BFA,2017,4.662
Burkina Faso,BFA,2016,4.598
Burkina Faso,BFA,2015,4.472
Burkina Faso,BFA,2014,4.255
Burkina Faso,BFA,2013,4.054
Burkina Faso,BFA,2012,3.849
Burkina Faso,BFA,2011,3.827
Burkina Faso,BFA,2010,3.725
Burkina Faso,BFA,2009,3.723
Burkina Faso,BFA,2008,3.501
Burkina Faso,BFA,2007,3.3
Burkina Faso,BFA,2006,3.67
Burkina Faso,BFA,2005,4.0
Burkina Faso,BFA,2004,3.48
Burkina Faso,BFA,2003,2.78
Burkina Faso,BFA,2002,2.862
Burkina Faso,BFA,2001,2.748
Burkina Faso,BFA,2000,2.687
Burkina Faso,BFA,1999,2.552
Burkina Faso,BFA,1998,2.44
Burkina Faso,BFA,1997,2.412
Burkina Faso,BFA,1996,2.446
Burkina Faso,BFA,1995,2.532
Burkina Faso,BFA,1994,2.58
Burkina Faso,BFA,1993,2.426
Burkina Faso,BFA,1992,2.505
Burkina Faso,BFA,1991,2.467
Burundi,BDI,2025,0.922
Burundi,BDI,2024,0.915
Burundi,BDI,2023,0.911
Burundi,BDI,2022,0.909
Burundi,BDI,2021,1.118
Burundi,BDI,2020,1.03
Burundi,BDI,2019,1.043
Burundi,BDI,2018,1.147
Burundi,BDI,2017,1.25
Burundi,BDI,2016,1.352
Burundi,BDI,2015,1.449
Burundi,BDI,2014,1.572
Burundi,BDI,2013,1.584
Burundi,BDI,2012,1.593
Burundi,BDI,2011,1.602
Burundi,BDI,2010,1.615
Burundi,BDI,2009,1.622
Burundi,BDI,2008,1.634
Burundi,BDI,2007,2.404
Burundi,BDI,2006,3.185
Burundi,BDI,2005,3.162
Burundi,BDI,2004,3.177
Burundi,BDI,2003,3.145
Burundi,BDI,2002,3.168
Burundi,BDI,2001,3.154
Burundi,BDI,2000,3.137
Burundi,BDI,1999,3.133
Burundi,BDI,1998,3.156
Burundi,BDI,1997,3.124
Burundi,BDI,1996,3.095
Burundi,BDI,1995,3.095
Burundi,BDI,1994,3.106
Burundi,BDI,1993,3.094
Burundi,BDI,1992,3.131
Burundi,BDI,1991,3.147
Cabo Verde,CPV,2025,11.939
Cabo Verde,CPV,2024,11.883
Cabo Verde,CPV,2023,11.882
Cabo Verde,CPV,2022,12.239
Cabo Verde,CPV,2021,13.932
Cabo Verde,CPV,2020,14.65
Cabo Verde,CPV,2019,12.123
Cabo Verde,CPV,2018,12.17
Cabo Verde,CPV,2017,12.24
Cabo Verde,CPV,2016,12.085
Cabo Verde,CPV,2015,11.923
Cabo Verde,CPV,2014,11.689
Cabo Verde,CPV,2013,11.398
Cabo Verde,CPV,2012,11.145
Cabo Verde,CPV,2011,10.956
Cabo Verde,CPV,2010,10.67
Cabo Verde,CPV,2009,13.517
Cabo Verde,CPV,2008,13.307
Cabo Verde,CPV,2007,13.294
Cabo Verde,CPV,2006,13.378
Cabo Verde,CPV,2005,13.439
Cabo Verde,CPV,2004,13.456
Cabo Verde,CPV,2003,13.604
Cabo Verde,CPV,2002,13.379
Cabo Verde,CPV,2001,13.242
Cabo Verde,CPV,2000,13.024
Cabo Verde,CPV,1999,13.071
Cabo Verde,CPV,1998,13.055
Cabo Verde,CPV,1997,13.01
Cabo Verde,CPV,1996,12.844
Cabo Verde,CPV,1995,12.883
Cabo Verde,CPV,1994,12.936
Cabo Verde,CPV,1993,13.276
Cabo Verde,CPV,1992,13.428
Cabo Verde,CPV,1991,13.527
Cambodia,KHM,2025,0.263
Cambodia,KHM,2024,0.254
Cambodia,KHM,2023,0.256
Cambodia,KHM,2022,0.245
Cambodia,KHM,2021,0.396
Cambodia,KHM,2020,0.172
Cambodia,KHM,2019,0.119
Cambodia,KHM,2018,0.129
Cambodia,KHM,2017,0.141
Cambodia,KHM,2016,0.716
Cambodia,KHM,2015,0.393
Cambodia,KHM,2014,0.692
Cambodia,KHM,2013,0.438
Cambodia,KHM,2012,0.505
Cambodia,KHM,2011,0.577
Cambodia,KHM,2010,0.771
Cambodia,KHM,2009,0.579
Cambodia,KHM,2008,0.825
Cambodia,KHM,2007,1.257
Cambodia,KHM,2006,1.16
Cambodia,KHM,2005,1.061
Cambodia,KHM,2004,1.004
Cambodia,KHM,2003,0.909
Cambodia,KHM,2002,0.862
Cambodia,KHM,2001,0.778
Cambodia,KHM,2000,0.745
Cambodia,KHM,1999,0.727
Cambodia,KHM,1998,0.712
Cambodia,KHM,1997,0.638
Cambodia,KHM,1996,0.963
Cambodia,KHM,1995,0.973
Cambodia,KHM,1994,0.996
Cambodia,KHM,1993,0.733
Cambodia,KHM,1992,0.748
Cambodia,KHM,1991,0.768
Cameroon,CMR,2025,3.602
Cameroon,CMR,2024,3.603
Cameroon,CMR,2023,3.607
Cameroon,CMR,2022,3.646
Cameroon,CMR,2021,3.976
Cameroon,CMR,2020,3.881
Cameroon,CMR,2019,3.632
Cameroon,CMR,2018,3.608
Cameroon,CMR,2017,3.573
Cameroon,CMR,2016,3.529
Cameroon,CMR,2015,3.518
Cameroon,CMR,2014,3.534
Cameroon,CMR,2013,3.686
Cameroon,CMR,2012,3.836
Cameroon,CMR,2011,3.988
Cameroon,CMR,2010,4.11
Cameroon,CMR,2009,3.743
Cameroon,CMR,2008,3.386
Cameroon,CMR,2007,3.063
Cameroon,CMR,2006,3.729
Cameroon,CMR,2005,4.4
Cameroon,CMR,2004,5.087
Cameroon,CMR,2003,5.908
Cameroon,CMR,2002,6.711
Cameroon,CMR,2001,7.46
Cameroon,CMR,2000,7.533
Cameroon,CMR,1999,7.595
Cameroon,CMR,1998,7.695
Cameroon,CMR,1997,7.859
Cameroon,CMR,1996,8.06
Cameroon,CMR,1995,8.598
Cameroon,CMR,1994,8.878
Cameroon,CMR,1993,9.154
Cameroon,CMR,1992,9.055
Cameroon,CMR,1991,8.986
Canada,CAN,2025,6.907
Canada,CAN,2024,6.351
Canada,CAN,2023,5.415
Canada,CAN,2022,5.279
Canada,CAN,2021,7.527
Canada,CAN,2020,9.657
Canada,CAN,2019,5.69
Canada,CAN,2018,5.837
Canada,CAN,2017,6.426
Canada,CAN,2016,7.038
Canada,CAN,2015,6.945
Canada,CAN,2014,7.023
Canada,CAN,2013,7.143
Canada,CAN,2012,7.392
Canada,CAN,2011,7.637
Canada,CAN,2010,8.178
Canada,CAN,2009,8.46
Canada,CAN,2008,6.284
Canada,CAN,2007,6.156
Canada,CAN,2006,6.484
Canada,CAN,2005,6.758
Canada,CAN,2004,7.185
Canada,CAN,2003,7.574
Canada,CAN,2002,7.665
Canada,CAN,2001,7.219
Canada,CAN,2000,6.829
Canada,CAN,1999,7.583
Canada,CAN,1998,8.278
Canada,CAN,1997,9.1
Canada,CAN,1996,9.62
Canada,CAN,1995,9.489
Canada,CAN,1994,10.395
Canada,CAN,1993,11.377
Canada,CAN,1992,11.197
Canada,CAN,1991,10.316
Central African Republic,CAF,2025,6.251
Central African Republic,CAF,2024,6.253
Central African Republic,CAF,2023,6.181
Central African Republic,CAF,2022,6.287
Central African Republic,CAF,2021,6.701
Central African Republic,CAF,2020,6.519
Central African Republic,CAF,2019,5.916
Central African Republic,CAF,2018,5.825
Central African Republic,CAF,2017,5.836
Central African Republic,CAF,2016,5.793
Central African Republic,CAF,2015,5.775
Central African Republic,CAF,2014,5.633
Central African Republic,CAF,2013,5.566
Central African Republic,CAF,2012,5.58
Central African Republic,CAF,2011,5.638
Central African Republic,CAF,2010,5.658
Central African Republic,CAF,2009,5.575
Central African Republic,CAF,2008,5.51
Central African Republic,CAF,2007,5.562
Central African Republic,CAF,2006,5.61
Central African Republic,CAF,2005,5.691
Central African Republic,CAF,2004,5.729
Central African Republic,CAF,2003,5.809
Central African Republic,CAF,2002,5.809
Central African Republic,CAF,2001,5.77
Central African Republic,CAF,2000,5.722
Central African Republic,CAF,1999,5.767
Central African Republic,CAF,1998,5.773
Central African Republic,CAF,1997,5.797
Central African Republic,CAF,1996,5.84
Central African Republic,CAF,1995,5.871
Central African Republic,CAF,1994,5.924
Central African Republic,CAF,1993,5.897
Central African Republic,CAF,1992,5.825
Central African Republic,CAF,1991,5.697
Chad,TCD,2025,1.057
Chad,TCD,2024,1.053
Chad,TCD,2023,1.059
Chad,TCD,2022,1.081
Chad,TCD,2021,1.53
Chad,TCD,2020,1.695
Chad,TCD,2019,1.077
Chad,TCD,2018,1.135
Chad,TCD,2017,1.132
Chad,TCD,2016,1.091
Chad,TCD,2015,1.032
Chad,TCD,2014,0.984
Chad,TCD,2013,0.955
Chad,TCD,2012,0.886
Chad,TCD,2011,0.92
Chad,TCD,2010,0.911
Chad,TCD,2009,0.943
Chad,TCD,2008,0.922
Chad,TCD,2007,0.839
Chad,TCD,2006,0.716
Chad,TCD,2005,0.663
Chad,TCD,2004,0.672
Chad,TCD,2003,0.725
Chad,TCD,2002,0.769
Chad,TCD,2001,0.792
Chad,TCD,2000,0.796
Chad,TCD,1999,0.753
Chad,TCD,1998,0.725
Chad,TCD,1997,0.732
Chad,TCD,1996,0.7
Chad,TCD,1995,0.755
Chad,TCD,1994,0.709
Chad,TCD,1993,0.7
Chad,TCD,1992,0.658
Chad,TCD,1991,0.668
Channel Islands,CHI,2025,6.169
Channel Islands,CHI,2024,6.031
Channel Islands,CHI,2023,5.928
Channel Islands,CHI,2022,5.923
Channel Islands,CHI,2021,6.643
Channel Islands,CHI,2020,6.633
Channel Islands,CHI,2019,6.185
Channel Islands,CHI,2018,6.344
Channel Islands,CHI,2017,6.881
Channel Islands,CHI,2016,7.469
Channel Islands,CHI,2015,7.928
Channel Islands,CHI,2014,8.319
Channel Islands,CHI,2013,8.572
Channel Islands,CHI,2012,8.028
Channel Islands,CHI,2011,7.244
Channel Islands,CHI,2010,7.024
Channel Islands,CHI,2009,6.674
Channel Islands,CHI,2008,5.295
Channel Islands,CHI,2007,5.23
Channel Islands,CHI,2006,5.571
Channel Islands,CHI,2005,5.833
Channel Islands,CHI,2004,5.848
Channel Islands,CHI,2003,5.644
Channel Islands,CHI,2002,5.313
Channel Islands,CHI,2001,5.041
Channel Islands,CHI,2000,5.351
Channel Islands,CHI,1999,5.91
Channel Islands,CHI,1998,6.278
Channel Islands,CHI,1997,6.685
Channel Islands,CHI,1996,6.897
Channel Islands,CHI,1995,6.974
Channel Islands,CHI,1994,7.235
Channel Islands,CHI,1993,7.082
Channel Islands,CHI,1992,6.121
Channel Islands,CHI,1991,5.679
Chile,CHL,2025,8.974
Chile,CHL,2024,8.718
Chile,CHL,2023,9.013
Chile,CHL,2022,8.249
Chile,CHL,2021,9.281
Chile,CHL,2020,10.934
Chile,CHL,2019,7.493
Chile,CHL,2018,7.623
Chile,CHL,2017,7.257
Chile,CHL,2016,6.926
Chile,CHL,2015,6.605
Chile,CHL,2014,6.761
Chile,CHL,2013,6.361
Chile,CHL,2012,6.79
Chile,CHL,2011,7.492
Chile,CHL,2010,8.547
Chile,CHL,2009,11.313
Chile,CHL,2008,9.285
Chile,CHL,2007,8.427
Chile,CHL,2006,9.024
Chile,CHL,2005,9.34
Chile,CHL,2004,10.162
Chile,CHL,2003,9.765
Chile,CHL,2002,10.168
Chile,CHL,2001,10.39
Chile,CHL,2000,10.491
Chile,CHL,1999,11.158
Chile,CHL,1998,7.307
Chile,CHL,1997,7.136
Chile,CHL,1996,7.414
Chile,CHL,1995,4.7
Chile,CHL,1994,5.87
Chile,CHL,1993,4.49
Chile,CHL,1992,4.35
Chile,CHL,1991,5.23
China,CHN,2025,4.615
China,CHN,2024,4.59
China,CHN,2023,4.67
China,CHN,2022,4.98
China,CHN,2021,4.55
China,CHN,2020,5.0
China,CHN,2019,4.56
China,CHN,2018,4.31
China,CHN,2017,4.47
China,CHN,2016,4.56
China,CHN,2015,4.65
China,CHN,2014,4.63
China,CHN,2013,4.6
China,CHN,2012,4.58
China,CHN,2011,4.55
China,CHN,2010,4.53
China,CHN,2009,4.72
China,CHN,2008,4.59
China,CHN,2007,4.35
China,CHN,2006,4.43
China,CHN,2005,4.52
China,CHN,2004,4.49
China,CHN,2003,4.58
China,CHN,2002,4.24
China,CHN,2001,3.8
China,CHN,2000,3.26
China,CHN,1999,3.25
China,CHN,1998,3.24
China,CHN,1997,3.23
China,CHN,1996,3.12
China,CHN,1995,3.0
China,CHN,1994,2.9
China,CHN,1993,2.69
China,CHN,1992,2.37
China,CHN,1991,2.37
Colombia,COL,2025,8.29
Colombia,COL,2024,9.619
Colombia,COL,2023,9.591
Colombia,COL,2022,10.541
Colombia,COL,2021,13.898
Colombia,COL,2020,15.983
Colombia,COL,2019,10.28
Colombia,COL,2018,9.36
Colombia,COL,2017,9.086
Colombia,COL,2016,8.922
Colombia,COL,2015,8.572
Colombia,COL,2014,8.799
Colombia,COL,2013,9.246
Colombia,COL,2012,9.959
Colombia,COL,2011,10.288
Colombia,COL,2010,11.153
Colombia,COL,2009,12.066
Colombia,COL,2008,11.273
Colombia,COL,2007,11.204
Colombia,COL,2006,11.088
Colombia,COL,2005,11.062
Colombia,COL,2004,13.717
Colombia,COL,2003,13.221
Colombia,COL,2002,14.481
Colombia,COL,2001,15.04
Colombia,COL,2000,20.52
Colombia,COL,1999,20.06
Colombia,COL,1998,15.0
Colombia,COL,1997,12.14
Colombia,COL,1996,11.81
Colombia,COL,1995,8.72
Colombia,COL,1994,8.25
Colombia,COL,1993,7.8
Colombia,COL,1992,9.44
Colombia,COL,1991,10.12
Comoros,COM,2025,3.819
Comoros,COM,2024,3.815
Comoros,COM,2023,3.833
Comoros,COM,2022,3.879
Comoros,COM,2021,4.394
Comoros,COM,2020,4.468
Comoros,COM,2019,3.926
Comoros,COM,2018,3.975
Comoros,COM,2017,4.049
Comoros,COM,2016,4.117
Comoros,COM,2015,4.031
Comoros,COM,2014,3.984
Comoros,COM,2013,3.98
Comoros,COM,2012,4.091
Comoros,COM,2011,4.12
Comoros,COM,2010,4.19
Comoros,COM,2009,4.303
Comoros,COM,2008,4.416
Comoros,COM,2007,4.474
Comoros,COM,2006,4.482
Comoros,COM,2005,4.527
Comoros,COM,2004,4.571
Comoros,COM,2003,4.559
Comoros,COM,2002,4.372
Comoros,COM,2001,4.379
Comoros,COM,2000,4.4
Comoros,COM,1999,4.544
Comoros,COM,1998,4.614
Comoros,COM,1997,4.561
Comoros,COM,1996,4.774
Comoros,COM,1995,4.675
Comoros,COM,1994,4.566
Comoros,COM,1993,4.571
Comoros,COM,1992,4.528
Comoros,COM,1991,4.795
"Congo, Dem. Rep.",COD,2025,4.434
"Congo, Dem. Rep.",COD,2024,4.421
"Congo, Dem. Rep.",COD,2023,4.469
"Congo, Dem. Rep.",COD,2022,4.54
"Congo, Dem. Rep.",COD,2021,5.289
"Congo, Dem. Rep.",COD,2020,5.355
"Congo, Dem. Rep.",COD,2019,4.605
"Congo, Dem. Rep.",COD,2018,4.632
"Congo, Dem. Rep.",COD,2017,4.613
"Congo, Dem. Rep.",COD,2016,4.528
"Congo, Dem. Rep.",COD,2015,4.441
"Congo, Dem. Rep.",COD,2014,4.436
"Congo, Dem. Rep.",COD,2013,4.469
"Congo, Dem. Rep.",COD,2012,4.485
"Congo, Dem. Rep.",COD,2011,4.317
"Congo, Dem. Rep.",COD,2010,4.098
"Congo, Dem. Rep.",COD,2009,3.882
"Congo, Dem. Rep.",COD,2008,3.627
"Congo, Dem. Rep.",COD,2007,3.404
"Congo, Dem. Rep.",COD,2006,3.174
"Congo, Dem. Rep.",COD,2005,2.948
"Congo, Dem. Rep.",COD,2004,2.976
"Congo, Dem. Rep.",COD,2003,3.057
"Congo, Dem. Rep.",COD,2002,3.179
"Congo, Dem. Rep.",COD,2001,3.251
"Congo, Dem. Rep.",COD,2000,3.245
"Congo, Dem. Rep.",COD,1999,3.23
"Congo, Dem. Rep.",COD,1998,3.195
"Congo, Dem. Rep.",COD,1997,3.171
"Congo, Dem. Rep.",COD,1996,3.156
"Congo, Dem. Rep.",COD,1995,3.285
"Congo, Dem. Rep.",COD,1994,3.403
"Congo, Dem. Rep.",COD,1993,3.45
"Congo, Dem. Rep.",COD,1992,3.372
"Congo, Dem. Rep.",COD,1991,3.272
"Congo, Rep.",COG,2025,19.876
"Congo, Rep.",COG,2024,19.895
"Congo, Rep.",COG,2023,19.919
"Congo, Rep.",COG,2022,20.131
"Congo, Rep.",COG,2021,21.998
"Congo, Rep.",COG,2020,22.286
"Congo, Rep.",COG,2019,20.494
"Congo, Rep.",COG,2018,20.84
"Congo, Rep.",COG,2017,20.737
"Congo, Rep.",COG,2016,20.298
"Congo, Rep.",COG,2015,20.02
"Congo, Rep.",COG,2014,19.696
"Congo, Rep.",COG,2013,19.845
"Congo, Rep.",COG,2012,19.491
"Congo, Rep.",COG,2011,19.435
"Congo, Rep.",COG,2010,19.3
"Congo, Rep.",COG,2009,19.844
"Congo, Rep.",COG,2008,19.962
"Congo, Rep.",COG,2007,19.909
"Congo, Rep.",COG,2006,19.563
"Congo, Rep.",COG,2005,19.796
"Congo, Rep.",COG,2004,19.896
"Congo, Rep.",COG,2003,19.877
"Congo, Rep.",COG,2002,19.644
"Congo, Rep.",COG,2001,19.88
"Congo, Rep.",COG,2000,19.872
"Congo, Rep.",COG,1999,20.141
"Congo, Rep.",COG,1998,19.898
"Congo, Rep.",COG,1997,19.886
"Congo, Rep.",COG,1996,20.049
"Congo, Rep.",COG,1995,20.226
"Congo, Rep.",COG,1994,20.269
"Congo, Rep.",COG,1993,19.99
"Congo, Rep.",COG,1992,19.916
"Congo, Rep.",COG,1991,19.911
Costa Rica,CRI,2025,6.843
Costa Rica,CRI,2024,6.936
Costa Rica,CRI,2023,8.325
Costa Rica,CRI,2022,11.325
Costa Rica,CRI,2021,15.139
Costa Rica,CRI,2020,16.432
Costa Rica,CRI,2019,10.807
Costa Rica,CRI,2018,9.01
Costa Rica,CRI,2017,7.729
Costa Rica,CRI,2016,8.085
Costa Rica,CRI,2015,8.415
Costa Rica,CRI,2014,8.499
Costa Rica,CRI,2013,8.218
Costa Rica,CRI,2012,9.11
Costa Rica,CRI,2011,9.518
Costa Rica,CRI,2010,7.171
Costa Rica,CRI,2009,7.824
Costa Rica,CRI,2008,4.934
Costa Rica,CRI,2007,4.557
Costa Rica,CRI,2006,5.926
Costa Rica,CRI,2005,6.749
Costa Rica,CRI,2004,6.445
Costa Rica,CRI,2003,6.654
Costa Rica,CRI,2002,6.396
Costa Rica,CRI,2001,6.051
Costa Rica,CRI,2000,5.08
Costa Rica,CRI,1999,5.9
Costa Rica,CRI,1998,5.33
Costa Rica,CRI,1997,5.68
Costa Rica,CRI,1996,6.16
Costa Rica,CRI,1995,5.18
Costa Rica,CRI,1994,4.05
Costa Rica,CRI,1993,3.95
Costa Rica,CRI,1992,3.93
Costa Rica,CRI,1991,5.37
Cote d'Ivoire,CIV,2025,2.323
Cote d'Ivoire,CIV,2024,2.273
Cote d'Ivoire,CIV,2023,2.263
Cote d'Ivoire,CIV,2022,2.31
Cote d'Ivoire,CIV,2021,2.623
Cote d'Ivoire,CIV,2020,2.588
Cote d'Ivoire,CIV,2019,2.401
Cote d'Ivoire,CIV,2018,2.852
Cote d'Ivoire,CIV,2017,3.272
Cote d'Ivoire,CIV,2016,1.896
Cote d'Ivoire,CIV,2015,2.573
Cote d'Ivoire,CIV,2014,3.274
Cote d'Ivoire,CIV,2013,4.255
Cote d'Ivoire,CIV,2012,7.223
Cote d'Ivoire,CIV,2011,7.144
Cote d'Ivoire,CIV,2010,6.607
Cote d'Ivoire,CIV,2009,6.573
Cote d'Ivoire,CIV,2008,6.382
Cote d'Ivoire,CIV,2007,6.284
Cote d'Ivoire,CIV,2006,6.017
Cote d'Ivoire,CIV,2005,6.023
Cote d'Ivoire,CIV,2004,5.915
Cote d'Ivoire,CIV,2003,5.847
Cote d'Ivoire,CIV,2002,5.508
Cote d'Ivoire,CIV,2001,5.195
Cote d'Ivoire,CIV,2000,4.835
Cote d'Ivoire,CIV,1999,4.421
Cote d'Ivoire,CIV,1998,4.1
Cote d'Ivoire,CIV,1997,3.964
Cote d'Ivoire,CIV,1996,4.039
Cote d'Ivoire,CIV,1995,4.1
Cote d'Ivoire,CIV,1994,5.046
Cote d'Ivoire,CIV,1993,5.869
Cote d'Ivoire,CIV,1992,6.7
Cote d'Ivoire,CIV,1991,6.595
Croatia,HRV,2025,5.002
Croatia,HRV,2024,5.0
Croatia,HRV,2023,6.121
Croatia,HRV,2022,6.811
Croatia,HRV,2021,7.483
Croatia,HRV,2020,7.389
Croatia,HRV,2019,6.551
Croatia,HRV,2018,8.322
Croatia,HRV,2017,11.078
Croatia,HRV,2016,13.015
Croatia,HRV,2015,16.15
Croatia,HRV,2014,17.209
Croatia,HRV,2013,17.231
Croatia,HRV,2012,16.046
Croatia,HRV,2011,13.678
Croatia,HRV,2010,11.62
Croatia,HRV,2009,9.202
Croatia,HRV,2008,8.53
Croatia,HRV,2007,9.909
Croatia,HRV,2006,11.13
Croatia,HRV,2005,12.598
Croatia,HRV,2004,13.664
Croatia,HRV,2003,13.924
Croatia,HRV,2002,15.053
Croatia,HRV,2001,15.822
Croatia,HRV,2000,16.064
Croatia,HRV,1999,13.559
Croatia,HRV,1998,11.392
Croatia,HRV,1997,9.71
Croatia,HRV,1996,9.68
Croatia,HRV,1995,10.007
Croatia,HRV,1994,10.364
Croatia,HRV,1993,10.779
Croatia,HRV,1992,10.974
Croatia,HRV,1991,11.14
Cuba,CUB,2025,1.746
Cuba,CUB,2024,1.755
Cuba,CUB,2023,1.73
Cuba,CUB,2022,1.829
Cuba,CUB,2021,2.11
Cuba,CUB,2020,2.233
Cuba,CUB,2019,1.705
Cuba,CUB,2018,1.7
Cuba,CUB,2017,1.7
Cuba,CUB,2016,2.0
Cuba,CUB,2015,2.4
Cuba,CUB,2014,2.7
Cuba,CUB,2013,3.29
Cuba,CUB,2012,3.46
Cuba,CUB,2011,3.18
Cuba,CUB,2010,2.5
Cuba,CUB,2009,1.67
Cuba,CUB,2008,1.583
Cuba,CUB,2007,1.788
Cuba,CUB,2006,1.913
Cuba,CUB,2005,1.95
Cuba,CUB,2004,1.854
Cuba,CUB,2003,2.33
Cuba,CUB,2002,3.31
Cuba,CUB,2001,4.08
Cuba,CUB,2000,5.45
Cuba,CUB,1999,6.26
Cuba,CUB,1998,6.23
Cuba,CUB,1997,7.1
Cuba,CUB,1996,7.61
Cuba,CUB,1995,8.27
Cuba,CUB,1994,8.806
Cuba,CUB,1993,9.27
Cuba,CUB,1992,8.779
Cuba,CUB,1991,8.306
Cyprus,CYP,2025,4.924
Cyprus,CYP,2024,4.9
Cyprus,CYP,2023,5.835
Cyprus,CYP,2022,6.806
Cyprus,CYP,2021,7.513
Cyprus,CYP,2020,7.755
Cyprus,CYP,2019,7.155
Cyprus,CYP,2018,8.504
Cyprus,CYP,2017,11.155
Cyprus,CYP,2016,13.006
Cyprus,CYP,2015,15.026
Cyprus,CYP,2014,16.277
Cyprus,CYP,2013,16.131
Cyprus,CYP,2012,12.097
Cyprus,CYP,2011,7.942
Cyprus,CYP,2010,6.359
Cyprus,CYP,2009,5.594
Cyprus,CYP,2008,3.756
Cyprus,CYP,2007,3.946
Cyprus,CYP,2006,4.593
Cyprus,CYP,2005,5.481
Cyprus,CYP,2004,4.77
Cyprus,CYP,2003,4.153
Cyprus,CYP,2002,3.336
Cyprus,CYP,2001,4.043
Cyprus,CYP,2000,4.766
Cyprus,CYP,1999,5.532
Cyprus,CYP,1998,3.3
Cyprus,CYP,1997,3.4
Cyprus,CYP,1996,3.1
Cyprus,CYP,1995,2.6
Cyprus,CYP,1994,2.7
Cyprus,CYP,1993,2.7
Cyprus,CYP,1992,2.09
Cyprus,CYP,1991,3.0
Czechia,CZE,2025,2.825
Czechia,CZE,2024,2.6
Czechia,CZE,2023,2.579
Czechia,CZE,2022,2.224
Czechia,CZE,2021,2.803
Czechia,CZE,2020,2.55
Czechia,CZE,2019,2.015
Czechia,CZE,2018,2.246
Czechia,CZE,2017,2.893
Czechia,CZE,2016,3.952
Czechia,CZE,2015,5.048
Czechia,CZE,2014,6.108
Czechia,CZE,2013,6.953
Czechia,CZE,2012,6.979
Czechia,CZE,2011,6.712
Czechia,CZE,2010,7.281
Czechia,CZE,2009,6.662
Czechia,CZE,2008,4.392
Czechia,CZE,2007,5.316
Czechia,CZE,2006,7.141
Czechia,CZE,2005,7.927
Czechia,CZE,2004,8.298
Czechia,CZE,2003,7.777
Czechia,CZE,2002,7.28
Czechia,CZE,2001,8.128
Czechia,CZE,2000,8.764
Czechia,CZE,1999,8.702
Czechia,CZE,1998,6.455
Czechia,CZE,1997,4.674
Czechia,CZE,1996,3.852
Czechia,CZE,1995,4.082
Czechia,CZE,1994,4.284
Czechia,CZE,1993,4.349
Czechia,CZE,1992,2.6
Czechia,CZE,1991,2.27
Denmark,DNK,2025,5.529
Denmark,DNK,2024,5.358
Denmark,DNK,2023,5.094
Denmark,DNK,2022,4.434
Denmark,DNK,2021,5.065
Denmark,DNK,2020,5.644
Denmark,DNK,2019,5.018
Denmark,DNK,2018,5.131
Denmark,DNK,2017,5.833
Denmark,DNK,2016,5.989
Denmark,DNK,2015,6.278
Denmark,DNK,2014,6.925
Denmark,DNK,2013,7.384
Denmark,DNK,2012,7.798
Denmark,DNK,2011,7.769
Denmark,DNK,2010,7.746
Denmark,DNK,2009,6.409
Denmark,DNK,2008,3.683
Denmark,DNK,2007,3.801
Denmark,DNK,2006,3.897
Denmark,DNK,2005,4.83
Denmark,DNK,2004,5.204
Denmark,DNK,2003,5.398
Denmark,DNK,2002,4.274
Denmark,DNK,2001,4.164
Denmark,DNK,2000,4.476
Denmark,DNK,1999,5.141
Denmark,DNK,1998,5.039
Denmark,DNK,1997,5.4
Denmark,DNK,1996,6.844
Denmark,DNK,1995,6.992
Denmark,DNK,1994,8.036
Denmark,DNK,1993,10.719
Denmark,DNK,1992,9.027
Denmark,DNK,1991,9.099
Djibouti,DJI,2025,26.015
Djibouti,DJI,2024,26.007
Djibouti,DJI,2023,26.074
Djibouti,DJI,2022,26.272
Djibouti,DJI,2021,27.628
Djibouti,DJI,2020,27.701
Djibouti,DJI,2019,26.257
Djibouti,DJI,2018,26.18
Djibouti,DJI,2017,26.064
Djibouti,DJI,2016,25.982
Djibouti,DJI,2015,26.063
Djibouti,DJI,2014,26.16
Djibouti,DJI,2013,26.149
Djibouti,DJI,2012,26.179
Djibouti,DJI,2011,26.31
Djibouti,DJI,2010,26.368
Djibouti,DJI,2009,26.325
Djibouti,DJI,2008,26.183
Djibouti,DJI,2007,26.292
Djibouti,DJI,2006,26.382
Djibouti,DJI,2005,26.448
Djibouti,DJI,2004,26.441
Djibouti,DJI,2003,26.484
Djibouti,DJI,2002,26.589
Djibouti,DJI,2001,26.597
Djibouti,DJI,2000,26.664
Djibouti,DJI,1999,26.742
Djibouti,DJI,1998,27.027
Djibouti,DJI,1997,27.176
Djibouti,DJI,1996,27.172
Djibouti,DJI,1995,27.303
Djibouti,DJI,1994,27.118
Djibouti,DJI,1993,27.253
Djibouti,DJI,1992,26.457
Djibouti,DJI,1991,26.118
Dominican Republic,DOM,2025,5.092
Dominican Republic,DOM,2024,5.312
Dominican Republic,DOM,2023,5.555
Dominican Republic,DOM,2022,5.504
Dominican Republic,DOM,2021,7.702
Dominican Republic,DOM,2020,6.126
Dominican Republic,DOM,2019,6.356
Dominican Republic,DOM,2018,5.861
Dominican Republic,DOM,2017,5.832
Dominican Republic,DOM,2016,7.284
Dominican Republic,DOM,2015,7.605
Dominican Republic,DOM,2014,6.719
Dominican Republic,DOM,2013,7.351
Dominican Republic,DOM,2012,6.722
Dominican Republic,DOM,2011,6.087
Dominican Republic,DOM,2010,5.212
Dominican Republic,DOM,2009,5.467
Dominican Republic,DOM,2008,4.764
Dominican Republic,DOM,2007,5.158
Dominican Republic,DOM,2006,5.654
Dominican Republic,DOM,2005,6.587
Dominican Republic,DOM,2004,6.303
Dominican Republic,DOM,2003,6.938
Dominican Republic,DOM,2002,6.779
Dominican Republic,DOM,2001,7.262
Dominican Republic,DOM,2000,6.432
Dominican Republic,DOM,1999,6.312
Dominican Republic,DOM,1998,6.304
Dominican Republic,DOM,1997,6.323
Dominican Republic,DOM,1996,6.485
Dominican Republic,DOM,1995,6.439
Dominican Republic,DOM,1994,6.285
Dominican Republic,DOM,1993,6.322
Dominican Republic,DOM,1992,6.669
Dominican Republic,DOM,1991,6.863
Ecuador,ECU,2025,3.308
Ecuador,ECU,2024,3.453
Ecuador,ECU,2023,3.51
Ecuador,ECU,2022,3.713
Ecuador,ECU,2021,4.504
Ecuador,ECU,2020,6.116
Ecuador,ECU,2019,3.812
Ecuador,ECU,2018,3.53
Ecuador,ECU,2017,3.836
Ecuador,ECU,2016,4.597
Ecuador,ECU,2015,3.616
Ecuador,ECU,2014,3.48
Ecuador,ECU,2013,3.083
Ecuador,ECU,2012,3.235
Ecuador,ECU,2011,3.458
Ecuador,ECU,2010,4.088
Ecuador,ECU,2009,4.608
Ecuador,ECU,2008,3.917
Ecuador,ECU,2007,3.142
Ecuador,ECU,2006,3.55
Ecuador,ECU,2005,3.779
Ecuador,ECU,2004,5.002
Ecuador,ECU,2003,5.662
Ecuador,ECU,2002,4.825
Ecuador,ECU,2001,4.252
Ecuador,ECU,2000,4.8
Ecuador,ECU,1999,4.656
Ecuador,ECU,1998,4.389
Ecuador,ECU,1997,4.424
Ecuador,ECU,1996,4.422
Ecuador,ECU,1995,4.408
Ecuador,ECU,1994,4.409
Ecuador,ECU,1993,4.403
Ecuador,ECU,1992,4.333
Ecuador,ECU,1991,4.371
"Egypt, Arab Rep.",EGY,2025,6.781
"Egypt, Arab Rep.",EGY,2024,6.817
"Egypt, Arab Rep.",EGY,2023,6.753
"Egypt, Arab Rep.",EGY,2022,6.546
"Egypt, Arab Rep.",EGY,2021,7.441
"Egypt, Arab Rep.",EGY,2020,7.974
"Egypt, Arab Rep.",EGY,2019,7.851
"Egypt, Arab Rep.",EGY,2018,9.855
"Egypt, Arab Rep.",EGY,2017,11.767
"Egypt, Arab Rep.",EGY,2016,12.45
"Egypt, Arab Rep.",EGY,2015,13.052
"Egypt, Arab Rep.",EGY,2014,13.105
"Egypt, Arab Rep.",EGY,2013,13.154
"Egypt, Arab Rep.",EGY,2012,12.597
"Egypt, Arab Rep.",EGY,2011,11.849
"Egypt, Arab Rep.",EGY,2010,8.757
"Egypt, Arab Rep.",EGY,2009,9.087
"Egypt, Arab Rep.",EGY,2008,8.517
"Egypt, Arab Rep.",EGY,2007,8.8
"Egypt, Arab Rep.",EGY,2006,10.49
"Egypt, Arab Rep.",EGY,2005,11.049
"Egypt, Arab Rep.",EGY,2004,10.32
"Egypt, Arab Rep.",EGY,2003,10.91
"Egypt, Arab Rep.",EGY,2002,10.01
"Egypt, Arab Rep.",EGY,2001,9.26
"Egypt, Arab Rep.",EGY,2000,8.98
"Egypt, Arab Rep.",EGY,1999,7.95
"Egypt, Arab Rep.",EGY,1998,8.03
"Egypt, Arab Rep.",EGY,1997,8.37
"Egypt, Arab Rep.",EGY,1996,9.0
"Egypt, Arab Rep.",EGY,1995,11.04
"Egypt, Arab Rep.",EGY,1994,10.93
"Egypt, Arab Rep.",EGY,1993,10.92
"Egypt, Arab Rep.",EGY,1992,8.92
"Egypt, Arab Rep.",EGY,1991,9.38
El Salvador,SLV,2025,3.303
El Salvador,SLV,2024,3.261
El Salvador,SLV,2023,2.992
El Salvador,SLV,2022,2.999
El Salvador,SLV,2021,4.327
El Salvador,SLV,2020,5.008
El Salvador,SLV,2019,4.17
El Salvador,SLV,2018,4.006
El Salvador,SLV,2017,4.385
El Salvador,SLV,2016,4.418
El Salvador,SLV,2015,3.998
El Salvador,SLV,2014,4.154
El Salvador,SLV,2013,3.693
El Salvador,SLV,2012,3.843
El Salvador,SLV,2011,4.297
El Salvador,SLV,2010,4.893
El Salvador,SLV,2009,7.33
El Salvador,SLV,2008,5.88
El Salvador,SLV,2007,6.41
El Salvador,SLV,2006,6.57
El Salvador,SLV,2005,7.22
El Salvador,SLV,2004,6.8
El Salvador,SLV,2003,6.9
El Salvador,SLV,2002,6.2
El Salvador,SLV,2001,6.96
El Salvador,SLV,2000,6.96
El Salvador,SLV,1999,7.3
El Salvador,SLV,1998,7.1
El Salvador,SLV,1997,7.98
El Salvador,SLV,1996,7.68
El Salvador,SLV,1995,7.65
El Salvador,SLV,1994,7.68
El Salvador,SLV,1993,9.94
El Salvador,SLV,1992,7.88
El Salvador,SLV,1991,7.53
Equatorial Guinea,GNQ,2025,8.337
Equatorial Guinea,GNQ,2024,8.293
Equatorial Guinea,GNQ,2023,8.218
Equatorial Guinea,GNQ,2022,8.334
Equatorial Guinea,GNQ,2021,8.821
Equatorial Guinea,GNQ,2020,8.625
Equatorial Guinea,GNQ,2019,7.917
Equatorial Guinea,GNQ,2018,7.818
Equatorial Guinea,GNQ,2017,7.843
Equatorial Guinea,GNQ,2016,7.798
Equatorial Guinea,GNQ,2015,7.778
Equatorial Guinea,GNQ,2014,7.669
Equatorial Guinea,GNQ,2013,7.675
Equatorial Guinea,GNQ,2012,7.761
Equatorial Guinea,GNQ,2011,7.837
Equatorial Guinea,GNQ,2010,7.847
Equatorial Guinea,GNQ,2009,7.702
Equatorial Guinea,GNQ,2008,7.571
Equatorial Guinea,GNQ,2007,7.592
Equatorial Guinea,GNQ,2006,7.612
Equatorial Guinea,GNQ,2005,7.667
Equatorial Guinea,GNQ,2004,7.658
Equatorial Guinea,GNQ,2003,7.701
Equatorial Guinea,GNQ,2002,7.646
Equatorial Guinea,GNQ,2001,7.551
Equatorial Guinea,GNQ,2000,7.444
Equatorial Guinea,GNQ,1999,7.417
Equatorial Guinea,GNQ,1998,7.332
Equatorial Guinea,GNQ,1997,7.263
Equatorial Guinea,GNQ,1996,7.215
Equatorial Guinea,GNQ,1995,7.16
Equatorial Guinea,GNQ,1994,7.123
Equatorial Guinea,GNQ,1993,7.024
Equatorial Guinea,GNQ,1992,6.878
Equatorial Guinea,GNQ,1991,6.677
Eritrea,ERI,2025,5.978
Eritrea,ERI,2024,5.947
Eritrea,ERI,2023,5.909
Eritrea,ERI,2022,6.033
Eritrea,ERI,2021,6.489
Eritrea,ERI,2020,6.375
Eritrea,ERI,2019,5.812
Eritrea,ERI,2018,5.756
Eritrea,ERI,2017,5.804
Eritrea,ERI,2016,5.772
Eritrea,ERI,2015,5.751
Eritrea,ERI,2014,5.637
Eritrea,ERI,2013,5.624
Eritrea,ERI,2012,5.692
Eritrea,ERI,2011,5.801
Eritrea,ERI,2010,5.854
Eritrea,ERI,2009,5.757
Eritrea,ERI,2008,5.683
Eritrea,ERI,2007,5.719
Eritrea,ERI,2006,5.707
Eritrea,ERI,2005,5.721
Eritrea,ERI,2004,5.704
Eritrea,ERI,2003,5.79
Eritrea,ERI,2002,5.794
Eritrea,ERI,2001,5.74
Eritrea,ERI,2000,5.656
Eritrea,ERI,1999,5.604
Eritrea,ERI,1998,5.501
Eritrea,ERI,1997,5.4
Eritrea,ERI,1996,5.31
Eritrea,ERI,1995,5.349
Eritrea,ERI,1994,5.446
Eritrea,ERI,1993,5.387
Eritrea,ERI,1992,5.297
Eritrea,ERI,1991,5.129
Estonia,EST,2025,8.313
Estonia,EST,2024,7.6
Estonia,EST,2023,6.378
Estonia,EST,2022,5.571
Estonia,EST,2021,6.178
Estonia,EST,2020,6.956
Estonia,EST,2019,4.514
Estonia,EST,2018,5.412
Estonia,EST,2017,5.807
Estonia,EST,2016,6.882
Estonia,EST,2015,6.412
Estonia,EST,2014,7.352
Estonia,EST,2013,8.631
Estonia,EST,2012,10.021
Estonia,EST,2011,12.328
Estonia,EST,2010,16.707
Estonia,EST,2009,13.548
Estonia,EST,2008,5.455
Estonia,EST,2007,4.592
Estonia,EST,2006,5.915
Estonia,EST,2005,8.033
Estonia,EST,2004,10.248
Estonia,EST,2003,11.288
Estonia,EST,2002,10.026
Estonia,EST,2001,13.134
Estonia,EST,2000,13.36
Estonia,EST,1999,11.573
Estonia,EST,1998,9.51
Estonia,EST,1997,10.369
Estonia,EST,1996,9.915
Estonia,EST,1995,9.659
Estonia,EST,1994,7.561
Estonia,EST,1993,6.544
Estonia,EST,1992,3.681
Estonia,EST,1991,1.468
Eswatini,SWZ,2025,34.202
Eswatini,SWZ,2024,34.643
Eswatini,SWZ,2023,34.61
Eswatini,SWZ,2022,36.472
Eswatini,SWZ,2021,34.153
Eswatini,SWZ,2020,32.978
Eswatini,SWZ,2019,28.222
Eswatini,SWZ,2018,26.471
Eswatini,SWZ,2017,24.543
Eswatini,SWZ,2016,22.718
Eswatini,SWZ,2015,23.431
Eswatini,SWZ,2014,23.931
Eswatini,SWZ,2013,24.556
Eswatini,SWZ,2012,25.226
Eswatini,SWZ,2011,26.105
Eswatini,SWZ,2010,26.856
Eswatini,SWZ,2009,27.488
Eswatini,SWZ,2008,27.891
Eswatini,SWZ,2007,28.24
Eswatini,SWZ,2006,27.693
Eswatini,SWZ,2005,27.221
Eswatini,SWZ,2004,26.716
Eswatini,SWZ,2003,26.259
Eswatini,SWZ,2002,25.771
Eswatini,SWZ,2001,25.24
Eswatini,SWZ,2000,24.547
Eswatini,SWZ,1999,23.868
Eswatini,SWZ,1998,23.214
Eswatini,SWZ,1997,22.5
Eswatini,SWZ,1996,22.074
Eswatini,SWZ,1995,21.65
Eswatini,SWZ,1994,21.726
Eswatini,SWZ,1993,21.76
Eswatini,SWZ,1992,20.947
Eswatini,SWZ,1991,20.521
Ethiopia,ETH,2025,3.323
Ethiopia,ETH,2024,3.357
Ethiopia,ETH,2023,3.375
Ethiopia,ETH,2022,3.386
Ethiopia,ETH,2021,3.935
Ethiopia,ETH,2020,3.998
Ethiopia,ETH,2019,2.928
Ethiopia,ETH,2018,2.811
Ethiopia,ETH,2017,2.665
Ethiopia,ETH,2016,2.556
Ethiopia,ETH,2015,2.442
Ethiopia,ETH,2014,2.361
Ethiopia,ETH,2013,2.251
Ethiopia,ETH,2012,2.252
Ethiopia,ETH,2011,2.27
Ethiopia,ETH,2010,2.295
Ethiopia,ETH,2009,2.326
Ethiopia,ETH,2008,2.326
Ethiopia,ETH,2007,2.337
Ethiopia,ETH,2006,2.337
Ethiopia,ETH,2005,2.497
Ethiopia,ETH,2004,2.776
Ethiopia,ETH,2003,3.008
Ethiopia,ETH,2002,3.054
Ethiopia,ETH,2001,3.16
Ethiopia,ETH,2000,3.499
Ethiopia,ETH,1999,3.714
Ethiopia,ETH,1998,3.481
Ethiopia,ETH,1997,3.227
Ethiopia,ETH,1996,3.121
Ethiopia,ETH,1995,3.005
Ethiopia,ETH,1994,3.1
Ethiopia,ETH,1993,3.252
Ethiopia,ETH,1992,3.416
Ethiopia,ETH,1991,3.284
Fiji,FJI,2025,5.347
Fiji,FJI,2024,5.361
Fiji,FJI,2023,5.316
Fiji,FJI,2022,5.403
Fiji,FJI,2021,5.225
Fiji,FJI,2020,5.054
Fiji,FJI,2019,4.661
Fiji,FJI,2018,4.523
Fiji,FJI,2017,4.418
Fiji,FJI,2016,4.319
Fiji,FJI,2015,4.288
Fiji,FJI,2014,4.323
Fiji,FJI,2013,4.356
Fiji,FJI,2012,4.375
Fiji,FJI,2011,4.406
Fiji,FJI,2010,4.345
Fiji,FJI,2009,4.309
Fiji,FJI,2008,4.187
Fiji,FJI,2007,4.109
Fiji,FJI,2006,3.957
Fiji,FJI,2005,3.886
Fiji,FJI,2004,4.7
Fiji,FJI,2003,4.74
Fiji,FJI,2002,4.772
Fiji,FJI,2001,4.692
Fiji,FJI,2000,4.697
Fiji,FJI,1999,4.698
Fiji,FJI,1998,4.746
Fiji,FJI,1997,4.725
Fiji,FJI,1996,4.623
Fiji,FJI,1995,4.651
Fiji,FJI,1994,4.598
Fiji,FJI,1993,4.694
Fiji,FJI,1992,4.64
Fiji,FJI,1991,4.618
Finland,FIN,2025,9.461
Finland,FIN,2024,8.4
Finland,FIN,2023,7.149
Finland,FIN,2022,6.719
Finland,FIN,2021,7.617
Finland,FIN,2020,7.759
Finland,FIN,2019,6.695
Finland,FIN,2018,7.361
Finland,FIN,2017,8.64
Finland,FIN,2016,8.818
Finland,FIN,2015,9.376
Finland,FIN,2014,8.663
Finland,FIN,2013,8.193
Finland,FIN,2012,7.689
Finland,FIN,2011,7.781
Finland,FIN,2010,8.394
Finland,FIN,2009,8.249
Finland,FIN,2008,6.369
Finland,FIN,2007,6.854
Finland,FIN,2006,8.935
Finland,FIN,2005,9.602
Finland,FIN,2004,10.358
Finland,FIN,2003,10.469
Finland,FIN,2002,10.423
Finland,FIN,2001,10.29
Finland,FIN,2000,11.134
Finland,FIN,1999,11.693
Finland,FIN,1998,13.214
Finland,FIN,1997,14.967
Finland,FIN,1996,15.572
Finland,FIN,1995,17.005
Finland,FIN,1994,16.426
Finland,FIN,1993,16.201
Finland,FIN,1992,11.595
Finland,FIN,1991,6.503
France,FRA,2025,7.542
France,FRA,2024,7.4
France,FRA,2023,7.335
France,FRA,2022,7.303
France,FRA,2021,7.871
France,FRA,2020,8.009
France,FRA,2019,8.415
France,FRA,2018,9.018
France,FRA,2017,9.409
France,FRA,2016,10.057
France,FRA,2015,10.354
France,FRA,2014,10.273
France,FRA,2013,9.913
France,FRA,2012,9.841
France,FRA,2011,9.228
France,FRA,2010,9.279
France,FRA,2009,9.122
France,FRA,2008,7.386
France,FRA,2007,8.008
France,FRA,2006,8.832
France,FRA,2005,8.882
France,FRA,2004,8.914
France,FRA,2003,8.306
France,FRA,2002,8.702
France,FRA,2001,8.61
France,FRA,2000,10.218
France,FRA,1999,11.981
France,FRA,1998,12.074
France,FRA,1997,12.566
France,FRA,1996,12.367
France,FRA,1995,11.834
France,FRA,1994,12.593
France,FRA,1993,11.32
France,FRA,1992,10.203
France,FRA,1991,9.134
French Polynesia,PYF,2025,11.662
French Polynesia,PYF,2024,11.613
French Polynesia,PYF,2023,11.613
French Polynesia,PYF,2022,11.793
French Polynesia,PYF,2021,12.558
French Polynesia,PYF,2020,12.963
French Polynesia,PYF,2019,11.591
French Polynesia,PYF,2018,11.599
French Polynesia,PYF,2017,11.595
French Polynesia,PYF,2016,11.727
French Polynesia,PYF,2015,11.794
French Polynesia,PYF,2014,11.894
French Polynesia,PYF,2013,12.027
French Polynesia,PYF,2012,12.134
French Polynesia,PYF,2011,12.257
French Polynesia,PYF,2010,12.133
French Polynesia,PYF,2009,11.963
French Polynesia,PYF,2008,11.76
French Polynesia,PYF,2007,11.74
French Polynesia,PYF,2006,11.768
French Polynesia,PYF,2005,11.722
French Polynesia,PYF,2004,11.702
French Polynesia,PYF,2003,11.751
French Polynesia,PYF,2002,11.71
French Polynesia,PYF,2001,11.665
French Polynesia,PYF,2000,11.583
French Polynesia,PYF,1999,11.701
French Polynesia,PYF,1998,11.791
French Polynesia,PYF,1997,11.866
French Polynesia,PYF,1996,11.92
French Polynesia,PYF,1995,11.941
French Polynesia,PYF,1994,11.98
French Polynesia,PYF,1993,11.778
French Polynesia,PYF,1992,11.724
French Polynesia,PYF,1991,11.591
Gabon,GAB,2025,20.154
Gabon,GAB,2024,20.091
Gabon,GAB,2023,20.161
Gabon,GAB,2022,20.319
Gabon,GAB,2021,21.223
Gabon,GAB,2020,21.279
Gabon,GAB,2019,20.371
Gabon,GAB,2018,20.459
Gabon,GAB,2017,20.307
Gabon,GAB,2016,20.117
Gabon,GAB,2015,19.943
Gabon,GAB,2014,19.873
Gabon,GAB,2013,19.736
Gabon,GAB,2012,19.661
Gabon,GAB,2011,19.895
Gabon,GAB,2010,20.39
Gabon,GAB,2009,19.76
Gabon,GAB,2008,19.212
Gabon,GAB,2007,18.257
Gabon,GAB,2006,17.805
Gabon,GAB,2005,16.91
Gabon,GAB,2004,17.108
Gabon,GAB,2003,17.126
Gabon,GAB,2002,17.376
Gabon,GAB,2001,17.827
Gabon,GAB,2000,17.848
Gabon,GAB,1999,17.599
Gabon,GAB,1998,17.152
Gabon,GAB,1997,17.166
Gabon,GAB,1996,17.325
Gabon,GAB,1995,17.388
Gabon,GAB,1994,17.804
Gabon,GAB,1993,17.78
Gabon,GAB,1992,17.716
Gabon,GAB,1991,17.224
"Gambia, The",GMB,2025,6.521
"Gambia, The",GMB,2024,6.48
"Gambia, The",GMB,2023,6.479
"Gambia, The",GMB,2022,6.067
"Gambia, The",GMB,2021,6.213
"Gambia, The",GMB,2020,5.84
"Gambia, The",GMB,2019,4.481
"Gambia, The",GMB,2018,4.055
"Gambia, The",GMB,2017,5.097
"Gambia, The",GMB,2016,6.244
"Gambia, The",GMB,2015,7.226
"Gambia, The",GMB,2014,8.191
"Gambia, The",GMB,2013,9.454
"Gambia, The",GMB,2012,10.346
"Gambia, The",GMB,2011,10.276
"Gambia, The",GMB,2010,9.673
"Gambia, The",GMB,2009,9.778
"Gambia, The",GMB,2008,10.065
"Gambia, The",GMB,2007,10.425
"Gambia, The",GMB,2006,10.241
"Gambia, The",GMB,2005,9.92
"Gambia, The",GMB,2004,9.948
"Gambia, The",GMB,2003,9.991
"Gambia, The",GMB,2002,10.039
"Gambia, The",GMB,2001,9.64
"Gambia, The",GMB,2000,9.722
"Gambia, The",GMB,1999,9.737
"Gambia, The",GMB,1998,9.898
"Gambia, The",GMB,1997,9.999
"Gambia, The",GMB,1996,10.192
"Gambia, The",GMB,1995,10.153
"Gambia, The",GMB,1994,10.044
"Gambia, The",GMB,1993,9.917
"Gambia, The",GMB,1992,9.888
"Gambia, The",GMB,1991,9.778
Georgia,GEO,2025,12.097
Georgia,GEO,2024,11.557
Georgia,GEO,2023,11.549
Georgia,GEO,2022,11.621
Georgia,GEO,2021,11.785
Georgia,GEO,2020,11.734
Georgia,GEO,2019,11.565
Georgia,GEO,2018,12.667
Georgia,GEO,2017,13.939
Georgia,GEO,2016,16.604
Georgia,GEO,2015,16.506
Georgia,GEO,2014,17.439
Georgia,GEO,2013,19.416
Georgia,GEO,2012,19.653
Georgia,GEO,2011,19.632
Georgia,GEO,2010,20.203
Georgia,GEO,2009,20.71
Georgia,GEO,2008,17.87
Georgia,GEO,2007,13.28
Georgia,GEO,2006,13.57
Georgia,GEO,2005,13.81
Georgia,GEO,2004,12.62
Georgia,GEO,2003,11.51
Georgia,GEO,2002,12.59
Georgia,GEO,2001,11.16
Georgia,GEO,2000,10.82
Georgia,GEO,1999,13.8
Georgia,GEO,1998,14.53
Georgia,GEO,1997,11.5
Georgia,GEO,1996,11.5
Georgia,GEO,1995,7.6
Georgia,GEO,1994,8.4
Georgia,GEO,1993,5.4
Georgia,GEO,1992,5.4
Georgia,GEO,1991,2.7
Germany,DEU,2025,3.711
Germany,DEU,2024,3.4
Germany,DEU,2023,3.071
Germany,DEU,2022,3.137
Germany,DEU,2021,3.594
Germany,DEU,2020,3.881
Germany,DEU,2019,3.163
Germany,DEU,2018,3.384
Germany,DEU,2017,3.781
Germany,DEU,2016,4.104
Germany,DEU,2015,4.612
Germany,DEU,2014,4.979
Germany,DEU,2013,5.316
Germany,DEU,2012,5.372
Germany,DEU,2011,5.967
Germany,DEU,2010,7.043
Germany,DEU,2009,7.88
Germany,DEU,2008,7.508
Germany,DEU,2007,8.732
Germany,DEU,2006,10.277
Germany,DEU,2005,11.193
Germany,DEU,2004,10.727
Germany,DEU,2003,9.779
Germany,DEU,2002,8.482
Germany,DEU,2001,7.773
Germany,DEU,2000,7.917
Germany,DEU,1999,8.854
Germany,DEU,1998,9.787
Germany,DEU,1997,9.861
Germany,DEU,1996,8.822
Germany,DEU,1995,8.158
Germany,DEU,1994,8.727
Germany,DEU,1993,7.675
Germany,DEU,1992,6.323
Germany,DEU,1991,5.316
Ghana,GHA,2025,2.979
Ghana,GHA,2024,2.82
Ghana,GHA,2023,2.829
Ghana,GHA,2022,2.87
Ghana,GHA,2021,3.2
Ghana,GHA,2020,3.178
Ghana,GHA,2019,3.067
Ghana,GHA,2018,3.204
Ghana,GHA,2017,3.369
Ghana,GHA,2016,5.256
Ghana,GHA,2015,6.806
Ghana,GHA,2014,4.403
Ghana,GHA,2013,2.173
Ghana,GHA,2012,3.126
Ghana,GHA,2011,4.213
Ghana,GHA,2010,5.384
Ghana,GHA,2009,5.362
Ghana,GHA,2008,5.144
Ghana,GHA,2007,5.104
Ghana,GHA,2006,4.897
Ghana,GHA,2005,5.816
Ghana,GHA,2004,6.758
Ghana,GHA,2003,7.728
Ghana,GHA,2002,8.711
Ghana,GHA,2001,9.615
Ghana,GHA,2000,10.456
Ghana,GHA,1999,10.1
Ghana,GHA,1998,8.2
Ghana,GHA,1997,7.639
Ghana,GHA,1996,7.091
Ghana,GHA,1995,6.484
Ghana,GHA,1994,5.9
Ghana,GHA,1993,5.231
Ghana,GHA,1992,4.7
Ghana,GHA,1991,3.489
Greece,GRC,2025,8.54
Greece,GRC,2024,10.02
Greece,GRC,2023,11.023
Greece,GRC,2022,12.426
Greece,GRC,2021,14.656
Greece,GRC,2020,15.899
Greece,GRC,2019,17.045
Greece,GRC,2018,19.179
Greece,GRC,2017,21.413
Greece,GRC,2016,23.514
Greece,GRC,2015,24.981
Greece,GRC,2014,26.708
Greece,GRC,2013,27.686
Greece,GRC,2012,24.731
Greece,GRC,2011,17.973
Greece,GRC,2010,12.719
Greece,GRC,2009,9.546
Greece,GRC,2008,7.664
Greece,GRC,2007,8.351
Greece,GRC,2006,8.906
Greece,GRC,2005,10.074
Greece,GRC,2004,10.628
Greece,GRC,2003,9.839
Greece,GRC,2002,10.346
Greece,GRC,2001,10.764
Greece,GRC,2000,11.345
Greece,GRC,1999,12.138
Greece,GRC,1998,12.227
Greece,GRC,1997,10.472
Greece,GRC,1996,10.402
Greece,GRC,1995,10.116
Greece,GRC,1994,9.808
Greece,GRC,1993,10.177
Greece,GRC,1992,8.927
Greece,GRC,1991,7.572
Guam,GUM,2025,5.569
Guam,GUM,2024,5.252
Guam,GUM,2023,5.262
Guam,GUM,2022,5.383
Guam,GUM,2021,6.0
Guam,GUM,2020,6.241
Guam,GUM,2019,5.405
Guam,GUM,2018,5.45
Guam,GUM,2017,5.418
Guam,GUM,2016,5.4
Guam,GUM,2015,6.9
Guam,GUM,2014,7.6
Guam,GUM,2013,11.5
Guam,GUM,2012,12.2
Guam,GUM,2011,13.3
Guam,GUM,2010,8.2
Guam,GUM,2009,9.3
Guam,GUM,2008,8.892
Guam,GUM,2007,8.3
Guam,GUM,2006,7.4
Guam,GUM,2005,7.0
Guam,GUM,2004,7.7
Guam,GUM,2003,9.693
Guam,GUM,2002,11.39
Guam,GUM,2001,13.213
Guam,GUM,2000,15.32
Guam,GUM,1999,13.95
Guam,GUM,1998,7.74
Guam,GUM,1997,9.67
Guam,GUM,1996,8.283
Guam,GUM,1995,7.9
Guam,GUM,1994,7.6
Guam,GUM,1993,5.527
Guam,GUM,1992,3.837
Guam,GUM,1991,3.509
Guatemala,GTM,2025,2.604
Guatemala,GTM,2024,2.613
Guatemala,GTM,2023,2.344
Guatemala,GTM,2022,3.051
Guatemala,GTM,2021,2.174
Guatemala,GTM,2020,2.965
Guatemala,GTM,2019,2.193
Guatemala,GTM,2018,2.283
Guatemala,GTM,2017,2.462
Guatemala,GTM,2016,2.583
Guatemala,GTM,2015,2.506
Guatemala,GTM,2014,2.717
Guatemala,GTM,2013,3.017
Guatemala,GTM,2012,2.765
Guatemala,GTM,2011,3.169
Guatemala,GTM,2010,3.497
Guatemala,GTM,2009,3.22
Guatemala,GTM,2008,2.898
Guatemala,GTM,2007,2.847
Guatemala,GTM,2006,2.96
Guatemala,GTM,2005,3.059
Guatemala,GTM,2004,2.971
Guatemala,GTM,2003,2.807
Guatemala,GTM,2002,2.254
Guatemala,GTM,2001,2.251
Guatemala,GTM,2000,2.143
Guatemala,GTM,1999,2.113
Guatemala,GTM,1998,2.145
Guatemala,GTM,1997,2.145
Guatemala,GTM,1996,2.156
Guatemala,GTM,1995,2.117
Guatemala,GTM,1994,2.12
Guatemala,GTM,1993,2.133
Guatemala,GTM,1992,2.163
Guatemala,GTM,1991,2.197
Guinea,GIN,2025,5.163
Guinea,GIN,2024,5.132
Guinea,GIN,2023,5.141
Guinea,GIN,2022,5.174
Guinea,GIN,2021,5.815
Guinea,GIN,2020,6.007
Guinea,GIN,2019,5.018
Guinea,GIN,2018,4.835
Guinea,GIN,2017,4.86
Guinea,GIN,2016,4.997
Guinea,GIN,2015,5.15
Guinea,GIN,2014,5.044
Guinea,GIN,2013,4.944
Guinea,GIN,2012,4.874
Guinea,GIN,2011,5.024
Guinea,GIN,2010,5.018
Guinea,GIN,2009,4.914
Guinea,GIN,2008,4.803
Guinea,GIN,2007,4.787
Guinea,GIN,2006,4.863
Guinea,GIN,2005,4.814
Guinea,GIN,2004,4.709
Guinea,GIN,2003,4.628
Guinea,GIN,2002,4.549
Guinea,GIN,2001,4.584
Guinea,GIN,2000,4.586
Guinea,GIN,1999,4.517
Guinea,GIN,1998,4.501
Guinea,GIN,1997,4.477
Guinea,GIN,1996,4.509
Guinea,GIN,1995,4.494
Guinea,GIN,1994,4.527
Guinea,GIN,1993,4.561
Guinea,GIN,1992,4.58
Guinea,GIN,1991,4.56
Guinea-Bissau,GNB,2025,2.673
Guinea-Bissau,GNB,2024,2.647
Guinea-Bissau,GNB,2023,2.632
Guinea-Bissau,GNB,2022,2.666
Guinea-Bissau,GNB,2021,3.016
Guinea-Bissau,GNB,2020,2.887
Guinea-Bissau,GNB,2019,2.413
Guinea-Bissau,GNB,2018,3.127
Guinea-Bissau,GNB,2017,3.089
Guinea-Bissau,GNB,2016,3.139
Guinea-Bissau,GNB,2015,3.168
Guinea-Bissau,GNB,2014,3.285
Guinea-Bissau,GNB,2013,3.173
Guinea-Bissau,GNB,2012,3.135
Guinea-Bissau,GNB,2011,3.072
Guinea-Bissau,GNB,2010,3.121
Guinea-Bissau,GNB,2009,3.163
Guinea-Bissau,GNB,2008,3.157
Guinea-Bissau,GNB,2007,3.125
Guinea-Bissau,GNB,2006,3.143
Guinea-Bissau,GNB,2005,3.184
Guinea-Bissau,GNB,2004,3.226
Guinea-Bissau,GNB,2003,3.169
Guinea-Bissau,GNB,2002,3.146
Guinea-Bissau,GNB,2001,2.958
Guinea-Bissau,GNB,2000,3.358
Guinea-Bissau,GNB,1999,3.269
Guinea-Bissau,GNB,1998,3.349
Guinea-Bissau,GNB,1997,2.951
Guinea-Bissau,GNB,1996,2.994
Guinea-Bissau,GNB,1995,3.126
Guinea-Bissau,GNB,1994,3.173
Guinea-Bissau,GNB,1993,3.143
Guinea-Bissau,GNB,1992,3.083
Guinea-Bissau,GNB,1991,3.009
Guyana,GUY,2025,11.962
Guyana,GUY,2024,11.874
Guyana,GUY,2023,11.917
Guyana,GUY,2022,11.907
Guyana,GUY,2021,14.576
Guyana,GUY,2020,15.308
Guyana,GUY,2019,13.172
Guyana,GUY,2018,13.627
Guyana,GUY,2017,13.466
Guyana,GUY,2016,13.263
Guyana,GUY,2015,13.009
Guyana,GUY,2014,12.637
Guyana,GUY,2013,12.296
Guyana,GUY,2012,12.029
Guyana,GUY,2011,11.811
Guyana,GUY,2010,11.632
Guyana,GUY,2009,11.307
Guyana,GUY,2008,11.018
Guyana,GUY,2007,10.84
Guyana,GUY,2006,10.7
Guyana,GUY,2005,11.085
Guyana,GUY,2004,11.281
Guyana,GUY,2003,11.529
Guyana,GUY,2002,11.81
Guyana,GUY,2001,11.796
Guyana,GUY,2000,11.917
Guyana,GUY,1999,11.771
Guyana,GUY,1998,11.687
Guyana,GUY,1997,11.565
Guyana,GUY,1996,11.542
Guyana,GUY,1995,11.566
Guyana,GUY,1994,11.534
Guyana,GUY,1993,11.617
Guyana,GUY,1992,11.9
Guyana,GUY,1991,12.092
Haiti,HTI,2025,14.944
Haiti,HTI,2024,14.609
Haiti,HTI,2023,14.459
Haiti,HTI,2022,14.54
Haiti,HTI,2021,15.296
Haiti,HTI,2020,15.573
Haiti,HTI,2019,14.095
Haiti,HTI,2018,13.934
Haiti,HTI,2017,13.932
Haiti,HTI,2016,13.902
Haiti,HTI,2015,13.785
Haiti,HTI,2014,13.808
Haiti,HTI,2013,13.704
Haiti,HTI,2012,14.1
Haiti,HTI,2011,14.506
Haiti,HTI,2010,15.244
Haiti,HTI,2009,15.398
Haiti,HTI,2008,16.204
Haiti,HTI,2007,16.8
Haiti,HTI,2006,15.866
Haiti,HTI,2005,14.559
Haiti,HTI,2004,13.415
Haiti,HTI,2003,12.151
Haiti,HTI,2002,11.008
Haiti,HTI,2001,9.728
Haiti,HTI,2000,8.443
Haiti,HTI,1999,7.2
Haiti,HTI,1998,7.165
Haiti,HTI,1997,7.003
Haiti,HTI,1996,7.304
Haiti,HTI,1995,7.51
Haiti,HTI,1994,7.858
Haiti,HTI,1993,7.534
Haiti,HTI,1992,7.387
Haiti,HTI,1991,7.329
Honduras,HND,2025,4.92
Honduras,HND,2024,4.91
Honduras,HND,2023,6.07
Honduras,HND,2022,8.774
Honduras,HND,2021,8.506
Honduras,HND,2020,10.982
Honduras,HND,2019,5.698
Honduras,HND,2018,5.648
Honduras,HND,2017,5.528
Honduras,HND,2016,6.727
Honduras,HND,2015,6.147
Honduras,HND,2014,7.078
Honduras,HND,2013,5.646
Honduras,HND,2012,3.755
Honduras,HND,2011,4.474
Honduras,HND,2010,4.119
Honduras,HND,2009,3.292
Honduras,HND,2008,3.156
Honduras,HND,2007,3.211
Honduras,HND,2006,3.574
Honduras,HND,2005,4.909
Honduras,HND,2004,5.99
Honduras,HND,2003,5.3
Honduras,HND,2002,4.02
Honduras,HND,2001,4.0
Honduras,HND,2000,3.883
Honduras,HND,1999,3.85
Honduras,HND,1998,4.02
Honduras,HND,1997,3.32
Honduras,HND,1996,4.37
Honduras,HND,1995,3.24
Honduras,HND,1994,3.138
Honduras,HND,1993,3.098
Honduras,HND,1992,3.06
Honduras,HND,1991,4.58
"Hong Kong SAR, China",HKG,2025,2.799
"Hong Kong SAR, China",HKG,2024,2.988
"Hong Kong SAR, China",HKG,2023,2.949
"Hong Kong SAR, China",HKG,2022,4.318
"Hong Kong SAR, China",HKG,2021,5.174
"Hong Kong SAR, China",HKG,2020,5.808
"Hong Kong SAR, China",HKG,2019,2.917
"Hong Kong SAR, China",HKG,2018,2.805
"Hong Kong SAR, China",HKG,2017,3.124
"Hong Kong SAR, China",HKG,2016,3.392
"Hong Kong SAR, China",HKG,2015,3.314
"Hong Kong SAR, China",HKG,2014,3.296
"Hong Kong SAR, China",HKG,2013,3.4
"Hong Kong SAR, China",HKG,2012,3.285
"Hong Kong SAR, China",HKG,2011,3.422
"Hong Kong SAR, China",HKG,2010,4.329
"Hong Kong SAR, China",HKG,2009,5.26
"Hong Kong SAR, China",HKG,2008,3.56
"Hong Kong SAR, China",HKG,2007,4.01
"Hong Kong SAR, China",HKG,2006,4.77
"Hong Kong SAR, China",HKG,2005,5.58
"Hong Kong SAR, China",HKG,2004,6.74
"Hong Kong SAR, China",HKG,2003,7.86
"Hong Kong SAR, China",HKG,2002,7.28
"Hong Kong SAR, China",HKG,2001,5.09
"Hong Kong SAR, China",HKG,2000,4.92
"Hong Kong SAR, China",HKG,1999,6.25
"Hong Kong SAR, China",HKG,1998,4.58
"Hong Kong SAR, China",HKG,1997,2.22
"Hong Kong SAR, China",HKG,1996,2.83
"Hong Kong SAR, China",HKG,1995,3.22
"Hong Kong SAR, China",HKG,1994,1.9
"Hong Kong SAR, China",HKG,1993,1.96
"Hong Kong SAR, China",HKG,1992,1.96
"Hong Kong SAR, China",HKG,1991,1.8
Hungary,HUN,2025,4.521
Hungary,HUN,2024,4.5
Hungary,HUN,2023,4.096
Hungary,HUN,2022,3.583
Hungary,HUN,2021,4.021
Hungary,HUN,2020,4.248
Hungary,HUN,2019,3.411
Hungary,HUN,2018,3.667
Hungary,HUN,2017,4.156
Hungary,HUN,2016,5.115
Hungary,HUN,2015,6.813
Hungary,HUN,2014,7.725
Hungary,HUN,2013,10.177
Hungary,HUN,2012,11.003
Hungary,HUN,2011,11.029
Hungary,HUN,2010,11.172
Hungary,HUN,2009,10.03
Hungary,HUN,2008,7.817
Hungary,HUN,2007,7.406
Hungary,HUN,2006,7.494
Hungary,HUN,2005,7.189
Hungary,HUN,2004,5.832
Hungary,HUN,2003,5.79
Hungary,HUN,2002,5.608
Hungary,HUN,2001,5.671
Hungary,HUN,2000,6.563
Hungary,HUN,1999,6.929
Hungary,HUN,1998,8.925
Hungary,HUN,1997,8.991
Hungary,HUN,1996,10.022
Hungary,HUN,1995,10.168
Hungary,HUN,1994,10.847
Hungary,HUN,1993,12.098
Hungary,HUN,1992,9.942
Hungary,HUN,1991,8.5
Iceland,ISL,2025,3.625
Iceland,ISL,2024,3.6
Iceland,ISL,2023,3.518
Iceland,ISL,2022,3.789
Iceland,ISL,2021,6.029
Iceland,ISL,2020,5.478
Iceland,ISL,2019,3.507
Iceland,ISL,2018,2.704
Iceland,ISL,2017,2.742
Iceland,ISL,2016,2.978
Iceland,ISL,2015,3.979
Iceland,ISL,2014,4.897
Iceland,ISL,2013,5.376
Iceland,ISL,2012,6.0
Iceland,ISL,2011,7.028
Iceland,ISL,2010,7.564
Iceland,ISL,2009,7.22
Iceland,ISL,2008,2.946
Iceland,ISL,2007,2.251
Iceland,ISL,2006,2.83
Iceland,ISL,2005,2.547
Iceland,ISL,2004,4.031
Iceland,ISL,2003,3.997
Iceland,ISL,2002,2.988
Iceland,ISL,2001,1.874
Iceland,ISL,2000,1.936
Iceland,ISL,1999,2.178
Iceland,ISL,1998,3.069
Iceland,ISL,1997,3.72
Iceland,ISL,1996,3.6
Iceland,ISL,1995,5.196
Iceland,ISL,1994,5.326
Iceland,ISL,1993,5.257
Iceland,ISL,1992,4.305
Iceland,ISL,1991,2.548
India,IND,2025,4.219
India,IND,2024,4.173
India,IND,2023,4.172
India,IND,2022,4.822
India,IND,2021,6.38
India,IND,2020,7.859
India,IND,2019,6.51
India,IND,2018,7.652
India,IND,2017,7.626
India,IND,2016,7.611
India,IND,2015,7.629
India,IND,2014,7.656
India,IND,2013,7.678
India,IND,2012,7.645
India,IND,2011,7.609
India,IND,2010,7.631
India,IND,2009,7.636
India,IND,2008,7.629
India,IND,2007,7.562
India,IND,2006,7.553
India,IND,2005,7.551
India,IND,2004,7.598
India,IND,2003,7.633
India,IND,2002,7.681
India,IND,2001,7.611
India,IND,2000,7.589
India,IND,1999,7.583
India,IND,1998,7.596
India,IND,1997,7.574
India,IND,1996,7.537
India,IND,1995,7.57
India,IND,1994,7.593
India,IND,1993,7.662
India,IND,1992,7.649
India,IND,1991,7.641
Indonesia,IDN,2025,3.237
Indonesia,IDN,2024,3.301
Indonesia,IDN,2023,3.308
Indonesia,IDN,2022,3.462
Indonesia,IDN,2021,3.827
Indonesia,IDN,2020,4.255
Indonesia,IDN,2019,3.59
Indonesia,IDN,2018,4.387
Indonesia,IDN,2017,3.783
Indonesia,IDN,2016,4.301
Indonesia,IDN,2015,4.514
Indonesia,IDN,2014,4.049
Indonesia,IDN,2013,4.336
Indonesia,IDN,2012,4.468
Indonesia,IDN,2011,5.153
Indonesia,IDN,2010,5.614
Indonesia,IDN,2009,6.106
Indonesia,IDN,2008,7.208
Indonesia,IDN,2007,8.06
Indonesia,IDN,2006,7.551
Indonesia,IDN,2005,7.945
Indonesia,IDN,2004,7.303
Indonesia,IDN,2003,6.657
Indonesia,IDN,2002,6.604
Indonesia,IDN,2001,6.082
Indonesia,IDN,2000,6.077
Indonesia,IDN,1999,6.358
Indonesia,IDN,1998,5.459
Indonesia,IDN,1997,4.684
Indonesia,IDN,1996,4.861
Indonesia,IDN,1995,4.611
Indonesia,IDN,1994,4.366
Indonesia,IDN,1993,2.782
Indonesia,IDN,1992,2.734
Indonesia,IDN,1991,2.617
"Iran, Islamic Rep.",IRN,2025,8.301
"Iran, Islamic Rep.",IRN,2024,8.146
"Iran, Islamic Rep.",IRN,2023,8.129
"Iran, Islamic Rep.",IRN,2022,9.085
"Iran, Islamic Rep.",IRN,2021,9.282
"Iran, Islamic Rep.",IRN,2020,9.687
"Iran, Islamic Rep.",IRN,2019,10.74
"Iran, Islamic Rep.",IRN,2018,12.195
"Iran, Islamic Rep.",IRN,2017,12.232
"Iran, Islamic Rep.",IRN,2016,12.618
"Iran, Islamic Rep.",IRN,2015,11.166
"Iran, Islamic Rep.",IRN,2014,10.68
"Iran, Islamic Rep.",IRN,2013,10.595
"Iran, Islamic Rep.",IRN,2012,12.275
"Iran, Islamic Rep.",IRN,2011,12.491
"Iran, Islamic Rep.",IRN,2010,13.679
"Iran, Islamic Rep.",IRN,2009,12.113
"Iran, Islamic Rep.",IRN,2008,10.63
"Iran, Islamic Rep.",IRN,2007,10.772
"Iran, Islamic Rep.",IRN,2006,11.519
"Iran, Islamic Rep.",IRN,2005,11.813
"Iran, Islamic Rep.",IRN,2004,10.3
"Iran, Islamic Rep.",IRN,2003,11.529
"Iran, Islamic Rep.",IRN,2002,12.8
"Iran, Islamic Rep.",IRN,2001,12.362
"Iran, Islamic Rep.",IRN,2000,11.698
"Iran, Islamic Rep.",IRN,1999,11.176
"Iran, Islamic Rep.",IRN,1998,10.358
"Iran, Islamic Rep.",IRN,1997,9.68
"Iran, Islamic Rep.",IRN,1996,9.1
"Iran, Islamic Rep.",IRN,1995,9.904
"Iran, Islamic Rep.",IRN,1994,10.458
"Iran, Islamic Rep.",IRN,1993,10.573
"Iran, Islamic Rep.",IRN,1992,10.653
"Iran, Islamic Rep.",IRN,1991,11.1
Iraq,IRQ,2025,15.485
Iraq,IRQ,2024,15.293
Iraq,IRQ,2023,15.239
Iraq,IRQ,2022,15.41
Iraq,IRQ,2021,16.173
Iraq,IRQ,2020,15.766
Iraq,IRQ,2019,14.096
Iraq,IRQ,2018,13.458
Iraq,IRQ,2017,13.02
Iraq,IRQ,2016,10.82
Iraq,IRQ,2015,10.865
Iraq,IRQ,2014,10.59
Iraq,IRQ,2013,9.222
Iraq,IRQ,2012,7.965
Iraq,IRQ,2011,8.193
Iraq,IRQ,2010,8.267
Iraq,IRQ,2009,8.415
Iraq,IRQ,2008,8.466
Iraq,IRQ,2007,8.646
Iraq,IRQ,2006,8.411
Iraq,IRQ,2005,8.57
Iraq,IRQ,2004,8.715
Iraq,IRQ,2003,8.959
Iraq,IRQ,2002,8.619
Iraq,IRQ,2001,8.249
Iraq,IRQ,2000,8.038
Iraq,IRQ,1999,7.979
Iraq,IRQ,1998,8.064
Iraq,IRQ,1997,8.269
Iraq,IRQ,1996,8.516
Iraq,IRQ,1995,8.431
Iraq,IRQ,1994,8.221
Iraq,IRQ,1993,8.36
Iraq,IRQ,1992,8.346
Iraq,IRQ,1991,8.639
Ireland,IRL,2025,4.632
Ireland,IRL,2024,4.3
Ireland,IRL,2023,4.243
Ireland,IRL,2022,4.465
Ireland,IRL,2021,6.357
Ireland,IRL,2020,5.623
Ireland,IRL,2019,4.95
Ireland,IRL,2018,5.741
Ireland,IRL,2017,6.713
Ireland,IRL,2016,8.374
Ireland,IRL,2015,9.908
Ireland,IRL,2014,11.858
Ireland,IRL,2013,13.735
Ireland,IRL,2012,15.451
Ireland,IRL,2011,15.354
Ireland,IRL,2010,14.534
Ireland,IRL,2009,12.609
Ireland,IRL,2008,6.774
Ireland,IRL,2007,4.98
Ireland,IRL,2006,4.355
Ireland,IRL,2005,4.237
Ireland,IRL,2004,4.491
Ireland,IRL,2003,4.478
Ireland,IRL,2002,4.216
Ireland,IRL,2001,3.684
Ireland,IRL,2000,4.318
Ireland,IRL,1999,5.804
Ireland,IRL,1998,7.699
Ireland,IRL,1997,10.191
Ireland,IRL,1996,11.692
Ireland,IRL,1995,11.97
Ireland,IRL,1994,14.544
Ireland,IRL,1993,15.571
Ireland,IRL,1992,15.021
Ireland,IRL,1991,15.771
Israel,ISR,2025,3.489
Israel,ISR,2024,3.595
Israel,ISR,2023,3.371
Israel,ISR,2022,3.695
Israel,ISR,2021,4.812
Israel,ISR,2020,4.169
Israel,ISR,2019,3.731
Israel,ISR,2018,3.917
Israel,ISR,2017,4.14
Israel,ISR,2016,4.723
Israel,ISR,2015,5.176
Israel,ISR,2014,5.789
Israel,ISR,2013,6.137
Israel,ISR,2012,6.762
Israel,ISR,2011,7.139
Israel,ISR,2010,8.48
Israel,ISR,2009,9.534
Israel,ISR,2008,7.704
Israel,ISR,2007,9.379
Israel,ISR,2006,10.707
Israel,ISR,2005,11.342
Israel,ISR,2004,13.029
Israel,ISR,2003,13.505
Israel,ISR,2002,12.888
Israel,ISR,2001,11.812
Israel,ISR,2000,11.102
Israel,ISR,1999,11.183
Israel,ISR,1998,10.749
Israel,ISR,1997,9.751
Israel,ISR,1996,8.455
Israel,ISR,1995,8.782
Israel,ISR,1994,9.934
Israel,ISR,1993,12.741
Israel,ISR,1992,14.08
Israel,ISR,1991,13.387
Italy,ITA,2025,6.391
Italy,ITA,2024,6.5
Italy,ITA,2023,7.627
Italy,ITA,2022,8.069
Italy,ITA,2021,9.497
Italy,ITA,2020,9.192
Italy,ITA,2019,9.884
Italy,ITA,2018,10.538
Italy,ITA,2017,11.211
Italy,ITA,2016,11.688
Italy,ITA,2015,11.896
Italy,ITA,2014,12.683
Italy,ITA,2013,12.149
Italy,ITA,2012,10.655
Italy,ITA,2011,8.359
Italy,ITA,2010,8.363
Italy,ITA,2009,7.749
Italy,ITA,2008,6.723
Italy,ITA,2007,6.076
Italy,ITA,2006,6.777
Italy,ITA,2005,7.73
Italy,ITA,2004,7.866
Italy,ITA,2003,8.869
Italy,ITA,2002,9.211
Italy,ITA,2001,9.599
Italy,ITA,2000,10.834
Italy,ITA,1999,11.681
Italy,ITA,1998,12.117
Italy,ITA,1997,11.985
Italy,ITA,1996,11.864
Italy,ITA,1995,11.661
Italy,ITA,1994,11.086
Italy,ITA,1993,10.212
Italy,ITA,1992,9.321
Italy,ITA,1991,10.097
Jamaica,JAM,2025,3.286
Jamaica,JAM,2024,3.151
Jamaica,JAM,2023,3.022
Jamaica,JAM,2022,4.083
Jamaica,JAM,2021,5.188
Jamaica,JAM,2020,6.501
Jamaica,JAM,2019,4.987
Jamaica,JAM,2018,5.47
Jamaica,JAM,2017,7.399
Jamaica,JAM,2016,8.634
Jamaica,JAM,2015,8.825
Jamaica,JAM,2014,9.046
Jamaica,JAM,2013,9.698
Jamaica,JAM,2012,8.695
Jamaica,JAM,2011,8.034
Jamaica,JAM,2010,7.63
Jamaica,JAM,2009,7.314
Jamaica,JAM,2008,6.666
Jamaica,JAM,2007,6.607
Jamaica,JAM,2006,6.605
Jamaica,JAM,2005,6.577
Jamaica,JAM,2004,6.539
Jamaica,JAM,2003,6.534
Jamaica,JAM,2002,6.616
Jamaica,JAM,2001,6.641
Jamaica,JAM,2000,6.752
Jamaica,JAM,1999,6.813
Jamaica,JAM,1998,6.846
Jamaica,JAM,1997,6.693
Jamaica,JAM,1996,6.611
Jamaica,JAM,1995,6.325
Jamaica,JAM,1994,6.335
Jamaica,JAM,1993,6.235
Jamaica,JAM,1992,6.383
Jamaica,JAM,1991,6.233
Japan,JPN,2025,2.451
Japan,JPN,2024,2.5
Japan,JPN,2023,2.6
Japan,JPN,2022,2.614
Japan,JPN,2021,2.808
Japan,JPN,2020,2.809
Japan,JPN,2019,2.351
Japan,JPN,2018,2.467
Japan,JPN,2017,2.822
Japan,JPN,2016,3.132
Japan,JPN,2015,3.385
Japan,JPN,2014,3.589
Japan,JPN,2013,4.038
Japan,JPN,2012,4.358
Japan,JPN,2011,4.55
Japan,JPN,2010,5.102
Japan,JPN,2009,5.068
Japan,JPN,2008,4.002
Japan,JPN,2007,3.888
Japan,JPN,2006,4.192
Japan,JPN,2005,4.446
Japan,JPN,2004,4.734
Japan,JPN,2003,5.251
Japan,JPN,2002,5.386
Japan,JPN,2001,5.02
Japan,JPN,2000,4.748
Japan,JPN,1999,4.677
Japan,JPN,1998,4.078
Japan,JPN,1997,3.374
Japan,JPN,1996,3.383
Japan,JPN,1995,3.15
Japan,JPN,1994,2.89
Japan,JPN,1993,2.539
Japan,JPN,1992,2.158
Japan,JPN,1991,2.059
Jordan,JOR,2025,16.535
Jordan,JOR,2024,16.693
Jordan,JOR,2023,16.62
Jordan,JOR,2022,18.2
Jordan,JOR,2021,19.837
Jordan,JOR,2020,19.213
Jordan,JOR,2019,16.801
Jordan,JOR,2018,18.257
Jordan,JOR,2017,18.12
Jordan,JOR,2016,15.275
Jordan,JOR,2015,13.075
Jordan,JOR,2014,11.9
Jordan,JOR,2013,12.6
Jordan,JOR,2012,12.2
Jordan,JOR,2011,12.9
Jordan,JOR,2010,12.5
Jordan,JOR,2009,12.9
Jordan,JOR,2008,12.7
Jordan,JOR,2007,13.1
Jordan,JOR,2006,14.0
Jordan,JOR,2005,14.8
Jordan,JOR,2004,14.626
Jordan,JOR,2003,14.5
Jordan,JOR,2002,15.3
Jordan,JOR,2001,14.7
Jordan,JOR,2000,13.7
Jordan,JOR,1999,13.763
Jordan,JOR,1998,13.841
Jordan,JOR,1997,13.74
Jordan,JOR,1996,13.7
Jordan,JOR,1995,14.6
Jordan,JOR,1994,16.894
Jordan,JOR,1993,19.7
Jordan,JOR,1992,19.947
Jordan,JOR,1991,21.439
Kazakhstan,KAZ,2025,4.771
Kazakhstan,KAZ,2024,4.833
Kazakhstan,KAZ,2023,4.835
Kazakhstan,KAZ,2022,4.86
Kazakhstan,KAZ,2021,5.568
Kazakhstan,KAZ,2020,4.89
Kazakhstan,KAZ,2019,4.8
Kazakhstan,KAZ,2018,4.85
Kazakhstan,KAZ,2017,4.9
Kazakhstan,KAZ,2016,4.96
Kazakhstan,KAZ,2015,4.93
Kazakhstan,KAZ,2014,5.06
Kazakhstan,KAZ,2013,5.2
Kazakhstan,KAZ,2012,5.29
Kazakhstan,KAZ,2011,5.39
Kazakhstan,KAZ,2010,5.77
Kazakhstan,KAZ,2009,6.55
Kazakhstan,KAZ,2008,6.63
Kazakhstan,KAZ,2007,7.26
Kazakhstan,KAZ,2006,7.79
Kazakhstan,KAZ,2005,8.13
Kazakhstan,KAZ,2004,8.4
Kazakhstan,KAZ,2003,8.78
Kazakhstan,KAZ,2002,9.33
Kazakhstan,KAZ,2001,10.43
Kazakhstan,KAZ,2000,12.75
Kazakhstan,KAZ,1999,13.46
Kazakhstan,KAZ,1998,13.13
Kazakhstan,KAZ,1997,13.01
Kazakhstan,KAZ,1996,12.96
Kazakhstan,KAZ,1995,10.98
Kazakhstan,KAZ,1994,7.54
Kazakhstan,KAZ,1993,1.11
Kazakhstan,KAZ,1992,1.0
Kazakhstan,KAZ,1991,0.9
Kenya,KEN,2025,5.449
Kenya,KEN,2024,5.487
Kenya,KEN,2023,5.409
Kenya,KEN,2022,5.565
Kenya,KEN,2021,5.693
Kenya,KEN,2020,5.613
Kenya,KEN,2019,5.014
Kenya,KEN,2018,4.284
Kenya,KEN,2017,3.542
Kenya,KEN,2016,2.757
Kenya,KEN,2015,2.762
Kenya,KEN,2014,2.767
Kenya,KEN,2013,2.762
Kenya,KEN,2012,2.678
Kenya,KEN,2011,2.699
Kenya,KEN,2010,2.793
Kenya,KEN,2009,2.816
Kenya,KEN,2008,2.751
Kenya,KEN,2007,2.642
Kenya,KEN,2006,2.673
Kenya,KEN,2005,2.739
Kenya,KEN,2004,2.844
Kenya,KEN,2003,2.869
Kenya,KEN,2002,2.916
Kenya,KEN,2001,2.876
Kenya,KEN,2000,2.884
Kenya,KEN,1999,2.884
Kenya,KEN,1998,2.843
Kenya,KEN,1997,2.818
Kenya,KEN,1996,2.773
Kenya,KEN,1995,2.848
Kenya,KEN,1994,2.955
Kenya,KEN,1993,2.979
Kenya,KEN,1992,2.894
Kenya,KEN,1991,2.78
"Korea, Dem. People's Rep.",PRK,2025,3.545
"Korea, Dem. People's Rep.",PRK,2024,3.539
"Korea, Dem. People's Rep.",PRK,2023,3.463
"Korea, Dem. People's Rep.",PRK,2022,3.457
"Korea, Dem. People's Rep.",PRK,2021,3.692
"Korea, Dem. People's Rep.",PRK,2020,3.624
"Korea, Dem. People's Rep.",PRK,2019,3.439
"Korea, Dem. People's Rep.",PRK,2018,3.409
"Korea, Dem. People's Rep.",PRK,2017,3.498
"Korea, Dem. People's Rep.",PRK,2016,3.574
"Korea, Dem. People's Rep.",PRK,2015,3.523
"Korea, Dem. People's Rep.",PRK,2014,3.509
"Korea, Dem. People's Rep.",PRK,2013,3.567
"Korea, Dem. People's Rep.",PRK,2012,3.542
"Korea, Dem. People's Rep.",PRK,2011,3.516
"Korea, Dem. People's Rep.",PRK,2010,3.419
"Korea, Dem. People's Rep.",PRK,2009,3.48
"Korea, Dem. People's Rep.",PRK,2008,3.48
"Korea, Dem. People's Rep.",PRK,2007,3.547
"Korea, Dem. People's Rep.",PRK,2006,3.55
"Korea, Dem. People's Rep.",PRK,2005,3.576
"Korea, Dem. People's Rep.",PRK,2004,3.62
"Korea, Dem. People's Rep.",PRK,2003,3.668
"Korea, Dem. People's Rep.",PRK,2002,3.644
"Korea, Dem. People's Rep.",PRK,2001,3.676
"Korea, Dem. People's Rep.",PRK,2000,3.653
"Korea, Dem. People's Rep.",PRK,1999,3.67
"Korea, Dem. People's Rep.",PRK,1998,3.461
"Korea, Dem. People's Rep.",PRK,1997,3.253
"Korea, Dem. People's Rep.",PRK,1996,3.153
"Korea, Dem. People's Rep.",PRK,1995,3.114
"Korea, Dem. People's Rep.",PRK,1994,3.092
"Korea, Dem. People's Rep.",PRK,1993,2.98
"Korea, Dem. People's Rep.",PRK,1992,2.875
"Korea, Dem. People's Rep.",PRK,1991,2.845
"Korea, Rep.",KOR,2025,2.683
"Korea, Rep.",KOR,2024,2.784
"Korea, Rep.",KOR,2023,2.675
"Korea, Rep.",KOR,2022,2.857
"Korea, Rep.",KOR,2021,3.639
"Korea, Rep.",KOR,2020,3.931
"Korea, Rep.",KOR,2019,3.746
"Korea, Rep.",KOR,2018,3.824
"Korea, Rep.",KOR,2017,3.653
"Korea, Rep.",KOR,2016,3.65
"Korea, Rep.",KOR,2015,3.546
"Korea, Rep.",KOR,2014,3.082
"Korea, Rep.",KOR,2013,3.067
"Korea, Rep.",KOR,2012,2.812
"Korea, Rep.",KOR,2011,2.992
"Korea, Rep.",KOR,2010,3.324
"Korea, Rep.",KOR,2009,3.363
"Korea, Rep.",KOR,2008,2.959
"Korea, Rep.",KOR,2007,3.013
"Korea, Rep.",KOR,2006,3.254
"Korea, Rep.",KOR,2005,3.482
"Korea, Rep.",KOR,2004,3.42
"Korea, Rep.",KOR,2003,3.348
"Korea, Rep.",KOR,2002,3.046
"Korea, Rep.",KOR,2001,3.699
"Korea, Rep.",KOR,2000,4.063
"Korea, Rep.",KOR,1999,6.342
"Korea, Rep.",KOR,1998,6.963
"Korea, Rep.",KOR,1997,2.608
"Korea, Rep.",KOR,1996,2.048
"Korea, Rep.",KOR,1995,2.063
"Korea, Rep.",KOR,1994,2.476
"Korea, Rep.",KOR,1993,2.878
"Korea, Rep.",KOR,1992,2.513
"Korea, Rep.",KOR,1991,2.407
Kuwait,KWT,2025,2.181
Kuwait,KWT,2024,2.151
Kuwait,KWT,2023,2.08
Kuwait,KWT,2022,2.133
Kuwait,KWT,2021,2.97
Kuwait,KWT,2020,3.489
Kuwait,KWT,2019,2.213
Kuwait,KWT,2018,2.202
Kuwait,KWT,2017,2.23
Kuwait,KWT,2016,2.16
Kuwait,KWT,2015,2.2
Kuwait,KWT,2014,2.9
Kuwait,KWT,2013,2.465
Kuwait,KWT,2012,2.227
Kuwait,KWT,2011,2.051
Kuwait,KWT,2010,1.82
Kuwait,KWT,2009,1.64
Kuwait,KWT,2008,1.75
Kuwait,KWT,2007,1.5
Kuwait,KWT,2006,1.3
Kuwait,KWT,2005,1.455
Kuwait,KWT,2004,1.7
Kuwait,KWT,2003,1.3
Kuwait,KWT,2002,1.1
Kuwait,KWT,2001,0.8
Kuwait,KWT,2000,0.8
Kuwait,KWT,1999,0.7
Kuwait,KWT,1998,0.7
Kuwait,KWT,1997,0.7
Kuwait,KWT,1996,0.7
Kuwait,KWT,1995,0.694
Kuwait,KWT,1994,0.7
Kuwait,KWT,1993,0.8
Kuwait,KWT,1992,0.878
Kuwait,KWT,1991,0.884
Kyrgyz Republic,KGZ,2025,3.526
Kyrgyz Republic,KGZ,2024,3.491
Kyrgyz Republic,KGZ,2023,3.498
Kyrgyz Republic,KGZ,2022,4.767
Kyrgyz Republic,KGZ,2021,5.149
Kyrgyz Republic,KGZ,2020,5.945
Kyrgyz Republic,KGZ,2019,5.45
Kyrgyz Republic,KGZ,2018,4.559
Kyrgyz Republic,KGZ,2017,4.425
Kyrgyz Republic,KGZ,2016,4.294
Kyrgyz Republic,KGZ,2015,4.138
Kyrgyz Republic,KGZ,2014,4.02
Kyrgyz Republic,KGZ,2013,3.881
Kyrgyz Republic,KGZ,2012,3.786
Kyrgyz Republic,KGZ,2011,3.644
Kyrgyz Republic,KGZ,2010,3.503
Kyrgyz Republic,KGZ,2009,3.343
Kyrgyz Republic,KGZ,2008,3.207
Kyrgyz Republic,KGZ,2007,3.094
Kyrgyz Republic,KGZ,2006,2.962
Kyrgyz Republic,KGZ,2005,2.816
Kyrgyz Republic,KGZ,2004,2.68
Kyrgyz Republic,KGZ,2003,2.548
Kyrgyz Republic,KGZ,2002,2.416
Kyrgyz Republic,KGZ,2001,2.273
Kyrgyz Republic,KGZ,2000,2.143
Kyrgyz Republic,KGZ,1999,2.001
Kyrgyz Republic,KGZ,1998,1.861
Kyrgyz Republic,KGZ,1997,1.739
Kyrgyz Republic,KGZ,1996,1.647
Kyrgyz Republic,KGZ,1995,1.539
Kyrgyz Republic,KGZ,1994,1.41
Kyrgyz Republic,KGZ,1993,1.258
Kyrgyz Republic,KGZ,1992,1.1
Kyrgyz Republic,KGZ,1991,1.0
Lao PDR,LAO,2025,1.187
Lao PDR,LAO,2024,1.174
Lao PDR,LAO,2023,1.186
Lao PDR,LAO,2022,1.209
Lao PDR,LAO,2021,2.08
Lao PDR,LAO,2020,2.349
Lao PDR,LAO,2019,2.531
Lao PDR,LAO,2018,2.897
Lao PDR,LAO,2017,3.268
Lao PDR,LAO,2016,2.634
Lao PDR,LAO,2015,2.006
Lao PDR,LAO,2014,1.733
Lao PDR,LAO,2013,1.469
Lao PDR,LAO,2012,1.208
Lao PDR,LAO,2011,0.96
Lao PDR,LAO,2010,0.708
Lao PDR,LAO,2009,0.835
Lao PDR,LAO,2008,0.944
Lao PDR,LAO,2007,1.068
Lao PDR,LAO,2006,1.199
Lao PDR,LAO,2005,1.35
Lao PDR,LAO,2004,1.498
Lao PDR,LAO,2003,1.639
Lao PDR,LAO,2002,1.775
Lao PDR,LAO,2001,1.881
Lao PDR,LAO,2000,2.045
Lao PDR,LAO,1999,2.154
Lao PDR,LAO,1998,2.293
Lao PDR,LAO,1997,2.354
Lao PDR,LAO,1996,2.45
Lao PDR,LAO,1995,2.6
Lao PDR,LAO,1994,2.634
Lao PDR,LAO,1993,2.732
Lao PDR,LAO,1992,2.71
Lao PDR,LAO,1991,2.497
Latvia,LVA,2025,6.568
Latvia,LVA,2024,6.9
Latvia,LVA,2023,6.465
Latvia,LVA,2022,6.815
Latvia,LVA,2021,7.513
Latvia,LVA,2020,8.098
Latvia,LVA,2019,6.312
Latvia,LVA,2018,7.412
Latvia,LVA,2017,8.715
Latvia,LVA,2016,9.643
Latvia,LVA,2015,9.873
Latvia,LVA,2014,10.846
Latvia,LVA,2013,11.867
Latvia,LVA,2012,15.047
Latvia,LVA,2011,16.206
Latvia,LVA,2010,19.482
Latvia,LVA,2009,17.515
Latvia,LVA,2008,7.739
Latvia,LVA,2007,6.052
Latvia,LVA,2006,7.03
Latvia,LVA,2005,10.033
Latvia,LVA,2004,11.708
Latvia,LVA,2003,12.061
Latvia,LVA,2002,13.829
Latvia,LVA,2001,13.821
Latvia,LVA,2000,14.211
Latvia,LVA,1999,13.79
Latvia,LVA,1998,14.454
Latvia,LVA,1997,14.9
Latvia,LVA,1996,20.7
Latvia,LVA,1995,19.0
Latvia,LVA,1994,18.7
Latvia,LVA,1993,16.7
Latvia,LVA,1992,6.6
Latvia,LVA,1991,2.7
Lebanon,LBN,2023,10.985
Lebanon,LBN,2022,11.105
Lebanon,LBN,2021,12.715
Lebanon,LBN,2020,13.252
Lebanon,LBN,2019,11.301
Lebanon,LBN,2018,10.755
Lebanon,LBN,2017,10.258
Lebanon,LBN,2016,9.794
Lebanon,LBN,2015,9.312
Lebanon,LBN,2014,8.84
Lebanon,LBN,2013,8.477
Lebanon,LBN,2012,7.952
Lebanon,LBN,2011,7.352
Lebanon,LBN,2010,6.768
Lebanon,LBN,2009,6.355
Lebanon,LBN,2008,7.666
Lebanon,LBN,2007,8.98
Lebanon,LBN,2006,8.679
Lebanon,LBN,2005,8.249
Lebanon,LBN,2004,7.85
Lebanon,LBN,2003,8.061
Lebanon,LBN,2002,8.248
Lebanon,LBN,2001,8.499
Lebanon,LBN,2000,8.641
Lebanon,LBN,1999,8.787
Lebanon,LBN,1998,8.571
Lebanon,LBN,1997,8.62
Lebanon,LBN,1996,8.413
Lebanon,LBN,1995,8.421
Lebanon,LBN,1994,8.321
Lebanon,LBN,1993,8.226
Lebanon,LBN,1992,8.225
Lebanon,LBN,1991,8.594
Lesotho,LSO,2025,16.315
Lesotho,LSO,2024,16.34
Lesotho,LSO,2023,16.348
Lesotho,LSO,2022,16.623
Lesotho,LSO,2021,18.214
Lesotho,LSO,2020,18.385
Lesotho,LSO,2019,16.876
Lesotho,LSO,2018,16.614
Lesotho,LSO,2017,16.379
Lesotho,LSO,2016,16.138
Lesotho,LSO,2015,16.223
Lesotho,LSO,2014,16.066
Lesotho,LSO,2013,15.926
Lesotho,LSO,2012,15.761
Lesotho,LSO,2011,16.115
Lesotho,LSO,2010,16.068
Lesotho,LSO,2009,16.115
Lesotho,LSO,2008,15.851
Lesotho,LSO,2007,15.942
Lesotho,LSO,2006,16.054
Lesotho,LSO,2005,16.031
Lesotho,LSO,2004,16.154
Lesotho,LSO,2003,16.056
Lesotho,LSO,2002,16.079
Lesotho,LSO,2001,16.081
Lesotho,LSO,2000,16.169
Lesotho,LSO,1999,16.167
Lesotho,LSO,1998,15.913
Lesotho,LSO,1997,15.822
Lesotho,LSO,1996,15.709
Lesotho,LSO,1995,15.797
Lesotho,LSO,1994,15.62
Lesotho,LSO,1993,15.568
Lesotho,LSO,1992,15.448
Lesotho,LSO,1991,15.495
Liberia,LBR,2025,2.884
Liberia,LBR,2024,2.914
Liberia,LBR,2023,2.905
Liberia,LBR,2022,2.956
Liberia,LBR,2021,3.844
Liberia,LBR,2020,4.102
Liberia,LBR,2019,3.071
Liberia,LBR,2018,3.058
Liberia,LBR,2017,3.067
Liberia,LBR,2016,3.081
Liberia,LBR,2015,2.557
Liberia,LBR,2014,2.079
Liberia,LBR,2013,2.08
Liberia,LBR,2012,2.146
Liberia,LBR,2011,2.211
Liberia,LBR,2010,2.266
Liberia,LBR,2009,2.241
Liberia,LBR,2008,2.221
Liberia,LBR,2007,2.232
Liberia,LBR,2006,2.28
Liberia,LBR,2005,2.413
Liberia,LBR,2004,2.424
Liberia,LBR,2003,2.42
Liberia,LBR,2002,2.222
Liberia,LBR,2001,2.104
Liberia,LBR,2000,2.018
Liberia,LBR,1999,2.006
Liberia,LBR,1998,2.061
Liberia,LBR,1997,2.195
Liberia,LBR,1996,2.397
Liberia,LBR,1995,2.588
Liberia,LBR,1994,2.652
Liberia,LBR,1993,2.706
Liberia,LBR,1992,2.724
Liberia,LBR,1991,2.735
Libya,LBY,2025,18.758
Libya,LBY,2024,19.085
Libya,LBY,2023,18.713
Libya,LBY,2022,19.238
Libya,LBY,2021,19.779
Libya,LBY,2020,19.651
Libya,LBY,2019,19.087
Libya,LBY,2018,18.865
Libya,LBY,2017,19.053
Libya,LBY,2016,19.559
Libya,LBY,2015,19.69
Libya,LBY,2014,19.295
Libya,LBY,2013,19.311
Libya,LBY,2012,19.03
Libya,LBY,2011,19.504
Libya,LBY,2010,19.321
Libya,LBY,2009,19.29
Libya,LBY,2008,19.041
Libya,LBY,2007,18.771
Libya,LBY,2006,18.805
Libya,LBY,2005,18.66
Libya,LBY,2004,18.938
Libya,LBY,2003,19.074
Libya,LBY,2002,19.281
Libya,LBY,2001,19.239
Libya,LBY,2000,19.275
Libya,LBY,1999,19.233
Libya,LBY,1998,19.192
Libya,LBY,1997,19.151
Libya,LBY,1996,19.212
Libya,LBY,1995,19.331
Libya,LBY,1994,19.328
Libya,LBY,1993,19.006
Libya,LBY,1992,18.828
Libya,LBY,1991,18.601
Lithuania,LTU,2025,6.731
Lithuania,LTU,2024,6.851
Lithuania,LTU,2023,6.841
Lithuania,LTU,2022,5.955
Lithuania,LTU,2021,7.112
Lithuania,LTU,2020,8.487
Lithuania,LTU,2019,6.255
Lithuania,LTU,2018,6.147
Lithuania,LTU,2017,7.073
Lithuania,LTU,2016,7.862
Lithuania,LTU,2015,9.12
Lithuania,LTU,2014,10.698
Lithuania,LTU,2013,11.77
Lithuania,LTU,2012,13.365
Lithuania,LTU,2011,15.39
Lithuania,LTU,2010,17.814
Lithuania,LTU,2009,13.785
Lithuania,LTU,2008,5.826
Lithuania,LTU,2007,4.25
Lithuania,LTU,2006,5.78
Lithuania,LTU,2005,8.325
Lithuania,LTU,2004,10.684
Lithuania,LTU,2003,12.874
Lithuania,LTU,2002,13.008
Lithuania,LTU,2001,16.84
Lithuania,LTU,2000,15.931
Lithuania,LTU,1999,13.388
Lithuania,LTU,1998,13.711
Lithuania,LTU,1997,14.13
Lithuania,LTU,1996,16.4
Lithuania,LTU,1995,17.54
Lithuania,LTU,1994,13.8
Lithuania,LTU,1993,13.8
Lithuania,LTU,1992,1.2
Lithuania,LTU,1991,1.1
Luxembourg,LUX,2025,6.343
Luxembourg,LUX,2024,6.4
Luxembourg,LUX,2023,5.184
Luxembourg,LUX,2022,4.588
Luxembourg,LUX,2021,5.571
Luxembourg,LUX,2020,6.766
Luxembourg,LUX,2019,5.592
Luxembourg,LUX,2018,5.589
Luxembourg,LUX,2017,5.523
Luxembourg,LUX,2016,6.669
Luxembourg,LUX,2015,6.796
Luxembourg,LUX,2014,6.044
Luxembourg,LUX,2013,6.045
Luxembourg,LUX,2012,5.03
Luxembourg,LUX,2011,5.122
Luxembourg,LUX,2010,4.423
Luxembourg,LUX,2009,5.194
Luxembourg,LUX,2008,5.06
Luxembourg,LUX,2007,4.065
Luxembourg,LUX,2006,4.731
Luxembourg,LUX,2005,4.488
Luxembourg,LUX,2004,5.113
Luxembourg,LUX,2003,3.675
Luxembourg,LUX,2002,2.621
Luxembourg,LUX,2001,1.805
Luxembourg,LUX,2000,2.345
Luxembourg,LUX,1999,2.39
Luxembourg,LUX,1998,2.763
Luxembourg,LUX,1997,2.527
Luxembourg,LUX,1996,3.286
Luxembourg,LUX,1995,2.918
Luxembourg,LUX,1994,3.479
Luxembourg,LUX,1993,2.33
Luxembourg,LUX,1992,2.029
Luxembourg,LUX,1991,1.482
"Macao SAR, China",MAC,2025,2.347
"Macao SAR, China",MAC,2024,2.262
"Macao SAR, China",MAC,2023,2.206
"Macao SAR, China",MAC,2022,2.446
"Macao SAR, China",MAC,2021,2.221
"Macao SAR, China",MAC,2020,2.542
"Macao SAR, China",MAC,2019,1.73
"Macao SAR, China",MAC,2018,1.803
"Macao SAR, China",MAC,2017,1.981
"Macao SAR, China",MAC,2016,1.939
"Macao SAR, China",MAC,2015,1.81
"Macao SAR, China",MAC,2014,1.67
"Macao SAR, China",MAC,2013,1.82
"Macao SAR, China",MAC,2012,1.97
"Macao SAR, China",MAC,2011,2.56
"Macao SAR, China",MAC,2010,2.84
"Macao SAR, China",MAC,2009,3.58
"Macao SAR, China",MAC,2008,2.999
"Macao SAR, China",MAC,2007,3.269
"Macao SAR, China",MAC,2006,3.822
"Macao SAR, China",MAC,2005,4.158
"Macao SAR, China",MAC,2004,4.904
"Macao SAR, China",MAC,2003,5.995
"Macao SAR, China",MAC,2002,6.278
"Macao SAR, China",MAC,2001,6.371
"Macao SAR, China",MAC,2000,6.874
"Macao SAR, China",MAC,1999,6.34
"Macao SAR, China",MAC,1998,4.607
"Macao SAR, China",MAC,1997,3.225
"Macao SAR, China",MAC,1996,4.261
"Macao SAR, China",MAC,1995,3.581
"Macao SAR, China",MAC,1994,2.48
"Macao SAR, China",MAC,1993,2.057
"Macao SAR, China",MAC,1992,2.196
"Macao SAR, China",MAC,1991,3.01
Madagascar,MDG,2025,3.041
Madagascar,MDG,2024,3.051
Madagascar,MDG,2023,3.044
Madagascar,MDG,2022,3.186
Madagascar,MDG,2021,3.498
Madagascar,MDG,2020,3.292
Madagascar,MDG,2019,2.479
Madagascar,MDG,2018,2.303
Madagascar,MDG,2017,2.123
Madagascar,MDG,2016,1.949
Madagascar,MDG,2015,1.785
Madagascar,MDG,2014,1.385
Madagascar,MDG,2013,0.995
Madagascar,MDG,2012,0.599
Madagascar,MDG,2011,2.516
Madagascar,MDG,2010,4.28
Madagascar,MDG,2009,3.885
Madagascar,MDG,2008,3.431
Madagascar,MDG,2007,3.202
Madagascar,MDG,2006,2.945
Madagascar,MDG,2005,2.62
Madagascar,MDG,2004,3.951
Madagascar,MDG,2003,5.01
Madagascar,MDG,2002,5.515
Madagascar,MDG,2001,5.35
Madagascar,MDG,2000,5.8
Madagascar,MDG,1999,5.822
Madagascar,MDG,1998,5.901
Madagascar,MDG,1997,5.971
Madagascar,MDG,1996,6.092
Madagascar,MDG,1995,6.092
Madagascar,MDG,1994,6.106
Madagascar,MDG,1993,6.317
Madagascar,MDG,1992,6.275
Madagascar,MDG,1991,6.169
Malawi,MWI,2025,5.072
Malawi,MWI,2024,5.051
Malawi,MWI,2023,5.009
Malawi,MWI,2022,5.02
Malawi,MWI,2021,5.652
Malawi,MWI,2020,5.72
Malawi,MWI,2019,4.964
Malawi,MWI,2018,5.021
Malawi,MWI,2017,5.046
Malawi,MWI,2016,5.011
Malawi,MWI,2015,4.953
Malawi,MWI,2014,4.967
Malawi,MWI,2013,4.978
Malawi,MWI,2012,4.949
Malawi,MWI,2011,4.829
Malawi,MWI,2010,4.78
Malawi,MWI,2009,4.732
Malawi,MWI,2008,4.796
Malawi,MWI,2007,4.876
Malawi,MWI,2006,4.954
Malawi,MWI,2005,4.935
Malawi,MWI,2004,4.964
Malawi,MWI,2003,5.165
Malawi,MWI,2002,5.248
Malawi,MWI,2001,5.221
Malawi,MWI,2000,5.045
Malawi,MWI,1999,5.002
Malawi,MWI,1998,4.921
Malawi,MWI,1997,4.69
Malawi,MWI,1996,4.94
Malawi,MWI,1995,4.895
Malawi,MWI,1994,5.368
Malawi,MWI,1993,4.988
Malawi,MWI,1992,5.064
Malawi,MWI,1991,4.9
Malaysia,MYS,2025,3.764
Malaysia,MYS,2024,3.846
Malaysia,MYS,2023,3.858
Malaysia,MYS,2022,3.93
Malaysia,MYS,2021,4.64
Malaysia,MYS,2020,4.54
Malaysia,MYS,2019,3.33
Malaysia,MYS,2018,3.3
Malaysia,MYS,2017,3.41
Malaysia,MYS,2016,3.44
Malaysia,MYS,2015,3.1
Malaysia,MYS,2014,2.88
Malaysia,MYS,2013,3.14
Malaysia,MYS,2012,3.04
Malaysia,MYS,2011,3.05
Malaysia,MYS,2010,3.32
Malaysia,MYS,2009,3.62
Malaysia,MYS,2008,3.34
Malaysia,MYS,2007,3.31
Malaysia,MYS,2006,3.32
Malaysia,MYS,2005,3.53
Malaysia,MYS,2004,3.54
Malaysia,MYS,2003,3.61
Malaysia,MYS,2002,3.48
Malaysia,MYS,2001,3.53
Malaysia,MYS,2000,3.0
Malaysia,MYS,1999,3.43
Malaysia,MYS,1998,3.2
Malaysia,MYS,1997,2.45
Malaysia,MYS,1996,2.52
Malaysia,MYS,1995,3.15
Malaysia,MYS,1994,3.64
Malaysia,MYS,1993,4.11
Malaysia,MYS,1992,3.71
Malaysia,MYS,1991,3.7
Maldives,MDV,2025,4.514
Maldives,MDV,2024,4.278
Maldives,MDV,2023,4.019
Maldives,MDV,2022,4.303
Maldives,MDV,2021,5.016
Maldives,MDV,2020,5.42
Maldives,MDV,2019,4.562
Maldives,MDV,2018,4.962
Maldives,MDV,2017,5.377
Maldives,MDV,2016,5.771
Maldives,MDV,2015,6.611
Maldives,MDV,2014,7.461
Maldives,MDV,2013,8.295
Maldives,MDV,2012,9.134
Maldives,MDV,2011,10.043
Maldives,MDV,2010,10.875
Maldives,MDV,2009,11.697
Maldives,MDV,2008,10.361
Maldives,MDV,2007,9.421
Maldives,MDV,2006,8.345
Maldives,MDV,2005,7.313
Maldives,MDV,2004,6.151
Maldives,MDV,2003,5.126
Maldives,MDV,2002,4.094
Maldives,MDV,2001,3.038
Maldives,MDV,2000,1.97
Maldives,MDV,1999,1.726
Maldives,MDV,1998,1.489
Maldives,MDV,1997,1.25
Maldives,MDV,1996,1.019
Maldives,MDV,1995,0.79
Maldives,MDV,1994,0.793
Maldives,MDV,1993,0.796
Maldives,MDV,1992,0.789
Maldives,MDV,1991,0.788
Mali,MLI,2025,2.831
Mali,MLI,2024,2.924
Mali,MLI,2023,2.947
Mali,MLI,2022,2.387
Mali,MLI,2021,4.006
Mali,MLI,2020,3.528
Mali,MLI,2019,3.29
Mali,MLI,2018,1.62
Mali,MLI,2017,1.498
Mali,MLI,2016,1.367
Mali,MLI,2015,1.404
Mali,MLI,2014,1.476
Mali,MLI,2013,1.517
Mali,MLI,2012,1.462
Mali,MLI,2011,1.403
Mali,MLI,2010,1.375
Mali,MLI,2009,1.406
Mali,MLI,2008,1.383
Mali,MLI,2007,1.372
Mali,MLI,2006,1.395
Mali,MLI,2005,1.367
Mali,MLI,2004,1.413
Mali,MLI,2003,1.272
Mali,MLI,2002,1.36
Mali,MLI,2001,1.332
Mali,MLI,2000,1.412
Mali,MLI,1999,1.358
Mali,MLI,1998,1.342
Mali,MLI,1997,1.411
Mali,MLI,1996,1.421
Mali,MLI,1995,1.464
Mali,MLI,1994,1.512
Mali,MLI,1993,1.419
Mali,MLI,1992,1.483
Mali,MLI,1991,1.399
Malta,MLT,2025,2.896
Malta,MLT,2024,3.1
Malta,MLT,2023,3.479
Malta,MLT,2022,3.471
Malta,MLT,2021,3.754
Malta,MLT,2020,4.856
Malta,MLT,2019,4.08
Malta,MLT,2018,3.956
Malta,MLT,2017,4.008
Malta,MLT,2016,4.694
Malta,MLT,2015,5.389
Malta,MLT,2014,5.737
Malta,MLT,2013,6.115
Malta,MLT,2012,6.203
Malta,MLT,2011,6.388
Malta,MLT,2010,6.861
Malta,MLT,2009,6.896
Malta,MLT,2008,5.977
Malta,MLT,2007,6.472
Malta,MLT,2006,6.798
Malta,MLT,2005,6.923
Malta,MLT,2004,7.317
Malta,MLT,2003,7.488
Malta,MLT,2002,6.902
Malta,MLT,2001,7.107
Malta,MLT,2000,6.324
Malta,MLT,1999,6.325
Malta,MLT,1998,6.326
Malta,MLT,1997,6.328
Malta,MLT,1996,6.329
Malta,MLT,1995,6.33
Malta,MLT,1994,6.331
Malta,MLT,1993,6.332
Malta,MLT,1992,6.333
Malta,MLT,1991,6.335
Mauritania,MRT,2025,10.319
Mauritania,MRT,2024,10.257
Mauritania,MRT,2023,10.37
Mauritania,MRT,2022,10.52
Mauritania,MRT,2021,11.131
Mauritania,MRT,2020,11.051
Mauritania,MRT,2019,10.416
Mauritania,MRT,2018,10.411
Mauritania,MRT,2017,10.336
Mauritania,MRT,2016,10.287
Mauritania,MRT,2015,10.104
Mauritania,MRT,2014,10.026
Mauritania,MRT,2013,9.926
Mauritania,MRT,2012,9.864
Mauritania,MRT,2011,9.976
Mauritania,MRT,2010,10.093
Mauritania,MRT,2009,10.214
Mauritania,MRT,2008,9.715
Mauritania,MRT,2007,9.482
Mauritania,MRT,2006,9.313
Mauritania,MRT,2005,9.59
Mauritania,MRT,2004,9.77
Mauritania,MRT,2003,9.911
Mauritania,MRT,2002,10.201
Mauritania,MRT,2001,10.132
Mauritania,MRT,2000,10.03
Mauritania,MRT,1999,10.033
Mauritania,MRT,1998,9.975
Mauritania,MRT,1997,9.788
Mauritania,MRT,1996,9.764
Mauritania,MRT,1995,9.766
Mauritania,MRT,1994,9.979
Mauritania,MRT,1993,9.85
Mauritania,MRT,1992,10.052
Mauritania,MRT,1991,9.971
Mauritius,MUS,2025,5.635
Mauritius,MUS,2024,5.548
Mauritius,MUS,2023,5.571
Mauritius,MUS,2022,6.322
Mauritius,MUS,2021,7.719
Mauritius,MUS,2020,8.626
Mauritius,MUS,2019,6.331
Mauritius,MUS,2018,6.426
Mauritius,MUS,2017,6.752
Mauritius,MUS,2016,6.814
Mauritius,MUS,2015,7.41
Mauritius,MUS,2014,7.467
Mauritius,MUS,2013,7.322
Mauritius,MUS,2012,7.472
Mauritius,MUS,2011,7.447
Mauritius,MUS,2010,7.654
Mauritius,MUS,2009,7.257
Mauritius,MUS,2008,7.17
Mauritius,MUS,2007,8.475
Mauritius,MUS,2006,9.04
Mauritius,MUS,2005,9.524
Mauritius,MUS,2004,8.337
Mauritius,MUS,2003,8.318
Mauritius,MUS,2002,8.205
Mauritius,MUS,2001,9.14
Mauritius,MUS,2000,9.125
Mauritius,MUS,1999,9.278
Mauritius,MUS,1998,9.253
Mauritius,MUS,1997,9.381
Mauritius,MUS,1996,9.503
Mauritius,MUS,1995,9.59
Mauritius,MUS,1994,9.513
Mauritius,MUS,1993,9.5
Mauritius,MUS,1992,9.428
Mauritius,MUS,1991,9.493
Mexico,MEX,2025,2.673
Mexico,MEX,2024,2.678
Mexico,MEX,2023,2.765
Mexico,MEX,2022,3.256
Mexico,MEX,2021,4.019
Mexico,MEX,2020,4.44
Mexico,MEX,2019,3.477
Mexico,MEX,2018,3.275
Mexico,MEX,2017,3.419
Mexico,MEX,2016,3.853
Mexico,MEX,2015,4.311
Mexico,MEX,2014,4.819
Mexico,MEX,2013,4.921
Mexico,MEX,2012,4.892
Mexico,MEX,2011,5.175
Mexico,MEX,2010,5.303
Mexico,MEX,2009,5.356
Mexico,MEX,2008,3.874
Mexico,MEX,2007,3.628
Mexico,MEX,2006,3.566
Mexico,MEX,2005,3.558
Mexico,MEX,2004,3.937
Mexico,MEX,2003,3.455
Mexico,MEX,2002,3.003
Mexico,MEX,2001,2.627
Mexico,MEX,2000,2.646
Mexico,MEX,1999,2.598
Mexico,MEX,1998,3.733
Mexico,MEX,1997,4.235
Mexico,MEX,1996,5.465
Mexico,MEX,1995,7.095
Mexico,MEX,1994,4.436
Mexico,MEX,1993,3.365
Mexico,MEX,1992,3.235
Mexico,MEX,1991,3.145
Moldova,MDA,2025,1.505
Moldova,MDA,2024,1.427
Moldova,MDA,2023,1.57
Moldova,MDA,2022,0.909
Moldova,MDA,2021,0.794
Moldova,MDA,2020,1.206
Moldova,MDA,2019,1.502
Moldova,MDA,2018,1.239
Moldova,MDA,2017,1.622
Moldova,MDA,2016,1.591
Moldova,MDA,2015,1.781
Moldova,MDA,2014,1.45
Moldova,MDA,2013,1.894
Moldova,MDA,2012,2.189
Moldova,MDA,2011,2.677
Moldova,MDA,2010,2.972
Moldova,MDA,2009,3.024
Moldova,MDA,2008,2.097
Moldova,MDA,2007,2.749
Moldova,MDA,2006,4.26
Moldova,MDA,2005,5.633
Moldova,MDA,2004,6.374
Moldova,MDA,2003,6.378
Moldova,MDA,2002,6.845
Moldova,MDA,2001,7.366
Moldova,MDA,2000,8.539
Moldova,MDA,1999,11.14
Moldova,MDA,1998,10.0
Moldova,MDA,1997,7.9
Moldova,MDA,1996,7.9
Moldova,MDA,1995,5.3
Moldova,MDA,1994,5.8
Moldova,MDA,1993,3.7
Moldova,MDA,1992,3.7
Moldova,MDA,1991,1.9
Mongolia,MNG,2025,5.233
Mongolia,MNG,2024,5.158
Mongolia,MNG,2023,5.178
Mongolia,MNG,2022,5.954
Mongolia,MNG,2021,7.871
Mongolia,MNG,2020,6.413
Mongolia,MNG,2019,9.024
Mongolia,MNG,2018,5.377
Mongolia,MNG,2017,6.359
Mongolia,MNG,2016,7.235
Mongolia,MNG,2015,4.861
Mongolia,MNG,2014,4.798
Mongolia,MNG,2013,4.231
Mongolia,MNG,2012,3.905
Mongolia,MNG,2011,4.769
Mongolia,MNG,2010,6.549
Mongolia,MNG,2009,5.86
Mongolia,MNG,2008,5.565
Mongolia,MNG,2007,7.2
Mongolia,MNG,2006,7.193
Mongolia,MNG,2005,7.015
Mongolia,MNG,2004,6.851
Mongolia,MNG,2003,6.768
Mongolia,MNG,2002,6.2
Mongolia,MNG,2001,6.111
Mongolia,MNG,2000,5.992
Mongolia,MNG,1999,5.844
Mongolia,MNG,1998,5.752
Mongolia,MNG,1997,5.608
Mongolia,MNG,1996,5.53
Mongolia,MNG,1995,5.5
Mongolia,MNG,1994,5.709
Mongolia,MNG,1993,5.859
Mongolia,MNG,1992,5.857
Mongolia,MNG,1991,5.665
Montenegro,MNE,2025,13.572
Montenegro,MNE,2024,13.206
Montenegro,MNE,2023,13.146
Montenegro,MNE,2022,14.851
Montenegro,MNE,2021,16.543
Montenegro,MNE,2020,17.878
Montenegro,MNE,2019,15.128
Montenegro,MNE,2018,15.19
Montenegro,MNE,2017,16.082
Montenegro,MNE,2016,17.732
Montenegro,MNE,2015,17.555
Montenegro,MNE,2014,18.054
Montenegro,MNE,2013,19.585
Montenegro,MNE,2012,19.808
Montenegro,MNE,2011,19.759
Montenegro,MNE,2010,19.649
Montenegro,MNE,2009,19.09
Montenegro,MNE,2008,17.15
Montenegro,MNE,2007,19.4
Montenegro,MNE,2006,24.815
Montenegro,MNE,2005,30.31
Montenegro,MNE,2004,30.342
Montenegro,MNE,2003,30.39
Montenegro,MNE,2002,30.356
Montenegro,MNE,2001,30.542
Montenegro,MNE,2000,30.447
Montenegro,MNE,1999,30.471
Montenegro,MNE,1998,30.21
Montenegro,MNE,1997,30.219
Montenegro,MNE,1996,30.173
Montenegro,MNE,1995,30.196
Montenegro,MNE,1994,30.226
Montenegro,MNE,1993,30.238
Montenegro,MNE,1992,30.181
Montenegro,MNE,1991,30.118
Morocco,MAR,2025,9.0
Morocco,MAR,2024,9.103
Morocco,MAR,2023,8.896
Morocco,MAR,2022,9.413
Morocco,MAR,2021,10.551
Morocco,MAR,2020,11.189
Morocco,MAR,2019,9.191
Morocco,MAR,2018,9.272
Morocco,MAR,2017,9.22
Morocco,MAR,2016,9.3
Morocco,MAR,2015,9.46
Morocco,MAR,2014,9.7
Morocco,MAR,2013,9.23
Morocco,MAR,2012,8.99
Morocco,MAR,2011,8.91
Morocco,MAR,2010,9.09
Morocco,MAR,2009,8.96
Morocco,MAR,2008,9.57
Morocco,MAR,2007,9.56
Morocco,MAR,2006,9.67
Morocco,MAR,2005,11.01
Morocco,MAR,2004,10.83
Morocco,MAR,2003,11.92
Morocco,MAR,2002,11.59
Morocco,MAR,2001,12.46
Morocco,MAR,2000,13.58
Morocco,MAR,1999,13.94
Morocco,MAR,1998,13.359
Morocco,MAR,1997,14.025
Morocco,MAR,1996,13.362
Morocco,MAR,1995,14.054
Morocco,MAR,1994,13.858
Morocco,MAR,1993,14.026
Morocco,MAR,1992,13.781
Morocco,MAR,1991,13.502
Mozambique,MOZ,2025,6.628
Mozambique,MOZ,2024,6.668
Mozambique,MOZ,2023,6.661
Mozambique,MOZ,2022,6.789
Mozambique,MOZ,2021,5.413
Mozambique,MOZ,2020,5.019
Mozambique,MOZ,2019,4.462
Mozambique,MOZ,2018,4.21
Mozambique,MOZ,2017,3.935
Mozambique,MOZ,2016,3.65
Mozambique,MOZ,2015,3.426
Mozambique,MOZ,2014,3.377
Mozambique,MOZ,2013,3.345
Mozambique,MOZ,2012,3.304
Mozambique,MOZ,2011,3.295
Mozambique,MOZ,2010,3.259
Mozambique,MOZ,2009,3.207
Mozambique,MOZ,2008,3.112
Mozambique,MOZ,2007,3.082
Mozambique,MOZ,2006,3.037
Mozambique,MOZ,2005,3.035
Mozambique,MOZ,2004,2.953
Mozambique,MOZ,2003,2.857
Mozambique,MOZ,2002,2.902
Mozambique,MOZ,2001,2.838
Mozambique,MOZ,2000,2.832
Mozambique,MOZ,1999,2.663
Mozambique,MOZ,1998,2.64
Mozambique,MOZ,1997,2.7
Mozambique,MOZ,1996,2.763
Mozambique,MOZ,1995,2.758
Mozambique,MOZ,1994,2.879
Mozambique,MOZ,1993,2.896
Mozambique,MOZ,1992,3.028
Mozambique,MOZ,1991,2.838
Myanmar,MMR,2025,3.047
Myanmar,MMR,2024,2.887
Myanmar,MMR,2023,2.977
Myanmar,MMR,2022,3.063
Myanmar,MMR,2021,4.34
Myanmar,MMR,2020,1.476
Myanmar,MMR,2019,0.407
Myanmar,MMR,2018,0.767
Myanmar,MMR,2017,1.356
Myanmar,MMR,2016,1.058
Myanmar,MMR,2015,0.766
Myanmar,MMR,2014,0.763
Myanmar,MMR,2013,0.775
Myanmar,MMR,2012,0.768
Myanmar,MMR,2011,0.749
Myanmar,MMR,2010,0.725
Myanmar,MMR,2009,0.712
Myanmar,MMR,2008,0.7
Myanmar,MMR,2007,0.684
Myanmar,MMR,2006,0.676
Myanmar,MMR,2005,0.672
Myanmar,MMR,2004,0.677
Myanmar,MMR,2003,0.686
Myanmar,MMR,2002,0.685
Myanmar,MMR,2001,0.689
Myanmar,MMR,2000,0.712
Myanmar,MMR,1999,0.75
Myanmar,MMR,1998,0.772
Myanmar,MMR,1997,0.764
Myanmar,MMR,1996,0.753
Myanmar,MMR,1995,0.754
Myanmar,MMR,1994,0.739
Myanmar,MMR,1993,0.779
Myanmar,MMR,1992,0.796
Myanmar,MMR,1991,0.828
Namibia,NAM,2025,19.291
Namibia,NAM,2024,19.157
Namibia,NAM,2023,19.154
Namibia,NAM,2022,19.615
Namibia,NAM,2021,20.931
Namibia,NAM,2020,21.003
Namibia,NAM,2019,19.929
Namibia,NAM,2018,19.877
Namibia,NAM,2017,21.748
Namibia,NAM,2016,23.352
Namibia,NAM,2015,20.791
Namibia,NAM,2014,18.521
Namibia,NAM,2013,19.028
Namibia,NAM,2012,16.771
Namibia,NAM,2011,19.481
Namibia,NAM,2010,22.12
Namibia,NAM,2009,22.271
Namibia,NAM,2008,22.005
Namibia,NAM,2007,22.12
Namibia,NAM,2006,21.848
Namibia,NAM,2005,22.108
Namibia,NAM,2004,22.09
Namibia,NAM,2003,22.104
Namibia,NAM,2002,21.538
Namibia,NAM,2001,21.009
Namibia,NAM,2000,20.3
Namibia,NAM,1999,21.668
Namibia,NAM,1998,23.083
Namibia,NAM,1997,24.45
Namibia,NAM,1996,22.844
Namibia,NAM,1995,21.34
Namibia,NAM,1994,19.4
Namibia,NAM,1993,19.078
Namibia,NAM,1992,18.896
Namibia,NAM,1991,19.14
Nepal,NPL,2025,10.465
Nepal,NPL,2024,10.5
Nepal,NPL,2023,10.437
Nepal,NPL,2022,10.661
Nepal,NPL,2021,12.241
Nepal,NPL,2020,13.037
Nepal,NPL,2019,10.477
Nepal,NPL,2018,10.593
Nepal,NPL,2017,10.66
Nepal,NPL,2016,10.714
Nepal,NPL,2015,10.643
Nepal,NPL,2014,10.62
Nepal,NPL,2013,10.666
Nepal,NPL,2012,10.632
Nepal,NPL,2011,10.627
Nepal,NPL,2010,10.563
Nepal,NPL,2009,10.582
Nepal,NPL,2008,10.597
Nepal,NPL,2007,10.642
Nepal,NPL,2006,10.609
Nepal,NPL,2005,10.59
Nepal,NPL,2004,10.652
Nepal,NPL,2003,10.644
Nepal,NPL,2002,10.593
Nepal,NPL,2001,10.502
Nepal,NPL,2000,10.531
Nepal,NPL,1999,10.549
Nepal,NPL,1998,10.526
Nepal,NPL,1997,10.512
Nepal,NPL,1996,10.446
Nepal,NPL,1995,10.473
Nepal,NPL,1994,10.458
Nepal,NPL,1993,10.492
Nepal,NPL,1992,10.473
Nepal,NPL,1991,10.465
Netherlands,NLD,2025,3.874
Netherlands,NLD,2024,3.7
Netherlands,NLD,2023,3.535
Netherlands,NLD,2022,3.526
Netherlands,NLD,2021,4.209
Netherlands,NLD,2020,3.82
Netherlands,NLD,2019,3.379
Netherlands,NLD,2018,3.832
Netherlands,NLD,2017,4.837
Netherlands,NLD,2016,6.007
Netherlands,NLD,2015,6.872
Netherlands,NLD,2014,7.419
Netherlands,NLD,2013,7.241
Netherlands,NLD,2012,5.821
Netherlands,NLD,2011,4.977
Netherlands,NLD,2010,4.991
Netherlands,NLD,2009,4.352
Netherlands,NLD,2008,3.658
Netherlands,NLD,2007,4.153
Netherlands,NLD,2006,5.007
Netherlands,NLD,2005,5.872
Netherlands,NLD,2004,4.646
Netherlands,NLD,2003,3.593
Netherlands,NLD,2002,2.554
Netherlands,NLD,2001,2.119
Netherlands,NLD,2000,2.725
Netherlands,NLD,1999,3.622
Netherlands,NLD,1998,4.394
Netherlands,NLD,1997,5.511
Netherlands,NLD,1996,6.421
Netherlands,NLD,1995,7.157
Netherlands,NLD,1994,7.159
Netherlands,NLD,1993,6.287
Netherlands,NLD,1992,5.555
Netherlands,NLD,1991,7.285
New Caledonia,NCL,2025,11.174
New Caledonia,NCL,2024,10.991
New Caledonia,NCL,2023,10.922
New Caledonia,NCL,2022,10.71
New Caledonia,NCL,2021,11.574
New Caledonia,NCL,2020,13.558
New Caledonia,NCL,2019,10.88
New Caledonia,NCL,2018,11.702
New Caledonia,NCL,2017,11.676
New Caledonia,NCL,2016,12.679
New Caledonia,NCL,2015,13.621
New Caledonia,NCL,2014,14.59
New Caledonia,NCL,2013,14.39
New Caledonia,NCL,2012,14.116
New Caledonia,NCL,2011,13.988
New Caledonia,NCL,2010,13.998
New Caledonia,NCL,2009,13.97
New Caledonia,NCL,2008,14.36
New Caledonia,NCL,2007,14.754
New Caledonia,NCL,2006,15.256
New Caledonia,NCL,2005,15.778
New Caledonia,NCL,2004,16.31
New Caledonia,NCL,2003,16.665
New Caledonia,NCL,2002,17.045
New Caledonia,NCL,2001,17.391
New Caledonia,NCL,2000,17.907
New Caledonia,NCL,1999,18.205
New Caledonia,NCL,1998,18.519
New Caledonia,NCL,1997,18.382
New Caledonia,NCL,1996,18.64
New Caledonia,NCL,1995,18.629
New Caledonia,NCL,1994,18.878
New Caledonia,NCL,1993,18.762
New Caledonia,NCL,1992,18.61
New Caledonia,NCL,1991,18.124
New Zealand,NZL,2025,5.076
New Zealand,NZL,2024,4.724
New Zealand,NZL,2023,3.734
New Zealand,NZL,2022,3.299
New Zealand,NZL,2021,3.776
New Zealand,NZL,2020,4.595
New Zealand,NZL,2019,4.109
New Zealand,NZL,2018,4.335
New Zealand,NZL,2017,4.736
New Zealand,NZL,2016,5.147
New Zealand,NZL,2015,5.415
New Zealand,NZL,2014,5.428
New Zealand,NZL,2013,5.839
New Zealand,NZL,2012,6.931
New Zealand,NZL,2011,6.491
New Zealand,NZL,2010,6.557
New Zealand,NZL,2009,6.121
New Zealand,NZL,2008,4.167
New Zealand,NZL,2007,3.661
New Zealand,NZL,2006,3.857
New Zealand,NZL,2005,3.807
New Zealand,NZL,2004,4.005
New Zealand,NZL,2003,4.745
New Zealand,NZL,2002,5.282
New Zealand,NZL,2001,5.433
New Zealand,NZL,2000,6.13
New Zealand,NZL,1999,7.023
New Zealand,NZL,1998,7.718
New Zealand,NZL,1997,6.857
New Zealand,NZL,1996,6.29
New Zealand,NZL,1995,6.461
New Zealand,NZL,1994,8.354
New Zealand,NZL,1993,9.804
New Zealand,NZL,1992,10.667
New Zealand,NZL,1991,10.614
Nicaragua,NIC,2025,5.04
Nicaragua,NIC,2024,4.98
Nicaragua,NIC,2023,4.698
Nicaragua,NIC,2022,4.969
Nicaragua,NIC,2021,6.076
Nicaragua,NIC,2020,6.18
Nicaragua,NIC,2019,5.457
Nicaragua,NIC,2018,5.2
Nicaragua,NIC,2017,3.3
Nicaragua,NIC,2016,3.9
Nicaragua,NIC,2015,4.7
Nicaragua,NIC,2014,4.52
Nicaragua,NIC,2013,5.28
Nicaragua,NIC,2012,5.208
Nicaragua,NIC,2011,6.613
Nicaragua,NIC,2010,7.83
Nicaragua,NIC,2009,8.16
Nicaragua,NIC,2008,6.2
Nicaragua,NIC,2007,4.89
Nicaragua,NIC,2006,5.31
Nicaragua,NIC,2005,5.37
Nicaragua,NIC,2004,6.41
Nicaragua,NIC,2003,7.6
Nicaragua,NIC,2002,7.517
Nicaragua,NIC,2001,7.222
Nicaragua,NIC,2000,7.181
Nicaragua,NIC,1999,7.18
Nicaragua,NIC,1998,7.203
Nicaragua,NIC,1997,7.1
Nicaragua,NIC,1996,7.12
Nicaragua,NIC,1995,7.414
Nicaragua,NIC,1994,7.668
Nicaragua,NIC,1993,7.833
Nicaragua,NIC,1992,7.809
Nicaragua,NIC,1991,7.909
Niger,NER,2025,0.394
Niger,NER,2024,0.376
Niger,NER,2023,0.407
Niger,NER,2022,0.403
Niger,NER,2021,0.806
Niger,NER,2020,0.591
Niger,NER,2019,0.531
Niger,NER,2018,0.536
Niger,NER,2017,0.556
Niger,NER,2016,0.55
Niger,NER,2015,0.556
Niger,NER,2014,0.524
Niger,NER,2013,1.401
Niger,NER,2012,2.177
Niger,NER,2011,0.316
Niger,NER,2010,0.718
Niger,NER,2009,1.208
Niger,NER,2008,1.584
Niger,NER,2007,2.021
Niger,NER,2006,2.528
Niger,NER,2005,3.1
Niger,NER,2004,2.751
Niger,NER,2003,2.145
Niger,NER,2002,1.808
Niger,NER,2001,1.47
Niger,NER,2000,1.427
Niger,NER,1999,1.385
Niger,NER,1998,1.381
Niger,NER,1997,1.503
Niger,NER,1996,1.498
Niger,NER,1995,1.494
Niger,NER,1994,1.502
Niger,NER,1993,1.541
Niger,NER,1992,1.569
Niger,NER,1991,1.588
Nigeria,NGA,2025,3.064
Nigeria,NGA,2024,3.045
Nigeria,NGA,2023,3.074
Nigeria,NGA,2022,3.827
Nigeria,NGA,2021,5.404
Nigeria,NGA,2020,5.714
Nigeria,NGA,2019,5.206
Nigeria,NGA,2018,5.069
Nigeria,NGA,2017,4.83
Nigeria,NGA,2016,4.499
Nigeria,NGA,2015,4.134
Nigeria,NGA,2014,3.9
Nigeria,NGA,2013,3.711
Nigeria,NGA,2012,3.761
Nigeria,NGA,2011,3.77
Nigeria,NGA,2010,3.744
Nigeria,NGA,2009,3.763
Nigeria,NGA,2008,3.792
Nigeria,NGA,2007,3.794
Nigeria,NGA,2006,3.749
Nigeria,NGA,2005,3.727
Nigeria,NGA,2004,3.59
Nigeria,NGA,2003,3.637
Nigeria,NGA,2002,3.669
Nigeria,NGA,2001,3.9
Nigeria,NGA,2000,3.953
Nigeria,NGA,1999,3.986
Nigeria,NGA,1998,3.922
Nigeria,NGA,1997,3.964
Nigeria,NGA,1996,4.043
Nigeria,NGA,1995,4.152
Nigeria,NGA,1994,4.064
Nigeria,NGA,1993,4.023
Nigeria,NGA,1992,3.79
Nigeria,NGA,1991,3.831
North Macedonia,MKD,2025,12.256
North Macedonia,MKD,2024,12.265
North Macedonia,MKD,2023,13.174
North Macedonia,MKD,2022,14.476
North Macedonia,MKD,2021,15.801
North Macedonia,MKD,2020,16.575
North Macedonia,MKD,2019,17.414
North Macedonia,MKD,2018,21.208
North Macedonia,MKD,2017,22.857
North Macedonia,MKD,2016,24.312
North Macedonia,MKD,2015,26.395
North Macedonia,MKD,2014,28.215
North Macedonia,MKD,2013,29.017
North Macedonia,MKD,2012,31.096
North Macedonia,MKD,2011,31.502
North Macedonia,MKD,2010,33.135
North Macedonia,MKD,2009,32.351
North Macedonia,MKD,2008,33.93
North Macedonia,MKD,2007,35.231
North Macedonia,MKD,2006,36.392
North Macedonia,MKD,2005,37.32
North Macedonia,MKD,2004,37.161
North Macedonia,MKD,2003,36.69
North Macedonia,MKD,2002,31.94
North Macedonia,MKD,2001,30.52
North Macedonia,MKD,2000,32.2
North Macedonia,MKD,1999,32.4
North Macedonia,MKD,1998,34.5
North Macedonia,MKD,1997,36.0
North Macedonia,MKD,1996,38.8
North Macedonia,MKD,1995,35.6
North Macedonia,MKD,1994,30.0
North Macedonia,MKD,1993,27.7
North Macedonia,MKD,1992,26.3
North Macedonia,MKD,1991,24.5
Norway,NOR,2025,4.637
Norway,NOR,2024,4.0
Norway,NOR,2023,3.574
Norway,NOR,2022,3.231
Norway,NOR,2021,4.359
Norway,NOR,2020,4.424
Norway,NOR,2019,3.684
Norway,NOR,2018,3.801
Norway,NOR,2017,4.164
Norway,NOR,2016,4.68
Norway,NOR,2015,4.296
Norway,NOR,2014,3.486
Norway,NOR,2013,3.425
Norway,NOR,2012,3.129
Norway,NOR,2011,3.196
Norway,NOR,2010,3.527
Norway,NOR,2009,3.1
Norway,NOR,2008,2.521
Norway,NOR,2007,2.493
Norway,NOR,2006,3.397
Norway,NOR,2005,4.381
Norway,NOR,2004,4.256
Norway,NOR,2003,4.221
Norway,NOR,2002,4.022
Norway,NOR,2001,3.738
Norway,NOR,2000,3.458
Norway,NOR,1999,3.247
Norway,NOR,1998,3.737
Norway,NOR,1997,4.687
Norway,NOR,1996,5.036
Norway,NOR,1995,6.307
Norway,NOR,1994,5.349
Norway,NOR,1993,5.965
Norway,NOR,1992,5.91
Norway,NOR,1991,5.407
Oman,OMN,2025,3.251
Oman,OMN,2024,3.203
Oman,OMN,2023,3.176
Oman,OMN,2022,3.3
Oman,OMN,2021,1.9
Oman,OMN,2020,2.94
Oman,OMN,2019,2.045
Oman,OMN,2018,1.8
Oman,OMN,2017,2.523
Oman,OMN,2016,3.266
Oman,OMN,2015,3.403
Oman,OMN,2014,3.453
Oman,OMN,2013,3.553
Oman,OMN,2012,3.753
Oman,OMN,2011,3.95
Oman,OMN,2010,3.911
Oman,OMN,2009,3.977
Oman,OMN,2008,4.142
Oman,OMN,2007,4.309
Oman,OMN,2006,4.387
Oman,OMN,2005,4.589
Oman,OMN,2004,4.693
Oman,OMN,2003,4.599
Oman,OMN,2002,4.335
Oman,OMN,2001,4.298
Oman,OMN,2000,4.433
Oman,OMN,1999,4.433
Oman,OMN,1998,4.346
Oman,OMN,1997,4.196
Oman,OMN,1996,4.254
Oman,OMN,1995,4.167
Oman,OMN,1994,4.073
Oman,OMN,1993,4.009
Oman,OMN,1992,4.16
Oman,OMN,1991,4.056
Pakistan,PAK,2025,5.42
Pakistan,PAK,2024,5.492
Pakistan,PAK,2023,5.237
Pakistan,PAK,2022,5.291
Pakistan,PAK,2021,6.338
Pakistan,PAK,2020,5.994
Pakistan,PAK,2019,4.83
Pakistan,PAK,2018,4.083
Pakistan,PAK,2017,3.204
Pakistan,PAK,2016,2.285
Pakistan,PAK,2015,3.566
Pakistan,PAK,2014,1.827
Pakistan,PAK,2013,2.954
Pakistan,PAK,2012,3.667
Pakistan,PAK,2011,0.796
Pakistan,PAK,2010,0.653
Pakistan,PAK,2009,0.535
Pakistan,PAK,2008,0.423
Pakistan,PAK,2007,0.398
Pakistan,PAK,2006,0.582
Pakistan,PAK,2005,0.583
Pakistan,PAK,2004,0.598
Pakistan,PAK,2003,0.612
Pakistan,PAK,2002,0.615
Pakistan,PAK,2001,0.611
Pakistan,PAK,2000,0.614
Pakistan,PAK,1999,0.625
Pakistan,PAK,1998,0.62
Pakistan,PAK,1997,0.611
Pakistan,PAK,1996,0.6
Pakistan,PAK,1995,0.611
Pakistan,PAK,1994,0.601
Pakistan,PAK,1993,0.596
Pakistan,PAK,1992,0.587
Pakistan,PAK,1991,0.596
Panama,PAN,2025,8.36
Panama,PAN,2024,8.451
Panama,PAN,2023,6.544
Panama,PAN,2022,8.086
Panama,PAN,2021,10.177
Panama,PAN,2020,14.663
Panama,PAN,2019,6.256
Panama,PAN,2018,5.161
Panama,PAN,2017,5.338
Panama,PAN,2016,4.717
Panama,PAN,2015,4.335
Panama,PAN,2014,4.391
Panama,PAN,2013,3.674
Panama,PAN,2012,3.691
Panama,PAN,2011,4.03
Panama,PAN,2010,5.845
Panama,PAN,2009,5.857
Panama,PAN,2008,5.639
Panama,PAN,2007,5.665
Panama,PAN,2006,5.792
Panama,PAN,2005,5.967
Panama,PAN,2004,6.097
Panama,PAN,2003,6.303
Panama,PAN,2002,6.302
Panama,PAN,2001,6.293
Panama,PAN,2000,6.188
Panama,PAN,1999,6.168
Panama,PAN,1998,6.397
Panama,PAN,1997,6.588
Panama,PAN,1996,6.728
Panama,PAN,1995,6.512
Panama,PAN,1994,6.428
Panama,PAN,1993,6.374
Panama,PAN,1992,6.317
Panama,PAN,1991,6.443
Papua New Guinea,PNG,2025,2.571
Papua New Guinea,PNG,2024,2.625
Papua New Guinea,PNG,2023,2.649
Papua New Guinea,PNG,2022,2.689
Papua New Guinea,PNG,2021,3.03
Papua New Guinea,PNG,2020,2.903
Papua New Guinea,PNG,2019,2.651
Papua New Guinea,PNG,2018,2.65
Papua New Guinea,PNG,2017,2.58
Papua New Guinea,PNG,2016,2.478
Papua New Guinea,PNG,2015,2.507
Papua New Guinea,PNG,2014,2.54
Papua New Guinea,PNG,2013,2.698
Papua New Guinea,PNG,2012,2.634
Papua New Guinea,PNG,2011,2.62
Papua New Guinea,PNG,2010,2.002
Papua New Guinea,PNG,2009,2.089
Papua New Guinea,PNG,2008,2.168
Papua New Guinea,PNG,2007,2.169
Papua New Guinea,PNG,2006,2.285
Papua New Guinea,PNG,2005,2.385
Papua New Guinea,PNG,2004,2.526
Papua New Guinea,PNG,2003,2.628
Papua New Guinea,PNG,2002,2.756
Papua New Guinea,PNG,2001,2.801
Papua New Guinea,PNG,2000,2.92
Papua New Guinea,PNG,1999,2.939
Papua New Guinea,PNG,1998,2.86
Papua New Guinea,PNG,1997,2.854
Papua New Guinea,PNG,1996,2.728
Papua New Guinea,PNG,1995,2.603
Papua New Guinea,PNG,1994,2.418
Papua New Guinea,PNG,1993,2.382
Papua New Guinea,PNG,1992,2.608
Papua New Guinea,PNG,1991,2.793
Paraguay,PRY,2025,4.803
Paraguay,PRY,2024,5.686
Paraguay,PRY,2023,5.794
Paraguay,PRY,2022,6.755
Paraguay,PRY,2021,7.311
Paraguay,PRY,2020,7.548
Paraguay,PRY,2019,6.595
Paraguay,PRY,2018,6.217
Paraguay,PRY,2017,6.138
Paraguay,PRY,2016,5.255
Paraguay,PRY,2015,4.556
Paraguay,PRY,2014,5.034
Paraguay,PRY,2013,4.385
Paraguay,PRY,2012,4.085
Paraguay,PRY,2011,4.67
Paraguay,PRY,2010,4.569
Paraguay,PRY,2009,5.46
Paraguay,PRY,2008,4.415
Paraguay,PRY,2007,4.713
Paraguay,PRY,2006,5.277
Paraguay,PRY,2005,4.825
Paraguay,PRY,2004,6.513
Paraguay,PRY,2003,6.814
Paraguay,PRY,2002,9.393
Paraguay,PRY,2001,6.206
Paraguay,PRY,2000,7.61
Paraguay,PRY,1999,5.343
Paraguay,PRY,1998,4.417
Paraguay,PRY,1997,5.36
Paraguay,PRY,1996,8.15
Paraguay,PRY,1995,3.4
Paraguay,PRY,1994,4.41
Paraguay,PRY,1993,5.06
Paraguay,PRY,1992,4.98
Paraguay,PRY,1991,5.1
Peru,PER,2025,5.117
Peru,PER,2024,5.199
Peru,PER,2023,4.899
Peru,PER,2022,4.291
Peru,PER,2021,5.097
Peru,PER,2020,7.179
Peru,PER,2019,3.379
Peru,PER,2018,3.492
Peru,PER,2017,3.691
Peru,PER,2016,3.741
Peru,PER,2015,3.272
Peru,PER,2014,3.208
Peru,PER,2013,3.575
Peru,PER,2012,3.238
Peru,PER,2011,3.477
Peru,PER,2010,3.6
Peru,PER,2009,3.96
Peru,PER,2008,4.03
Peru,PER,2007,4.08
Peru,PER,2006,4.17
Peru,PER,2005,4.87
Peru,PER,2004,4.71
Peru,PER,2003,4.15
Peru,PER,2002,4.84
Peru,PER,2001,5.068
Peru,PER,2000,4.959
Peru,PER,1999,5.011
Peru,PER,1998,5.099
Peru,PER,1997,4.762
Peru,PER,1996,4.929
Peru,PER,1995,4.708
Peru,PER,1994,4.491
Peru,PER,1993,4.795
Peru,PER,1992,5.068
Peru,PER,1991,4.926
Philippines,PHL,2025,2.235
Philippines,PHL,2024,2.202
Philippines,PHL,2023,2.2
Philippines,PHL,2022,2.598
Philippines,PHL,2021,3.398
Philippines,PHL,2020,2.522
Philippines,PHL,2019,2.237
Philippines,PHL,2018,2.338
Philippines,PHL,2017,2.552
Philippines,PHL,2016,2.695
Philippines,PHL,2015,3.068
Philippines,PHL,2014,3.6
Philippines,PHL,2013,3.497
Philippines,PHL,2012,3.504
Philippines,PHL,2011,3.592
Philippines,PHL,2010,3.605
Philippines,PHL,2009,3.858
Philippines,PHL,2008,3.72
Philippines,PHL,2007,3.434
Philippines,PHL,2006,4.052
Philippines,PHL,2005,3.795
Philippines,PHL,2004,3.554
Philippines,PHL,2003,3.527
Philippines,PHL,2002,3.616
Philippines,PHL,2001,3.698
Philippines,PHL,2000,3.77
Philippines,PHL,1999,3.751
Philippines,PHL,1998,3.697
Philippines,PHL,1997,3.592
Philippines,PHL,1996,3.607
Philippines,PHL,1995,3.68
Philippines,PHL,1994,3.767
Philippines,PHL,1993,3.869
Philippines,PHL,1992,3.849
Philippines,PHL,1991,3.727
Poland,POL,2025,2.976
Poland,POL,2024,2.807
Poland,POL,2023,2.743
Poland,POL,2022,2.811
Poland,POL,2021,3.268
Poland,POL,2020,3.155
Poland,POL,2019,3.267
Poland,POL,2018,3.835
Poland,POL,2017,4.867
Poland,POL,2016,6.141
Poland,POL,2015,7.475
Poland,POL,2014,8.971
Poland,POL,2013,10.293
Poland,POL,2012,10.031
Poland,POL,2011,9.576
Poland,POL,2010,9.578
Poland,POL,2009,8.131
Poland,POL,2008,7.069
Poland,POL,2007,9.551
Poland,POL,2006,13.794
Poland,POL,2005,17.592
Poland,POL,2004,18.822
Poland,POL,2003,19.899
Poland,POL,2002,20.211
Poland,POL,2001,18.435
Poland,POL,2000,14.928
Poland,POL,1999,12.29
Poland,POL,1998,9.935
Poland,POL,1997,10.964
Poland,POL,1996,12.684
Poland,POL,1995,13.695
Poland,POL,1994,14.825
Poland,POL,1993,14.393
Poland,POL,1992,13.645
Poland,POL,1991,13.621
Portugal,PRT,2025,6.164
Portugal,PRT,2024,6.5
Portugal,PRT,2023,6.498
Portugal,PRT,2022,6.138
Portugal,PRT,2021,6.712
Portugal,PRT,2020,6.85
Portugal,PRT,2019,6.422
Portugal,PRT,2018,6.966
Portugal,PRT,2017,8.878
Portugal,PRT,2016,11.058
Portugal,PRT,2015,12.405
Portugal,PRT,2014,13.88
Portugal,PRT,2013,16.237
Portugal,PRT,2012,15.509
Portugal,PRT,2011,12.715
Portugal,PRT,2010,10.771
Portugal,PRT,2009,9.432
Portugal,PRT,2008,7.553
Portugal,PRT,2007,7.965
Portugal,PRT,2006,7.649
Portugal,PRT,2005,7.582
Portugal,PRT,2004,6.319
Portugal,PRT,2003,6.132
Portugal,PRT,2002,4.497
Portugal,PRT,2001,3.829
Portugal,PRT,2000,3.806
Portugal,PRT,1999,4.579
Portugal,PRT,1998,4.64
Portugal,PRT,1997,6.571
Portugal,PRT,1996,7.298
Portugal,PRT,1995,7.064
Portugal,PRT,1994,6.709
Portugal,PRT,1993,5.301
Portugal,PRT,1992,3.985
Portugal,PRT,1991,3.919
Puerto Rico (US),PRI,2025,5.991
Puerto Rico (US),PRI,2024,5.639
Puerto Rico (US),PRI,2023,5.725
Puerto Rico (US),PRI,2022,6.0
Puerto Rico (US),PRI,2021,7.9
Puerto Rico (US),PRI,2020,8.89
Puerto Rico (US),PRI,2019,8.3
Puerto Rico (US),PRI,2018,9.2
Puerto Rico (US),PRI,2017,10.8
Puerto Rico (US),PRI,2016,11.8
Puerto Rico (US),PRI,2015,12.0
Puerto Rico (US),PRI,2014,13.9
Puerto Rico (US),PRI,2013,14.3
Puerto Rico (US),PRI,2012,14.5
Puerto Rico (US),PRI,2011,15.7
Puerto Rico (US),PRI,2010,16.1
Puerto Rico (US),PRI,2009,15.0
Puerto Rico (US),PRI,2008,11.48
Puerto Rico (US),PRI,2007,10.93
Puerto Rico (US),PRI,2006,11.01
Puerto Rico (US),PRI,2005,11.35
Puerto Rico (US),PRI,2004,10.31
Puerto Rico (US),PRI,2003,11.78
Puerto Rico (US),PRI,2002,11.94
Puerto Rico (US),PRI,2001,11.4
Puerto Rico (US),PRI,2000,10.08
Puerto Rico (US),PRI,1999,11.81
Puerto Rico (US),PRI,1998,13.46
Puerto Rico (US),PRI,1997,13.8
Puerto Rico (US),PRI,1996,13.64
Puerto Rico (US),PRI,1995,13.93
Puerto Rico (US),PRI,1994,14.6
Puerto Rico (US),PRI,1993,16.91
Puerto Rico (US),PRI,1992,16.93
Puerto Rico (US),PRI,1991,16.18
Qatar,QAT,2025,0.13
Qatar,QAT,2024,0.13
Qatar,QAT,2023,0.13
Qatar,QAT,2022,0.13
Qatar,QAT,2021,0.14
Qatar,QAT,2020,0.14
Qatar,QAT,2019,0.1
Qatar,QAT,2018,0.11
Qatar,QAT,2017,0.14
Qatar,QAT,2016,0.15
Qatar,QAT,2015,0.17
Qatar,QAT,2014,0.2
Qatar,QAT,2013,0.28
Qatar,QAT,2012,0.48
Qatar,QAT,2011,0.56
Qatar,QAT,2010,0.45
Qatar,QAT,2009,0.31
Qatar,QAT,2008,0.31
Qatar,QAT,2007,0.52
Qatar,QAT,2006,0.87
Qatar,QAT,2005,0.87
Qatar,QAT,2004,0.87
Qatar,QAT,2003,0.87
Qatar,QAT,2002,0.87
Qatar,QAT,2001,0.87
Qatar,QAT,2000,0.87
Qatar,QAT,1999,0.87
Qatar,QAT,1998,0.87
Qatar,QAT,1997,0.87
Qatar,QAT,1996,0.87
Qatar,QAT,1995,0.87
Qatar,QAT,1994,0.87
Qatar,QAT,1993,0.87
Qatar,QAT,1992,0.87
Qatar,QAT,1991,0.87
Romania,ROU,2025,5.992
Romania,ROU,2024,5.4
Romania,ROU,2023,5.589
Romania,ROU,2022,5.614
Romania,ROU,2021,5.59
Romania,ROU,2020,5.035
Romania,ROU,2019,3.912
Romania,ROU,2018,4.187
Romania,ROU,2017,4.927
Romania,ROU,2016,5.901
Romania,ROU,2015,6.812
Romania,ROU,2014,6.802
Romania,ROU,2013,7.096
Romania,ROU,2012,6.794
Romania,ROU,2011,7.177
Romania,ROU,2010,6.959
Romania,ROU,2009,6.859
Romania,ROU,2008,5.787
Romania,ROU,2007,6.413
Romania,ROU,2006,7.27
Romania,ROU,2005,7.174
Romania,ROU,2004,7.719
Romania,ROU,2003,6.95
Romania,ROU,2002,8.112
Romania,ROU,2001,6.561
Romania,ROU,2000,6.969
Romania,ROU,1999,6.239
Romania,ROU,1998,5.63
Romania,ROU,1997,5.515
Romania,ROU,1996,6.74
Romania,ROU,1995,8.01
Romania,ROU,1994,8.17
Romania,ROU,1993,8.251
Romania,ROU,1992,8.26
Romania,ROU,1991,8.23
Russian Federation,RUS,2025,2.133
Russian Federation,RUS,2024,2.43
Russian Federation,RUS,2023,3.076
Russian Federation,RUS,2022,3.867
Russian Federation,RUS,2021,4.749
Russian Federation,RUS,2020,5.62
Russian Federation,RUS,2019,4.513
Russian Federation,RUS,2018,4.871
Russian Federation,RUS,2017,5.238
Russian Federation,RUS,2016,5.591
Russian Federation,RUS,2015,5.615
Russian Federation,RUS,2014,5.212
Russian Federation,RUS,2013,5.513
Russian Federation,RUS,2012,5.484
Russian Federation,RUS,2011,6.571
Russian Federation,RUS,2010,7.407
Russian Federation,RUS,2009,8.301
Russian Federation,RUS,2008,6.205
Russian Federation,RUS,2007,6.002
Russian Federation,RUS,2006,7.055
Russian Federation,RUS,2005,7.124
Russian Federation,RUS,2004,7.763
Russian Federation,RUS,2003,8.21
Russian Federation,RUS,2002,7.875
Russian Federation,RUS,2001,8.978
Russian Federation,RUS,2000,10.581
Russian Federation,RUS,1999,13.036
Russian Federation,RUS,1998,13.261
Russian Federation,RUS,1997,11.813
Russian Federation,RUS,1996,9.665
Russian Federation,RUS,1995,9.449
Russian Federation,RUS,1994,8.131
Russian Federation,RUS,1993,5.883
Russian Federation,RUS,1992,5.181
Russian Federation,RUS,1991,5.11
Rwanda,RWA,2025,11.363
Rwanda,RWA,2024,11.331
Rwanda,RWA,2023,12.352
Rwanda,RWA,2022,15.084
Rwanda,RWA,2021,15.775
Rwanda,RWA,2020,11.829
Rwanda,RWA,2019,11.236
Rwanda,RWA,2018,10.759
Rwanda,RWA,2017,11.875
Rwanda,RWA,2016,11.788
Rwanda,RWA,2015,11.831
Rwanda,RWA,2014,11.837
Rwanda,RWA,2013,11.768
Rwanda,RWA,2012,11.671
Rwanda,RWA,2011,11.756
Rwanda,RWA,2010,11.637
Rwanda,RWA,2009,11.625
Rwanda,RWA,2008,11.517
Rwanda,RWA,2007,11.58
Rwanda,RWA,2006,11.586
Rwanda,RWA,2005,11.842
Rwanda,RWA,2004,11.699
Rwanda,RWA,2003,11.658
Rwanda,RWA,2002,11.432
Rwanda,RWA,2001,11.732
Rwanda,RWA,2000,11.699
Rwanda,RWA,1999,11.569
Rwanda,RWA,1998,11.255
Rwanda,RWA,1997,11.087
Rwanda,RWA,1996,11.507
Rwanda,RWA,1995,11.938
Rwanda,RWA,1994,12.236
Rwanda,RWA,1993,12.155
Rwanda,RWA,1992,12.114
Rwanda,RWA,1991,12.335
Samoa,WSM,2025,4.996
Samoa,WSM,2024,4.855
Samoa,WSM,2023,4.92
Samoa,WSM,2022,5.048
Samoa,WSM,2021,6.664
Samoa,WSM,2020,7.467
Samoa,WSM,2019,7.858
Samoa,WSM,2018,8.649
Samoa,WSM,2017,9.4
Samoa,WSM,2016,9.063
Samoa,WSM,2015,8.901
Samoa,WSM,2014,8.72
Samoa,WSM,2013,8.772
Samoa,WSM,2012,8.752
Samoa,WSM,2011,5.68
Samoa,WSM,2010,5.621
Samoa,WSM,2009,5.646
Samoa,WSM,2008,5.538
Samoa,WSM,2007,5.425
Samoa,WSM,2006,5.321
Samoa,WSM,2005,5.212
Samoa,WSM,2004,5.162
Samoa,WSM,2003,5.038
Samoa,WSM,2002,4.975
Samoa,WSM,2001,4.96
Samoa,WSM,2000,4.733
Samoa,WSM,1999,4.489
Samoa,WSM,1998,4.127
Samoa,WSM,1997,3.78
Samoa,WSM,1996,3.515
Samoa,WSM,1995,3.244
Samoa,WSM,1994,2.999
Samoa,WSM,1993,2.689
Samoa,WSM,1992,2.439
Samoa,WSM,1991,2.1
Sao Tome and Principe,STP,2025,9.132
Sao Tome and Principe,STP,2024,9.057
Sao Tome and Principe,STP,2023,9.032
Sao Tome and Principe,STP,2022,8.964
Sao Tome and Principe,STP,2021,9.563
Sao Tome and Principe,STP,2020,9.679
Sao Tome and Principe,STP,2019,8.835
Sao Tome and Principe,STP,2018,8.712
Sao Tome and Principe,STP,2017,8.808
Sao Tome and Principe,STP,2016,9.684
Sao Tome and Principe,STP,2015,10.591
Sao Tome and Principe,STP,2014,11.428
Sao Tome and Principe,STP,2013,12.476
Sao Tome and Principe,STP,2012,13.59
Sao Tome and Principe,STP,2011,14.229
Sao Tome and Principe,STP,2010,14.628
Sao Tome and Principe,STP,2009,15.136
Sao Tome and Principe,STP,2008,15.421
Sao Tome and Principe,STP,2007,16.021
Sao Tome and Principe,STP,2006,16.65
Sao Tome and Principe,STP,2005,16.47
Sao Tome and Principe,STP,2004,16.12
Sao Tome and Principe,STP,2003,16.36
Sao Tome and Principe,STP,2002,17.63
Sao Tome and Principe,STP,2001,15.73
Sao Tome and Principe,STP,2000,14.4
Sao Tome and Principe,STP,1999,14.352
Sao Tome and Principe,STP,1998,14.398
Sao Tome and Principe,STP,1997,14.414
Sao Tome and Principe,STP,1996,14.33
Sao Tome and Principe,STP,1995,14.342
Sao Tome and Principe,STP,1994,14.41
Sao Tome and Principe,STP,1993,14.46
Sao Tome and Principe,STP,1992,14.65
Sao Tome and Principe,STP,1991,14.493
Saudi Arabia,SAU,2025,3.038
Saudi Arabia,SAU,2024,3.518
Saudi Arabia,SAU,2023,4.008
Saudi Arabia,SAU,2022,5.589
Saudi Arabia,SAU,2021,6.621
Saudi Arabia,SAU,2020,7.66
Saudi Arabia,SAU,2019,5.636
Saudi Arabia,SAU,2018,6.029
Saudi Arabia,SAU,2017,5.89
Saudi Arabia,SAU,2016,5.6
Saudi Arabia,SAU,2015,5.6
Saudi Arabia,SAU,2014,5.877
Saudi Arabia,SAU,2013,5.6
Saudi Arabia,SAU,2012,5.622
Saudi Arabia,SAU,2011,5.77
Saudi Arabia,SAU,2010,5.55
Saudi Arabia,SAU,2009,5.377
Saudi Arabia,SAU,2008,5.085
Saudi Arabia,SAU,2007,5.734
Saudi Arabia,SAU,2006,6.254
Saudi Arabia,SAU,2005,6.051
Saudi Arabia,SAU,2004,5.822
Saudi Arabia,SAU,2003,5.563
Saudi Arabia,SAU,2002,5.265
Saudi Arabia,SAU,2001,4.618
Saudi Arabia,SAU,2000,4.57
Saudi Arabia,SAU,1999,4.346
Saudi Arabia,SAU,1998,4.752
Saudi Arabia,SAU,1997,5.283
Saudi Arabia,SAU,1996,5.804
Saudi Arabia,SAU,1995,6.365
Saudi Arabia,SAU,1994,6.733
Saudi Arabia,SAU,1993,7.002
Saudi Arabia,SAU,1992,7.2
Saudi Arabia,SAU,1991,7.316
Senegal,SEN,2025,2.735
Senegal,SEN,2024,2.788
Senegal,SEN,2023,2.784
Senegal,SEN,2022,2.837
Senegal,SEN,2021,3.436
Senegal,SEN,2020,3.432
Senegal,SEN,2019,2.863
Senegal,SEN,2018,3.453
Senegal,SEN,2017,4.078
Senegal,SEN,2016,4.455
Senegal,SEN,2015,6.757
Senegal,SEN,2014,5.849
Senegal,SEN,2013,5.012
Senegal,SEN,2012,3.896
Senegal,SEN,2011,2.853
Senegal,SEN,2010,2.795
Senegal,SEN,2009,2.807
Senegal,SEN,2008,2.816
Senegal,SEN,2007,2.8
Senegal,SEN,2006,2.755
Senegal,SEN,2005,2.679
Senegal,SEN,2004,2.775
Senegal,SEN,2003,2.781
Senegal,SEN,2002,2.82
Senegal,SEN,2001,2.674
Senegal,SEN,2000,2.638
Senegal,SEN,1999,2.655
Senegal,SEN,1998,2.751
Senegal,SEN,1997,2.759
Senegal,SEN,1996,2.831
Senegal,SEN,1995,2.846
Senegal,SEN,1994,2.947
Senegal,SEN,1993,2.878
Senegal,SEN,1992,2.928
Senegal,SEN,1991,2.861
Serbia,SRB,2025,7.123
Serbia,SRB,2024,7.24
Serbia,SRB,2023,8.268
Serbia,SRB,2022,8.439
Serbia,SRB,2021,9.843
Serbia,SRB,2020,9.011
Serbia,SRB,2019,10.395
Serbia,SRB,2018,12.733
Serbia,SRB,2017,13.477
Serbia,SRB,2016,15.257
Serbia,SRB,2015,17.66
Serbia,SRB,2014,19.223
Serbia,SRB,2013,22.154
Serbia,SRB,2012,24.0
Serbia,SRB,2011,22.959
Serbia,SRB,2010,19.204
Serbia,SRB,2009,16.116
Serbia,SRB,2008,13.67
Serbia,SRB,2007,18.06
Serbia,SRB,2006,20.85
Serbia,SRB,2005,20.85
Serbia,SRB,2004,18.5
Serbia,SRB,2003,15.2
Serbia,SRB,2002,13.8
Serbia,SRB,2001,12.8
Serbia,SRB,2000,12.6
Serbia,SRB,1999,13.7
Serbia,SRB,1998,13.7
Serbia,SRB,1997,13.8
Serbia,SRB,1996,13.2
Serbia,SRB,1995,13.4
Serbia,SRB,1994,13.405
Serbia,SRB,1993,13.416
Serbia,SRB,1992,13.397
Serbia,SRB,1991,13.371
Sierra Leone,SLE,2025,3.15
Sierra Leone,SLE,2024,3.103
Sierra Leone,SLE,2023,3.092
Sierra Leone,SLE,2022,3.137
Sierra Leone,SLE,2021,3.551
Sierra Leone,SLE,2020,3.509
Sierra Leone,SLE,2019,3.204
Sierra Leone,SLE,2018,3.192
Sierra Leone,SLE,2017,3.656
Sierra Leone,SLE,2016,4.182
Sierra Leone,SLE,2015,4.483
Sierra Leone,SLE,2014,4.678
Sierra Leone,SLE,2013,4.376
Sierra Leone,SLE,2012,4.378
Sierra Leone,SLE,2011,4.388
Sierra Leone,SLE,2010,4.34
Sierra Leone,SLE,2009,4.268
Sierra Leone,SLE,2008,4.132
Sierra Leone,SLE,2007,4.022
Sierra Leone,SLE,2006,3.89
Sierra Leone,SLE,2005,3.734
Sierra Leone,SLE,2004,3.42
Sierra Leone,SLE,2003,3.879
Sierra Leone,SLE,2002,3.909
Sierra Leone,SLE,2001,4.235
Sierra Leone,SLE,2000,4.137
Sierra Leone,SLE,1999,4.288
Sierra Leone,SLE,1998,4.242
Sierra Leone,SLE,1997,4.363
Sierra Leone,SLE,1996,4.313
Sierra Leone,SLE,1995,4.317
Sierra Leone,SLE,1994,4.457
Sierra Leone,SLE,1993,4.401
Sierra Leone,SLE,1992,4.376
Sierra Leone,SLE,1991,4.135
Singapore,SGP,2025,2.818
Singapore,SGP,2024,2.737
Singapore,SGP,2023,3.444
Singapore,SGP,2022,3.591
Singapore,SGP,2021,4.64
Singapore,SGP,2020,4.1
Singapore,SGP,2019,3.1
Singapore,SGP,2018,3.613
Singapore,SGP,2017,4.2
Singapore,SGP,2016,4.08
Singapore,SGP,2015,3.79
Singapore,SGP,2014,3.74
Singapore,SGP,2013,3.86
Singapore,SGP,2012,3.72
Singapore,SGP,2011,3.89
Singapore,SGP,2010,4.12
Singapore,SGP,2009,5.86
Singapore,SGP,2008,3.96
Singapore,SGP,2007,3.9
Singapore,SGP,2006,4.48
Singapore,SGP,2005,5.59
Singapore,SGP,2004,5.84
Singapore,SGP,2003,5.93
Singapore,SGP,2002,5.65
Singapore,SGP,2001,3.76
Singapore,SGP,2000,3.7
Singapore,SGP,1999,4.85
Singapore,SGP,1998,3.41
Singapore,SGP,1997,2.5
Singapore,SGP,1996,3.57
Singapore,SGP,1995,3.3
Singapore,SGP,1994,3.03
Singapore,SGP,1993,3.07
Singapore,SGP,1992,3.09
Singapore,SGP,1991,2.18
Slovak Republic,SVK,2025,5.359
Slovak Republic,SVK,2024,5.3
Slovak Republic,SVK,2023,5.843
Slovak Republic,SVK,2022,6.143
Slovak Republic,SVK,2021,6.894
Slovak Republic,SVK,2020,6.719
Slovak Republic,SVK,2019,5.761
Slovak Republic,SVK,2018,6.544
Slovak Republic,SVK,2017,8.142
Slovak Republic,SVK,2016,9.679
Slovak Republic,SVK,2015,11.492
Slovak Republic,SVK,2014,11.536
Slovak Republic,SVK,2013,14.226
Slovak Republic,SVK,2012,13.966
Slovak Republic,SVK,2011,13.634
Slovak Republic,SVK,2010,14.387
Slovak Republic,SVK,2009,12.023
Slovak Republic,SVK,2008,9.514
Slovak Republic,SVK,2007,11.16
Slovak Republic,SVK,2006,13.395
Slovak Republic,SVK,2005,16.276
Slovak Republic,SVK,2004,18.206
Slovak Republic,SVK,2003,17.549
Slovak Republic,SVK,2002,18.541
Slovak Republic,SVK,2001,19.148
Slovak Republic,SVK,2000,18.546
Slovak Republic,SVK,1999,16.099
Slovak Republic,SVK,1998,12.421
Slovak Republic,SVK,1997,11.894
Slovak Republic,SVK,1996,11.341
Slovak Republic,SVK,1995,13.109
Slovak Republic,SVK,1994,13.654
Slovak Republic,SVK,1993,12.2
Slovak Republic,SVK,1992,12.185
Slovak Republic,SVK,1991,12.1
Slovenia,SVN,2025,3.175
Slovenia,SVN,2024,3.7
Slovenia,SVN,2023,3.652
Slovenia,SVN,2022,4.011
Slovenia,SVN,2021,4.744
Slovenia,SVN,2020,4.971
Slovenia,SVN,2019,4.446
Slovenia,SVN,2018,5.108
Slovenia,SVN,2017,6.564
Slovenia,SVN,2016,8.0
Slovenia,SVN,2015,8.962
Slovenia,SVN,2014,9.668
Slovenia,SVN,2013,10.103
Slovenia,SVN,2012,8.841
Slovenia,SVN,2011,8.166
Slovenia,SVN,2010,7.236
Slovenia,SVN,2009,5.858
Slovenia,SVN,2008,4.371
Slovenia,SVN,2007,4.818
Slovenia,SVN,2006,5.95
Slovenia,SVN,2005,6.506
Slovenia,SVN,2004,6.012
Slovenia,SVN,2003,6.479
Slovenia,SVN,2002,5.922
Slovenia,SVN,2001,5.682
Slovenia,SVN,2000,6.918
Slovenia,SVN,1999,7.324
Slovenia,SVN,1998,7.39
Slovenia,SVN,1997,6.648
Slovenia,SVN,1996,6.879
Slovenia,SVN,1995,7.15
Slovenia,SVN,1994,8.24
Slovenia,SVN,1993,8.51
Slovenia,SVN,1992,7.83
Slovenia,SVN,1991,7.08
Solomon Islands,SLB,2025,1.431
Solomon Islands,SLB,2024,1.444
Solomon Islands,SLB,2023,1.443
Solomon Islands,SLB,2022,1.475
Solomon Islands,SLB,2021,0.879
Solomon Islands,SLB,2020,0.868
Solomon Islands,SLB,2019,0.746
Solomon Islands,SLB,2018,0.722
Solomon Islands,SLB,2017,0.727
Solomon Islands,SLB,2016,0.736
Solomon Islands,SLB,2015,0.736
Solomon Islands,SLB,2014,0.73
Solomon Islands,SLB,2013,0.694
Solomon Islands,SLB,2012,0.984
Solomon Islands,SLB,2011,1.292
Solomon Islands,SLB,2010,1.617
Solomon Islands,SLB,2009,2.02
Solomon Islands,SLB,2008,1.998
Solomon Islands,SLB,2007,1.978
Solomon Islands,SLB,2006,1.916
Solomon Islands,SLB,2005,1.879
Solomon Islands,SLB,2004,2.026
Solomon Islands,SLB,2003,2.286
Solomon Islands,SLB,2002,2.698
Solomon Islands,SLB,2001,2.642
Solomon Islands,SLB,2000,2.446
Solomon Islands,SLB,1999,2.194
Solomon Islands,SLB,1998,2.155
Solomon Islands,SLB,1997,2.009
Solomon Islands,SLB,1996,1.875
Solomon Islands,SLB,1995,1.841
Solomon Islands,SLB,1994,1.804
Solomon Islands,SLB,1993,1.829
Solomon Islands,SLB,1992,1.851
Solomon Islands,SLB,1991,1.967
"Somalia, Fed. Rep.",SOM,2025,18.948
"Somalia, Fed. Rep.",SOM,2024,18.949
"Somalia, Fed. Rep.",SOM,2023,18.96
"Somalia, Fed. Rep.",SOM,2022,19.112
"Somalia, Fed. Rep.",SOM,2021,19.662
"Somalia, Fed. Rep.",SOM,2020,19.414
"Somalia, Fed. Rep.",SOM,2019,18.828
"Somalia, Fed. Rep.",SOM,2018,18.7
"Somalia, Fed. Rep.",SOM,2017,18.455
"Somalia, Fed. Rep.",SOM,2016,18.611
"Somalia, Fed. Rep.",SOM,2015,18.495
"Somalia, Fed. Rep.",SOM,2014,18.595
"Somalia, Fed. Rep.",SOM,2013,18.655
"Somalia, Fed. Rep.",SOM,2012,18.771
"Somalia, Fed. Rep.",SOM,2011,18.761
"Somalia, Fed. Rep.",SOM,2010,18.741
"Somalia, Fed. Rep.",SOM,2009,18.724
"Somalia, Fed. Rep.",SOM,2008,18.714
"Somalia, Fed. Rep.",SOM,2007,18.687
"Somalia, Fed. Rep.",SOM,2006,18.705
"Somalia, Fed. Rep.",SOM,2005,18.671
"Somalia, Fed. Rep.",SOM,2004,18.653
"Somalia, Fed. Rep.",SOM,2003,18.648
"Somalia, Fed. Rep.",SOM,2002,18.658
"Somalia, Fed. Rep.",SOM,2001,18.665
"Somalia, Fed. Rep.",SOM,2000,18.678
"Somalia, Fed. Rep.",SOM,1999,18.847
"Somalia, Fed. Rep.",SOM,1998,18.825
"Somalia, Fed. Rep.",SOM,1997,18.899
"Somalia, Fed. Rep.",SOM,1996,19.463
"Somalia, Fed. Rep.",SOM,1995,19.585
"Somalia, Fed. Rep.",SOM,1994,19.971
"Somalia, Fed. Rep.",SOM,1993,19.331
"Somalia, Fed. Rep.",SOM,1992,19.377
"Somalia, Fed. Rep.",SOM,1991,19.003
South Africa,ZAF,2025,32.391
South Africa,ZAF,2024,32.279
South Africa,ZAF,2023,32.098
South Africa,ZAF,2022,33.268
South Africa,ZAF,2021,34.007
South Africa,ZAF,2020,29.217
South Africa,ZAF,2019,28.468
South Africa,ZAF,2018,26.906
South Africa,ZAF,2017,27.035
South Africa,ZAF,2016,26.536
South Africa,ZAF,2015,25.149
South Africa,ZAF,2014,24.89
South Africa,ZAF,2013,24.561
South Africa,ZAF,2012,24.727
South Africa,ZAF,2011,24.639
South Africa,ZAF,2010,24.683
South Africa,ZAF,2009,23.523
South Africa,ZAF,2008,22.407
South Africa,ZAF,2007,22.26
South Africa,ZAF,2006,22.304
South Africa,ZAF,2005,22.472
South Africa,ZAF,2004,22.567
South Africa,ZAF,2003,22.679
South Africa,ZAF,2002,22.579
South Africa,ZAF,2001,22.652
South Africa,ZAF,2000,22.788
South Africa,ZAF,1999,22.884
South Africa,ZAF,1998,22.739
South Africa,ZAF,1997,22.549
South Africa,ZAF,1996,22.5
South Africa,ZAF,1995,22.705
South Africa,ZAF,1994,23.067
South Africa,ZAF,1993,23.361
South Africa,ZAF,1992,23.463
South Africa,ZAF,1991,23.137
South Sudan,SSD,2023,12.374
South Sudan,SSD,2022,12.475
South Sudan,SSD,2021,13.95
South Sudan,SSD,2020,14.246
South Sudan,SSD,2019,12.656
South Sudan,SSD,2018,12.853
South Sudan,SSD,2017,12.983
South Sudan,SSD,2016,12.854
South Sudan,SSD,2015,12.464
South Sudan,SSD,2014,12.561
South Sudan,SSD,2013,12.665
South Sudan,SSD,2012,12.803
South Sudan,SSD,2011,12.585
South Sudan,SSD,2010,12.473
South Sudan,SSD,2009,12.438
South Sudan,SSD,2008,12.298
South Sudan,SSD,2007,12.266
South Sudan,SSD,2006,12.268
South Sudan,SSD,2005,12.266
South Sudan,SSD,2004,12.256
South Sudan,SSD,2003,12.234
South Sudan,SSD,2002,12.235
South Sudan,SSD,2001,12.278
South Sudan,SSD,2000,12.309
South Sudan,SSD,1999,12.138
South Sudan,SSD,1998,12.095
South Sudan,SSD,1997,12.068
South Sudan,SSD,1996,12.314
South Sudan,SSD,1995,12.334
South Sudan,SSD,1994,12.326
South Sudan,SSD,1993,12.233
South Sudan,SSD,1992,12.374
South Sudan,SSD,1991,12.334
Spain,ESP,2025,10.376
Spain,ESP,2024,11.4
Spain,ESP,2023,12.179
Spain,ESP,2022,13.033
Spain,ESP,2021,14.914
Spain,ESP,2020,15.532
Spain,ESP,2019,14.104
Spain,ESP,2018,15.255
Spain,ESP,2017,17.224
Spain,ESP,2016,19.635
Spain,ESP,2015,22.057
Spain,ESP,2014,24.441
Spain,ESP,2013,26.094
Spain,ESP,2012,24.789
Spain,ESP,2011,21.39
Spain,ESP,2010,19.86
Spain,ESP,2009,17.857
Spain,ESP,2008,11.254
Spain,ESP,2007,8.232
Spain,ESP,2006,8.452
Spain,ESP,2005,9.146
Spain,ESP,2004,11.09
Spain,ESP,2003,11.283
Spain,ESP,2002,11.146
Spain,ESP,2001,10.348
Spain,ESP,2000,13.785
Spain,ESP,1999,15.475
Spain,ESP,1998,18.673
Spain,ESP,1997,20.698
Spain,ESP,1996,22.142
Spain,ESP,1995,22.675
Spain,ESP,1994,24.209
Spain,ESP,1993,22.156
Spain,ESP,1992,17.697
Spain,ESP,1991,15.929
Sri Lanka,LKA,2025,4.005
Sri Lanka,LKA,2024,4.239
Sri Lanka,LKA,2023,4.528
Sri Lanka,LKA,2022,4.528
Sri Lanka,LKA,2021,4.981
Sri Lanka,LKA,2020,5.364
Sri Lanka,LKA,2019,4.67
Sri Lanka,LKA,2018,4.318
Sri Lanka,LKA,2017,4.046
Sri Lanka,LKA,2016,4.242
Sri Lanka,LKA,2015,4.519
Sri Lanka,LKA,2014,4.157
Sri Lanka,LKA,2013,4.186
Sri Lanka,LKA,2012,3.88
Sri Lanka,LKA,2011,4.118
Sri Lanka,LKA,2010,4.784
Sri Lanka,LKA,2009,5.85
Sri Lanka,LKA,2008,5.22
Sri Lanka,LKA,2007,5.97
Sri Lanka,LKA,2006,6.5
Sri Lanka,LKA,2005,7.67
Sri Lanka,LKA,2004,8.38
Sri Lanka,LKA,2003,8.22
Sri Lanka,LKA,2002,8.76
Sri Lanka,LKA,2001,7.9
Sri Lanka,LKA,2000,7.74
Sri Lanka,LKA,1999,8.88
Sri Lanka,LKA,1998,9.17
Sri Lanka,LKA,1997,10.6
Sri Lanka,LKA,1996,11.35
Sri Lanka,LKA,1995,12.27
Sri Lanka,LKA,1994,13.03
Sri Lanka,LKA,1993,13.82
Sri Lanka,LKA,1992,14.22
Sri Lanka,LKA,1991,14.661
St. Lucia,LCA,2025,9.452
St. Lucia,LCA,2024,10.199
St. Lucia,LCA,2023,12.094
St. Lucia,LCA,2022,15.934
St. Lucia,LCA,2021,20.514
St. Lucia,LCA,2020,25.224
St. Lucia,LCA,2019,15.613
St. Lucia,LCA,2018,19.329
St. Lucia,LCA,2017,19.136
St. Lucia,LCA,2016,19.932
St. Lucia,LCA,2015,20.84
St. Lucia,LCA,2014,21.583
St. Lucia,LCA,2013,22.21
St. Lucia,LCA,2012,19.06
St. Lucia,LCA,2011,18.86
St. Lucia,LCA,2010,17.118
St. Lucia,LCA,2009,15.37
St. Lucia,LCA,2008,12.72
St. Lucia,LCA,2007,14.0
St. Lucia,LCA,2006,16.0
St. Lucia,LCA,2005,18.7
St. Lucia,LCA,2004,20.97
St. Lucia,LCA,2003,22.18
St. Lucia,LCA,2002,20.39
St. Lucia,LCA,2001,18.538
St. Lucia,LCA,2000,16.49
St. Lucia,LCA,1999,18.09
St. Lucia,LCA,1998,21.6
St. Lucia,LCA,1997,20.47
St. Lucia,LCA,1996,16.33
St. Lucia,LCA,1995,15.83
St. Lucia,LCA,1994,17.0
St. Lucia,LCA,1993,16.8
St. Lucia,LCA,1992,16.549
St. Lucia,LCA,1991,16.521
St. Vincent and the Grenadines,VCT,2025,18.003
St. Vincent and the Grenadines,VCT,2024,18.093
St. Vincent and the Grenadines,VCT,2023,18.348
St. Vincent and the Grenadines,VCT,2022,19.277
St. Vincent and the Grenadines,VCT,2021,20.356
St. Vincent and the Grenadines,VCT,2020,20.635
St. Vincent and the Grenadines,VCT,2019,19.248
St. Vincent and the Grenadines,VCT,2018,19.005
St. Vincent and the Grenadines,VCT,2017,19.024
St. Vincent and the Grenadines,VCT,2016,19.029
St. Vincent and the Grenadines,VCT,2015,19.135
St. Vincent and the Grenadines,VCT,2014,19.237
St. Vincent and the Grenadines,VCT,2013,19.356
St. Vincent and the Grenadines,VCT,2012,19.833
St. Vincent and the Grenadines,VCT,2011,20.006
St. Vincent and the Grenadines,VCT,2010,19.924
St. Vincent and the Grenadines,VCT,2009,19.365
St. Vincent and the Grenadines,VCT,2008,18.79
St. Vincent and the Grenadines,VCT,2007,18.934
St. Vincent and the Grenadines,VCT,2006,19.162
St. Vincent and the Grenadines,VCT,2005,19.461
St. Vincent and the Grenadines,VCT,2004,19.545
St. Vincent and the Grenadines,VCT,2003,19.985
St. Vincent and the Grenadines,VCT,2002,20.623
St. Vincent and the Grenadines,VCT,2001,21.1
St. Vincent and the Grenadines,VCT,2000,20.8
St. Vincent and the Grenadines,VCT,1999,20.542
St. Vincent and the Grenadines,VCT,1998,20.521
St. Vincent and the Grenadines,VCT,1997,20.133
St. Vincent and the Grenadines,VCT,1996,20.343
St. Vincent and the Grenadines,VCT,1995,20.005
St. Vincent and the Grenadines,VCT,1994,19.974
St. Vincent and the Grenadines,VCT,1993,19.681
St. Vincent and the Grenadines,VCT,1992,19.558
St. Vincent and the Grenadines,VCT,1991,19.77
Sudan,SDN,2022,7.53
Sudan,SDN,2021,11.087
Sudan,SDN,2020,11.995
Sudan,SDN,2019,11.697
Sudan,SDN,2018,12.347
Sudan,SDN,2017,13.0
Sudan,SDN,2016,13.656
Sudan,SDN,2015,14.39
Sudan,SDN,2014,15.41
Sudan,SDN,2013,16.273
Sudan,SDN,2012,16.973
Sudan,SDN,2011,17.44
Sudan,SDN,2010,15.168
Sudan,SDN,2009,13.0
Sudan,SDN,2008,15.566
Sudan,SDN,2007,15.534
Sudan,SDN,2006,15.542
Sudan,SDN,2005,15.545
Sudan,SDN,2004,15.538
Sudan,SDN,2003,15.515
Sudan,SDN,2002,15.514
Sudan,SDN,2001,15.56
Sudan,SDN,2000,15.595
Sudan,SDN,1999,15.399
Sudan,SDN,1998,15.352
Sudan,SDN,1997,15.324
Sudan,SDN,1996,15.605
Sudan,SDN,1995,15.627
Sudan,SDN,1994,15.617
Sudan,SDN,1993,15.51
Sudan,SDN,1992,15.668
Sudan,SDN,1991,15.619
Suriname,SUR,2025,7.834
Suriname,SUR,2024,7.621
Suriname,SUR,2023,7.699
Suriname,SUR,2022,7.973
Suriname,SUR,2021,8.706
Suriname,SUR,2020,8.973
Suriname,SUR,2019,7.755
Suriname,SUR,2018,7.817
Suriname,SUR,2017,7.905
Suriname,SUR,2016,7.917
Suriname,SUR,2015,7.22
Suriname,SUR,2014,6.94
Suriname,SUR,2013,6.6
Suriname,SUR,2012,8.1
Suriname,SUR,2011,7.54
Suriname,SUR,2010,7.15
Suriname,SUR,2009,8.72
Suriname,SUR,2008,8.854
Suriname,SUR,2007,9.017
Suriname,SUR,2006,9.142
Suriname,SUR,2005,9.302
Suriname,SUR,2004,9.49
Suriname,SUR,2003,10.336
Suriname,SUR,2002,11.187
Suriname,SUR,2001,12.047
Suriname,SUR,2000,12.873
Suriname,SUR,1999,13.6
Suriname,SUR,1998,10.63
Suriname,SUR,1997,10.56
Suriname,SUR,1996,10.88
Suriname,SUR,1995,8.39
Suriname,SUR,1994,12.7
Suriname,SUR,1993,15.64
Suriname,SUR,1992,17.28
Suriname,SUR,1991,17.189
Sweden,SWE,2025,8.694
Sweden,SWE,2024,8.4
Sweden,SWE,2023,7.611
Sweden,SWE,2022,7.417
Sweden,SWE,2021,8.803
Sweden,SWE,2020,8.291
Sweden,SWE,2019,6.833
Sweden,SWE,2018,6.365
Sweden,SWE,2017,6.718
Sweden,SWE,2016,6.99
Sweden,SWE,2015,7.432
Sweden,SWE,2014,7.954
Sweden,SWE,2013,8.052
Sweden,SWE,2012,7.976
Sweden,SWE,2011,7.804
Sweden,SWE,2010,8.61
Sweden,SWE,2009,8.351
Sweden,SWE,2008,6.235
Sweden,SWE,2007,6.161
Sweden,SWE,2006,7.066
Sweden,SWE,2005,7.81
Sweden,SWE,2004,6.693
Sweden,SWE,2003,5.555
Sweden,SWE,2002,4.965
Sweden,SWE,2001,4.73
Sweden,SWE,2000,5.466
Sweden,SWE,1999,7.607
Sweden,SWE,1998,8.941
Sweden,SWE,1997,10.359
Sweden,SWE,1996,9.547
Sweden,SWE,1995,8.897
Sweden,SWE,1994,9.58
Sweden,SWE,1993,9.33
Sweden,SWE,1992,5.722
Sweden,SWE,1991,3.243
Switzerland,CHE,2025,4.873
Switzerland,CHE,2024,4.343
Switzerland,CHE,2023,4.043
Switzerland,CHE,2022,4.122
Switzerland,CHE,2021,5.013
Switzerland,CHE,2020,4.817
Switzerland,CHE,2019,4.394
Switzerland,CHE,2018,4.713
Switzerland,CHE,2017,4.797
Switzerland,CHE,2016,4.918
Switzerland,CHE,2015,4.801
Switzerland,CHE,2014,4.826
Switzerland,CHE,2013,4.747
Switzerland,CHE,2012,4.491
Switzerland,CHE,2011,4.409
Switzerland,CHE,2010,4.808
Switzerland,CHE,2009,4.109
Switzerland,CHE,2008,3.35
Switzerland,CHE,2007,3.641
Switzerland,CHE,2006,3.995
Switzerland,CHE,2005,4.437
Switzerland,CHE,2004,4.316
Switzerland,CHE,2003,4.117
Switzerland,CHE,2002,2.924
Switzerland,CHE,2001,2.49
Switzerland,CHE,2000,2.658
Switzerland,CHE,1999,3.053
Switzerland,CHE,1998,3.568
Switzerland,CHE,1997,4.127
Switzerland,CHE,1996,3.684
Switzerland,CHE,1995,3.094
Switzerland,CHE,1994,3.58
Switzerland,CHE,1993,3.551
Switzerland,CHE,1992,2.344
Switzerland,CHE,1991,1.818
Syrian Arab Republic,SYR,2025,13.569
Syrian Arab Republic,SYR,2024,13.359
Syrian Arab Republic,SYR,2023,13.27
Syrian Arab Republic,SYR,2022,13.245
Syrian Arab Republic,SYR,2021,14.887
Syrian Arab Republic,SYR,2020,15.179
Syrian Arab Republic,SYR,2019,13.369
Syrian Arab Republic,SYR,2018,13.505
Syrian Arab Republic,SYR,2017,13.603
Syrian Arab Republic,SYR,2016,13.798
Syrian Arab Republic,SYR,2015,14.244
Syrian Arab Republic,SYR,2014,14.782
Syrian Arab Republic,SYR,2013,14.5
Syrian Arab Republic,SYR,2012,13.8
Syrian Arab Republic,SYR,2011,8.626
Syrian Arab Republic,SYR,2010,8.61
Syrian Arab Republic,SYR,2009,8.14
Syrian Arab Republic,SYR,2008,10.94
Syrian Arab Republic,SYR,2007,8.42
Syrian Arab Republic,SYR,2006,8.17
Syrian Arab Republic,SYR,2005,8.81
Syrian Arab Republic,SYR,2004,9.513
Syrian Arab Republic,SYR,2003,10.28
Syrian Arab Republic,SYR,2002,10.94
Syrian Arab Republic,SYR,2001,11.63
Syrian Arab Republic,SYR,2000,9.587
Syrian Arab Republic,SYR,1999,7.6
Syrian Arab Republic,SYR,1998,7.376
Syrian Arab Republic,SYR,1997,7.31
Syrian Arab Republic,SYR,1996,7.221
Syrian Arab Republic,SYR,1995,7.2
Syrian Arab Republic,SYR,1994,7.5
Syrian Arab Republic,SYR,1993,7.4
Syrian Arab Republic,SYR,1992,6.949
Syrian Arab Republic,SYR,1991,6.75
Tajikistan,TJK,2025,6.931
Tajikistan,TJK,2024,7.041
Tajikistan,TJK,2023,7.037
Tajikistan,TJK,2022,7.051
Tajikistan,TJK,2021,7.687
Tajikistan,TJK,2020,7.576
Tajikistan,TJK,2019,7.026
Tajikistan,TJK,2018,7.028
Tajikistan,TJK,2017,7.035
Tajikistan,TJK,2016,7.036
Tajikistan,TJK,2015,7.033
Tajikistan,TJK,2014,7.024
Tajikistan,TJK,2013,7.019
Tajikistan,TJK,2012,7.022
Tajikistan,TJK,2011,7.04
Tajikistan,TJK,2010,7.037
Tajikistan,TJK,2009,7.028
Tajikistan,TJK,2008,4.942
Tajikistan,TJK,2007,2.874
Tajikistan,TJK,2006,3.65
Tajikistan,TJK,2005,3.45
Tajikistan,TJK,2004,3.45
Tajikistan,TJK,2003,3.85
Tajikistan,TJK,2002,3.95
Tajikistan,TJK,2001,3.75
Tajikistan,TJK,2000,4.15
Tajikistan,TJK,1999,4.45
Tajikistan,TJK,1998,4.65
Tajikistan,TJK,1997,4.15
Tajikistan,TJK,1996,4.05
Tajikistan,TJK,1995,3.45
Tajikistan,TJK,1994,3.15
Tajikistan,TJK,1993,2.65
Tajikistan,TJK,1992,1.85
Tajikistan,TJK,1991,1.823
Tanzania,TZA,2025,1.572
Tanzania,TZA,2024,1.557
Tanzania,TZA,2023,1.565
Tanzania,TZA,2022,1.573
Tanzania,TZA,2021,1.876
Tanzania,TZA,2020,1.792
Tanzania,TZA,2019,1.735
Tanzania,TZA,2018,1.792
Tanzania,TZA,2017,1.854
Tanzania,TZA,2016,1.931
Tanzania,TZA,2015,2.009
Tanzania,TZA,2014,2.125
Tanzania,TZA,2013,2.93
Tanzania,TZA,2012,3.223
Tanzania,TZA,2011,3.47
Tanzania,TZA,2010,3.03
Tanzania,TZA,2009,2.5
Tanzania,TZA,2008,2.775
Tanzania,TZA,2007,3.023
Tanzania,TZA,2006,3.299
Tanzania,TZA,2005,3.193
Tanzania,TZA,2004,3.105
Tanzania,TZA,2003,3.053
Tanzania,TZA,2002,3.023
Tanzania,TZA,2001,2.994
Tanzania,TZA,2000,3.129
Tanzania,TZA,1999,3.219
Tanzania,TZA,1998,3.283
Tanzania,TZA,1997,3.342
Tanzania,TZA,1996,3.475
Tanzania,TZA,1995,3.672
Tanzania,TZA,1994,3.861
Tanzania,TZA,1993,3.892
Tanzania,TZA,1992,3.683
Tanzania,TZA,1991,3.6
Thailand,THA,2025,0.781
Thailand,THA,2024,0.781
Thailand,THA,2023,0.733
Thailand,THA,2022,0.94
Thailand,THA,2021,1.215
Thailand,THA,2020,1.099
Thailand,THA,2019,0.716
Thailand,THA,2018,0.765
Thailand,THA,2017,0.83
Thailand,THA,2016,0.688
Thailand,THA,2015,0.597
Thailand,THA,2014,0.576
Thailand,THA,2013,0.249
Thailand,THA,2012,0.58
Thailand,THA,2011,0.66
Thailand,THA,2010,0.622
Thailand,THA,2009,1.49
Thailand,THA,2008,1.18
Thailand,THA,2007,1.18
Thailand,THA,2006,1.22
Thailand,THA,2005,1.35
Thailand,THA,2004,1.51
Thailand,THA,2003,1.54
Thailand,THA,2002,1.82
Thailand,THA,2001,2.6
Thailand,THA,2000,2.389
Thailand,THA,1999,2.968
Thailand,THA,1998,3.404
Thailand,THA,1997,0.873
Thailand,THA,1996,1.071
Thailand,THA,1995,1.1
Thailand,THA,1994,1.347
Thailand,THA,1993,1.49
Thailand,THA,1992,1.35
Thailand,THA,1991,2.63
Timor-Leste,TLS,2025,1.592
Timor-Leste,TLS,2024,1.523
Timor-Leste,TLS,2023,1.525
Timor-Leste,TLS,2022,1.537
Timor-Leste,TLS,2021,2.344
Timor-Leste,TLS,2020,2.808
Timor-Leste,TLS,2019,3.148
Timor-Leste,TLS,2018,3.765
Timor-Leste,TLS,2017,4.254
Timor-Leste,TLS,2016,4.657
Timor-Leste,TLS,2015,3.678
Timor-Leste,TLS,2014,3.618
Timor-Leste,TLS,2013,3.57
Timor-Leste,TLS,2012,3.47
Timor-Leste,TLS,2011,3.385
Timor-Leste,TLS,2010,3.301
Timor-Leste,TLS,2009,3.289
Timor-Leste,TLS,2008,3.434
Timor-Leste,TLS,2007,3.523
Timor-Leste,TLS,2006,3.634
Timor-Leste,TLS,2005,3.611
Timor-Leste,TLS,2004,3.668
Timor-Leste,TLS,2003,3.54
Timor-Leste,TLS,2002,3.371
Timor-Leste,TLS,2001,3.386
Timor-Leste,TLS,2000,3.529
Timor-Leste,TLS,1999,3.633
Timor-Leste,TLS,1998,3.5
Timor-Leste,TLS,1997,3.406
Timor-Leste,TLS,1996,3.372
Timor-Leste,TLS,1995,3.348
Timor-Leste,TLS,1994,3.309
Timor-Leste,TLS,1993,3.273
Timor-Leste,TLS,1992,3.36
Timor-Leste,TLS,1991,3.453
Togo,TGO,2025,1.995
Togo,TGO,2024,1.948
Togo,TGO,2023,1.942
Togo,TGO,2022,1.965
Togo,TGO,2021,2.344
Togo,TGO,2020,2.231
Togo,TGO,2019,2.036
Togo,TGO,2018,2.9
Togo,TGO,2017,3.744
Togo,TGO,2016,2.968
Togo,TGO,2015,2.204
Togo,TGO,2014,2.141
Togo,TGO,2013,2.084
Togo,TGO,2012,2.029
Togo,TGO,2011,1.982
Togo,TGO,2010,2.379
Togo,TGO,2009,2.847
Togo,TGO,2008,3.279
Togo,TGO,2007,3.822
Togo,TGO,2006,4.229
Togo,TGO,2005,4.149
Togo,TGO,2004,3.992
Togo,TGO,2003,3.957
Togo,TGO,2002,4.087
Togo,TGO,2001,4.108
Togo,TGO,2000,4.162
Togo,TGO,1999,3.889
Togo,TGO,1998,3.78
Togo,TGO,1997,3.618
Togo,TGO,1996,3.606
Togo,TGO,1995,3.99
Togo,TGO,1994,4.201
Togo,TGO,1993,4.507
Togo,TGO,1992,4.209
Togo,TGO,1991,4.057
Tonga,TON,2025,2.008
Tonga,TON,2024,1.965
Tonga,TON,2023,1.652
Tonga,TON,2022,2.002
Tonga,TON,2021,2.111
Tonga,TON,2020,2.712
Tonga,TON,2019,2.165
Tonga,TON,2018,2.248
Tonga,TON,2017,2.137
Tonga,TON,2016,2.048
Tonga,TON,2015,2.022
Tonga,TON,2014,1.914
Tonga,TON,2013,1.75
Tonga,TON,2012,1.638
Tonga,TON,2011,1.594
Tonga,TON,2010,1.501
Tonga,TON,2009,1.419
Tonga,TON,2008,1.279
Tonga,TON,2007,1.21
Tonga,TON,2006,1.09
Tonga,TON,2005,2.542
Tonga,TON,2004,3.878
Tonga,TON,2003,5.18
Tonga,TON,2002,4.683
Tonga,TON,2001,4.368
Tonga,TON,2000,3.966
Tonga,TON,1999,3.69
Tonga,TON,1998,3.348
Tonga,TON,1997,2.877
Tonga,TON,1996,2.404
Tonga,TON,1995,1.987
Tonga,TON,1994,1.688
Tonga,TON,1993,1.3
Tonga,TON,1992,1.349
Tonga,TON,1991,1.348
Trinidad and Tobago,TTO,2025,3.329
Trinidad and Tobago,TTO,2024,3.318
Trinidad and Tobago,TTO,2023,3.361
Trinidad and Tobago,TTO,2022,4.383
Trinidad and Tobago,TTO,2021,4.446
Trinidad and Tobago,TTO,2020,4.206
Trinidad and Tobago,TTO,2019,3.523
Trinidad and Tobago,TTO,2018,3.497
Trinidad and Tobago,TTO,2017,3.389
Trinidad and Tobago,TTO,2016,3.207
Trinidad and Tobago,TTO,2015,2.428
Trinidad and Tobago,TTO,2014,2.477
Trinidad and Tobago,TTO,2013,2.683
Trinidad and Tobago,TTO,2012,3.718
Trinidad and Tobago,TTO,2011,3.425
Trinidad and Tobago,TTO,2010,4.033
Trinidad and Tobago,TTO,2009,5.28
Trinidad and Tobago,TTO,2008,4.63
Trinidad and Tobago,TTO,2007,5.54
Trinidad and Tobago,TTO,2006,6.27
Trinidad and Tobago,TTO,2005,7.95
Trinidad and Tobago,TTO,2004,8.33
Trinidad and Tobago,TTO,2003,10.48
Trinidad and Tobago,TTO,2002,10.39
Trinidad and Tobago,TTO,2001,10.88
Trinidad and Tobago,TTO,2000,12.1
Trinidad and Tobago,TTO,1999,13.12
Trinidad and Tobago,TTO,1998,14.21
Trinidad and Tobago,TTO,1997,15.01
Trinidad and Tobago,TTO,1996,16.25
Trinidad and Tobago,TTO,1995,17.22
Trinidad and Tobago,TTO,1994,18.44
Trinidad and Tobago,TTO,1993,19.81
Trinidad and Tobago,TTO,1992,19.66
Trinidad and Tobago,TTO,1991,18.52
Tunisia,TUN,2025,15.108
Tunisia,TUN,2024,15.341
Tunisia,TUN,2023,15.106
Tunisia,TUN,2022,15.3
Tunisia,TUN,2021,16.632
Tunisia,TUN,2020,17.651
Tunisia,TUN,2019,17.153
Tunisia,TUN,2018,15.459
Tunisia,TUN,2017,15.33
Tunisia,TUN,2016,15.557
Tunisia,TUN,2015,15.159
Tunisia,TUN,2014,14.259
Tunisia,TUN,2013,15.934
Tunisia,TUN,2012,17.63
Tunisia,TUN,2011,18.334
Tunisia,TUN,2010,13.049
Tunisia,TUN,2009,13.29
Tunisia,TUN,2008,12.444
Tunisia,TUN,2007,12.365
Tunisia,TUN,2006,12.51
Tunisia,TUN,2005,12.872
Tunisia,TUN,2004,14.23
Tunisia,TUN,2003,14.51
Tunisia,TUN,2002,14.55
Tunisia,TUN,2001,14.4
Tunisia,TUN,2000,14.94
Tunisia,TUN,1999,15.21
Tunisia,TUN,1998,15.473
Tunisia,TUN,1997,15.94
Tunisia,TUN,1996,16.061
Tunisia,TUN,1995,16.348
Tunisia,TUN,1994,16.006
Tunisia,TUN,1993,15.948
Tunisia,TUN,1992,15.598
Tunisia,TUN,1991,15.935
Turkiye,TUR,2025,8.52
Turkiye,TUR,2024,8.8
Turkiye,TUR,2023,9.388
Turkiye,TUR,2022,10.465
Turkiye,TUR,2021,11.969
Turkiye,TUR,2020,13.148
Turkiye,TUR,2019,13.73
Turkiye,TUR,2018,10.956
Turkiye,TUR,2017,10.919
Turkiye,TUR,2016,10.899
Turkiye,TUR,2015,10.304
Turkiye,TUR,2014,9.901
Turkiye,TUR,2013,9.713
Turkiye,TUR,2012,9.21
Turkiye,TUR,2011,9.789
Turkiye,TUR,2010,11.879
Turkiye,TUR,2009,14.026
Turkiye,TUR,2008,10.965
Turkiye,TUR,2007,10.285
Turkiye,TUR,2006,10.227
Turkiye,TUR,2005,10.636
Turkiye,TUR,2004,10.838
Turkiye,TUR,2003,10.542
Turkiye,TUR,2002,10.358
Turkiye,TUR,2001,8.381
Turkiye,TUR,2000,6.495
Turkiye,TUR,1999,7.687
Turkiye,TUR,1998,6.888
Turkiye,TUR,1997,6.841
Turkiye,TUR,1996,6.629
Turkiye,TUR,1995,7.644
Turkiye,TUR,1994,8.577
Turkiye,TUR,1993,8.962
Turkiye,TUR,1992,8.509
Turkiye,TUR,1991,8.21
Turkmenistan,TKM,2025,4.267
Turkmenistan,TKM,2024,4.02
Turkmenistan,TKM,2023,4.007
Turkmenistan,TKM,2022,4.017
Turkmenistan,TKM,2021,4.458
Turkmenistan,TKM,2020,4.489
Turkmenistan,TKM,2019,4.035
Turkmenistan,TKM,2018,4.036
Turkmenistan,TKM,2017,4.035
Turkmenistan,TKM,2016,4.026
Turkmenistan,TKM,2015,4.016
Turkmenistan,TKM,2014,4.005
Turkmenistan,TKM,2013,3.993
Turkmenistan,TKM,2012,3.994
Turkmenistan,TKM,2011,4.003
Turkmenistan,TKM,2010,4.0
Turkmenistan,TKM,2009,4.0
Turkmenistan,TKM,2008,4.852
Turkmenistan,TKM,2007,5.719
Turkmenistan,TKM,2006,6.601
Turkmenistan,TKM,2005,7.495
Turkmenistan,TKM,2004,8.419
Turkmenistan,TKM,2003,9.289
Turkmenistan,TKM,2002,10.141
Turkmenistan,TKM,2001,10.898
Turkmenistan,TKM,2000,11.73
Turkmenistan,TKM,1999,12.7
Turkmenistan,TKM,1998,12.2
Turkmenistan,TKM,1997,11.0
Turkmenistan,TKM,1996,10.3
Turkmenistan,TKM,1995,8.3
Turkmenistan,TKM,1994,4.7
Turkmenistan,TKM,1993,1.5
Turkmenistan,TKM,1992,1.5
Turkmenistan,TKM,1991,1.4
Uganda,UGA,2025,2.746
Uganda,UGA,2024,2.74
Uganda,UGA,2023,2.754
Uganda,UGA,2022,2.885
Uganda,UGA,2021,3.416
Uganda,UGA,2020,3.819
Uganda,UGA,2019,3.057
Uganda,UGA,2018,3.249
Uganda,UGA,2017,3.428
Uganda,UGA,2016,3.002
Uganda,UGA,2015,2.681
Uganda,UGA,2014,2.357
Uganda,UGA,2013,1.91
Uganda,UGA,2012,3.551
Uganda,UGA,2011,3.523
Uganda,UGA,2010,3.623
Uganda,UGA,2009,3.6
Uganda,UGA,2008,3.035
Uganda,UGA,2007,2.667
Uganda,UGA,2006,2.264
Uganda,UGA,2005,1.9
Uganda,UGA,2004,2.699
Uganda,UGA,2003,3.6
Uganda,UGA,2002,3.5
Uganda,UGA,2001,3.522
Uganda,UGA,2000,3.531
Uganda,UGA,1999,3.46
Uganda,UGA,1998,3.424
Uganda,UGA,1997,3.209
Uganda,UGA,1996,3.169
Uganda,UGA,1995,3.193
Uganda,UGA,1994,3.458
Uganda,UGA,1993,3.487
Uganda,UGA,1992,3.553
Uganda,UGA,1991,3.448
Ukraine,UKR,2021,9.834
Ukraine,UKR,2020,9.475
Ukraine,UKR,2019,8.194
Ukraine,UKR,2018,8.799
Ukraine,UKR,2017,9.5
Ukraine,UKR,2016,9.35
Ukraine,UKR,2015,9.14
Ukraine,UKR,2014,9.27
Ukraine,UKR,2013,7.17
Ukraine,UKR,2012,7.529
Ukraine,UKR,2011,7.851
Ukraine,UKR,2010,8.1
Ukraine,UKR,2009,8.84
Ukraine,UKR,2008,6.363
Ukraine,UKR,2007,6.351
Ukraine,UKR,2006,6.81
Ukraine,UKR,2005,7.18
Ukraine,UKR,2004,8.59
Ukraine,UKR,2003,9.057
Ukraine,UKR,2002,10.136
Ukraine,UKR,2001,11.061
Ukraine,UKR,2000,11.707
Ukraine,UKR,1999,11.864
Ukraine,UKR,1998,11.32
Ukraine,UKR,1997,8.93
Ukraine,UKR,1996,7.65
Ukraine,UKR,1995,5.62
Ukraine,UKR,1994,2.0
Ukraine,UKR,1993,2.0
Ukraine,UKR,1992,1.9
Ukraine,UKR,1991,1.9
United Arab Emirates,ARE,2025,2.174
United Arab Emirates,ARE,2024,2.16
United Arab Emirates,ARE,2023,2.151
United Arab Emirates,ARE,2022,2.872
United Arab Emirates,ARE,2021,3.105
United Arab Emirates,ARE,2020,4.294
United Arab Emirates,ARE,2019,2.331
United Arab Emirates,ARE,2018,2.236
United Arab Emirates,ARE,2017,2.462
United Arab Emirates,ARE,2016,1.64
United Arab Emirates,ARE,2015,1.793
United Arab Emirates,ARE,2014,1.999
United Arab Emirates,ARE,2013,2.125
United Arab Emirates,ARE,2012,2.323
United Arab Emirates,ARE,2011,2.587
United Arab Emirates,ARE,2010,2.798
United Arab Emirates,ARE,2009,2.932
United Arab Emirates,ARE,2008,2.818
United Arab Emirates,ARE,2007,2.934
United Arab Emirates,ARE,2006,2.964
United Arab Emirates,ARE,2005,3.12
United Arab Emirates,ARE,2004,2.965
United Arab Emirates,ARE,2003,2.903
United Arab Emirates,ARE,2002,2.659
United Arab Emirates,ARE,2001,2.443
United Arab Emirates,ARE,2000,2.25
United Arab Emirates,ARE,1999,2.195
United Arab Emirates,ARE,1998,2.068
United Arab Emirates,ARE,1997,1.906
United Arab Emirates,ARE,1996,1.836
United Arab Emirates,ARE,1995,1.8
United Arab Emirates,ARE,1994,1.834
United Arab Emirates,ARE,1993,1.901
United Arab Emirates,ARE,1992,1.715
United Arab Emirates,ARE,1991,1.629
United Kingdom,GBR,2025,4.746
United Kingdom,GBR,2024,4.361
United Kingdom,GBR,2023,4.025
United Kingdom,GBR,2022,3.768
United Kingdom,GBR,2021,4.864
United Kingdom,GBR,2020,4.472
United Kingdom,GBR,2019,3.657
United Kingdom,GBR,2018,4.145
United Kingdom,GBR,2017,4.501
United Kingdom,GBR,2016,4.909
United Kingdom,GBR,2015,5.552
United Kingdom,GBR,2014,6.398
United Kingdom,GBR,2013,7.752
United Kingdom,GBR,2012,8.279
United Kingdom,GBR,2011,8.195
United Kingdom,GBR,2010,7.973
United Kingdom,GBR,2009,7.683
United Kingdom,GBR,2008,5.748
United Kingdom,GBR,2007,5.399
United Kingdom,GBR,2006,5.472
United Kingdom,GBR,2005,4.884
United Kingdom,GBR,2004,4.594
United Kingdom,GBR,2003,4.807
United Kingdom,GBR,2002,5.037
United Kingdom,GBR,2001,4.696
United Kingdom,GBR,2000,5.558
United Kingdom,GBR,1999,6.042
United Kingdom,GBR,1998,6.198
United Kingdom,GBR,1997,7.072
United Kingdom,GBR,1996,8.189
United Kingdom,GBR,1995,8.694
United Kingdom,GBR,1994,9.648
United Kingdom,GBR,1993,10.346
United Kingdom,GBR,1992,9.772
United Kingdom,GBR,1991,8.55
United States,USA,2025,4.198
United States,USA,2024,4.022
United States,USA,2023,3.638
United States,USA,2022,3.65
United States,USA,2021,5.349
United States,USA,2020,8.055
United States,USA,2019,3.669
United States,USA,2018,3.896
United States,USA,2017,4.355
United States,USA,2016,4.869
United States,USA,2015,5.28
United States,USA,2014,6.168
United States,USA,2013,7.375
United States,USA,2012,8.069
United States,USA,2011,8.949
United States,USA,2010,9.633
United States,USA,2009,9.254
United States,USA,2008,5.784
United States,USA,2007,4.622
United States,USA,2006,4.623
United States,USA,2005,5.084
United States,USA,2004,5.529
United States,USA,2003,5.989
United States,USA,2002,5.783
United States,USA,2001,4.731
United States,USA,2000,3.992
United States,USA,1999,4.219
United States,USA,1998,4.511
United States,USA,1997,5.0
United States,USA,1996,5.451
United States,USA,1995,5.65
United States,USA,1994,6.119
United States,USA,1993,6.9
United States,USA,1992,7.5
United States,USA,1991,6.8
Uruguay,URY,2025,7.516
Uruguay,URY,2024,8.209
Uruguay,URY,2023,8.355
Uruguay,URY,2022,7.877
Uruguay,URY,2021,9.328
Uruguay,URY,2020,10.413
Uruguay,URY,2019,8.836
Uruguay,URY,2018,8.336
Uruguay,URY,2017,7.89
Uruguay,URY,2016,7.841
Uruguay,URY,2015,7.488
Uruguay,URY,2014,6.547
Uruguay,URY,2013,6.444
Uruguay,URY,2012,6.451
Uruguay,URY,2011,6.307
Uruguay,URY,2010,7.158
Uruguay,URY,2009,7.74
Uruguay,URY,2008,8.025
Uruguay,URY,2007,9.403
Uruguay,URY,2006,10.844
Uruguay,URY,2005,12.009
Uruguay,URY,2004,12.98
Uruguay,URY,2003,16.661
Uruguay,URY,2002,16.648
Uruguay,URY,2001,15.052
Uruguay,URY,2000,12.627
Uruguay,URY,1999,10.466
Uruguay,URY,1998,9.362
Uruguay,URY,1997,11.44
Uruguay,URY,1996,11.93
Uruguay,URY,1995,10.02
Uruguay,URY,1994,9.04
Uruguay,URY,1993,8.35
Uruguay,URY,1992,8.96
Uruguay,URY,1991,8.95
Uzbekistan,UZB,2025,4.622
Uzbekistan,UZB,2024,4.439
Uzbekistan,UZB,2023,4.434
Uzbekistan,UZB,2022,4.456
Uzbekistan,UZB,2021,5.364
Uzbekistan,UZB,2020,5.293
Uzbekistan,UZB,2019,4.936
Uzbekistan,UZB,2018,5.392
Uzbekistan,UZB,2017,5.83
Uzbekistan,UZB,2016,5.16
Uzbekistan,UZB,2015,5.15
Uzbekistan,UZB,2014,5.09
Uzbekistan,UZB,2013,4.86
Uzbekistan,UZB,2012,4.87
Uzbekistan,UZB,2011,4.96
Uzbekistan,UZB,2010,5.36
Uzbekistan,UZB,2009,5.04
Uzbekistan,UZB,2008,4.89
Uzbekistan,UZB,2007,4.99
Uzbekistan,UZB,2006,6.035
Uzbekistan,UZB,2005,7.092
Uzbekistan,UZB,2004,8.152
Uzbekistan,UZB,2003,9.22
Uzbekistan,UZB,2002,10.256
Uzbekistan,UZB,2001,11.279
Uzbekistan,UZB,2000,12.301
Uzbekistan,UZB,1999,13.3
Uzbekistan,UZB,1998,13.3
Uzbekistan,UZB,1997,10.9
Uzbekistan,UZB,1996,10.7
Uzbekistan,UZB,1995,7.8
Uzbekistan,UZB,1994,7.3
Uzbekistan,UZB,1993,4.9
Uzbekistan,UZB,1992,2.9
Uzbekistan,UZB,1991,1.9
Vanuatu,VUT,2025,5.073
Vanuatu,VUT,2024,4.988
Vanuatu,VUT,2023,5.011
Vanuatu,VUT,2022,5.077
Vanuatu,VUT,2021,4.776
Vanuatu,VUT,2020,4.046
Vanuatu,VUT,2019,5.444
Vanuatu,VUT,2018,5.353
Vanuatu,VUT,2017,5.247
Vanuatu,VUT,2016,5.197
Vanuatu,VUT,2015,5.168
Vanuatu,VUT,2014,5.137
Vanuatu,VUT,2013,5.038
Vanuatu,VUT,2012,4.936
Vanuatu,VUT,2011,4.811
Vanuatu,VUT,2010,4.681
Vanuatu,VUT,2009,4.565
Vanuatu,VUT,2008,5.663
Vanuatu,VUT,2007,6.855
Vanuatu,VUT,2006,8.006
Vanuatu,VUT,2005,8.121
Vanuatu,VUT,2004,8.432
Vanuatu,VUT,2003,8.659
Vanuatu,VUT,2002,8.598
Vanuatu,VUT,2001,8.415
Vanuatu,VUT,2000,8.266
Vanuatu,VUT,1999,8.29
Vanuatu,VUT,1998,8.223
Vanuatu,VUT,1997,8.221
Vanuatu,VUT,1996,8.091
Vanuatu,VUT,1995,8.134
Vanuatu,VUT,1994,8.083
Vanuatu,VUT,1993,8.262
Vanuatu,VUT,1992,7.945
Vanuatu,VUT,1991,7.976
"Venezuela, RB",VEN,2025,5.307
"Venezuela, RB",VEN,2024,5.321
"Venezuela, RB",VEN,2023,5.407
"Venezuela, RB",VEN,2022,5.646
"Venezuela, RB",VEN,2021,7.027
"Venezuela, RB",VEN,2020,7.53
"Venezuela, RB",VEN,2019,5.89
"Venezuela, RB",VEN,2018,5.468
"Venezuela, RB",VEN,2017,5.045
"Venezuela, RB",VEN,2016,5.319
"Venezuela, RB",VEN,2015,6.139
"Venezuela, RB",VEN,2014,6.821
"Venezuela, RB",VEN,2013,7.54
"Venezuela, RB",VEN,2012,6.601
"Venezuela, RB",VEN,2011,6.902
"Venezuela, RB",VEN,2010,7.112
"Venezuela, RB",VEN,2009,6.097
"Venezuela, RB",VEN,2008,6.245
"Venezuela, RB",VEN,2007,7.279
"Venezuela, RB",VEN,2006,8.606
"Venezuela, RB",VEN,2005,10.663
"Venezuela, RB",VEN,2004,15.07
"Venezuela, RB",VEN,2003,16.78
"Venezuela, RB",VEN,2002,16.17
"Venezuela, RB",VEN,2001,13.04
"Venezuela, RB",VEN,2000,13.99
"Venezuela, RB",VEN,1999,14.53
"Venezuela, RB",VEN,1998,11.15
"Venezuela, RB",VEN,1997,11.16
"Venezuela, RB",VEN,1996,11.77
"Venezuela, RB",VEN,1995,10.24
"Venezuela, RB",VEN,1994,8.56
"Venezuela, RB",VEN,1993,6.6
"Venezuela, RB",VEN,1992,7.69
"Venezuela, RB",VEN,1991,9.45
Viet Nam,VNM,2025,1.523
Viet Nam,VNM,2024,1.602
Viet Nam,VNM,2023,1.645
Viet Nam,VNM,2022,1.57
Viet Nam,VNM,2021,2.383
Viet Nam,VNM,2020,2.103
Viet Nam,VNM,2019,1.681
Viet Nam,VNM,2018,1.161
Viet Nam,VNM,2017,1.874
Viet Nam,VNM,2016,1.848
Viet Nam,VNM,2015,1.848
Viet Nam,VNM,2014,1.256
Viet Nam,VNM,2013,1.316
Viet Nam,VNM,2012,1.027
Viet Nam,VNM,2011,0.999
Viet Nam,VNM,2010,1.114
Viet Nam,VNM,2009,1.737
Viet Nam,VNM,2008,1.889
Viet Nam,VNM,2007,2.026
Viet Nam,VNM,2006,2.046
Viet Nam,VNM,2005,2.078
Viet Nam,VNM,2004,2.14
Viet Nam,VNM,2003,2.25
Viet Nam,VNM,2002,2.12
Viet Nam,VNM,2001,2.76
Viet Nam,VNM,2000,2.26
Viet Nam,VNM,1999,2.33
Viet Nam,VNM,1998,2.29
Viet Nam,VNM,1997,2.87
Viet Nam,VNM,1996,1.93
Viet Nam,VNM,1995,1.955
Viet Nam,VNM,1994,1.972
Viet Nam,VNM,1993,2.037
Viet Nam,VNM,1992,2.109
Viet Nam,VNM,1991,2.14
Virgin Islands (U.S.),VIR,2025,11.443
Virgin Islands (U.S.),VIR,2024,11.423
Virgin Islands (U.S.),VIR,2023,11.358
Virgin Islands (U.S.),VIR,2022,12.092
Virgin Islands (U.S.),VIR,2021,13.508
Virgin Islands (U.S.),VIR,2020,14.366
Virgin Islands (U.S.),VIR,2019,11.774
Virgin Islands (U.S.),VIR,2018,11.703
Virgin Islands (U.S.),VIR,2017,11.445
Virgin Islands (U.S.),VIR,2016,11.734
Virgin Islands (U.S.),VIR,2015,11.649
Virgin Islands (U.S.),VIR,2014,11.871
Virgin Islands (U.S.),VIR,2013,11.802
Virgin Islands (U.S.),VIR,2012,11.387
Virgin Islands (U.S.),VIR,2011,11.337
Virgin Islands (U.S.),VIR,2010,11.059
Virgin Islands (U.S.),VIR,2009,10.864
Virgin Islands (U.S.),VIR,2008,9.605
Virgin Islands (U.S.),VIR,2007,9.523
Virgin Islands (U.S.),VIR,2006,9.734
Virgin Islands (U.S.),VIR,2005,10.228
Virgin Islands (U.S.),VIR,2004,10.266
Virgin Islands (U.S.),VIR,2003,10.574
Virgin Islands (U.S.),VIR,2002,10.227
Virgin Islands (U.S.),VIR,2001,9.969
Virgin Islands (U.S.),VIR,2000,9.834
Virgin Islands (U.S.),VIR,1999,10.172
Virgin Islands (U.S.),VIR,1998,10.446
Virgin Islands (U.S.),VIR,1997,10.547
Virgin Islands (U.S.),VIR,1996,10.647
Virgin Islands (U.S.),VIR,1995,10.611
Virgin Islands (U.S.),VIR,1994,10.959
Virgin Islands (U.S.),VIR,1993,11.187
Virgin Islands (U.S.),VIR,1992,11.088
Virgin Islands (U.S.),VIR,1991,10.917
West Bank and Gaza,PSE,2022,24.42
West Bank and Gaza,PSE,2021,26.39
West Bank and Gaza,PSE,2020,25.895
West Bank and Gaza,PSE,2019,25.34
West Bank and Gaza,PSE,2018,26.256
West Bank and Gaza,PSE,2017,25.677
West Bank and Gaza,PSE,2016,23.939
West Bank and Gaza,PSE,2015,23.005
West Bank and Gaza,PSE,2014,20.526
West Bank and Gaza,PSE,2013,19.894
West Bank and Gaza,PSE,2012,19.202
West Bank and Gaza,PSE,2011,17.597
West Bank and Gaza,PSE,2010,21.416
West Bank and Gaza,PSE,2009,20.452
West Bank and Gaza,PSE,2008,22.913
West Bank and Gaza,PSE,2007,18.282
West Bank and Gaza,PSE,2006,19.014
West Bank and Gaza,PSE,2005,20.016
West Bank and Gaza,PSE,2004,23.215
West Bank and Gaza,PSE,2003,23.004
West Bank and Gaza,PSE,2002,27.465
West Bank and Gaza,PSE,2001,21.493
West Bank and Gaza,PSE,2000,10.625
West Bank and Gaza,PSE,1999,10.382
West Bank and Gaza,PSE,1998,10.451
West Bank and Gaza,PSE,1997,10.522
West Bank and Gaza,PSE,1996,10.726
West Bank and Gaza,PSE,1995,10.714
West Bank and Gaza,PSE,1994,10.778
West Bank and Gaza,PSE,1993,10.705
West Bank and Gaza,PSE,1992,10.692
West Bank and Gaza,PSE,1991,10.666
"Yemen, Rep.",YEM,2025,17.322
"Yemen, Rep.",YEM,2024,16.97
"Yemen, Rep.",YEM,2023,16.944
"Yemen, Rep.",YEM,2022,17.224
"Yemen, Rep.",YEM,2021,18.312
"Yemen, Rep.",YEM,2020,17.963
"Yemen, Rep.",YEM,2019,17.213
"Yemen, Rep.",YEM,2018,17.593
"Yemen, Rep.",YEM,2017,18.611
"Yemen, Rep.",YEM,2016,18.42
"Yemen, Rep.",YEM,2015,17.9
"Yemen, Rep.",YEM,2014,13.467
"Yemen, Rep.",YEM,2013,13.673
"Yemen, Rep.",YEM,2012,13.473
"Yemen, Rep.",YEM,2011,13.311
"Yemen, Rep.",YEM,2010,12.777
"Yemen, Rep.",YEM,2009,12.762
"Yemen, Rep.",YEM,2008,12.656
"Yemen, Rep.",YEM,2007,12.486
"Yemen, Rep.",YEM,2006,12.349
"Yemen, Rep.",YEM,2005,12.213
"Yemen, Rep.",YEM,2004,12.131
"Yemen, Rep.",YEM,2003,12.014
"Yemen, Rep.",YEM,2002,11.839
"Yemen, Rep.",YEM,2001,11.724
"Yemen, Rep.",YEM,2000,11.557
"Yemen, Rep.",YEM,1999,11.46
"Yemen, Rep.",YEM,1998,10.828
"Yemen, Rep.",YEM,1997,10.223
"Yemen, Rep.",YEM,1996,9.585
"Yemen, Rep.",YEM,1995,8.988
"Yemen, Rep.",YEM,1994,8.34
"Yemen, Rep.",YEM,1993,8.343
"Yemen, Rep.",YEM,1992,8.351
"Yemen, Rep.",YEM,1991,8.428
Zambia,ZMB,2025,5.918
Zambia,ZMB,2024,5.898
Zambia,ZMB,2023,5.861
Zambia,ZMB,2022,5.993
Zambia,ZMB,2021,5.197
Zambia,ZMB,2020,6.032
Zambia,ZMB,2019,5.538
Zambia,ZMB,2018,5.032
Zambia,ZMB,2017,4.529
Zambia,ZMB,2016,5.244
Zambia,ZMB,2015,5.951
Zambia,ZMB,2014,6.576
Zambia,ZMB,2013,7.272
Zambia,ZMB,2012,7.85
Zambia,ZMB,2011,10.548
Zambia,ZMB,2010,13.19
Zambia,ZMB,2009,10.583
Zambia,ZMB,2008,7.93
Zambia,ZMB,2007,10.559
Zambia,ZMB,2006,13.229
Zambia,ZMB,2005,15.9
Zambia,ZMB,2004,15.332
Zambia,ZMB,2003,14.704
Zambia,ZMB,2002,14.131
Zambia,ZMB,2001,13.404
Zambia,ZMB,2000,12.93
Zambia,ZMB,1999,12.498
Zambia,ZMB,1998,12.0
Zambia,ZMB,1997,13.273
Zambia,ZMB,1996,15.3
Zambia,ZMB,1995,16.834
Zambia,ZMB,1994,18.689
Zambia,ZMB,1993,19.7
Zambia,ZMB,1992,19.568
Zambia,ZMB,1991,18.9
Zimbabwe,ZWE,2025,9.293
Zimbabwe,ZWE,2024,9.435
Zimbabwe,ZWE,2023,9.348
Zimbabwe,ZWE,2022,10.087
Zimbabwe,ZWE,2021,9.54
Zimbabwe,ZWE,2020,8.617
Zimbabwe,ZWE,2019,7.373
Zimbabwe,ZWE,2018,6.788
Zimbabwe,ZWE,2017,6.35
Zimbabwe,ZWE,2016,5.896
Zimbabwe,ZWE,2015,5.399
Zimbabwe,ZWE,2014,4.774
Zimbabwe,ZWE,2013,4.948
Zimbabwe,ZWE,2012,5.057
Zimbabwe,ZWE,2011,5.368
Zimbabwe,ZWE,2010,5.469
Zimbabwe,ZWE,2009,5.476
Zimbabwe,ZWE,2008,5.401
Zimbabwe,ZWE,2007,5.008
Zimbabwe,ZWE,2006,4.767
Zimbabwe,ZWE,2005,4.632
Zimbabwe,ZWE,2004,4.39
Zimbabwe,ZWE,2003,4.738
Zimbabwe,ZWE,2002,5.005
Zimbabwe,ZWE,2001,5.313
Zimbabwe,ZWE,2000,5.685
Zimbabwe,ZWE,1999,6.0
Zimbabwe,ZWE,1998,6.381
Zimbabwe,ZWE,1997,6.93
Zimbabwe,ZWE,1996,6.151
Zimbabwe,ZWE,1995,5.566
Zimbabwe,ZWE,1994,4.96
Zimbabwe,ZWE,1993,4.993
Zimbabwe,ZWE,1992,4.933
Zimbabwe,ZWE,1991,4.793
