country,country_code,year,exports_gdp_value
Africa Eastern and Southern,AFE,2024,319825435256.189
Africa Eastern and Southern,AFE,2023,308446174490.985
Africa Eastern and Southern,AFE,2022,333484637191.804
Africa Eastern and Southern,AFE,2021,288027736159.846
Africa Eastern and Southern,AFE,2020,209516974576.598
Africa Eastern and Southern,AFE,2019,245595833663.934
Africa Eastern and Southern,AFE,2018,258813628122.367
Africa Eastern and Southern,AFE,2017,232936713385.777
Africa Eastern and Southern,AFE,2016,197130248081.966
Africa Eastern and Southern,AFE,2015,217470053848.383
Africa Eastern and Southern,AFE,2014,277002323586.643
Africa Eastern and Southern,AFE,2013,282667640952.6
Africa Eastern and Southern,AFE,2012,285611289163.074
Africa Eastern and Southern,AFE,2011,297301416303.243
Africa Eastern and Southern,AFE,2010,250606656995.904
Africa Eastern and Southern,AFE,2009,195629103639.189
Africa Eastern and Southern,AFE,2008,253789903079.358
Africa Eastern and Southern,AFE,2007,213103649982.808
Africa Eastern and Southern,AFE,2006,171731070205.619
Africa Eastern and Southern,AFE,2005,143021385273.697
Africa Eastern and Southern,AFE,2004,113771160773.442
Africa Eastern and Southern,AFE,2003,90768775258.7917
Africa Eastern and Southern,AFE,2002,74278729950.6175
Africa Eastern and Southern,AFE,2001,70970100178.7784
Africa Eastern and Southern,AFE,2000,73329612745.4209
Africa Eastern and Southern,AFE,1999,65629827717.7188
Africa Eastern and Southern,AFE,1998,66675088113.2579
Africa Eastern and Southern,AFE,1997,70582552438.1426
Africa Eastern and Southern,AFE,1996,69458272974.9491
Africa Eastern and Southern,AFE,1995,66416677574.8297
Africa Eastern and Southern,AFE,1994,57545335597.288
Africa Eastern and Southern,AFE,1993,54344336811.0528
Africa Eastern and Southern,AFE,1992,51763286554.7185
Africa Eastern and Southern,AFE,1991,51066159568.6179
Africa Eastern and Southern,AFE,1990,52056792004.383
Africa Eastern and Southern,AFE,1989,48594920030.0914
Africa Eastern and Southern,AFE,1988,49127136663.3402
Africa Eastern and Southern,AFE,1987,46794520501.2176
Africa Eastern and Southern,AFE,1986,37452278093.4612
Africa Eastern and Southern,AFE,1985,32861122560.0644
Africa Eastern and Southern,AFE,1984,35243771849.9686
Africa Eastern and Southern,AFE,1983,37310342848.5358
Africa Eastern and Southern,AFE,1982,36519821608.5704
Africa Eastern and Southern,AFE,1981,42112808750.5565
Africa Eastern and Southern,AFE,1980,49804023331.5353
Arab World,ARB,2023,1695255372658.71
Arab World,ARB,2022,1792850543608.38
Arab World,ARB,2021,1280418222799.26
Arab World,ARB,2020,931628564702.073
Arab World,ARB,2019,1250081044909.76
Arab World,ARB,2018,1297103254480.05
Arab World,ARB,2017,1091141483975.71
Arab World,ARB,2016,953670218808.409
Arab World,ARB,2015,1040266407461.85
Arab World,ARB,2014,1423745023191.55
Arab World,ARB,2013,1507451693846.02
Arab World,ARB,2012,1523930019032.71
Arab World,ARB,2011,1357261254478.15
Arab World,ARB,2010,1049474983691.44
Arab World,ARB,2009,844610889994.043
Arab World,ARB,2008,1199862268163.05
Arab World,ARB,2007,898805757307.552
Arab World,ARB,2006,772884145255.977
Arab World,ARB,2005,630553789285.029
Arab World,ARB,2004,468555340996.675
Arab World,ARB,2003,353184726910.929
Arab World,ARB,2002,293092185849.291
Arab World,ARB,2001,282705785496.341
Central Europe and the Baltics,CEB,2024,1436116582981.12
Central Europe and the Baltics,CEB,2023,1425871028490.58
Central Europe and the Baltics,CEB,2022,1341116044762.76
Central Europe and the Baltics,CEB,2021,1215863520904.17
Central Europe and the Baltics,CEB,2020,984787146963.038
Central Europe and the Baltics,CEB,2019,1040652380558.75
Central Europe and the Baltics,CEB,2018,1042006159053.72
Central Europe and the Baltics,CEB,2017,929209660507.615
Central Europe and the Baltics,CEB,2016,822183254496.804
Central Europe and the Baltics,CEB,2015,793087445981.685
Central Europe and the Baltics,CEB,2014,896015711265.212
Central Europe and the Baltics,CEB,2013,854077648680.37
Central Europe and the Baltics,CEB,2012,797689037943.05
Central Europe and the Baltics,CEB,2011,822698582338.61
Central Europe and the Baltics,CEB,2010,687447390914.208
Central Europe and the Baltics,CEB,2009,600978899707.898
Central Europe and the Baltics,CEB,2008,761077506320.645
Central Europe and the Baltics,CEB,2007,639961187143.2
Central Europe and the Baltics,CEB,2006,501630564308.881
Central Europe and the Baltics,CEB,2005,412730394751.387
Central Europe and the Baltics,CEB,2004,345615005951.938
Central Europe and the Baltics,CEB,2003,264166074883.017
Central Europe and the Baltics,CEB,2002,206545996160.759
Central Europe and the Baltics,CEB,2001,183135273636.439
Central Europe and the Baltics,CEB,2000,165362460490.731
Central Europe and the Baltics,CEB,1999,153121938283.116
Central Europe and the Baltics,CEB,1998,158211004147.447
Central Europe and the Baltics,CEB,1997,143585161026.197
Central Europe and the Baltics,CEB,1996,136244589361.17
Central Europe and the Baltics,CEB,1995,128554911642.064
Early-demographic dividend,EAR,2024,3978583852956.12
Early-demographic dividend,EAR,2023,3863383843212.38
Early-demographic dividend,EAR,2022,3986345966802.91
Early-demographic dividend,EAR,2021,3254070704862.9
Early-demographic dividend,EAR,2020,2425865761878.0
Early-demographic dividend,EAR,2019,2916787616108.96
Early-demographic dividend,EAR,2018,2989960297412.38
Early-demographic dividend,EAR,2017,2690660794123.95
Early-demographic dividend,EAR,2016,2382700063974.47
Early-demographic dividend,EAR,2015,2416511488256.96
Early-demographic dividend,EAR,2014,2862125981678.77
Early-demographic dividend,EAR,2013,2917830679198.34
Early-demographic dividend,EAR,2012,2954320709239.7
Early-demographic dividend,EAR,2011,2858193991321.03
Early-demographic dividend,EAR,2010,2394980432423.28
Early-demographic dividend,EAR,2009,1866484276797.07
Early-demographic dividend,EAR,2008,2340753336783.53
Early-demographic dividend,EAR,2007,1978061461238.83
Early-demographic dividend,EAR,2006,1710871936747.58
Early-demographic dividend,EAR,2005,1449254937752.39
Early-demographic dividend,EAR,2004,1175232833369.43
Early-demographic dividend,EAR,2003,945025035362.595
Early-demographic dividend,EAR,2002,824850453161.858
Early-demographic dividend,EAR,2001,786578431738.667
Early-demographic dividend,EAR,2000,832036259975.203
Early-demographic dividend,EAR,1999,675980598026.126
Early-demographic dividend,EAR,1998,624035446274.816
Early-demographic dividend,EAR,1997,676861320299.034
Early-demographic dividend,EAR,1996,634063450711.07
Early-demographic dividend,EAR,1995,561590682723.384
Early-demographic dividend,EAR,1994,477768011412.273
Early-demographic dividend,EAR,1993,427629720689.306
Early-demographic dividend,EAR,1992,413191132168.893
Early-demographic dividend,EAR,1991,386991969496.066
Early-demographic dividend,EAR,1990,370777854983.471
Early-demographic dividend,EAR,1989,305576313226.274
Early-demographic dividend,EAR,1988,277024307560.641
Early-demographic dividend,EAR,1987,248373116153.991
Early-demographic dividend,EAR,1986,213694114355.161
Early-demographic dividend,EAR,1985,250432672443.804
Early-demographic dividend,EAR,1984,269871117608.721
Early-demographic dividend,EAR,1983,277791979538.207
Early-demographic dividend,EAR,1982,302344568893.466
Early-demographic dividend,EAR,1981,343427905888.861
Early-demographic dividend,EAR,1980,322758282895.988
Early-demographic dividend,EAR,1979,242907672888.569
Early-demographic dividend,EAR,1978,178320324705.561
Early-demographic dividend,EAR,1977,176805404021.387
Early-demographic dividend,EAR,1976,158431510399.731
Early-demographic dividend,EAR,1975,139509015517.664
Early-demographic dividend,EAR,1974,137020312185.205
Early-demographic dividend,EAR,1973,78283644302.9639
Early-demographic dividend,EAR,1972,48028587956.5725
Early-demographic dividend,EAR,1971,39126950139.4063
Early-demographic dividend,EAR,1970,34518540008.2297
Early-demographic dividend,EAR,1969,31146559495.7028
Early-demographic dividend,EAR,1968,28862270579.1839
Early-demographic dividend,EAR,1967,27051340703.28
Early-demographic dividend,EAR,1966,25669434062.012
Early-demographic dividend,EAR,1965,24362072770.9493
Early-demographic dividend,EAR,1964,23301157974.501
Early-demographic dividend,EAR,1963,22737303692.5288
Early-demographic dividend,EAR,1962,19925165707.1445
Early-demographic dividend,EAR,1961,20076223824.1715
Early-demographic dividend,EAR,1960,18882303584.3872
East Asia & Pacific,EAS,2024,9913974194654.66
East Asia & Pacific,EAS,2023,9309336051781.31
East Asia & Pacific,EAS,2022,9698595556200.46
East Asia & Pacific,EAS,2021,9051084565466.21
East Asia & Pacific,EAS,2020,7229635520462.3
East Asia & Pacific,EAS,2019,7542519927499.17
East Asia & Pacific,EAS,2018,7706572168649.11
East Asia & Pacific,EAS,2017,7095510535773.31
East Asia & Pacific,EAS,2016,6412887123971.02
East Asia & Pacific,EAS,2015,6647213150065.63
East Asia & Pacific,EAS,2014,7137538420335.45
East Asia & Pacific,EAS,2013,6941666472540.27
East Asia & Pacific,EAS,2012,6750530621676.79
East Asia & Pacific,EAS,2011,6460443299428.28
East Asia & Pacific,EAS,2010,5480736308246.47
East Asia & Pacific,EAS,2009,4286310596082.41
East Asia & Pacific,EAS,2008,5112665536864.96
East Asia & Pacific,EAS,2007,4478390869836.41
East Asia & Pacific,EAS,2006,3841426857361.39
East Asia & Pacific,EAS,2005,3298664938543.36
East Asia & Pacific,EAS,2004,2859893956460.35
East Asia & Pacific,EAS,2003,2299372243054.71
East Asia & Pacific,EAS,2002,1967109232794.5
East Asia & Pacific,EAS,2001,1831188276703.9
East Asia & Pacific,EAS,2000,1981802487545.91
East Asia & Pacific,EAS,1999,1674358958140.14
East Asia & Pacific,EAS,1998,1583395936726.69
East Asia & Pacific,EAS,1997,1728454501935.04
East Asia & Pacific,EAS,1996,1643843250826.46
East Asia & Pacific,EAS,1995,1582008195585.2
East Asia & Pacific,EAS,1994,1339596719421.91
East Asia & Pacific,EAS,1993,1161787581913.04
East Asia & Pacific,EAS,1992,1061018887060.76
East Asia & Pacific,EAS,1991,953637873432.53
East Asia & Pacific,EAS,1990,844115163578.973
East Asia & Pacific,EAS,1989,785169181760.956
East Asia & Pacific,EAS,1988,724666630597.788
East Asia & Pacific,EAS,1987,599272604196.824
East Asia & Pacific,EAS,1986,499451703579.888
East Asia & Pacific,EAS,1985,442984479744.705
East Asia & Pacific,EAS,1984,440247745212.555
East Asia & Pacific,EAS,1983,387767682751.294
East Asia & Pacific,EAS,1982,372264775904.076
East Asia & Pacific,EAS,1981,392326222180.131
East Asia & Pacific,EAS,1980,344015981033.933
East Asia & Pacific,EAS,1979,271041897324.109
East Asia & Pacific,EAS,1978,227407808368.253
East Asia & Pacific,EAS,1977,191348803022.815
East Asia & Pacific,EAS,1976,162357084389.233
East Asia & Pacific,EAS,1975,134830827901.405
East Asia & Pacific,EAS,1974,130957119813.27
East Asia & Pacific,EAS,1973,91258371983.9644
East Asia & Pacific,EAS,1972,65188027308.8989
East Asia & Pacific,EAS,1971,53619094529.7226
East Asia & Pacific,EAS,1970,45400955518.6315
East Asia & Pacific,EAS,1969,39164593743.3137
East Asia & Pacific,EAS,1968,34215822124.5449
East Asia & Pacific,EAS,1967,30781173846.3874
East Asia & Pacific,EAS,1966,28854714174.1135
East Asia & Pacific,EAS,1965,26527274854.2601
East Asia & Pacific,EAS,1964,25031138753.0212
East Asia & Pacific,EAS,1963,22002845766.1934
East Asia & Pacific,EAS,1962,19822051910.5819
East Asia & Pacific,EAS,1961,18592605307.2435
East Asia & Pacific,EAS,1960,19600891841.8427
East Asia & Pacific (excluding high income),EAP,2024,5384630257903.61
East Asia & Pacific (excluding high income),EAP,2023,4986138164897.3
East Asia & Pacific (excluding high income),EAP,2022,5273235667330.34
East Asia & Pacific (excluding high income),EAP,2021,4900344679788.04
East Asia & Pacific (excluding high income),EAP,2020,3830189793755.46
East Asia & Pacific (excluding high income),EAP,2019,3859165048260.15
East Asia & Pacific (excluding high income),EAP,2018,3881217853154.79
East Asia & Pacific (excluding high income),EAP,2017,3543229128563.56
East Asia & Pacific (excluding high income),EAP,2016,3184875058854.76
East Asia & Pacific (excluding high income),EAP,2015,3334591505182.37
East Asia & Pacific (excluding high income),EAP,2014,3499519681433.02
East Asia & Pacific (excluding high income),EAP,2013,3365810222448.1
East Asia & Pacific (excluding high income),EAP,2012,3166108701977.61
East Asia & Pacific (excluding high income),EAP,2011,2974263983801.19
East Asia & Pacific (excluding high income),EAP,2010,2468786288179.86
East Asia & Pacific (excluding high income),EAP,2009,1905096659506.57
East Asia & Pacific (excluding high income),EAP,2008,2249428919620.15
East Asia & Pacific (excluding high income),EAP,2007,1912071923240.73
East Asia & Pacific (excluding high income),EAP,2006,1559236666990.3
East Asia & Pacific (excluding high income),EAP,2005,1260646752440.61
East Asia & Pacific (excluding high income),EAP,2004,1029182795595.66
East Asia & Pacific (excluding high income),EAP,2003,801533910812.544
East Asia & Pacific (excluding high income),EAP,2002,649910404288.715
East Asia & Pacific (excluding high income),EAP,2001,572386679854.445
East Asia & Pacific (excluding high income),EAP,2000,576914517116.597
East Asia & Pacific (excluding high income),EAP,1999,470799439297.51
East Asia & Pacific (excluding high income),EAP,1998,435901001328.707
East Asia & Pacific (excluding high income),EAP,1997,465558683980.373
East Asia & Pacific (excluding high income),EAP,1996,422365097359.473
East Asia & Pacific (excluding high income),EAP,1995,374970870740.109
East Asia & Pacific (excluding high income),EAP,1994,303682916541.407
East Asia & Pacific (excluding high income),EAP,1993,239853250190.337
East Asia & Pacific (excluding high income),EAP,1992,212307379755.479
East Asia & Pacific (excluding high income),EAP,1991,180603713838.274
East Asia & Pacific (excluding high income),EAP,1990,155393347235.82
East Asia & Pacific (excluding high income),EAP,1989,133381765240.344
East Asia & Pacific (excluding high income),EAP,1988,123130168172.648
East Asia & Pacific (excluding high income),EAP,1987,100045448940.294
East Asia & Pacific (excluding high income),EAP,1986,80129658206.6094
East Asia & Pacific (excluding high income),EAP,1985,82464211104.5511
East Asia & Pacific (excluding high income),EAP,1984,85956464312.0123
East Asia & Pacific (excluding high income),EAP,1983,77821935987.7996
East Asia & Pacific (excluding high income),EAP,1982,74572662798.4117
East Asia & Pacific (excluding high income),EAP,1981,79980134826.7493
East Asia & Pacific (excluding high income),EAP,1980,73327888322.1991
East Asia & Pacific (excluding high income),EAP,1979,55186405005.8168
East Asia & Pacific (excluding high income),EAP,1978,40578944851.1172
East Asia & Pacific (excluding high income),EAP,1977,34480650005.1351
East Asia & Pacific (excluding high income),EAP,1976,29015979267.2877
East Asia & Pacific (excluding high income),EAP,1975,25463328252.0473
East Asia & Pacific (excluding high income),EAP,1974,26142519153.6138
East Asia & Pacific (excluding high income),EAP,1973,17077682256.8313
East Asia & Pacific (excluding high income),EAP,1972,10159284272.1249
East Asia & Pacific (excluding high income),EAP,1971,8088736858.77678
East Asia & Pacific (excluding high income),EAP,1970,7277605050.10565
East Asia & Pacific (excluding high income),EAP,1969,6722235629.23034
East Asia & Pacific (excluding high income),EAP,1968,6261343891.86619
East Asia & Pacific (excluding high income),EAP,1967,5819831573.25786
East Asia & Pacific (excluding high income),EAP,1966,5976654406.42613
East Asia & Pacific (excluding high income),EAP,1965,5603199888.73711
East Asia & Pacific (excluding high income),EAP,1964,4964877145.80634
East Asia & Pacific (excluding high income),EAP,1963,4411178369.76247
East Asia & Pacific (excluding high income),EAP,1962,3855592943.00914
East Asia & Pacific (excluding high income),EAP,1961,3850568732.27333
East Asia & Pacific (excluding high income),EAP,1960,4355271418.95133
East Asia & Pacific (IDA & IBRD countries),TEA,2024,5377618134840.54
East Asia & Pacific (IDA & IBRD countries),TEA,2023,4979601974468.68
East Asia & Pacific (IDA & IBRD countries),TEA,2022,5266296571900.22
East Asia & Pacific (IDA & IBRD countries),TEA,2021,4893853806581.97
East Asia & Pacific (IDA & IBRD countries),TEA,2020,3825177284961.31
East Asia & Pacific (IDA & IBRD countries),TEA,2019,3854183225485.83
East Asia & Pacific (IDA & IBRD countries),TEA,2018,3876217916265.48
East Asia & Pacific (IDA & IBRD countries),TEA,2017,3538684711806.51
East Asia & Pacific (IDA & IBRD countries),TEA,2016,3180829502059.83
East Asia & Pacific (IDA & IBRD countries),TEA,2015,3330341315452.14
East Asia & Pacific (IDA & IBRD countries),TEA,2014,3495070149728.8
East Asia & Pacific (IDA & IBRD countries),TEA,2013,3361524244592.78
East Asia & Pacific (IDA & IBRD countries),TEA,2012,3162060354210.07
East Asia & Pacific (IDA & IBRD countries),TEA,2011,2970425611840.31
East Asia & Pacific (IDA & IBRD countries),TEA,2010,2465591979114.88
East Asia & Pacific (IDA & IBRD countries),TEA,2009,1902662992849.76
East Asia & Pacific (IDA & IBRD countries),TEA,2008,2246545270681.82
East Asia & Pacific (IDA & IBRD countries),TEA,2007,1909627299801.33
East Asia & Pacific (IDA & IBRD countries),TEA,2006,1557261488348.81
East Asia & Pacific (IDA & IBRD countries),TEA,2005,1259060526248.74
East Asia & Pacific (IDA & IBRD countries),TEA,2004,1027887812125.12
East Asia & Pacific (IDA & IBRD countries),TEA,2003,800525369696.217
East Asia & Pacific (IDA & IBRD countries),TEA,2002,649092645544.124
East Asia & Pacific (IDA & IBRD countries),TEA,2001,571666466407.099
East Asia & Pacific (IDA & IBRD countries),TEA,2000,576188606455.465
East Asia & Pacific (IDA & IBRD countries),TEA,1999,470207049399.004
East Asia & Pacific (IDA & IBRD countries),TEA,1998,435352522871.891
East Asia & Pacific (IDA & IBRD countries),TEA,1997,464972888334.645
East Asia & Pacific (IDA & IBRD countries),TEA,1996,421833650640.823
East Asia & Pacific (IDA & IBRD countries),TEA,1995,374499058461.845
East Asia & Pacific (IDA & IBRD countries),TEA,1994,303300803316.344
East Asia & Pacific (IDA & IBRD countries),TEA,1993,239551451524.755
East Asia & Pacific (IDA & IBRD countries),TEA,1992,212040241061.914
East Asia & Pacific (IDA & IBRD countries),TEA,1991,180376466720.329
East Asia & Pacific (IDA & IBRD countries),TEA,1990,155197821409.929
East Asia & Pacific (IDA & IBRD countries),TEA,1989,133213935791.585
East Asia & Pacific (IDA & IBRD countries),TEA,1988,122975237937.523
East Asia & Pacific (IDA & IBRD countries),TEA,1987,99919565372.0552
East Asia & Pacific (IDA & IBRD countries),TEA,1986,80028833957.1941
East Asia & Pacific (IDA & IBRD countries),TEA,1985,82360449371.7006
East Asia & Pacific (IDA & IBRD countries),TEA,1984,85848308403.3186
East Asia & Pacific (IDA & IBRD countries),TEA,1983,77724015461.7469
East Asia & Pacific (IDA & IBRD countries),TEA,1982,74478830715.2376
East Asia & Pacific (IDA & IBRD countries),TEA,1981,79879498717.1923
East Asia & Pacific (IDA & IBRD countries),TEA,1980,73235622493.7061
East Asia & Pacific (IDA & IBRD countries),TEA,1979,55116965949.328
East Asia & Pacific (IDA & IBRD countries),TEA,1978,40527885833.1674
East Asia & Pacific (IDA & IBRD countries),TEA,1977,34437264250.9221
East Asia & Pacific (IDA & IBRD countries),TEA,1976,28979469510.5241
East Asia & Pacific (IDA & IBRD countries),TEA,1975,25431288667.5029
East Asia & Pacific (IDA & IBRD countries),TEA,1974,26109624967.7345
East Asia & Pacific (IDA & IBRD countries),TEA,1973,17056194027.2065
East Asia & Pacific (IDA & IBRD countries),TEA,1972,10146501212.3408
East Asia & Pacific (IDA & IBRD countries),TEA,1971,8078559093.87977
East Asia & Pacific (IDA & IBRD countries),TEA,1970,7268447903.01255
East Asia & Pacific (IDA & IBRD countries),TEA,1969,6713777283.38338
East Asia & Pacific (IDA & IBRD countries),TEA,1968,6253465469.41491
East Asia & Pacific (IDA & IBRD countries),TEA,1967,5812508689.78088
East Asia & Pacific (IDA & IBRD countries),TEA,1966,5969134198.45284
East Asia & Pacific (IDA & IBRD countries),TEA,1965,5596149585.06991
East Asia & Pacific (IDA & IBRD countries),TEA,1964,4958630020.54875
East Asia & Pacific (IDA & IBRD countries),TEA,1963,4405627943.63907
East Asia & Pacific (IDA & IBRD countries),TEA,1962,3850741589.92428
East Asia & Pacific (IDA & IBRD countries),TEA,1961,3845723700.97103
East Asia & Pacific (IDA & IBRD countries),TEA,1960,4349791338.52114
Euro area,EMU,2024,8105847354423.04
Euro area,EMU,2023,7978037743949.34
Euro area,EMU,2022,7815450273992.55
Euro area,EMU,2021,7245619478850.78
Euro area,EMU,2020,5926775269616.62
Euro area,EMU,2019,6443247547680.73
Euro area,EMU,2018,6534860650692.68
Euro area,EMU,2017,5948409013130.16
Euro area,EMU,2016,5418277022825.19
Euro area,EMU,2015,5336668857261.2
Euro area,EMU,2014,5970133785689.43
Euro area,EMU,2013,5754364835930.42
Euro area,EMU,2012,5471885914679.8
Euro area,EMU,2011,5684489748883.94
Euro area,EMU,2010,4912741865112.92
Euro area,EMU,2009,4517368199828.06
Euro area,EMU,2008,5634279842854.01
Euro area,EMU,2007,5085279598575.6
Euro area,EMU,2006,4296155874882.48
Euro area,EMU,2005,3836959630141.5
Euro area,EMU,2004,3567608772488.47
Euro area,EMU,2003,2979209118283.7
Euro area,EMU,2002,2488438203666.46
Euro area,EMU,2001,2321115363182.1
Euro area,EMU,2000,2286038627252.84
Euro area,EMU,1999,2238123485125.02
Euro area,EMU,1998,2225517879790.61
Euro area,EMU,1997,2123403307693.34
Euro area,EMU,1996,2146655487632.99
Euro area,EMU,1995,2093539809948.24
Euro area,EMU,1994,1709052487688.67
Euro area,EMU,1993,1530334583348.92
Euro area,EMU,1992,1671105088195.53
Euro area,EMU,1991,1535169067862.42
Euro area,EMU,1990,1483085730291.19
Euro area,EMU,1989,1196602052559.37
Euro area,EMU,1988,1120077848033.73
Euro area,EMU,1987,1001402291851.77
Euro area,EMU,1986,832845644206.015
Euro area,EMU,1985,662049030634.105
Euro area,EMU,1984,637893355834.797
Euro area,EMU,1983,624776908978.684
Euro area,EMU,1982,637081015260.369
Euro area,EMU,1981,660723946086.604
Euro area,EMU,1980,713162535043.572
Euro area,EMU,1979,627816127200.458
Euro area,EMU,1978,502157424465.477
Euro area,EMU,1977,413808793270.822
Euro area,EMU,1976,358389307112.015
Euro area,EMU,1975,328097157207.956
Euro area,EMU,1974,302746974367.253
Euro area,EMU,1973,232069898936.826
Euro area,EMU,1972,171334547814.914
Euro area,EMU,1971,139594557427.523
Euro area,EMU,1970,123087372273.642
Europe & Central Asia,ECS,2024,13129045905189.2
Europe & Central Asia,ECS,2023,12859649011799.2
Europe & Central Asia,ECS,2022,12843930534714.4
Europe & Central Asia,ECS,2021,11610809293390.2
Europe & Central Asia,ECS,2020,9358949545211.11
Europe & Central Asia,ECS,2019,10274649431650.7
Europe & Central Asia,ECS,2018,10410851721147.1
Europe & Central Asia,ECS,2017,9404907313966.76
Europe & Central Asia,ECS,2016,8554872091264.84
Europe & Central Asia,ECS,2015,8577719327120.08
Europe & Central Asia,ECS,2014,9763151648015.96
Europe & Central Asia,ECS,2013,9562380818029.52
Europe & Central Asia,ECS,2012,9164194520159.53
Europe & Central Asia,ECS,2011,9384203512476.42
Europe & Central Asia,ECS,2010,7965415555467.59
Europe & Central Asia,ECS,2009,7141498677435.9
Europe & Central Asia,ECS,2008,9027136289554.76
Europe & Central Asia,ECS,2007,7981014411356.48
Europe & Central Asia,ECS,2006,6787073918731.99
Europe & Central Asia,ECS,2005,5961929329085.11
Europe & Central Asia,ECS,2004,5406315625267.87
Europe & Central Asia,ECS,2003,4464878731745.25
Europe & Central Asia,ECS,2002,3745997586791.47
Europe & Central Asia,ECS,2001,3506329462085.09
Europe & Central Asia,ECS,2000,3469968693921.19
Europe & Central Asia,ECS,1999,3323681480398.79
Europe & Central Asia,ECS,1998,3309385038695.16
Europe & Central Asia,ECS,1997,3211702097672.83
Europe & Central Asia,ECS,1996,3200886722512.21
Europe & Central Asia,ECS,1995,3109104606582.5
Europe & Central Asia,ECS,1994,2566896503942.86
Europe & Central Asia,ECS,1993,2371536790529.1
Europe & Central Asia,ECS,1992,2670710261195.58
Europe & Central Asia,ECS,1991,2274093237119.11
Europe & Central Asia,ECS,1990,2258814032612.27
Europe & Central Asia,ECS,1989,1890464305136.66
Europe & Central Asia,ECS,1988,1782612114674.88
Europe & Central Asia,ECS,1987,1598932851409.74
Europe & Central Asia,ECS,1986,1328292291998.31
Europe & Central Asia,ECS,1985,1086061954408.62
Europe & Central Asia,ECS,1984,1041095382256.33
Europe & Central Asia,ECS,1983,1016825029353.29
Europe & Central Asia,ECS,1982,1039524384467.02
Europe & Central Asia,ECS,1981,1082371262231.94
Europe & Central Asia,ECS,1980,1157108294809.89
Europe & Central Asia,ECS,1979,1002324665962.99
Europe & Central Asia,ECS,1978,804616181622.916
Europe & Central Asia,ECS,1977,662232685333.222
Europe & Central Asia,ECS,1976,574498685767.992
Europe & Central Asia,ECS,1975,528090506847.965
Europe & Central Asia,ECS,1974,484304773906.578
Europe & Central Asia,ECS,1973,375003715234.372
Europe & Central Asia,ECS,1972,279760765087.566
Europe & Central Asia,ECS,1971,233233560222.311
Europe & Central Asia,ECS,1970,206152566370.58
Europe & Central Asia (excluding high income),ECA,2024,781490820323.544
Europe & Central Asia (excluding high income),ECA,2023,752601713213.174
Europe & Central Asia (excluding high income),ECA,2022,742638652620.425
Europe & Central Asia (excluding high income),ECA,2021,629555294382.984
Europe & Central Asia (excluding high income),ECA,2020,461519815826.701
Europe & Central Asia (excluding high income),ECA,2019,554004317002.752
Europe & Central Asia (excluding high income),ECA,2018,543346898022.236
Europe & Central Asia (excluding high income),ECA,2017,477686752813.7
Europe & Central Asia (excluding high income),ECA,2016,415277683200.895
Europe & Central Asia (excluding high income),ECA,2015,446413841056.171
Europe & Central Asia (excluding high income),ECA,2014,560182834787.131
Europe & Central Asia (excluding high income),ECA,2013,575660069242.115
Europe & Central Asia (excluding high income),ECA,2012,569887848319.645
Europe & Central Asia (excluding high income),ECA,2011,538038623033.827
Europe & Central Asia (excluding high income),ECA,2010,420113960692.253
Europe & Central Asia (excluding high income),ECA,2009,359768452402.654
Europe & Central Asia (excluding high income),ECA,2008,477967772319.4
Europe & Central Asia (excluding high income),ECA,2007,364317842883.772
Europe & Central Asia (excluding high income),ECA,2006,290450271179.295
Europe & Central Asia (excluding high income),ECA,2005,242925110239.949
Europe & Central Asia (excluding high income),ECA,2004,206507090036.985
Europe & Central Asia (excluding high income),ECA,2003,151106433389.118
Europe & Central Asia (excluding high income),ECA,2002,122274722757.624
Europe & Central Asia (excluding high income),ECA,2001,110605554382.999
Europe & Central Asia (excluding high income),ECA,2000,107987732389.686
Europe & Central Asia (excluding high income),ECA,1999,92973376378.2637
Europe & Central Asia (excluding high income),ECA,1998,104876914023.196
Europe & Central Asia (excluding high income),ECA,1997,108819477780.651
Europe & Central Asia (excluding high income),ECA,1996,97660583281.4482
Europe & Central Asia (excluding high income),ECA,1995,93863125080.9369
Europe & Central Asia (excluding high income),ECA,1994,77140881727.4201
Europe & Central Asia (excluding high income),ECA,1993,74321323573.587
Europe & Central Asia (excluding high income),ECA,1992,81528497695.5961
Europe & Central Asia (excluding high income),ECA,1991,79164032796.882
Europe & Central Asia (excluding high income),ECA,1990,88355271430.3233
Europe & Central Asia (IDA & IBRD countries),TEC,2024,1983503498064.12
Europe & Central Asia (IDA & IBRD countries),TEC,2023,1933652060640.75
Europe & Central Asia (IDA & IBRD countries),TEC,2022,2045818126647.07
Europe & Central Asia (IDA & IBRD countries),TEC,2021,1773991864063.62
Europe & Central Asia (IDA & IBRD countries),TEC,2020,1316682291782.93
Europe & Central Asia (IDA & IBRD countries),TEC,2019,1528461384558.82
Europe & Central Asia (IDA & IBRD countries),TEC,2018,1539162854497.37
Europe & Central Asia (IDA & IBRD countries),TEC,2017,1317613766903.86
Europe & Central Asia (IDA & IBRD countries),TEC,2016,1119150391061.58
Europe & Central Asia (IDA & IBRD countries),TEC,2015,1193286011873.81
Europe & Central Asia (IDA & IBRD countries),TEC,2014,1514011901773.3
Europe & Central Asia (IDA & IBRD countries),TEC,2013,1541359314106.75
Europe & Central Asia (IDA & IBRD countries),TEC,2012,1502379381995.64
Europe & Central Asia (IDA & IBRD countries),TEC,2011,1461119976971.28
Europe & Central Asia (IDA & IBRD countries),TEC,2010,1156499700723.24
Europe & Central Asia (IDA & IBRD countries),TEC,2009,951775813402.137
Europe & Central Asia (IDA & IBRD countries),TEC,2008,1309009165631.44
Europe & Central Asia (IDA & IBRD countries),TEC,2007,1010303952336.39
Europe & Central Asia (IDA & IBRD countries),TEC,2006,819628151242.878
Europe & Central Asia (IDA & IBRD countries),TEC,2005,671124239947.04
Europe & Central Asia (IDA & IBRD countries),TEC,2004,542508105048.029
Europe & Central Asia (IDA & IBRD countries),TEC,2003,409249901805.223
Europe & Central Asia (IDA & IBRD countries),TEC,2002,327262673127.073
Europe & Central Asia (IDA & IBRD countries),TEC,2001,298063304862.23
Europe & Central Asia (IDA & IBRD countries),TEC,2000,289844312354.927
Europe & Central Asia (IDA & IBRD countries),TEC,1999,241169651332.177
Europe & Central Asia (IDA & IBRD countries),TEC,1998,258196472802.868
Europe & Central Asia (IDA & IBRD countries),TEC,1997,269239781997.297
Europe & Central Asia (IDA & IBRD countries),TEC,1996,258441913470.131
Europe & Central Asia (IDA & IBRD countries),TEC,1995,264814568104.375
Europe & Central Asia (IDA & IBRD countries),TEC,1994,233781616850.577
Europe & Central Asia (IDA & IBRD countries),TEC,1993,296871439805.284
Europe & Central Asia (IDA & IBRD countries),TEC,1992,451885486734.346
Europe & Central Asia (IDA & IBRD countries),TEC,1991,168897393090.721
Europe & Central Asia (IDA & IBRD countries),TEC,1990,215530716711.605
European Union,EUU,2024,9821037472659.41
European Union,EUU,2023,9657456788388.33
European Union,EUU,2022,9413905146401.02
European Union,EUU,2021,8698132212489.88
European Union,EUU,2020,7107614522357.86
European Union,EUU,2019,7684155677487.96
European Union,EUU,2018,7769970730709.28
European Union,EUU,2017,7063724441817.75
European Union,EUU,2016,6421420485288.86
European Union,EUU,2015,6317505464572.79
European Union,EUU,2014,7079338379856.4
European Union,EUU,2013,6819692386005.65
European Union,EUU,2012,6482969415733.87
European Union,EUU,2011,6739700437522.7
European Union,EUU,2010,5811088627171.93
European Union,EUU,2009,5306450632466.86
European Union,EUU,2008,6638905969712.36
European Union,EUU,2007,5950212132108.6
European Union,EUU,2006,5004241503699.53
European Union,EUU,2005,4438469208995.42
European Union,EUU,2004,4089931228504.88
European Union,EUU,2003,3398261234985.38
European Union,EUU,2002,2830143751369.87
European Union,EUU,2001,2633983048962.06
European Union,EUU,2000,2594322928039.09
European Union,EUU,1999,2529929636821.36
European Union,EUU,1998,2515165373275.41
European Union,EUU,1997,2394703822813.55
European Union,EUU,1996,2418025960053.9
European Union,EUU,1995,2351772014195.64
European Union,EUU,1994,1911005152743.34
European Union,EUU,1993,1707257763122.17
European Union,EUU,1992,1863187330466.73
European Union,EUU,1991,1713146871629.94
European Union,EUU,1990,1666438194909.09
European Union,EUU,1989,1354408673281.91
European Union,EUU,1988,1271634274705.62
European Union,EUU,1987,1139136834219.57
European Union,EUU,1986,945548730057.514
European Union,EUU,1985,753665792224.183
European Union,EUU,1984,726502308902.649
European Union,EUU,1983,710190487686.675
European Union,EUU,1982,722974321081.193
European Union,EUU,1981,750255723174.812
European Union,EUU,1980,807795856562.158
European Union,EUU,1979,711577072051.843
European Union,EUU,1978,568749618915.109
European Union,EUU,1977,470729643398.245
European Union,EUU,1976,410297730466.483
European Union,EUU,1975,376699729845.104
European Union,EUU,1974,346808835355.416
European Union,EUU,1973,266431408640.351
European Union,EUU,1972,196305790019.201
European Union,EUU,1971,160520302033.058
European Union,EUU,1970,141920636457.187
Fragile and conflict affected situations,FCS,2024,461050974935.558
Fragile and conflict affected situations,FCS,2023,446556822628.334
Fragile and conflict affected situations,FCS,2022,493607079541.02
Fragile and conflict affected situations,FCS,2021,412339679197.262
Fragile and conflict affected situations,FCS,2020,278002489876.101
Fragile and conflict affected situations,FCS,2019,420008226857.817
Fragile and conflict affected situations,FCS,2018,441129792524.321
Fragile and conflict affected situations,FCS,2017,357931875145.801
Fragile and conflict affected situations,FCS,2016,284731219659.424
Fragile and conflict affected situations,FCS,2015,337522674674.809
Fragile and conflict affected situations,FCS,2014,494586181755.721
Fragile and conflict affected situations,FCS,2013,532504404866.011
Fragile and conflict affected situations,FCS,2012,610979479481.308
Fragile and conflict affected situations,FCS,2011,537932702266.352
Fragile and conflict affected situations,FCS,2010,536916028976.108
Fragile and conflict affected situations,FCS,2009,382727197330.404
Fragile and conflict affected situations,FCS,2008,572531841316.308
Fragile and conflict affected situations,FCS,2007,425840136778.141
Fragile and conflict affected situations,FCS,2006,362001627079.19
Fragile and conflict affected situations,FCS,2005,302961359718.663
Fragile and conflict affected situations,FCS,2004,238276849917.991
Fragile and conflict affected situations,FCS,2003,171087055957.177
Fragile and conflict affected situations,FCS,2002,160057461735.11
Fragile and conflict affected situations,FCS,2001,153321847618.159
Fragile and conflict affected situations,FCS,2000,187105306440.239
Fragile and conflict affected situations,FCS,1999,139210606098.105
Fragile and conflict affected situations,FCS,1998,114060926915.45
Fragile and conflict affected situations,FCS,1997,128289795304.095
Fragile and conflict affected situations,FCS,1996,108960668425.736
Fragile and conflict affected situations,FCS,1995,105744456445.047
Fragile and conflict affected situations,FCS,1994,99986459914.9957
Fragile and conflict affected situations,FCS,1993,87421482834.5626
Fragile and conflict affected situations,FCS,1992,86642821504.4962
Fragile and conflict affected situations,FCS,1991,92421897014.2661
Fragile and conflict affected situations,FCS,1990,118653451299.989
Fragile and conflict affected situations,FCS,1989,116631096993.421
Heavily indebted poor countries (HIPC),HPC,2024,264290456342.017
Heavily indebted poor countries (HIPC),HPC,2023,242074466496.88
Heavily indebted poor countries (HIPC),HPC,2022,242781496166.828
Heavily indebted poor countries (HIPC),HPC,2021,210829245213.071
Heavily indebted poor countries (HIPC),HPC,2020,166654395808.388
Heavily indebted poor countries (HIPC),HPC,2019,184765814725.783
Heavily indebted poor countries (HIPC),HPC,2018,183262365881.571
Heavily indebted poor countries (HIPC),HPC,2017,163158216343.986
Heavily indebted poor countries (HIPC),HPC,2016,144853910656.629
Heavily indebted poor countries (HIPC),HPC,2015,148431406625.861
Heavily indebted poor countries (HIPC),HPC,2014,173308403930.752
Heavily indebted poor countries (HIPC),HPC,2013,168435449084.854
Heavily indebted poor countries (HIPC),HPC,2012,161405239775.372
Heavily indebted poor countries (HIPC),HPC,2011,156346452471.386
Heavily indebted poor countries (HIPC),HPC,2010,131581558560.288
Heavily indebted poor countries (HIPC),HPC,2009,106860692461.243
Heavily indebted poor countries (HIPC),HPC,2008,124253357003.214
Heavily indebted poor countries (HIPC),HPC,2007,101480435695.545
Heavily indebted poor countries (HIPC),HPC,2006,83796926742.7508
Heavily indebted poor countries (HIPC),HPC,2005,69902537119.3775
Heavily indebted poor countries (HIPC),HPC,2004,58295389276.3123
Heavily indebted poor countries (HIPC),HPC,2003,46451051004.1401
Heavily indebted poor countries (HIPC),HPC,2002,40364704514.3433
Heavily indebted poor countries (HIPC),HPC,2001,35986773779.2702
Heavily indebted poor countries (HIPC),HPC,2000,36384106041.447
Heavily indebted poor countries (HIPC),HPC,1999,33014499807.7424
Heavily indebted poor countries (HIPC),HPC,1998,33926872525.591
Heavily indebted poor countries (HIPC),HPC,1997,33241072341.2624
Heavily indebted poor countries (HIPC),HPC,1996,33047695134.2358
Heavily indebted poor countries (HIPC),HPC,1995,30498510712.0427
Heavily indebted poor countries (HIPC),HPC,1994,24687322378.3189
Heavily indebted poor countries (HIPC),HPC,1993,23740598396.3047
Heavily indebted poor countries (HIPC),HPC,1992,23565551688.3633
Heavily indebted poor countries (HIPC),HPC,1991,24678103421.7787
Heavily indebted poor countries (HIPC),HPC,1990,25340544962.0555
Heavily indebted poor countries (HIPC),HPC,1989,23144343261.309
Heavily indebted poor countries (HIPC),HPC,1988,21680806961.6131
Heavily indebted poor countries (HIPC),HPC,1987,22144617303.8076
Heavily indebted poor countries (HIPC),HPC,1986,21789813248.1693
Heavily indebted poor countries (HIPC),HPC,1985,20701707128.67
Heavily indebted poor countries (HIPC),HPC,1984,21203203379.944
Heavily indebted poor countries (HIPC),HPC,1983,19251456688.9274
Heavily indebted poor countries (HIPC),HPC,1982,19677218132.8207
Heavily indebted poor countries (HIPC),HPC,1981,19984561380.9118
Heavily indebted poor countries (HIPC),HPC,1980,21724474531.8384
Heavily indebted poor countries (HIPC),HPC,1979,18781871719.2392
Heavily indebted poor countries (HIPC),HPC,1978,15897806862.2366
Heavily indebted poor countries (HIPC),HPC,1977,14428227206.9971
Heavily indebted poor countries (HIPC),HPC,1976,12315787948.7918
Heavily indebted poor countries (HIPC),HPC,1975,10845818777.7759
Heavily indebted poor countries (HIPC),HPC,1974,10506250580.5974
Heavily indebted poor countries (HIPC),HPC,1973,7706697439.44664
Heavily indebted poor countries (HIPC),HPC,1972,6297429416.75775
Heavily indebted poor countries (HIPC),HPC,1971,5490206929.37892
Heavily indebted poor countries (HIPC),HPC,1970,5532105545.40628
Heavily indebted poor countries (HIPC),HPC,1969,4867415027.75846
Heavily indebted poor countries (HIPC),HPC,1968,4596319797.40463
Heavily indebted poor countries (HIPC),HPC,1967,4147655777.11809
Heavily indebted poor countries (HIPC),HPC,1966,3998052448.51924
Heavily indebted poor countries (HIPC),HPC,1965,3794486966.57512
High income,,2024,22616469502333.4
High income,,2023,21985890682395.5
High income,,2022,22133308807361.5
High income,,2021,19726640013050.7
High income,,2020,16007137450502.0
High income,,2019,17817059399867.1
High income,,2018,18139539667235.4
High income,,2017,16584280819890.4
High income,,2016,15164369755511.8
High income,,2015,15338201782837.8
High income,,2014,17241374162727.0
High income,,2013,16903662300715.9
High income,,2012,16426360703004.3
High income,,2011,16359078344475.9
High income,,2010,13910188375834.0
High income,,2009,11969356161809.0
High income,,2008,14896632808491.5
High income,,2007,13231742807487.1
High income,,2006,11493683304212.3
High income,,2005,10135776225031.7
High income,,2004,9090715630292.15
High income,,2003,7571991866469.91
High income,,2002,6569421381217.76
High income,,2001,6310695581032.34
High income,,2000,6525987874175.61
High income,,1999,5978679538320.91
High income,,1998,5794723233598.78
High income,,1997,5828386558216.77
High income,,1996,5673270578975.36
High income,,1995,5481649471405.47
High income,,1994,4634094696812.21
High income,,1993,4224140258848.17
High income,,1992,4411195994373.47
High income,,1991,3879607111673.28
High income,,1990,3728680020562.72
High income,,1989,3250751473326.05
High income,,1988,3007622362664.6
High income,,1987,2617517463769.18
High income,,1986,2212426056708.93
High income,,1985,1913512633210.7
High income,,1984,1873254804150.41
High income,,1983,1768838186468.75
High income,,1982,1807078345826.48
High income,,1981,1939772782858.6
High income,,1980,1926739645625.5
High income,,1979,1599004115819.6
High income,,1978,1286038761026.4
High income,,1977,1085945367369.65
High income,,1976,955975684091.089
High income,,1975,862035734530.823
High income,,1974,800117727335.61
High income,,1973,594298476066.072
High income,,1972,439080779221.411
High income,,1971,370185374193.69
High income,,1970,329387753359.17
IBRD only,IBD,2024,10458288207060.2
IBRD only,IBD,2023,9912032916765.25
IBRD only,IBD,2022,10349223785133.6
IBRD only,IBD,2021,9185176554354.0
IBRD only,IBD,2020,7020143071856.35
IBRD only,IBD,2019,7626607344738.34
IBRD only,IBD,2018,7752119239394.52
IBRD only,IBD,2017,6961139594599.42
IBRD only,IBD,2016,6161115498480.55
IBRD only,IBD,2015,6414213478981.91
IBRD only,IBD,2014,7274397913473.98
IBRD only,IBD,2013,7248965569328.92
IBRD only,IBD,2012,7070842246982.9
IBRD only,IBD,2011,6775712833892.05
IBRD only,IBD,2010,5613710466793.51
IBRD only,IBD,2009,4381359783867.17
IBRD only,IBD,2008,5464712012915.99
IBRD only,IBD,2007,4534867066499.25
IBRD only,IBD,2006,3750115272114.04
IBRD only,IBD,2005,3078496448875.09
IBRD only,IBD,2004,2495799555972.56
IBRD only,IBD,2003,1942212086672.27
IBRD only,IBD,2002,1628992534848.23
IBRD only,IBD,2001,1493858034795.88
IBRD only,IBD,2000,1521603042711.23
IBRD only,IBD,1999,1261863512231.82
IBRD only,IBD,1998,1196278725133.11
IBRD only,IBD,1997,1250325938026.44
IBRD only,IBD,1996,1150364484646.75
IBRD only,IBD,1995,1064458982987.49
IBRD only,IBD,1994,896327791579.41
IBRD only,IBD,1993,837692197899.208
IBRD only,IBD,1992,931020571282.273
IBRD only,IBD,1991,640041122702.467
IBRD only,IBD,1990,663195428403.407
IBRD only,IBD,1989,624399506978.934
IBRD only,IBD,1988,577296691257.563
IBRD only,IBD,1987,496741216355.102
IBRD only,IBD,1986,409213027434.408
IBRD only,IBD,1985,456082957645.007
IBRD only,IBD,1984,470506390818.008
IBRD only,IBD,1983,447521588119.442
IBRD only,IBD,1982,437118262550.382
IBRD only,IBD,1981,447676925934.786
IBRD only,IBD,1980,462402103173.993
IBRD only,IBD,1979,372156559210.604
IBRD only,IBD,1978,277252650887.968
IBRD only,IBD,1977,257042597227.65
IBRD only,IBD,1976,228919983982.361
IBRD only,IBD,1975,196970956838.942
IBRD only,IBD,1974,203156260571.297
IBRD only,IBD,1973,122095920493.653
IBRD only,IBD,1972,79758012137.3189
IBRD only,IBD,1971,66543031198.2508
IBRD only,IBD,1970,59830800365.1662
IBRD only,IBD,1969,55110840605.7179
IBRD only,IBD,1968,49876041534.0213
IBRD only,IBD,1967,46891571191.0256
IBRD only,IBD,1966,45695868233.7785
IBRD only,IBD,1965,43105712534.7416
IBRD only,IBD,1964,40265950853.5945
IBRD only,IBD,1963,39614566221.8652
IBRD only,IBD,1962,33081308968.2394
IBRD only,IBD,1961,34025510002.7181
IBRD only,IBD,1960,33259771766.6876
IDA & IBRD total,IBT,2024,11093804905727.1
IDA & IBRD total,IBT,2023,10509074338322.0
IDA & IBRD total,IBT,2022,10956081666117.7
IDA & IBRD total,IBT,2021,9705868713321.07
IDA & IBRD total,IBT,2020,7437476020036.57
IDA & IBRD total,IBT,2019,8094711181725.35
IDA & IBRD total,IBT,2018,8210824637807.29
IDA & IBRD total,IBT,2017,7380744988793.59
IDA & IBRD total,IBT,2016,6531422579887.18
IDA & IBRD total,IBT,2015,6792944066563.95
IDA & IBRD total,IBT,2014,7694700019995.93
IDA & IBRD total,IBT,2013,7656679539712.37
IDA & IBRD total,IBT,2012,7467200197502.92
IDA & IBRD total,IBT,2011,7179304273179.56
IDA & IBRD total,IBT,2010,5957937785040.2
IDA & IBRD total,IBT,2009,4665880382886.21
IDA & IBRD total,IBT,2008,5795222573988.02
IDA & IBRD total,IBT,2007,4809140878885.37
IDA & IBRD total,IBT,2006,3982164435682.16
IDA & IBRD total,IBT,2005,3275097179750.01
IDA & IBRD total,IBT,2004,2659340730029.79
IDA & IBRD total,IBT,2003,2075222452093.27
IDA & IBRD total,IBT,2002,1746300351970.69
IDA & IBRD total,IBT,2001,1603853383999.99
IDA & IBRD total,IBT,2000,1631545211617.28
IDA & IBRD total,IBT,1999,1358842064595.93
IDA & IBRD total,IBT,1998,1291799605294.82
IDA & IBRD total,IBT,1997,1347957928740.23
IDA & IBRD total,IBT,1996,1244830279067.66
IDA & IBRD total,IBT,1995,1155683716670.29
IDA & IBRD total,IBT,1994,979382522650.46
IDA & IBRD total,IBT,1993,909742129852.999
IDA & IBRD total,IBT,1992,1000939414768.61
IDA & IBRD total,IBT,1991,702419272942.121
IDA & IBRD total,IBT,1990,722709593120.886
IDA & IBRD total,IBT,1989,678923016543.96
IDA & IBRD total,IBT,1988,627697827902.876
IDA & IBRD total,IBT,1987,544798851062.646
IDA & IBRD total,IBT,1986,454582368978.315
IDA & IBRD total,IBT,1985,498793920201.508
IDA & IBRD total,IBT,1984,513525214809.877
IDA & IBRD total,IBT,1983,487721511403.283
IDA & IBRD total,IBT,1982,477285578219.254
IDA & IBRD total,IBT,1981,490724654664.966
IDA & IBRD total,IBT,1980,506934594475.239
IDA & IBRD total,IBT,1979,409227475822.497
IDA & IBRD total,IBT,1978,308202479506.846
IDA & IBRD total,IBT,1977,286255783630.437
IDA & IBRD total,IBT,1976,254138667007.105
IDA & IBRD total,IBT,1975,220313314049.218
IDA & IBRD total,IBT,1974,225231410105.498
IDA & IBRD total,IBT,1973,138666374149.024
IDA & IBRD total,IBT,1972,92606213750.9071
IDA & IBRD total,IBT,1971,78489824911.6492
IDA & IBRD total,IBT,1970,71773941886.0087
IDA & IBRD total,IBT,1969,65531578107.4333
IDA & IBRD total,IBT,1968,59728863095.7611
IDA & IBRD total,IBT,1967,55918298806.6272
IDA & IBRD total,IBT,1966,54437068497.9543
IDA & IBRD total,IBT,1965,51451156181.0612
IDA & IBRD total,IBT,1964,47845583742.2162
IDA & IBRD total,IBT,1963,46634210703.6262
IDA & IBRD total,IBT,1962,39591749640.6798
IDA & IBRD total,IBT,1961,40102282810.1656
IDA & IBRD total,IBT,1960,38971218904.3321
IDA only,IDX,2024,390592253032.661
IDA only,IDX,2023,370582790049.219
IDA only,IDX,2022,368405891542.671
IDA only,IDX,2021,315702897977.31
IDA only,IDX,2020,256662188144.33
IDA only,IDX,2019,289725949736.899
IDA only,IDX,2018,278595742481.069
IDA only,IDX,2017,253975579434.407
IDA only,IDX,2016,228137416640.164
IDA only,IDX,2015,227517055659.608
IDA only,IDX,2014,248367036389.099
IDA only,IDX,2013,234189678558.519
IDA only,IDX,2012,226342317055.119
IDA only,IDX,2011,236788218799.839
IDA only,IDX,2010,208429793166.825
IDA only,IDX,2009,171305528883.805
IDA only,IDX,2008,200235307631.551
IDA only,IDX,2007,165989674806.197
IDA only,IDX,2006,138307338359.271
IDA only,IDX,2005,117454324310.444
IDA only,IDX,2004,96988379461.4682
IDA only,IDX,2003,78286835351.0413
IDA only,IDX,2002,71950066696.4649
IDA only,IDX,2001,67557939934.6813
IDA only,IDX,2000,67213963542.215
IDA only,IDX,1999,57354623297.7432
IDA only,IDX,1998,55601651727.1404
IDA only,IDX,1997,54902330886.6402
IDA only,IDX,1996,52095460475.2372
IDA only,IDX,1995,53320372393.4145
IDA only,IDX,1994,52314774743.5872
IDA only,IDX,1993,40274096464.7137
IDA only,IDX,1992,35712040864.9091
IDA only,IDX,1991,35588416494.7018
IDA only,IDX,1990,33307029389.2883
IDA total,IDA,2024,670943996185.579
IDA total,IDA,2023,628533892214.108
IDA total,IDA,2022,633443520498.867
IDA total,IDA,2021,537660744865.583
IDA total,IDA,2020,437223434350.948
IDA total,IDA,2019,495097204366.908
IDA total,IDA,2018,479886164174.515
IDA total,IDA,2017,441443359341.511
IDA total,IDA,2016,389237235378.336
IDA total,IDA,2015,396088192197.065
IDA total,IDA,2014,436059441752.668
IDA total,IDA,2013,418507634397.265
IDA total,IDA,2012,406262338131.492
IDA total,IDA,2011,424281495636.884
IDA total,IDA,2010,366256456026.034
IDA total,IDA,2009,309367535086.846
IDA total,IDA,2008,351193885932.676
IDA total,IDA,2007,291438304899.065
IDA total,IDA,2006,248818116074.123
IDA total,IDA,2005,213444397004.739
IDA total,IDA,2004,179244877796.555
IDA total,IDA,2003,147870692135.66
IDA total,IDA,2002,132413330285.866
IDA total,IDA,2001,124945396707.983
IDA total,IDA,2000,124218736088.864
IDA total,IDA,1999,111453430251.131
IDA total,IDA,1998,110870296351.089
IDA total,IDA,1997,112673872493.362
IDA total,IDA,1996,110767284253.802
IDA total,IDA,1995,108332698826.966
IDA total,IDA,1994,100432942892.519
IDA total,IDA,1993,85322851215.8046
IDA total,IDA,1992,79007229974.5257
IDA total,IDA,1991,76188168731.5931
IDA total,IDA,1990,71083897903.8122
IDA total,IDA,1989,64583344789.6162
IDA total,IDA,1988,59700353781.6574
IDA total,IDA,1987,57001866000.494
IDA total,IDA,1986,53840655846.6176
IDA total,IDA,1985,50528990629.702
IDA total,IDA,1984,50868540014.2808
IDA total,IDA,1983,47516478773.1013
IDA total,IDA,1982,47501982442.8082
IDA total,IDA,1981,50958151453.3078
IDA total,IDA,1980,52715387653.8467
Late-demographic dividend,LTE,2024,9144844353436.73
Late-demographic dividend,LTE,2023,8547536489007.84
Late-demographic dividend,LTE,2022,8893665927407.78
Late-demographic dividend,LTE,2021,7992409897802.5
Late-demographic dividend,LTE,2020,6257391192360.99
Late-demographic dividend,LTE,2019,6504222891390.62
Late-demographic dividend,LTE,2018,6546306368441.98
Late-demographic dividend,LTE,2017,5889448009301.06
Late-demographic dividend,LTE,2016,5247671479052.95
Late-demographic dividend,LTE,2015,5477088037957.13
Late-demographic dividend,LTE,2014,6052570247087.79
Late-demographic dividend,LTE,2013,5934826411655.43
Late-demographic dividend,LTE,2012,5640458422327.6
Late-demographic dividend,LTE,2011,5364753586014.51
Late-demographic dividend,LTE,2010,4368977211391.33
Late-demographic dividend,LTE,2009,3492195245182.23
Late-demographic dividend,LTE,2008,4327772644393.03
Late-demographic dividend,LTE,2007,3571036948595.72
Late-demographic dividend,LTE,2006,2935640648127.0
Late-demographic dividend,LTE,2005,2399692855242.03
Late-demographic dividend,LTE,2004,1948259310631.29
Late-demographic dividend,LTE,2003,1513210562996.52
Late-demographic dividend,LTE,2002,1227094152253.75
Late-demographic dividend,LTE,2001,1110127774810.57
Late-demographic dividend,LTE,2000,1078417872354.15
Late-demographic dividend,LTE,1999,902769706502.925
Late-demographic dividend,LTE,1998,854281194669.801
Late-demographic dividend,LTE,1997,869524340286.897
Late-demographic dividend,LTE,1996,807550039785.706
Late-demographic dividend,LTE,1995,766659529210.705
Late-demographic dividend,LTE,1994,642512959815.875
Late-demographic dividend,LTE,1993,609335464657.203
Late-demographic dividend,LTE,1992,727232357254.029
Late-demographic dividend,LTE,1991,416833428412.099
Late-demographic dividend,LTE,1990,430193641145.205
Late-demographic dividend,LTE,1989,424803052618.615
Late-demographic dividend,LTE,1988,392844417623.634
Late-demographic dividend,LTE,1987,327330341340.609
Late-demographic dividend,LTE,1986,266908346556.372
Late-demographic dividend,LTE,1985,267131181502.247
Late-demographic dividend,LTE,1984,266595460013.457
Late-demographic dividend,LTE,1983,238573153356.138
Late-demographic dividend,LTE,1982,231635055907.541
Late-demographic dividend,LTE,1981,254560983963.403
Late-demographic dividend,LTE,1980,251613913445.294
Late-demographic dividend,LTE,1979,196873154455.112
Late-demographic dividend,LTE,1978,145024887205.698
Late-demographic dividend,LTE,1977,126742010448.034
Late-demographic dividend,LTE,1976,110293975272.832
Late-demographic dividend,LTE,1975,99502161121.1406
Late-demographic dividend,LTE,1974,100324230435.684
Late-demographic dividend,LTE,1973,66049015633.8037
Late-demographic dividend,LTE,1972,45098997779.1097
Late-demographic dividend,LTE,1971,37515531704.4496
Late-demographic dividend,LTE,1970,33859477877.8081
Latin America & Caribbean,LCN,2024,1824161655828.58
Latin America & Caribbean,LCN,2023,1742663641102.53
Latin America & Caribbean,LCN,2022,1727414106815.76
Latin America & Caribbean,LCN,2021,1463610591816.56
Latin America & Caribbean,LCN,2020,1156995631247.31
Latin America & Caribbean,LCN,2019,1353793051863.96
Latin America & Caribbean,LCN,2018,1369119969325.17
Latin America & Caribbean,LCN,2017,1278929738608.64
Latin America & Caribbean,LCN,2016,1163052425492.97
Latin America & Caribbean,LCN,2015,1188337686462.22
Latin America & Caribbean,LCN,2014,1351549853571.99
Latin America & Caribbean,LCN,2013,1350750248377.02
Latin America & Caribbean,LCN,2012,1378737095118.06
Latin America & Caribbean,LCN,2011,1364260127816.52
Latin America & Caribbean,LCN,2010,1164507586258.29
Latin America & Caribbean,LCN,2009,898148535088.455
Latin America & Caribbean,LCN,2008,1116845396033.6
Latin America & Caribbean,LCN,2007,971992082672.193
Latin America & Caribbean,LCN,2006,865407848989.946
Latin America & Caribbean,LCN,2005,740334943709.06
Latin America & Caribbean,LCN,2004,622598078796.915
Latin America & Caribbean,LCN,2003,518367239489.317
Latin America & Caribbean,LCN,2002,474133302048.65
Latin America & Caribbean,LCN,2001,467448151639.581
Latin America & Caribbean,LCN,2000,473874715226.307
Latin America & Caribbean,LCN,1999,402136518420.255
Latin America & Caribbean,LCN,1998,381601736358.848
Latin America & Caribbean,LCN,1997,377128225755.304
Latin America & Caribbean,LCN,1996,344160106700.984
Latin America & Caribbean,LCN,1995,312581595586.612
Latin America & Caribbean,LCN,1994,263366726739.526
Latin America & Caribbean,LCN,1993,223188709254.956
Latin America & Caribbean,LCN,1992,212100383581.168
Latin America & Caribbean,LCN,1991,199288726971.529
Latin America & Caribbean,LCN,1990,196827153873.689
Latin America & Caribbean,LCN,1989,175439936744.975
Latin America & Caribbean,LCN,1988,161500668753.722
Latin America & Caribbean,LCN,1987,133149094094.824
Latin America & Caribbean,LCN,1986,122780841068.175
Latin America & Caribbean,LCN,1985,133497812856.828
Latin America & Caribbean,LCN,1984,135156601811.174
Latin America & Caribbean,LCN,1983,125356731444.633
Latin America & Caribbean,LCN,1982,121497905796.277
Latin America & Caribbean,LCN,1981,127477684743.925
Latin America & Caribbean,LCN,1980,117276436517.477
Latin America & Caribbean,LCN,1979,94509957501.8669
Latin America & Caribbean,LCN,1978,76744993601.2298
Latin America & Caribbean,LCN,1977,68618109691.6747
Latin America & Caribbean,LCN,1976,59302806463.7475
Latin America & Caribbean,LCN,1975,51372442201.5602
Latin America & Caribbean,LCN,1974,55206635759.7467
Latin America & Caribbean,LCN,1973,38122258286.4435
Latin America & Caribbean,LCN,1972,27325307295.9333
Latin America & Caribbean,LCN,1971,23364752596.197
Latin America & Caribbean,LCN,1970,21651551887.6574
Latin America & Caribbean,LCN,1969,19889309545.763
Latin America & Caribbean,LCN,1968,17619923095.2465
Latin America & Caribbean,LCN,1967,16646728239.4127
Latin America & Caribbean,LCN,1966,16516456845.0603
Latin America & Caribbean,LCN,1965,15498327507.1248
Latin America & Caribbean,LCN,1964,14003241637.719
Latin America & Caribbean,LCN,1963,14877159040.7735
Latin America & Caribbean,LCN,1962,11834233532.7142
Latin America & Caribbean,LCN,1961,11789966871.9992
Latin America & Caribbean,LCN,1960,11199659656.4844
Latin America & Caribbean (excluding high income),LAC,2024,1487828320365.08
Latin America & Caribbean (excluding high income),LAC,2023,1424486302448.31
Latin America & Caribbean (excluding high income),LAC,2022,1418816892323.13
Latin America & Caribbean (excluding high income),LAC,2021,1193967454315.76
Latin America & Caribbean (excluding high income),LAC,2020,932679896795.815
Latin America & Caribbean (excluding high income),LAC,2019,1080864209692.64
Latin America & Caribbean (excluding high income),LAC,2018,1084678136852.38
Latin America & Caribbean (excluding high income),LAC,2017,999855918952.632
Latin America & Caribbean (excluding high income),LAC,2016,902014148611.774
Latin America & Caribbean (excluding high income),LAC,2015,914337775181.106
Latin America & Caribbean (excluding high income),LAC,2014,1021092651025.25
Latin America & Caribbean (excluding high income),LAC,2013,1031464896041.92
Latin America & Caribbean (excluding high income),LAC,2012,1029324142485.77
Latin America & Caribbean (excluding high income),LAC,2011,1014585944703.62
Latin America & Caribbean (excluding high income),LAC,2010,827993848159.633
Latin America & Caribbean (excluding high income),LAC,2009,645043490874.082
Latin America & Caribbean (excluding high income),LAC,2008,798005840272.037
Latin America & Caribbean (excluding high income),LAC,2007,693693557389.114
Latin America & Caribbean (excluding high income),LAC,2006,610221547065.271
Latin America & Caribbean (excluding high income),LAC,2005,522849157262.017
Latin America & Caribbean (excluding high income),LAC,2004,442563860553.737
Latin America & Caribbean (excluding high income),LAC,2003,370482394006.841
Latin America & Caribbean (excluding high income),LAC,2002,341682186581.571
Latin America & Caribbean (excluding high income),LAC,2001,334883011101.018
Latin America & Caribbean (excluding high income),LAC,2000,341470879914.747
Latin America & Caribbean (excluding high income),LAC,1999,291379873476.936
Latin America & Caribbean (excluding high income),LAC,1998,279046043251.275
Latin America & Caribbean (excluding high income),LAC,1997,273742238883.304
Latin America & Caribbean (excluding high income),LAC,1996,247263752427.395
Latin America & Caribbean (excluding high income),LAC,1995,221695936258.427
Latin America & Caribbean (excluding high income),LAC,1994,185340827040.817
Latin America & Caribbean (excluding high income),LAC,1993,154514270919.643
Latin America & Caribbean (excluding high income),LAC,1992,143212558141.47
Latin America & Caribbean (excluding high income),LAC,1991,132947121576.639
Latin America & Caribbean (excluding high income),LAC,1990,132739743376.428
Latin America & Caribbean (excluding high income),LAC,1989,120783019796.373
Latin America & Caribbean (excluding high income),LAC,1988,114350243766.63
Latin America & Caribbean (excluding high income),LAC,1987,93442356896.1874
Latin America & Caribbean (excluding high income),LAC,1986,83272814295.7906
Latin America & Caribbean (excluding high income),LAC,1985,93755238156.2607
Latin America & Caribbean (excluding high income),LAC,1984,96288534148.9035
Latin America & Caribbean (excluding high income),LAC,1983,86915087960.1929
Latin America & Caribbean (excluding high income),LAC,1982,81822989508.5867
Latin America & Caribbean (excluding high income),LAC,1981,83063381970.2207
Latin America & Caribbean (excluding high income),LAC,1980,74392164184.6378
Latin America & Caribbean (excluding high income),LAC,1979,61171276462.8707
Latin America & Caribbean (excluding high income),LAC,1978,52525937311.2756
Latin America & Caribbean (excluding high income),LAC,1977,45370819649.1126
Latin America & Caribbean (excluding high income),LAC,1976,38756399967.0166
Latin America & Caribbean (excluding high income),LAC,1975,32357039704.8652
Latin America & Caribbean (excluding high income),LAC,1974,32646181916.1828
Latin America & Caribbean (excluding high income),LAC,1973,25153481404.9853
Latin America & Caribbean (excluding high income),LAC,1972,18255596697.9919
Latin America & Caribbean (excluding high income),LAC,1971,14732395873.1722
Latin America & Caribbean (excluding high income),LAC,1970,13760363860.8218
Latin America & Caribbean (excluding high income),LAC,1969,12437411475.3565
Latin America & Caribbean (excluding high income),LAC,1968,10854655616.4451
Latin America & Caribbean (excluding high income),LAC,1967,10076561212.762
Latin America & Caribbean (excluding high income),LAC,1966,10037174503.0358
Latin America & Caribbean (excluding high income),LAC,1965,9375790031.98039
Latin America & Caribbean (excluding high income),LAC,1964,8254180508.86472
Latin America & Caribbean (excluding high income),LAC,1963,8515482111.15971
Latin America & Caribbean (excluding high income),LAC,1962,5985768120.45404
Latin America & Caribbean (excluding high income),LAC,1961,6512407853.39614
Latin America & Caribbean (excluding high income),LAC,1960,6360160833.48987
Latin America & the Caribbean (IDA & IBRD countries),TLA,2024,1728249656588.81
Latin America & the Caribbean (IDA & IBRD countries),TLA,2023,1650125781019.47
Latin America & the Caribbean (IDA & IBRD countries),TLA,2022,1640064087751.38
Latin America & the Caribbean (IDA & IBRD countries),TLA,2021,1383296631789.34
Latin America & the Caribbean (IDA & IBRD countries),TLA,2020,1078857193373.36
Latin America & the Caribbean (IDA & IBRD countries),TLA,2019,1266138790090.66
Latin America & the Caribbean (IDA & IBRD countries),TLA,2018,1283260172105.18
Latin America & the Caribbean (IDA & IBRD countries),TLA,2017,1183008516030.69
Latin America & the Caribbean (IDA & IBRD countries),TLA,2016,1067443626595.04
Latin America & the Caribbean (IDA & IBRD countries),TLA,2015,1093498462144.99
Latin America & the Caribbean (IDA & IBRD countries),TLA,2014,1259760718207.17
Latin America & the Caribbean (IDA & IBRD countries),TLA,2013,1258543484368.57
Latin America & the Caribbean (IDA & IBRD countries),TLA,2012,1289810308208.01
Latin America & the Caribbean (IDA & IBRD countries),TLA,2011,1260051542419.55
Latin America & the Caribbean (IDA & IBRD countries),TLA,2010,1069284219588.63
Latin America & the Caribbean (IDA & IBRD countries),TLA,2009,809173471856.506
Latin America & the Caribbean (IDA & IBRD countries),TLA,2008,1014223458979.91
Latin America & the Caribbean (IDA & IBRD countries),TLA,2007,878564190213.525
Latin America & the Caribbean (IDA & IBRD countries),TLA,2006,775678562884.59
Latin America & the Caribbean (IDA & IBRD countries),TLA,2005,655650872298.379
Latin America & the Caribbean (IDA & IBRD countries),TLA,2004,545997348978.027
Latin America & the Caribbean (IDA & IBRD countries),TLA,2003,445856928821.697
Latin America & the Caribbean (IDA & IBRD countries),TLA,2002,412313763117.732
Latin America & the Caribbean (IDA & IBRD countries),TLA,2001,405957895114.094
Latin America & the Caribbean (IDA & IBRD countries),TLA,2000,420469005074.422
Latin America & the Caribbean (IDA & IBRD countries),TLA,1999,353658028458.286
Latin America & the Caribbean (IDA & IBRD countries),TLA,1998,339017018163.366
Latin America & the Caribbean (IDA & IBRD countries),TLA,1997,341002896869.821
Latin America & the Caribbean (IDA & IBRD countries),TLA,1996,310062661698.713
Latin America & the Caribbean (IDA & IBRD countries),TLA,1995,277819866219.788
Latin America & the Caribbean (IDA & IBRD countries),TLA,1994,231788415393.453
Latin America & the Caribbean (IDA & IBRD countries),TLA,1993,195092323909.18
Latin America & the Caribbean (IDA & IBRD countries),TLA,1992,182135302386.359
Latin America & the Caribbean (IDA & IBRD countries),TLA,1991,167592663965.865
Latin America & the Caribbean (IDA & IBRD countries),TLA,1990,163702696391.314
Latin America & the Caribbean (IDA & IBRD countries),TLA,1989,145947479286.915
Latin America & the Caribbean (IDA & IBRD countries),TLA,1988,134413278564.445
Latin America & the Caribbean (IDA & IBRD countries),TLA,1987,109175078644.449
Latin America & the Caribbean (IDA & IBRD countries),TLA,1986,100138884384.009
Latin America & the Caribbean (IDA & IBRD countries),TLA,1985,111820089719.325
Latin America & the Caribbean (IDA & IBRD countries),TLA,1984,115054071002.547
Latin America & the Caribbean (IDA & IBRD countries),TLA,1983,106702369367.682
Latin America & the Caribbean (IDA & IBRD countries),TLA,1982,103030696316.207
Latin America & the Caribbean (IDA & IBRD countries),TLA,1981,110104341777.283
Latin America & the Caribbean (IDA & IBRD countries),TLA,1980,101185701453.057
Latin America & the Caribbean (IDA & IBRD countries),TLA,1979,79980552442.0054
Latin America & the Caribbean (IDA & IBRD countries),TLA,1978,64374264793.8855
Latin America & the Caribbean (IDA & IBRD countries),TLA,1977,57942417395.9238
Latin America & the Caribbean (IDA & IBRD countries),TLA,1976,50109430480.8607
Latin America & the Caribbean (IDA & IBRD countries),TLA,1975,42802195679.6499
Latin America & the Caribbean (IDA & IBRD countries),TLA,1974,46898309753.0019
Latin America & the Caribbean (IDA & IBRD countries),TLA,1973,31517406880.4411
Latin America & the Caribbean (IDA & IBRD countries),TLA,1972,22054512288.2743
Latin America & the Caribbean (IDA & IBRD countries),TLA,1971,18760802511.7589
Latin America & the Caribbean (IDA & IBRD countries),TLA,1970,17623239293.6106
Latin America & the Caribbean (IDA & IBRD countries),TLA,1969,16188865506.1944
Latin America & the Caribbean (IDA & IBRD countries),TLA,1968,14341702740.4655
Latin America & the Caribbean (IDA & IBRD countries),TLA,1967,13549572646.8509
Latin America & the Caribbean (IDA & IBRD countries),TLA,1966,13443538494.3017
Latin America & the Caribbean (IDA & IBRD countries),TLA,1965,12614834064.8279
Latin America & the Caribbean (IDA & IBRD countries),TLA,1964,11397911777.7906
Latin America & the Caribbean (IDA & IBRD countries),TLA,1963,12109235178.3852
Latin America & the Caribbean (IDA & IBRD countries),TLA,1962,9632451774.61773
Latin America & the Caribbean (IDA & IBRD countries),TLA,1961,9596421010.70037
Latin America & the Caribbean (IDA & IBRD countries),TLA,1960,9115941580.41557
Least developed countries: UN classification,LDC,2024,322195371494.164
Least developed countries: UN classification,LDC,2023,316184299898.914
Least developed countries: UN classification,LDC,2022,331252964411.356
Least developed countries: UN classification,LDC,2021,272351778574.124
Least developed countries: UN classification,LDC,2020,212362005427.523
Least developed countries: UN classification,LDC,2019,238864139992.739
Least developed countries: UN classification,LDC,2018,233563680587.429
Least developed countries: UN classification,LDC,2017,200738115375.484
Least developed countries: UN classification,LDC,2016,175544201383.688
Least developed countries: UN classification,LDC,2015,190381227643.182
Least developed countries: UN classification,LDC,2014,243577548067.641
Least developed countries: UN classification,LDC,2013,242332035638.724
Least developed countries: UN classification,LDC,2012,236909639697.758
Least developed countries: UN classification,LDC,2011,234126955044.269
Least developed countries: UN classification,LDC,2010,193043196705.911
Least developed countries: UN classification,LDC,2009,157612746373.479
Least developed countries: UN classification,LDC,2008,203419881430.576
Least developed countries: UN classification,LDC,2007,156640499320.683
Least developed countries: UN classification,LDC,2006,124163517637.209
Least developed countries: UN classification,LDC,2005,99383997326.9223
Least developed countries: UN classification,LDC,2004,71390303967.5845
Least developed countries: UN classification,LDC,2003,55684808414.6962
Least developed countries: UN classification,LDC,2002,49382306296.9137
Least developed countries: UN classification,LDC,2001,45936846808.0635
Least developed countries: UN classification,LDC,2000,45487815930.9229
Least developed countries: UN classification,LDC,1999,38602426020.3033
Least developed countries: UN classification,LDC,1998,36565398074.2324
Least developed countries: UN classification,LDC,1997,36457660016.7804
Least developed countries: UN classification,LDC,1996,35710070592.3623
Least developed countries: UN classification,LDC,1995,40631982843.8036
Least developed countries: UN classification,LDC,1994,42478131534.2346
Low & middle income,LMY,2024,9651217652391.19
Low & middle income,LMY,2023,9100794811551.74
Low & middle income,LMY,2022,9427890913439.63
Low & middle income,LMY,2021,8369889629911.63
Low & middle income,LMY,2020,6434140914908.88
Low & middle income,LMY,2019,6932768988282.75
Low & middle income,LMY,2018,7014233322018.07
Low & middle income,LMY,2017,6357412596177.59
Low & middle income,LMY,2016,5662576573340.64
Low & middle income,LMY,2015,5866650605288.94
Low & middle income,LMY,2014,6499459706964.35
Low & middle income,LMY,2013,6461610697273.33
Low & middle income,LMY,2012,6272197378532.21
Low & middle income,LMY,2011,6009116990877.22
Low & middle income,LMY,2010,4979068950533.17
Low & middle income,LMY,2009,3908387630133.16
Low & middle income,LMY,2008,4744440845439.99
Low & middle income,LMY,2007,3976636107267.21
Low & middle income,LMY,2006,3286470269523.41
Low & middle income,LMY,2005,2713762734251.0
Low & middle income,LMY,2004,2220126478051.8
Low & middle income,LMY,2003,1742231332953.55
Low & middle income,LMY,2002,1471775491394.75
Low & middle income,LMY,2001,1346715534100.26
Low & middle income,LMY,2000,1372630408389.82
Low & middle income,LMY,1999,1150468525016.51
Low & middle income,LMY,1998,1080174469099.2
Low & middle income,LMY,1997,1121616361323.65
Low & middle income,LMY,1996,1022191894075.99
Low & middle income,LMY,1995,929141397856.049
Low & middle income,LMY,1994,778062909617.487
Low & middle income,LMY,1993,659101136406.796
Low & middle income,LMY,1992,622696275113.115
Low & middle income,LMY,1991,571304736654.599
Low & middle income,LMY,1990,562804592221.523
Low & middle income,LMY,1989,502867846775.372
Low & middle income,LMY,1988,467765904090.746
Low & middle income,LMY,1987,404826100202.157
Low & middle income,LMY,1986,335164540417.935
Low & middle income,LMY,1985,370240473329.099
Low & middle income,LMY,1984,381587452144.001
Low & middle income,LMY,1983,360654235858.846
Low & middle income,LMY,1982,349908770843.955
Low & middle income,LMY,1981,353077765812.471
Low & middle income,LMY,1980,366267203585.04
Low & middle income,LMY,1979,299210482726.169
Low & middle income,LMY,1978,228343122340.029
Low & middle income,LMY,1977,210079530247.927
Low & middle income,LMY,1976,186247950354.67
Low & middle income,LMY,1975,160682274614.459
Low & middle income,LMY,1974,159738545237.95
Low & middle income,LMY,1973,101474511546.124
Low & middle income,LMY,1972,68361800648.2788
Low & middle income,LMY,1971,56905935915.6124
Low & middle income,LMY,1970,51814489426.908
Low & middle income,LMY,1969,47022074407.5659
Low & middle income,LMY,1968,42848324912.2812
Low & middle income,LMY,1967,39843818889.64
Low & middle income,LMY,1966,38713095938.9215
Low & middle income,LMY,1965,36581829714.7187
Low & middle income,LMY,1964,33920930807.3099
Low & middle income,LMY,1963,32223566634.4879
Low & middle income,LMY,1962,26750718944.7731
Low & middle income,LMY,1961,27869396138.8254
Low & middle income,LMY,1960,27419140625.7441
Low income,,2024,121766381042.683
Low income,,2023,104795137422.148
Low income,,2022,103846186039.727
Low income,,2021,87042348812.9662
Low income,,2020,68533174341.5358
Low income,,2019,72936315070.8897
Low income,,2018,75558812968.5594
Low income,,2017,66058053922.0341
Low income,,2016,58455730061.786
Low income,,2015,64517446636.5774
Low income,,2014,79237797107.9727
Low income,,2013,73190540795.0912
Low income,,2012,72186738450.9128
Low income,,2011,93834812382.4256
Low income,,2010,96740554201.3752
Low income,,2009,77431219840.825
Low income,,2008,99960069492.8347
Low income,,2007,79297560647.4215
Low income,,2006,63724055629.9091
Low income,,2005,55392139957.2386
Low income,,2004,43633465628.3689
Low income,,2003,32218104294.7734
Low income,,2002,30021815516.8502
Low income,,2001,26110758521.8313
Low income,,2000,27101835466.212
Low income,,1999,19913712281.7845
Low income,,1998,18880894046.5405
Low income,,1997,19010375029.3985
Low income,,1996,19281657346.7779
Low income,,1995,22268857662.8058
Low income,,1994,27573168584.5823
Low income,,1993,17595051935.5049
Low income,,1992,15384759855.7479
Low income,,1991,16412282416.7659
Lower middle income,,2024,2160205593254.35
Lower middle income,,2023,2038732059325.51
Lower middle income,,2022,2055367476665.61
Lower middle income,,2021,1753110862667.46
Lower middle income,,2020,1398536245206.93
Lower middle income,,2019,1522305962501.13
Lower middle income,,2018,1486800872899.34
Lower middle income,,2017,1347999182538.7
Lower middle income,,2016,1175547259334.34
Lower middle income,,2015,1156628837016.27
Lower middle income,,2014,1261484717797.52
Lower middle income,,2013,1244699433351.61
Lower middle income,,2012,1187193945396.9
Lower middle income,,2011,1155154065803.93
Lower middle income,,2010,970733932280.321
Lower middle income,,2009,777623806895.146
Lower middle income,,2008,865228288285.809
Lower middle income,,2007,724140191282.881
Lower middle income,,2006,594741895657.904
Lower middle income,,2005,490770558298.372
Lower middle income,,2004,398811448241.027
Lower middle income,,2003,315829779030.257
Lower middle income,,2002,271687764897.618
Lower middle income,,2001,251493260888.227
Lower middle income,,2000,250016406649.183
Lower middle income,,1999,227473470726.821
Lower middle income,,1998,212434019505.996
Lower middle income,,1997,216563824822.04
Lower middle income,,1996,201310490767.865
Lower middle income,,1995,182814851538.432
Lower middle income,,1994,151660787131.538
Lower middle income,,1993,134725972024.061
Lower middle income,,1992,128212704330.206
Lower middle income,,1991,116445853785.963
Lower middle income,,1990,109828978090.258
Lower middle income,,1989,98215043904.0709
Lower middle income,,1988,90916852588.6341
Lower middle income,,1987,81046554774.4345
Lower middle income,,1986,74188352113.1751
Lower middle income,,1985,71931280819.086
Lower middle income,,1984,73131803289.9805
Lower middle income,,1983,70038411156.9309
Lower middle income,,1982,70172888589.7904
Lower middle income,,1981,72086731554.7082
"Middle East, North Africa, Afghanistan & Pakistan",MEA,2023,2016772128554.45
"Middle East, North Africa, Afghanistan & Pakistan",MEA,2022,2122972066666.49
"Middle East, North Africa, Afghanistan & Pakistan",MEA,2021,1560256704074.33
"Middle East, North Africa, Afghanistan & Pakistan",MEA,2020,1138744817563.71
"Middle East, North Africa, Afghanistan & Pakistan",MEA,2019,1487791726018.97
"Middle East, North Africa, Afghanistan & Pakistan",MEA,2018,1575811008610.12
"Middle East, North Africa, Afghanistan & Pakistan",MEA,2017,1345575516855.42
"Middle East, North Africa, Afghanistan & Pakistan",MEA,2016,1182670793061.91
"Middle East, North Africa, Afghanistan & Pakistan",MEA,2015,1247153792769.19
"Middle East, North Africa, Afghanistan & Pakistan",MEA,2014,1663875915638.33
"Middle East, North Africa, Afghanistan & Pakistan",MEA,2013,1765987967207.32
"Middle East, North Africa, Afghanistan & Pakistan",MEA,2012,1793818164116.47
"Middle East, North Africa, Afghanistan & Pakistan",MEA,2011,1636255138789.46
"Middle East, North Africa, Afghanistan & Pakistan",MEA,2010,1268916229628.7
"Middle East, North Africa, Afghanistan & Pakistan",MEA,2009,1027665572675.49
"Middle East, North Africa, Afghanistan & Pakistan",MEA,2008,1407129822403.28
"Middle East, North Africa, Afghanistan & Pakistan",MEA,2007,1088092039754.13
"Middle East, North Africa, Afghanistan & Pakistan",MEA,2006,932161010116.638
"Middle East, North Africa, Afghanistan & Pakistan",MEA,2005,772801924676.953
"Middle East, North Africa, Afghanistan & Pakistan",MEA,2004,583495495428.009
"Middle East, North Africa, Afghanistan & Pakistan",MEA,2003,448369089451.888
"Middle East, North Africa, Afghanistan & Pakistan",MEA,2002,375449887028.203
"Middle East, North Africa, Afghanistan & Pakistan",MEA,2001,358658160570.561
"Middle East, North Africa, Afghanistan & Pakistan",MEA,2000,399383677372.333
"Middle East, North Africa, Afghanistan & Pakistan",MEA,1999,303142227106.367
"Middle East, North Africa, Afghanistan & Pakistan",MEA,1998,241623464011.227
"Middle East, North Africa, Afghanistan & Pakistan",MEA,1997,287025946442.725
"Middle East, North Africa, Afghanistan & Pakistan",MEA,1996,269470694546.807
"Middle East, North Africa, Afghanistan & Pakistan",MEA,1995,242131416590.336
"Middle East, North Africa, Afghanistan & Pakistan",MEA,1994,220998759757.222
"Middle East, North Africa, Afghanistan & Pakistan (excluding high income)",MNA,2024,540537798775.534
"Middle East, North Africa, Afghanistan & Pakistan (excluding high income)",MNA,2023,552025453966.35
"Middle East, North Africa, Afghanistan & Pakistan (excluding high income)",MNA,2022,579152650894.312
"Middle East, North Africa, Afghanistan & Pakistan (excluding high income)",MNA,2021,419748592188.17
"Middle East, North Africa, Afghanistan & Pakistan (excluding high income)",MNA,2020,292221176744.505
"Middle East, North Africa, Afghanistan & Pakistan (excluding high income)",MNA,2019,422148264016.077
"Middle East, North Africa, Afghanistan & Pakistan (excluding high income)",MNA,2018,470825296518.248
"Middle East, North Africa, Afghanistan & Pakistan (excluding high income)",MNA,2017,392393180202.406
"Middle East, North Africa, Afghanistan & Pakistan (excluding high income)",MNA,2016,332521231323.293
"Middle East, North Africa, Afghanistan & Pakistan (excluding high income)",MNA,2015,345871041061.477
"Middle East, North Africa, Afghanistan & Pakistan (excluding high income)",MNA,2014,454805272267.012
"Middle East, North Africa, Afghanistan & Pakistan (excluding high income)",MNA,2013,516218788399.456
"Middle East, North Africa, Afghanistan & Pakistan (excluding high income)",MNA,2012,558892717803.814
"Middle East, North Africa, Afghanistan & Pakistan (excluding high income)",MNA,2011,530745074128.805
"Middle East, North Africa, Afghanistan & Pakistan (excluding high income)",MNA,2010,469919275144.027
"Middle East, North Africa, Afghanistan & Pakistan (excluding high income)",MNA,2009,391508193837.438
"Middle East, North Africa, Afghanistan & Pakistan (excluding high income)",MNA,2008,515903951382.99
"Middle East, North Africa, Afghanistan & Pakistan (excluding high income)",MNA,2007,409753312161.602
"Middle East, North Africa, Afghanistan & Pakistan (excluding high income)",MNA,2006,343439257162.378
"Middle East, North Africa, Afghanistan & Pakistan (excluding high income)",MNA,2005,288185286045.62
"Middle East, North Africa, Afghanistan & Pakistan (excluding high income)",MNA,2004,222731959492.101
"Middle East, North Africa, Afghanistan & Pakistan (excluding high income)",MNA,2003,173438670691.753
"Middle East, North Africa, Afghanistan & Pakistan (excluding high income)",MNA,2002,154027607688.487
"Middle East, North Africa, Afghanistan & Pakistan (excluding high income)",MNA,2001,144586930081.213
"Middle East, North Africa, Afghanistan & Pakistan (excluding high income)",MNA,2000,159000105006.586
"Middle East, North Africa, Afghanistan & Pakistan (excluding high income)",MNA,1999,129666247871.471
"Middle East, North Africa, Afghanistan & Pakistan (excluding high income)",MNA,1998,102214457293.283
"Middle East, North Africa, Afghanistan & Pakistan (excluding high income)",MNA,1997,112982840560.118
"Middle East, North Africa, Afghanistan & Pakistan (excluding high income)",MNA,1996,102392857583.023
"Middle East, North Africa, Afghanistan & Pakistan (excluding high income)",MNA,1995,95393951176.6056
"Middle East, North Africa, Afghanistan & Pakistan (excluding high income)",MNA,1994,91692412817.8103
"Middle East, North Africa, Afghanistan & Pakistan (excluding high income)",MNA,1993,81804981461.8161
"Middle East, North Africa, Afghanistan & Pakistan (excluding high income)",MNA,1992,82975641787.295
"Middle East, North Africa, Afghanistan & Pakistan (excluding high income)",MNA,1991,82716387251.3009
"Middle East, North Africa, Afghanistan & Pakistan (excluding high income)",MNA,1990,92998341184.818
"Middle East, North Africa, Afghanistan & Pakistan (excluding high income)",MNA,1989,77342552669.4374
"Middle East, North Africa, Afghanistan & Pakistan (excluding high income)",MNA,1988,67731640581.4275
"Middle East, North Africa, Afghanistan & Pakistan (excluding high income)",MNA,1987,67648807914.1103
"Middle East, North Africa, Afghanistan & Pakistan (excluding high income)",MNA,1986,51894278597.7795
"Middle East, North Africa, Afghanistan & Pakistan (excluding high income)",MNA,1985,74471921224.9796
"Middle East, North Africa, Afghanistan & Pakistan (excluding high income)",MNA,1984,77631839119.9225
"Middle East, North Africa, Afghanistan & Pakistan (excluding high income)",MNA,1983,80312632268.3599
"Middle East, North Africa, Afghanistan & Pakistan (excluding high income)",MNA,1982,80832536148.8759
"Middle East, North Africa, Afghanistan & Pakistan (excluding high income)",MNA,1981,73672991197.0284
"Middle East, North Africa, Afghanistan & Pakistan (excluding high income)",MNA,1980,97534217454.4715
"Middle East, North Africa, Afghanistan & Pakistan (excluding high income)",MNA,1979,87436206748.9297
"Middle East, North Africa, Afghanistan & Pakistan (excluding high income)",MNA,1978,58651978540.9095
"Middle East, North Africa, Afghanistan & Pakistan (excluding high income)",MNA,1977,62146561953.1488
"Middle East, North Africa, Afghanistan & Pakistan (excluding high income)",MNA,1976,59484968823.6906
"Middle East, North Africa, Afghanistan & Pakistan (excluding high income)",MNA,1975,49968303406.4312
"Middle East, North Africa, Afghanistan & Pakistan (excluding high income)",MNA,1974,50104475189.672
"Middle East, North Africa, Afghanistan & Pakistan (excluding high income)",MNA,1973,22544447811.5163
"Middle East, North Africa, Afghanistan & Pakistan (excluding high income)",MNA,1972,13106513991.6547
"Middle East, North Africa, Afghanistan & Pakistan (excluding high income)",MNA,1971,11386984667.1832
"Middle East, North Africa, Afghanistan & Pakistan (excluding high income)",MNA,1970,9225131919.03967
"Middle East, North Africa, Afghanistan & Pakistan (excluding high income)",MNA,1969,8114522318.14822
"Middle East, North Africa, Afghanistan & Pakistan (excluding high income)",MNA,1968,7065482216.72937
"Middle East, North Africa, Afghanistan & Pakistan (excluding high income)",MNA,1967,6646957891.3721
"Middle East, North Africa, Afghanistan & Pakistan (excluding high income)",MNA,1966,6135223617.85475
"Middle East, North Africa, Afghanistan & Pakistan (excluding high income)",MNA,1965,5754745841.17036
"Middle East, North Africa, Afghanistan & Pakistan (IDA & IBRD)",TMN,2024,537645585565.469
"Middle East, North Africa, Afghanistan & Pakistan (IDA & IBRD)",TMN,2023,548851182560.735
"Middle East, North Africa, Afghanistan & Pakistan (IDA & IBRD)",TMN,2022,575612307557.125
"Middle East, North Africa, Afghanistan & Pakistan (IDA & IBRD)",TMN,2021,416606176180.065
"Middle East, North Africa, Afghanistan & Pakistan (IDA & IBRD)",TMN,2020,289835405609.744
"Middle East, North Africa, Afghanistan & Pakistan (IDA & IBRD)",TMN,2019,419489951650.717
"Middle East, North Africa, Afghanistan & Pakistan (IDA & IBRD)",TMN,2018,468229178419.487
"Middle East, North Africa, Afghanistan & Pakistan (IDA & IBRD)",TMN,2017,389857962183.845
"Middle East, North Africa, Afghanistan & Pakistan (IDA & IBRD)",TMN,2016,330314670873.671
"Middle East, North Africa, Afghanistan & Pakistan (IDA & IBRD)",TMN,2015,343627411309.979
"Middle East, North Africa, Afghanistan & Pakistan (IDA & IBRD)",TMN,2014,452594117945.813
"Middle East, North Africa, Afghanistan & Pakistan (IDA & IBRD)",TMN,2013,514111315697.186
"Middle East, North Africa, Afghanistan & Pakistan (IDA & IBRD)",TMN,2012,557029029634.822
"Middle East, North Africa, Afghanistan & Pakistan (IDA & IBRD)",TMN,2011,528952523236.339
"Middle East, North Africa, Afghanistan & Pakistan (IDA & IBRD)",TMN,2010,468559938200.09
"Middle East, North Africa, Afghanistan & Pakistan (IDA & IBRD)",TMN,2009,390381577361.554
"Middle East, North Africa, Afghanistan & Pakistan (IDA & IBRD)",TMN,2008,514750519127.783
"Middle East, North Africa, Afghanistan & Pakistan (IDA & IBRD)",TMN,2007,408695014382.147
"Middle East, North Africa, Afghanistan & Pakistan (IDA & IBRD)",TMN,2006,342710987771.904
"Middle East, North Africa, Afghanistan & Pakistan (IDA & IBRD)",TMN,2005,287467838104.276
"Middle East, North Africa, Afghanistan & Pakistan (IDA & IBRD)",TMN,2004,222139364836.055
"Middle East, North Africa, Afghanistan & Pakistan (IDA & IBRD)",TMN,2003,172926421825.187
"Middle East, North Africa, Afghanistan & Pakistan (IDA & IBRD)",TMN,2002,153552168656.84
"Middle East, North Africa, Afghanistan & Pakistan (IDA & IBRD)",TMN,2001,143971839199.156
"Middle East, North Africa, Afghanistan & Pakistan (IDA & IBRD)",TMN,2000,158114248698.286
"Middle East, North Africa, Afghanistan & Pakistan (IDA & IBRD)",TMN,1999,128913698410.69
"Middle East, North Africa, Afghanistan & Pakistan (IDA & IBRD)",TMN,1998,101478115761.768
"Middle East, North Africa, Afghanistan & Pakistan (IDA & IBRD)",TMN,1997,112331751897.435
"Middle East, North Africa, Afghanistan & Pakistan (IDA & IBRD)",TMN,1996,101846507241.539
"Middle East, North Africa, Afghanistan & Pakistan (IDA & IBRD)",TMN,1995,94831075693.3371
"Middle East, North Africa, Afghanistan & Pakistan (IDA & IBRD)",TMN,1994,91279233289.8515
"Middle East, North Africa, Afghanistan & Pakistan (IDA & IBRD)",TMN,1993,81436356156.9914
"Middle East, North Africa, Afghanistan & Pakistan (IDA & IBRD)",TMN,1992,82601741314.4841
"Middle East, North Africa, Afghanistan & Pakistan (IDA & IBRD)",TMN,1991,82343655017.6442
"Middle East, North Africa, Afghanistan & Pakistan (IDA & IBRD)",TMN,1990,92579276951.1388
"Middle East, North Africa, Afghanistan & Pakistan (IDA & IBRD)",TMN,1989,76994035726.5298
"Middle East, North Africa, Afghanistan & Pakistan (IDA & IBRD)",TMN,1988,67426431825.0725
"Middle East, North Africa, Afghanistan & Pakistan (IDA & IBRD)",TMN,1987,67343972413.964
"Middle East, North Africa, Afghanistan & Pakistan (IDA & IBRD)",TMN,1986,51660435329.0087
"Middle East, North Africa, Afghanistan & Pakistan (IDA & IBRD)",TMN,1985,74136339770.5024
"Middle East, North Africa, Afghanistan & Pakistan (IDA & IBRD)",TMN,1984,77282018609.6271
"Middle East, North Africa, Afghanistan & Pakistan (IDA & IBRD)",TMN,1983,79950731708.9787
"Middle East, North Africa, Afghanistan & Pakistan (IDA & IBRD)",TMN,1982,80468292825.9734
"Middle East, North Africa, Afghanistan & Pakistan (IDA & IBRD)",TMN,1981,73341009839.0224
"Middle East, North Africa, Afghanistan & Pakistan (IDA & IBRD)",TMN,1980,97094713893.7162
"Middle East, North Africa, Afghanistan & Pakistan (IDA & IBRD)",TMN,1979,87042206312.8979
"Middle East, North Africa, Afghanistan & Pakistan (IDA & IBRD)",TMN,1978,58387684080.085
"Middle East, North Africa, Afghanistan & Pakistan (IDA & IBRD)",TMN,1977,61866520384.3541
"Middle East, North Africa, Afghanistan & Pakistan (IDA & IBRD)",TMN,1976,59216920785.866
"Middle East, North Africa, Afghanistan & Pakistan (IDA & IBRD)",TMN,1975,49743138865.7685
"Middle East, North Africa, Afghanistan & Pakistan (IDA & IBRD)",TMN,1974,49878697038.8819
"Middle East, North Africa, Afghanistan & Pakistan (IDA & IBRD)",TMN,1973,22442859206.5424
"Middle East, North Africa, Afghanistan & Pakistan (IDA & IBRD)",TMN,1972,13047454107.6596
"Middle East, North Africa, Afghanistan & Pakistan (IDA & IBRD)",TMN,1971,11335673235.7891
"Middle East, North Africa, Afghanistan & Pakistan (IDA & IBRD)",TMN,1970,9183562114.79382
"Middle East, North Africa, Afghanistan & Pakistan (IDA & IBRD)",TMN,1969,8077957084.47196
"Middle East, North Africa, Afghanistan & Pakistan (IDA & IBRD)",TMN,1968,7033644112.38251
"Middle East, North Africa, Afghanistan & Pakistan (IDA & IBRD)",TMN,1967,6617005719.32733
"Middle East, North Africa, Afghanistan & Pakistan (IDA & IBRD)",TMN,1966,6107577395.87798
"Middle East, North Africa, Afghanistan & Pakistan (IDA & IBRD)",TMN,1965,5728814108.13916
Middle income,MIC,2024,9536831060397.51
Middle income,MIC,2023,9000984850781.24
Middle income,MIC,2022,9328348351178.23
Middle income,MIC,2021,8285918091746.65
Middle income,MIC,2020,6368132719295.62
Middle income,MIC,2019,6862432160572.12
Middle income,MIC,2018,6941540139342.61
Middle income,MIC,2017,6293628172070.17
Middle income,MIC,2016,5606088266001.33
Middle income,MIC,2015,5804771442471.96
Middle income,MIC,2014,6424302555349.54
Middle income,MIC,2013,6391646307487.58
Middle income,MIC,2012,6203311228052.44
Middle income,MIC,2011,5922394546244.25
Middle income,MIC,2010,4891184325039.68
Middle income,MIC,2009,3838141584036.38
Middle income,MIC,2008,4654147975963.97
Middle income,MIC,2007,3904292025941.94
Middle income,MIC,2006,3228029211562.54
Middle income,MIC,2005,2663441976626.9
Middle income,MIC,2004,2180215055066.38
Middle income,MIC,2003,1712418932226.82
Middle income,MIC,2002,1444500233579.05
Middle income,MIC,2001,1322777858363.62
Middle income,MIC,2000,1347865659480.83
Middle income,MIC,1999,1131813691953.82
Middle income,MIC,1998,1062521484841.62
Middle income,MIC,1997,1103732379765.05
Middle income,MIC,1996,1004420094993.27
Middle income,MIC,1995,909416509174.25
Middle income,MIC,1994,754809753888.881
Middle income,MIC,1993,643478107416.892
Middle income,MIC,1992,608813175554.623
Middle income,MIC,1991,556896656085.678
Middle income,MIC,1990,549286518975.101
Middle income,MIC,1989,490779290373.995
Middle income,MIC,1988,457848509222.295
Middle income,MIC,1987,395193886050.65
Middle income,MIC,1986,327093098481.226
Middle income,MIC,1985,361891594285.363
Middle income,MIC,1984,372246957602.02
Middle income,MIC,1983,351690893327.502
Middle income,MIC,1982,340792241840.795
Middle income,MIC,1981,343288387774.493
Middle income,MIC,1980,355736382333.491
Middle income,MIC,1979,290284450691.71
Middle income,MIC,1978,221358224772.669
Middle income,MIC,1977,203823360826.995
Middle income,MIC,1976,180236096313.169
Middle income,MIC,1975,155140638845.303
Middle income,MIC,1974,154607015064.261
Middle income,MIC,1973,97764118373.4628
Middle income,MIC,1972,65202825461.0677
Middle income,MIC,1971,54096513365.7696
Middle income,MIC,1970,49143409788.3397
Middle income,MIC,1969,44612853457.7486
Middle income,MIC,1968,40705835897.0097
Middle income,MIC,1967,37866900319.5998
Middle income,MIC,1966,36769319438.1847
Middle income,MIC,1965,34778227202.2573
Middle income,MIC,1964,32312495223.5879
Middle income,MIC,1963,30698160171.6685
Middle income,MIC,1962,25415908536.7986
Middle income,MIC,1961,26687767406.4792
Middle income,MIC,1960,26297073196.1291
North America,NAC,2024,3926235266717.01
North America,NAC,2023,3781584551191.63
North America,NAC,2022,3764835132319.73
North America,NAC,2021,3189400095309.72
North America,NAC,2020,2642376011642.93
North America,NAC,2019,3107374259614.78
North America,NAC,2018,3099528499178.03
North America,NAC,2017,2910493528219.71
North America,NAC,2016,2720319379980.24
North America,NAC,2015,2769694780357.73
North America,NAC,2014,2954909656253.85
North America,NAC,2013,2851367980443.0
North America,NAC,2012,2775886329782.69
North America,NAC,2011,2669344411962.44
North America,NAC,2010,2332353724163.28
North America,NAC,2009,1977617277977.67
North America,NAC,2008,2372859423843.0
North America,NAC,2007,2165194170684.02
North America,NAC,2006,1940025319698.94
North America,NAC,2005,1736458203184.33
North America,NAC,2004,1561860308829.72
North America,NAC,2003,1367290473853.49
North America,NAC,2002,1304569886771.71
North America,NAC,2001,1339414928008.51
North America,NAC,2000,1427432125792.13
North America,NAC,1999,1278749043050.92
North America,NAC,1998,1208510138634.65
North America,NAC,1997,1205310544975.56
North America,NAC,1996,1103128633314.92
North America,NAC,1995,1033042801936.18
North America,NAC,1994,912370247287.722
North America,NAC,1993,824741925347.272
North America,NAC,1992,789918681739.851
North America,NAC,1991,745178517562.428
North America,NAC,1990,702349597449.244
North America,NAC,1989,647290144884.781
North America,NAC,1988,578144573230.03
North America,NAC,1987,477262307502.318
North America,NAC,1986,423895479199.961
North America,NAC,1985,404668644148.345
North America,NAC,1984,402616591739.615
North America,NAC,1983,362730266306.494
North America,NAC,1982,363002556140.507
North America,NAC,1981,386863955067.083
North America,NAC,1980,356871802509.727
North America,NAC,1979,294767816272.561
North America,NAC,1978,241044732290.478
North America,NAC,1977,207851486311.981
North America,NAC,1976,194738567515.816
North America,NAC,1975,177264330526.529
North America,NAC,1974,165506726808.434
North America,NAC,1973,125346122425.674
North America,NAC,1972,95050446037.1589
North America,NAC,1971,83997419568.6472
North America,NAC,1970,79088275715.6494
OECD members,OED,2024,19162632639351.4
OECD members,OED,2023,18699519463073.4
OECD members,OED,2022,18522667859336.0
OECD members,OED,2021,16594802322343.9
OECD members,OED,2020,13618546728203.3
OECD members,OED,2019,15095850459627.9
OECD members,OED,2018,15270295527975.1
OECD members,OED,2017,14033183151201.4
OECD members,OED,2016,12890755227531.7
OECD members,OED,2015,12938725749310.7
OECD members,OED,2014,14291405722626.5
OECD members,OED,2013,13892363136351.2
OECD members,OED,2012,13493409559908.8
OECD members,OED,2011,13564590472999.9
OECD members,OED,2010,11687477703015.1
OECD members,OED,2009,10224587447727.9
OECD members,OED,2008,12611047894949.4
OECD members,OED,2007,11360687916925.7
OECD members,OED,2006,9860282670654.22
OECD members,OED,2005,8756813137299.9
OECD members,OED,2004,7970757287468.68
OECD members,OED,2003,6681055657660.01
OECD members,OED,2002,5832074872427.75
OECD members,OED,2001,5615581360195.84
OECD members,OED,2000,5782731484492.52
OECD members,OED,1999,5371903319234.89
OECD members,OED,1998,5223686736452.89
OECD members,OED,1997,5155431275473.64
OECD members,OED,1996,4999302693516.43
OECD members,OED,1995,4814308641723.8
OECD members,OED,1994,4050682002707.21
OECD members,OED,1993,3632163823991.29
OECD members,OED,1992,3718836772090.93
OECD members,OED,1991,3460342226917.36
OECD members,OED,1990,3315855712093.07
OECD members,OED,1989,2850029197796.6
OECD members,OED,1988,2648474184210.48
OECD members,OED,1987,2301497131637.34
OECD members,OED,1986,1957922521003.31
OECD members,OED,1985,1682129447842.4
OECD members,OED,1984,1636056713351.78
OECD members,OED,1983,1540471590859.36
OECD members,OED,1982,1549014237705.96
OECD members,OED,1981,1627804290653.08
OECD members,OED,1980,1627816047362.24
OECD members,OED,1979,1380273385520.11
OECD members,OED,1978,1126985338040.38
OECD members,OED,1977,940588663251.453
OECD members,OED,1976,827444687218.793
OECD members,OED,1975,749219902735.36
OECD members,OED,1974,695204035294.406
OECD members,OED,1973,528955478134.548
OECD members,OED,1972,396567353310.289
OECD members,OED,1971,335227593328.769
OECD members,OED,1970,300142741038.03
Other small states,OSS,2024,159646259616.122
Other small states,OSS,2023,153248652063.833
Other small states,OSS,2022,152251773754.788
Other small states,OSS,2021,130591265679.742
Other small states,OSS,2020,98182854687.1468
Other small states,OSS,2019,111074094149.279
Other small states,OSS,2018,108797926801.866
Other small states,OSS,2017,97029839998.0746
Other small states,OSS,2016,85228024855.1208
Other small states,OSS,2015,83180871318.5648
Other small states,OSS,2014,94608473924.7635
Other small states,OSS,2013,91185349022.535
Other small states,OSS,2012,85942893250.2667
Other small states,OSS,2011,86661928250.847
Other small states,OSS,2010,69483437401.7271
Other small states,OSS,2009,60477433951.3368
Other small states,OSS,2008,74546436524.4036
Other small states,OSS,2007,65045990276.8231
Other small states,OSS,2006,54191727181.1397
Other small states,OSS,2005,47652555091.0334
Other small states,OSS,2004,42046636144.2108
Other small states,OSS,2003,35260542086.6707
Other small states,OSS,2002,30021589011.9194
Other small states,OSS,2001,28663988850.9607
Other small states,OSS,2000,28244353440.9035
Other small states,OSS,1999,26653275642.111
Other small states,OSS,1998,25791633267.6266
Other small states,OSS,1997,25120815797.1363
Other small states,OSS,1996,25262455173.4834
Other small states,OSS,1995,23992983931.7805
Other small states,OSS,1994,17983291501.3488
Other small states,OSS,1993,16643170498.8308
Post-demographic dividend,PST,2024,18221379363807.2
Post-demographic dividend,PST,2023,17781017508677.4
Post-demographic dividend,PST,2022,17703460621159.7
Post-demographic dividend,PST,2021,15999829192770.9
Post-demographic dividend,PST,2020,13110715380715.3
Post-demographic dividend,PST,2019,14646035849456.4
Post-demographic dividend,PST,2018,14911734973466.8
Post-demographic dividend,PST,2017,13719195158265.0
Post-demographic dividend,PST,2016,12621281477474.5
Post-demographic dividend,PST,2015,12706581276741.8
Post-demographic dividend,PST,2014,14134856032333.5
Post-demographic dividend,PST,2013,13813909711327.0
Post-demographic dividend,PST,2012,13439173093297.7
Post-demographic dividend,PST,2011,13482640791270.5
Post-demographic dividend,PST,2010,11589766276393.2
Post-demographic dividend,PST,2009,10074450964896.5
Post-demographic dividend,PST,2008,12429572901681.4
Post-demographic dividend,PST,2007,11182728044913.4
Post-demographic dividend,PST,2006,9732554264972.81
Post-demographic dividend,PST,2005,8656607782433.67
Post-demographic dividend,PST,2004,7882439088765.11
Post-demographic dividend,PST,2003,6604528446489.41
Post-demographic dividend,PST,2002,5759974376567.3
Post-demographic dividend,PST,2001,5550508459712.73
Post-demographic dividend,PST,2000,5743953852491.19
Post-demographic dividend,PST,1999,5335752421664.27
Post-demographic dividend,PST,1998,5202540580651.83
Post-demographic dividend,PST,1997,5206698315894.26
Post-demographic dividend,PST,1996,5077660318915.22
Post-demographic dividend,PST,1995,4910375865978.85
Post-demographic dividend,PST,1994,4147613959471.73
Post-demographic dividend,PST,1993,3716125261929.8
Post-demographic dividend,PST,1992,3780902403264.08
Post-demographic dividend,PST,1991,3512623433867.17
Post-demographic dividend,PST,1990,3359587459149.87
Post-demographic dividend,PST,1989,2902401223106.85
Post-demographic dividend,PST,1988,2694407631752.7
Post-demographic dividend,PST,1987,2338474240182.41
Post-demographic dividend,PST,1986,1983023830821.4
Post-demographic dividend,PST,1985,1700202022826.56
Post-demographic dividend,PST,1984,1654262965051.92
Post-demographic dividend,PST,1983,1554550836270.08
Post-demographic dividend,PST,1982,1566169040447.08
Post-demographic dividend,PST,1981,1644825514786.32
Post-demographic dividend,PST,1980,1643146146995.99
Post-demographic dividend,PST,1979,1392873491303.05
Post-demographic dividend,PST,1978,1136680932380.57
Post-demographic dividend,PST,1977,949512055591.75
Post-demographic dividend,PST,1976,836638961596.169
Post-demographic dividend,PST,1975,756613643530.78
Post-demographic dividend,PST,1974,700861011552.379
Post-demographic dividend,PST,1973,532229566935.925
Post-demographic dividend,PST,1972,398851271294.974
Post-demographic dividend,PST,1971,337694293287.789
Post-demographic dividend,PST,1970,301550218714.435
Pre-demographic dividend,PRE,2024,450052877208.433
Pre-demographic dividend,PRE,2023,428947244763.675
Pre-demographic dividend,PRE,2022,473468668541.839
Pre-demographic dividend,PRE,2021,356317900782.203
Pre-demographic dividend,PRE,2020,255657674760.914
Pre-demographic dividend,PRE,2019,332460446575.875
Pre-demographic dividend,PRE,2018,345160430253.656
Pre-demographic dividend,PRE,2017,270755940327.219
Pre-demographic dividend,PRE,2016,222725199949.118
Pre-demographic dividend,PRE,2015,260035707615.097
Pre-demographic dividend,PRE,2014,377436473410.616
Pre-demographic dividend,PRE,2013,388385991413.509
Pre-demographic dividend,PRE,2012,396587302907.514
Pre-demographic dividend,PRE,2011,378709604689.575
Pre-demographic dividend,PRE,2010,299922453802.55
Pre-demographic dividend,PRE,2009,243872712006.809
Pre-demographic dividend,PRE,2008,332039700918.614
Pre-demographic dividend,PRE,2007,238610277880.978
Pre-demographic dividend,PRE,2006,188677747276.291
Pre-demographic dividend,PRE,2005,153494274709.437
Pre-demographic dividend,PRE,2004,114361711662.833
Pre-demographic dividend,PRE,2003,89311260383.6542
Pre-demographic dividend,PRE,2002,90056113318.1796
Pre-demographic dividend,PRE,2001,84018693727.5118
Pre-demographic dividend,PRE,2000,106094094775.508
Pre-demographic dividend,PRE,1999,88440528860.2292
Pre-demographic dividend,PRE,1998,68405866586.9371
Pre-demographic dividend,PRE,1997,63852351797.6511
Pre-demographic dividend,PRE,1996,42549057280.1974
Pre-demographic dividend,PRE,1995,40564553531.9165
Pre-demographic dividend,PRE,1994,33029437758.3759
Pre-demographic dividend,PRE,1993,32108014949.6572
Pre-demographic dividend,PRE,1992,32401042847.8479
Pre-demographic dividend,PRE,1991,34116520996.2815
Pre-demographic dividend,PRE,1990,62817540378.2812
Small states,SST,2024,232739574750.041
Small states,SST,2023,223109414772.462
Small states,SST,2022,220124432463.722
Small states,SST,2021,187115231210.369
Small states,SST,2020,141143605386.718
Small states,SST,2019,164203070627.53
Small states,SST,2018,160803327483.305
Small states,SST,2017,143435286351.09
Small states,SST,2016,127099887023.815
Small states,SST,2015,124655190191.227
Small states,SST,2014,140422416155.71
Small states,SST,2013,135699566277.687
Small states,SST,2012,128294880007.878
Small states,SST,2011,128360141676.011
Small states,SST,2010,103682863484.414
Small states,SST,2009,90326308779.4146
Small states,SST,2008,110813346989.543
Small states,SST,2007,97426779766.4372
Small states,SST,2006,81966402172.3186
Small states,SST,2005,72696271886.3984
Small states,SST,2004,64484705751.4429
Small states,SST,2003,54715106828.3197
Small states,SST,2002,47599638066.9016
Small states,SST,2001,45053978266.0436
Small states,SST,2000,44968194334.4255
Small states,SST,1999,42394352806.3948
Small states,SST,1998,40580755868.5193
Small states,SST,1997,39818655675.0052
Small states,SST,1996,38947152459.4346
Small states,SST,1995,36953044236.1746
Small states,SST,1994,28677911809.3718
Small states,SST,1993,26599289592.166
South Asia,SAS,2024,904021274701.366
South Asia,SAS,2023,863913671173.291
South Asia,SAS,2022,861887568366.232
South Asia,SAS,2021,743836201545.891
South Asia,SAS,2020,556574706603.116
South Asia,SAS,2019,601932257521.004
South Asia,SAS,2018,606556260033.457
South Asia,SAS,2017,561326671463.586
South Asia,SAS,2016,499813729725.642
South Asia,SAS,2015,473881608848.748
South Asia,SAS,2014,526369709104.127
South Asia,SAS,2013,526455728361.391
South Asia,SAS,2012,498903849715.886
South Asia,SAS,2011,496352801221.317
South Asia,SAS,2010,413452049762.098
South Asia,SAS,2009,306173545156.711
South Asia,SAS,2008,321539964895.893
South Asia,SAS,2007,281624597362.085
South Asia,SAS,2006,224820522445.819
South Asia,SAS,2005,182571122170.123
South Asia,SAS,2004,144491354159.239
South Asia,SAS,2003,106781249253.864
South Asia,SAS,2002,88352573327.9798
South Asia,SAS,2001,76532911112.8766
South Asia,SAS,2000,76329110290.462
South Asia,SAS,1999,66279221556.2391
South Asia,SAS,1998,60018693400.9988
South Asia,SAS,1997,57209350221.0942
South Asia,SAS,1996,51981965752.4407
South Asia,SAS,1995,49680072693.0666
South Asia,SAS,1994,40738022018.0981
South Asia,SAS,1993,35151722650.3561
South Asia,SAS,1992,32008062009.2529
South Asia,SAS,1991,28489291286.769
South Asia,SAS,1990,27749354167.996
South Asia,SAS,1989,25059062492.1847
South Asia,SAS,1988,21922460050.2256
South Asia,SAS,1987,19189691346.0648
South Asia,SAS,1986,16160904303.9076
South Asia,SAS,1985,15498864697.4914
South Asia,SAS,1984,16219006087.1646
South Asia,SAS,1983,15558719482.3461
South Asia,SAS,1982,14741406982.026
South Asia,SAS,1981,14370276661.3639
South Asia,SAS,1980,14157690700.4379
South Asia,SAS,1979,12811071127.067
South Asia,SAS,1978,10679466759.9674
South Asia,SAS,1977,10128290080.5211
South Asia,SAS,1976,8670570782.18668
South Asia,SAS,1975,7411179604.86727
South Asia,SAS,1974,6372821576.45261
South Asia,SAS,1973,4962631705.80388
South Asia,SAS,1972,3918629433.77601
South Asia,SAS,1971,3703733484.93061
South Asia,SAS,1970,3789485534.20034
South Asia,SAS,1969,3324532749.27682
South Asia,SAS,1968,3237542460.87087
South Asia,SAS,1967,3180997218.12874
South Asia,SAS,1966,3036420076.76608
South Asia,SAS,1965,3081109747.49988
South Asia,SAS,1964,3066926092.94279
South Asia,SAS,1963,3022047877.09532
South Asia,SAS,1962,2793638493.81823
South Asia,SAS,1961,2693573249.63231
South Asia,SAS,1960,2586856980.20398
South Asia (IDA & IBRD),TSA,2024,904021274701.366
South Asia (IDA & IBRD),TSA,2023,863913671173.291
South Asia (IDA & IBRD),TSA,2022,861887568366.232
South Asia (IDA & IBRD),TSA,2021,743836201545.891
South Asia (IDA & IBRD),TSA,2020,556574706603.116
South Asia (IDA & IBRD),TSA,2019,601932257521.004
South Asia (IDA & IBRD),TSA,2018,606556260033.457
South Asia (IDA & IBRD),TSA,2017,561326671463.586
South Asia (IDA & IBRD),TSA,2016,499813729725.642
South Asia (IDA & IBRD),TSA,2015,473881608848.748
South Asia (IDA & IBRD),TSA,2014,526369709104.127
South Asia (IDA & IBRD),TSA,2013,526455728361.391
South Asia (IDA & IBRD),TSA,2012,498903849715.886
South Asia (IDA & IBRD),TSA,2011,496352801221.317
South Asia (IDA & IBRD),TSA,2010,413452049762.098
South Asia (IDA & IBRD),TSA,2009,306173545156.711
South Asia (IDA & IBRD),TSA,2008,321539964895.893
South Asia (IDA & IBRD),TSA,2007,281624597362.085
South Asia (IDA & IBRD),TSA,2006,224820522445.819
South Asia (IDA & IBRD),TSA,2005,182571122170.123
South Asia (IDA & IBRD),TSA,2004,144491354159.239
South Asia (IDA & IBRD),TSA,2003,106781249253.864
South Asia (IDA & IBRD),TSA,2002,88352573327.9798
South Asia (IDA & IBRD),TSA,2001,76532911112.8766
South Asia (IDA & IBRD),TSA,2000,76329110290.462
South Asia (IDA & IBRD),TSA,1999,66279221556.2391
South Asia (IDA & IBRD),TSA,1998,60018693400.9988
South Asia (IDA & IBRD),TSA,1997,57209350221.0942
South Asia (IDA & IBRD),TSA,1996,51981965752.4407
South Asia (IDA & IBRD),TSA,1995,49680072693.0666
South Asia (IDA & IBRD),TSA,1994,40738022018.0981
South Asia (IDA & IBRD),TSA,1993,35151722650.3561
South Asia (IDA & IBRD),TSA,1992,32008062009.2529
South Asia (IDA & IBRD),TSA,1991,28489291286.769
South Asia (IDA & IBRD),TSA,1990,27749354167.996
South Asia (IDA & IBRD),TSA,1989,25059062492.1847
South Asia (IDA & IBRD),TSA,1988,21922460050.2256
South Asia (IDA & IBRD),TSA,1987,19189691346.0648
South Asia (IDA & IBRD),TSA,1986,16160904303.9076
South Asia (IDA & IBRD),TSA,1985,15498864697.4914
South Asia (IDA & IBRD),TSA,1984,16219006087.1646
South Asia (IDA & IBRD),TSA,1983,15558719482.3461
South Asia (IDA & IBRD),TSA,1982,14741406982.026
South Asia (IDA & IBRD),TSA,1981,14370276661.3639
South Asia (IDA & IBRD),TSA,1980,14157690700.4379
South Asia (IDA & IBRD),TSA,1979,12811071127.067
South Asia (IDA & IBRD),TSA,1978,10679466759.9674
South Asia (IDA & IBRD),TSA,1977,10128290080.5211
South Asia (IDA & IBRD),TSA,1976,8670570782.18668
South Asia (IDA & IBRD),TSA,1975,7411179604.86727
South Asia (IDA & IBRD),TSA,1974,6372821576.45261
South Asia (IDA & IBRD),TSA,1973,4962631705.80388
South Asia (IDA & IBRD),TSA,1972,3918629433.77601
South Asia (IDA & IBRD),TSA,1971,3703733484.93061
South Asia (IDA & IBRD),TSA,1970,3789485534.20034
South Asia (IDA & IBRD),TSA,1969,3324532749.27682
South Asia (IDA & IBRD),TSA,1968,3237542460.87087
South Asia (IDA & IBRD),TSA,1967,3180997218.12874
South Asia (IDA & IBRD),TSA,1966,3036420076.76608
South Asia (IDA & IBRD),TSA,1965,3081109747.49988
South Asia (IDA & IBRD),TSA,1964,3066926092.94279
South Asia (IDA & IBRD),TSA,1963,3022047877.09532
South Asia (IDA & IBRD),TSA,1962,2793638493.81823
South Asia (IDA & IBRD),TSA,1961,2693573249.63231
South Asia (IDA & IBRD),TSA,1960,2586856980.20398
Sub-Saharan Africa,SSF,2024,560269492776.537
Sub-Saharan Africa,SSF,2023,529577799783.775
Sub-Saharan Africa,SSF,2022,564432419776.114
Sub-Saharan Africa,SSF,2021,492314018558.878
Sub-Saharan Africa,SSF,2020,368367337241.921
Sub-Saharan Africa,SSF,2019,425979482853.462
Sub-Saharan Africa,SSF,2018,440104361519.906
Sub-Saharan Africa,SSF,2017,393140701793.043
Sub-Saharan Africa,SSF,2016,334805791939.553
Sub-Saharan Africa,SSF,2015,361540716502.607
Sub-Saharan Africa,SSF,2014,457416585183.72
Sub-Saharan Africa,SSF,2013,466807215776.926
Sub-Saharan Africa,SSF,2012,472123462522.337
Sub-Saharan Africa,SSF,2011,482822307901.656
Sub-Saharan Africa,SSF,2010,402609994718.526
Sub-Saharan Africa,SSF,2009,319498814370.02
Sub-Saharan Africa,SSF,2008,407154827467.365
Sub-Saharan Africa,SSF,2007,335642841996.804
Sub-Saharan Africa,SSF,2006,274499947934.229
Sub-Saharan Africa,SSF,2005,230732651480.678
Sub-Saharan Africa,SSF,2004,185247490131.719
Sub-Saharan Africa,SSF,2003,147935899389.833
Sub-Saharan Africa,SSF,2002,122563331470.436
Sub-Saharan Africa,SSF,2001,115053515865.489
Sub-Saharan Africa,SSF,2000,118885984706.125
Sub-Saharan Africa,SSF,1999,108658242726.636
Sub-Saharan Africa,SSF,1998,108949740546.343
Sub-Saharan Africa,SSF,1997,115215464261.4
Sub-Saharan Africa,SSF,1996,114354154223.922
Sub-Saharan Africa,SSF,1995,107323950656.483
Sub-Saharan Africa,SSF,1994,91471345260.1191
Sub-Saharan Africa,SSF,1993,87777872735.9415
Sub-Saharan Africa,SSF,1992,86030892509.9706
Sub-Saharan Africa,SSF,1991,84833769939.4794
Sub-Saharan Africa,SSF,1990,87334863271.9497
Sub-Saharan Africa,SSF,1989,79479714223.7176
Sub-Saharan Africa,SSF,1988,78435701937.0903
Sub-Saharan Africa,SSF,1987,76273105809.0
Sub-Saharan Africa,SSF,1986,64915455234.4344
Sub-Saharan Africa,SSF,1985,59838004213.5975
Sub-Saharan Africa,SSF,1984,61745481676.6233
Sub-Saharan Africa,SSF,1983,62161313661.5707
Sub-Saharan Africa,SSF,1982,62040541547.1409
Sub-Saharan Africa,SSF,1981,68707699312.5412
Sub-Saharan Africa,SSF,1980,80375771596.3224
Sub-Saharan Africa,SSF,1979,59124350348.9668
Sub-Saharan Africa,SSF,1978,46656209660.2631
Sub-Saharan Africa,SSF,1977,40413421389.9338
Sub-Saharan Africa,SSF,1976,34003649159.192
Sub-Saharan Africa,SSF,1975,32699281114.2931
Sub-Saharan Africa,SSF,1974,31472425865.6651
Sub-Saharan Africa,SSF,1973,22732826383.5521
Sub-Saharan Africa,SSF,1972,17165789605.9311
Sub-Saharan Africa,SSF,1971,14504427891.5669
Sub-Saharan Africa,SSF,1970,13687934333.1545
Sub-Saharan Africa,SSF,1969,12864262555.5091
Sub-Saharan Africa,SSF,1968,12269028362.0653
Sub-Saharan Africa,SSF,1967,10967118510.3591
Sub-Saharan Africa (excluding high income),SSA,2024,549328233325.115
Sub-Saharan Africa (excluding high income),SSA,2023,517742618514.618
Sub-Saharan Africa (excluding high income),SSA,2022,551232615459.295
Sub-Saharan Africa (excluding high income),SSA,2021,481936134737.818
Sub-Saharan Africa (excluding high income),SSA,2020,359589715269.804
Sub-Saharan Africa (excluding high income),SSA,2019,416274919303.696
Sub-Saharan Africa (excluding high income),SSA,2018,430799698529.402
Sub-Saharan Africa (excluding high income),SSA,2017,385097875139.862
Sub-Saharan Africa (excluding high income),SSA,2016,327484056447.77
Sub-Saharan Africa (excluding high income),SSA,2015,353777131559.949
Sub-Saharan Africa (excluding high income),SSA,2014,448986371170.415
Sub-Saharan Africa (excluding high income),SSA,2013,459182275964.53
Sub-Saharan Africa (excluding high income),SSA,2012,464666892292.761
Sub-Saharan Africa (excluding high income),SSA,2011,476275884237.781
Sub-Saharan Africa (excluding high income),SSA,2010,397111935763.971
Sub-Saharan Africa (excluding high income),SSA,2009,314908207094.76
Sub-Saharan Africa (excluding high income),SSA,2008,401527884951.825
Sub-Saharan Africa (excluding high income),SSA,2007,330822889809.547
Sub-Saharan Africa (excluding high income),SSA,2006,270388501562.008
Sub-Saharan Africa (excluding high income),SSA,2005,227278253293.917
Sub-Saharan Africa (excluding high income),SSA,2004,182413854868.718
Sub-Saharan Africa (excluding high income),SSA,2003,145490911624.598
Sub-Saharan Africa (excluding high income),SSA,2002,120505126700.287
Sub-Saharan Africa (excluding high income),SSA,2001,113103729107.01
Sub-Saharan Africa (excluding high income),SSA,2000,116985713220.569
Sub-Saharan Africa (excluding high income),SSA,1999,107349067676.736
Sub-Saharan Africa (excluding high income),SSA,1998,107672531883.124
Sub-Saharan Africa (excluding high income),SSA,1997,113889485082.298
Sub-Saharan Africa (excluding high income),SSA,1996,112996528351.95
Sub-Saharan Africa (excluding high income),SSA,1995,106168869300.189
Sub-Saharan Africa (excluding high income),SSA,1994,90478910735.4614
Sub-Saharan Africa (excluding high income),SSA,1993,86821329953.3488
Sub-Saharan Africa (excluding high income),SSA,1992,85096847888.8642
Sub-Saharan Africa (excluding high income),SSA,1991,83910270586.1713
Sub-Saharan Africa (excluding high income),SSA,1990,86374123601.9699
Sub-Saharan Africa (excluding high income),SSA,1989,78633163894.5377
Sub-Saharan Africa (excluding high income),SSA,1988,77603517340.5051
Sub-Saharan Africa (excluding high income),SSA,1987,75478117071.7339
Sub-Saharan Africa (excluding high income),SSA,1986,64239586664.4964
Sub-Saharan Africa (excluding high income),SSA,1985,59196850036.7555
Sub-Saharan Africa (excluding high income),SSA,1984,61089112373.6653
Sub-Saharan Africa (excluding high income),SSA,1983,61509740413.6894
Sub-Saharan Africa (excluding high income),SSA,1982,61398434276.5287
Sub-Saharan Africa (excluding high income),SSA,1981,67996344212.2977
Sub-Saharan Africa (excluding high income),SSA,1980,79541621057.7799
Sub-Saharan Africa (excluding high income),SSA,1979,58501679385.9882
Sub-Saharan Africa (excluding high income),SSA,1978,46168272255.394
Sub-Saharan Africa (excluding high income),SSA,1977,39994094330.4097
Sub-Saharan Africa (excluding high income),SSA,1976,33651896592.6334
Sub-Saharan Africa (excluding high income),SSA,1975,32361021652.7062
Sub-Saharan Africa (excluding high income),SSA,1974,31146857673.7852
Sub-Saharan Africa (excluding high income),SSA,1973,22497665445.733
Sub-Saharan Africa (excluding high income),SSA,1972,16988217177.6713
Sub-Saharan Africa (excluding high income),SSA,1971,14354386061.8375
Sub-Saharan Africa (excluding high income),SSA,1970,13546338764.6897
Sub-Saharan Africa (excluding high income),SSA,1969,12731187503.7816
Sub-Saharan Africa (excluding high income),SSA,1968,12142110742.273
Sub-Saharan Africa (excluding high income),SSA,1967,10853668566.6278
Sub-Saharan Africa (excluding high income),SSA,1966,10303523456.7159
Sub-Saharan Africa (excluding high income),SSA,1965,9651149360.20936
Sub-Saharan Africa (IDA & IBRD countries),TSS,2024,560269492776.538
Sub-Saharan Africa (IDA & IBRD countries),TSS,2023,529577799783.775
Sub-Saharan Africa (IDA & IBRD countries),TSS,2022,564432419776.114
Sub-Saharan Africa (IDA & IBRD countries),TSS,2021,492314018558.878
Sub-Saharan Africa (IDA & IBRD countries),TSS,2020,368367337241.921
Sub-Saharan Africa (IDA & IBRD countries),TSS,2019,425979482853.462
Sub-Saharan Africa (IDA & IBRD countries),TSS,2018,440104361519.906
Sub-Saharan Africa (IDA & IBRD countries),TSS,2017,393140701793.043
Sub-Saharan Africa (IDA & IBRD countries),TSS,2016,334805791939.553
Sub-Saharan Africa (IDA & IBRD countries),TSS,2015,361540716502.607
Sub-Saharan Africa (IDA & IBRD countries),TSS,2014,457416585183.72
Sub-Saharan Africa (IDA & IBRD countries),TSS,2013,466807215776.926
Sub-Saharan Africa (IDA & IBRD countries),TSS,2012,472123462522.337
Sub-Saharan Africa (IDA & IBRD countries),TSS,2011,482822307901.656
Sub-Saharan Africa (IDA & IBRD countries),TSS,2010,402609994718.526
Sub-Saharan Africa (IDA & IBRD countries),TSS,2009,319498814370.02
Sub-Saharan Africa (IDA & IBRD countries),TSS,2008,407154827467.365
Sub-Saharan Africa (IDA & IBRD countries),TSS,2007,335642841996.804
Sub-Saharan Africa (IDA & IBRD countries),TSS,2006,274499947934.229
Sub-Saharan Africa (IDA & IBRD countries),TSS,2005,230732651480.678
Sub-Saharan Africa (IDA & IBRD countries),TSS,2004,185247490131.719
Sub-Saharan Africa (IDA & IBRD countries),TSS,2003,147935899389.833
Sub-Saharan Africa (IDA & IBRD countries),TSS,2002,122563331470.436
Sub-Saharan Africa (IDA & IBRD countries),TSS,2001,115053515865.489
Sub-Saharan Africa (IDA & IBRD countries),TSS,2000,118885984706.125
Sub-Saharan Africa (IDA & IBRD countries),TSS,1999,108658242726.636
Sub-Saharan Africa (IDA & IBRD countries),TSS,1998,108949740546.343
Sub-Saharan Africa (IDA & IBRD countries),TSS,1997,115215464261.4
Sub-Saharan Africa (IDA & IBRD countries),TSS,1996,114354154223.922
Sub-Saharan Africa (IDA & IBRD countries),TSS,1995,107323950656.483
Sub-Saharan Africa (IDA & IBRD countries),TSS,1994,91471345260.1191
Sub-Saharan Africa (IDA & IBRD countries),TSS,1993,87777872735.9415
Sub-Saharan Africa (IDA & IBRD countries),TSS,1992,86030892509.9706
Sub-Saharan Africa (IDA & IBRD countries),TSS,1991,84833769939.4794
Sub-Saharan Africa (IDA & IBRD countries),TSS,1990,87334863271.9497
Sub-Saharan Africa (IDA & IBRD countries),TSS,1989,79479714223.7175
Sub-Saharan Africa (IDA & IBRD countries),TSS,1988,78435701937.0903
Sub-Saharan Africa (IDA & IBRD countries),TSS,1987,76273105809.0
Sub-Saharan Africa (IDA & IBRD countries),TSS,1986,64915455234.4344
Sub-Saharan Africa (IDA & IBRD countries),TSS,1985,59838004213.5975
Sub-Saharan Africa (IDA & IBRD countries),TSS,1984,61745481676.6232
Sub-Saharan Africa (IDA & IBRD countries),TSS,1983,62161313661.5706
Sub-Saharan Africa (IDA & IBRD countries),TSS,1982,62040541547.1408
Sub-Saharan Africa (IDA & IBRD countries),TSS,1981,68707699312.5412
Sub-Saharan Africa (IDA & IBRD countries),TSS,1980,80375771596.3224
Sub-Saharan Africa (IDA & IBRD countries),TSS,1979,59124350348.9668
Sub-Saharan Africa (IDA & IBRD countries),TSS,1978,46656209660.2631
Sub-Saharan Africa (IDA & IBRD countries),TSS,1977,40413421389.9338
Sub-Saharan Africa (IDA & IBRD countries),TSS,1976,34003649159.192
Sub-Saharan Africa (IDA & IBRD countries),TSS,1975,32699281114.293
Sub-Saharan Africa (IDA & IBRD countries),TSS,1974,31472425865.665
Sub-Saharan Africa (IDA & IBRD countries),TSS,1973,22732826383.5521
Sub-Saharan Africa (IDA & IBRD countries),TSS,1972,17165789605.9311
Sub-Saharan Africa (IDA & IBRD countries),TSS,1971,14504427891.5669
Sub-Saharan Africa (IDA & IBRD countries),TSS,1970,13687934333.1545
Sub-Saharan Africa (IDA & IBRD countries),TSS,1969,12864262555.5091
Sub-Saharan Africa (IDA & IBRD countries),TSS,1968,12269028362.0653
Sub-Saharan Africa (IDA & IBRD countries),TSS,1967,10967118510.3591
Upper middle income,,2024,7423018972287.46
Upper middle income,,2023,7006031124369.92
Upper middle income,,2022,7313472789320.17
Upper middle income,,2021,6562621686359.79
Upper middle income,,2020,4996849713721.77
Upper middle income,,2019,5370809153360.9
Upper middle income,,2018,5481192821511.17
Upper middle income,,2017,4969611155357.1
Upper middle income,,2016,4449727087724.5
Upper middle income,,2015,4663047935563.59
Upper middle income,,2014,5177519509597.02
Upper middle income,,2013,5160578582516.4
Upper middle income,,2012,5027263950917.71
Upper middle income,,2011,4780055035922.47
Upper middle income,,2010,3932705602517.72
Upper middle income,,2009,3071731502557.4
Upper middle income,,2008,3795600511876.44
Upper middle income,,2007,3185606559369.36
Upper middle income,,2006,2637439852277.17
Upper middle income,,2005,2176102140397.16
Upper middle income,,2004,1783959351082.73
Upper middle income,,2003,1398802037552.99
Upper middle income,,2002,1175097581948.36
Upper middle income,,2001,1073676821844.31
Upper middle income,,2000,1099593426637.46
Upper middle income,,1999,907748640996.93
Upper middle income,,1998,853163816230.376
Upper middle income,,1997,889908594079.452
Upper middle income,,1996,806150938231.232
Upper middle income,,1995,729425917652.801
Upper middle income,,1994,605483620005.315
Upper middle income,,1993,511491228259.157
Upper middle income,,1992,483299484887.354
Upper middle income,,1991,442827884754.946
Upper middle income,,1990,441262091816.477
Upper middle income,,1989,394181956192.063
Upper middle income,,1988,368445495565.859
Upper middle income,,1987,315451620332.901
Upper middle income,,1986,253893717686.105
Upper middle income,,1985,290787496048.74
Upper middle income,,1984,299943441897.913
Upper middle income,,1983,282460660464.862
Upper middle income,,1982,271464996028.409
Upper middle income,,1981,272091457099.691
Upper middle income,,1980,284139579497.994
Upper middle income,,1979,232039921117.144
Upper middle income,,1978,175248251483.492
Upper middle income,,1977,160855208350.778
Upper middle income,,1976,143813210742.813
Upper middle income,,1975,122403467225.271
Upper middle income,,1974,123440248272.17
Upper middle income,,1973,75873781472.3277
Upper middle income,,1972,48803019565.9288
Upper middle income,,1971,39556423390.2262
Upper middle income,,1970,35000964924.0487
Upper middle income,,1969,32237554512.4465
Upper middle income,,1968,29013530441.9369
Upper middle income,,1967,26685140022.9176
Upper middle income,,1966,26135950101.2744
Upper middle income,,1965,24318166871.0707
Upper middle income,,1964,22110305166.0413
Upper middle income,,1963,21265251524.7283
Upper middle income,,1962,17036228818.1563
Upper middle income,,1961,18286535483.1232
Upper middle income,,1960,18061980986.171
World,WLD,2024,32304427319056.2
World,WLD,2023,31117975107928.0
World,WLD,2022,31587982061384.7
World,WLD,2021,28115743339284.0
World,WLD,2020,22459690524075.7
World,WLD,2019,24800656062251.4
World,WLD,2018,25213924580555.8
World,WLD,2017,22995623824298.2
World,WLD,2016,20877738453966.4
World,WLD,2015,21270894146866.7
World,WLD,2014,23852441609184.8
World,WLD,2013,23459632641782.8
World,WLD,2012,22824730833337.9
World,WLD,2011,22481498269199.3
World,WLD,2010,19019104004405.4
World,WLD,2009,15956861386498.0
World,WLD,2008,19764169076311.5
World,WLD,2007,17305713745647.7
World,WLD,2006,14871522809011.3
World,WLD,2005,12931064636286.8
World,WLD,2004,11375949551606.7
World,WLD,2003,9364267888851.69
World,WLD,2002,8088895859792.6
World,WLD,2001,7705204104076.63
World,WLD,2000,7954309014510.57
World,WLD,1999,7171733536621.28
World,WLD,1998,6913870971915.69
World,WLD,1997,6994804595626.53
World,WLD,1996,6740552891559.68
World,WLD,1995,6451343360632.53
World,WLD,1994,5446800821492.07
World,WLD,1993,4915176080761.96
World,WLD,1992,5067100332305.24
World,WLD,1991,4481931529126.26
World,WLD,1990,4323819817559.44
World,WLD,1989,3778995528919.16
World,WLD,1988,3497220055106.93
World,WLD,1987,3040758648231.49
World,WLD,1986,2567683983874.4
World,WLD,1985,2296317236909.94
World,WLD,1984,2266435182118.63
World,WLD,1983,2141670614984.49
World,WLD,1982,2172984319049.03
World,WLD,1981,2314794298271.21
World,WLD,1980,2311849553986.55
World,WLD,1979,1912769394672.93
World,WLD,1978,1525369627943.42
World,WLD,1977,1305011589816.44
World,WLD,1976,1150736793850.47
World,WLD,1975,1032056660677.78
World,WLD,1974,970145894411.462
World,WLD,1973,702037718542.595
World,WLD,1972,512617793081.559
World,WLD,1971,432148857866.48
World,WLD,1970,385285688535.057
Afghanistan,AFG,2023,2890629761.30015
Afghanistan,AFG,2022,2664599570.76697
Afghanistan,AFG,2021,2045190335.08092
Afghanistan,AFG,2020,2079570874.83738
Afghanistan,AFG,1978,357777771.111111
Afghanistan,AFG,1977,344444451.111111
Afghanistan,AFG,1976,337777777.777778
Afghanistan,AFG,1975,300000006.666667
Afghanistan,AFG,1974,302222222.222222
Afghanistan,AFG,1973,224444437.777778
Afghanistan,AFG,1972,235555544.444444
Afghanistan,AFG,1971,199999988.888889
Afghanistan,AFG,1970,171111104.444444
Afghanistan,AFG,1969,142222222.222222
Afghanistan,AFG,1968,122222228.888889
Afghanistan,AFG,1967,113333340.0
Afghanistan,AFG,1966,120000000.0
Afghanistan,AFG,1965,113333340.0
Afghanistan,AFG,1964,71111144.4444444
Afghanistan,AFG,1963,68888922.2222222
Afghanistan,AFG,1962,26666680.0
Afghanistan,AFG,1961,24444455.5555556
Afghanistan,AFG,1960,22222233.3333333
Albania,ALB,2024,9813761313.74708
Albania,ALB,2023,9025058562.27334
Albania,ALB,2022,7073859741.47037
Albania,ALB,2021,5613909458.07573
Albania,ALB,2020,3435540416.01473
Albania,ALB,2019,4821429218.47484
Albania,ALB,2018,4785182304.44356
Albania,ALB,2017,4110301305.54485
Albania,ALB,2016,3437126544.898
Albania,ALB,2015,3104897798.78826
Albania,ALB,2014,3732057495.25976
Albania,ALB,2013,3694413300.33386
Albania,ALB,2012,3565050489.31975
Albania,ALB,2011,3769456501.7368
Albania,ALB,2010,3337086751.10777
Albania,ALB,2009,3040047669.92651
Albania,ALB,2008,3259293797.96584
Albania,ALB,2007,3016116393.24477
Albania,ALB,2006,2242665599.57462
Albania,ALB,2005,1853023798.25729
Albania,ALB,2004,1596261949.37986
Albania,ALB,2003,1169850275.75683
Albania,ALB,2002,910729673.560494
Albania,ALB,2001,836717868.578588
Albania,ALB,2000,700083432.864841
Albania,ALB,1999,540977918.899348
Albania,ALB,1998,291949980.81503
Albania,ALB,1997,230303548.05726
Albania,ALB,1996,371808882.957132
Albania,ALB,1995,356444754.173521
Albania,ALB,1994,225407402.421557
Albania,ALB,1993,189399541.45744
Albania,ALB,1992,81519209.6758071
Albania,ALB,1991,82300000.0
Albania,ALB,1990,312500000.0
Albania,ALB,1989,418924987.5
Albania,ALB,1988,348287487.5
Albania,ALB,1987,333550012.5
Albania,ALB,1986,327312512.5
Albania,ALB,1985,319090897.435897
Albania,ALB,1984,335069930.06993
Albania,ALB,1983,354685314.685315
Albania,ALB,1982,373589755.244755
Albania,ALB,1981,430536142.191142
Albania,ALB,1980,378073684.210526
Algeria,DZA,2024,53466882956.8478
Algeria,DZA,2023,58981242697.4026
Algeria,DZA,2022,69460098852.0897
Algeria,DZA,2021,43660727771.3446
Algeria,DZA,2020,25613416650.3651
Algeria,DZA,2019,39481135535.1468
Algeria,DZA,2018,45570702426.4208
Algeria,DZA,2017,38609773040.5942
Algeria,DZA,2016,33417246978.2851
Algeria,DZA,2015,38489004322.7411
Algeria,DZA,2014,65994736570.1917
Algeria,DZA,2013,70746581763.019
Algeria,DZA,2012,78098361757.7117
Algeria,DZA,2011,78573489718.6418
Algeria,DZA,2010,62203842893.358
Algeria,DZA,2009,48982402223.6056
Algeria,DZA,2008,82340143196.0212
Algeria,DZA,2007,63718503039.2943
Algeria,DZA,2006,56328445411.2984
Algeria,DZA,2005,47497958003.0151
Algeria,DZA,2004,35288382278.2491
Algeria,DZA,2003,26210435496.6198
Algeria,DZA,2002,20384692132.0902
Algeria,DZA,2001,20272584009.2694
Algeria,DZA,2000,23050166016.935
Algeria,DZA,1999,13692404114.9775
Algeria,DZA,1998,10880008005.9302
Algeria,DZA,1997,14889922793.1302
Algeria,DZA,1996,13970016988.2763
Algeria,DZA,1995,10940062642.66
Algeria,DZA,1994,9585286281.92061
Algeria,DZA,1993,10880084682.1818
Algeria,DZA,1992,12154198604.8317
Algeria,DZA,1991,13311409366.4359
Algeria,DZA,1990,14546456704.253
Algeria,DZA,1989,10369902260.0603
Algeria,DZA,1988,9163505595.40215
Algeria,DZA,1987,9526280057.78452
Algeria,DZA,1986,8187453057.71602
Algeria,DZA,1985,13664028063.9644
Algeria,DZA,1984,13805905455.64
Algeria,DZA,1983,13635984129.6358
Algeria,DZA,1982,13980251587.9127
Algeria,DZA,1981,15338958197.399
Algeria,DZA,1980,14540906200.7323
Algeria,DZA,1979,10354849612.0305
Algeria,DZA,1978,6732393454.19703
Algeria,DZA,1977,6414649588.90777
Algeria,DZA,1976,5859996277.46123
Algeria,DZA,1975,5241291935.39893
Algeria,DZA,1974,5118698917.65832
Algeria,DZA,1973,2220822991.57475
Algeria,DZA,1972,1383769499.71153
Algeria,DZA,1971,936360464.581351
Algeria,DZA,1970,1073513325.74447
Algeria,DZA,1969,1012748477.83904
Algeria,DZA,1968,891218660.498353
Algeria,DZA,1967,789943812.71445
Algeria,DZA,1966,789943812.71445
Algeria,DZA,1965,708923934.487327
Algeria,DZA,1964,729774643.208711
Algeria,DZA,1963,667222517.044557
Algeria,DZA,1962,396163384.686433
Algeria,DZA,1961,1125937987.38521
Algeria,DZA,1960,1063385881.47602
American Samoa,ASM,2022,409000000.0
American Samoa,ASM,2021,332000000.0
American Samoa,ASM,2020,427000000.0
American Samoa,ASM,2019,399000000.0
American Samoa,ASM,2018,436000000.0
American Samoa,ASM,2017,362000000.0
American Samoa,ASM,2016,429000000.0
American Samoa,ASM,2015,428000000.0
American Samoa,ASM,2014,429000000.0
American Samoa,ASM,2013,458000000.0
American Samoa,ASM,2012,483000000.0
American Samoa,ASM,2011,335000000.0
American Samoa,ASM,2010,364000000.0
American Samoa,ASM,2009,530000000.0
American Samoa,ASM,2008,641000000.0
American Samoa,ASM,2007,505000000.0
American Samoa,ASM,2006,495000000.0
American Samoa,ASM,2005,498000000.0
American Samoa,ASM,2004,460000000.0
American Samoa,ASM,2003,513000000.0
American Samoa,ASM,2002,518000000.0
Angola,AGO,2024,31798017664.371
Angola,AGO,2023,34643370052.2142
Angola,AGO,2022,46181518626.076
Angola,AGO,2021,31385829560.7174
Angola,AGO,2020,18583150428.1578
Angola,AGO,2019,30001180996.3857
Angola,AGO,2018,32444713522.8116
Angola,AGO,2017,21480034960.2038
Angola,AGO,2016,14765476550.4143
Angola,AGO,2015,26813916785.5331
Angola,AGO,2014,56798432760.5816
Angola,AGO,2013,67326138852.8079
Angola,AGO,2012,71825305616.218
Angola,AGO,2011,67949213241.8613
Angola,AGO,2010,51492639142.4508
Angola,AGO,2009,41587432936.1563
Angola,AGO,2008,64243944323.5067
Angola,AGO,2007,44706822241.6374
Angola,AGO,2006,33346563890.0022
Angola,AGO,2005,24309456975.8737
Angola,AGO,2004,13780895593.4318
Angola,AGO,2003,9675623585.33525
Angola,AGO,2002,8568772527.84755
Antigua and Barbuda,ATG,2022,1021455555.55556
Antigua and Barbuda,ATG,2021,752377777.777778
Antigua and Barbuda,ATG,2020,591277777.777778
Antigua and Barbuda,ATG,2019,1194092592.59259
Antigua and Barbuda,ATG,2018,1037966666.66667
Antigua and Barbuda,ATG,2017,988692592.592592
Antigua and Barbuda,ATG,2016,1043081481.48148
Antigua and Barbuda,ATG,2015,1016366666.66667
Antigua and Barbuda,ATG,2014,1027285185.18519
Argentina,ARG,2024,97349127043.1651
Argentina,ARG,2023,83276004574.7551
Argentina,ARG,2022,103224756800.251
Argentina,ARG,2021,87906118244.6601
Argentina,ARG,2020,64053810078.3073
Argentina,ARG,2019,80259482469.139
Argentina,ARG,2018,75766598613.0197
Argentina,ARG,2017,72860557902.7631
Argentina,ARG,2016,69842604407.3878
Argentina,ARG,2015,63671789068.8987
Argentina,ARG,2014,75818867911.0825
Argentina,ARG,2013,80690471898.442
Argentina,ARG,2012,88655850853.7721
Argentina,ARG,2011,97809980730.5834
Argentina,ARG,2010,80208867995.7171
Argentina,ARG,2009,65133480388.4946
Argentina,ARG,2008,79762958392.3012
Argentina,ARG,2007,65162321195.025
Argentina,ARG,2006,53550250227.3909
Argentina,ARG,2005,46198180131.0044
Argentina,ARG,2004,39266996605.7973
Argentina,ARG,2003,33084505277.8061
Argentina,ARG,2002,27736610298.2555
Argentina,ARG,2001,31112418400.0
Argentina,ARG,2000,31223690400.0
Argentina,ARG,1999,27862300000.0
Argentina,ARG,1998,31137200000.0
Argentina,ARG,1997,30928400000.0
Argentina,ARG,1996,28381400000.0
Argentina,ARG,1995,24978532000.0
Argentina,ARG,1994,19385100000.0
Argentina,ARG,1993,16357317317.3173
Argentina,ARG,1992,15095261860.4905
Argentina,ARG,1991,14561091033.0362
Argentina,ARG,1990,14643479947.2507
Argentina,ARG,1989,10006623327.0204
Argentina,ARG,1988,12094686105.3258
Argentina,ARG,1987,8566904947.15056
Argentina,ARG,1986,8641279278.3558
Argentina,ARG,1985,10345475059.3627
Argentina,ARG,1984,8873730058.64697
Argentina,ARG,1983,9515669466.75192
Argentina,ARG,1982,7663966255.62989
Argentina,ARG,1981,5445263189.73462
Argentina,ARG,1980,3895791554.63367
Argentina,ARG,1979,4508960596.80231
Argentina,ARG,1978,7665724159.60188
Argentina,ARG,1977,5459999880.58299
Argentina,ARG,1976,4695000304.43367
Argentina,ARG,1975,3054054017.48759
Argentina,ARG,1974,4999999839.57003
Argentina,ARG,1973,4000000136.32269
Argentina,ARG,1972,2500000047.48951
Argentina,ARG,1971,2000000003.29714
Argentina,ARG,1970,1769210602.71535
Argentina,ARG,1969,2000000041.3448
Argentina,ARG,1968,1714285705.23432
Argentina,ARG,1967,1818181857.73576
Argentina,ARG,1966,1904761830.17968
Argentina,ARG,1965,1764705803.20912
Argentina,ARG,1964,1424603255.4971
Argentina,ARG,1963,1441753549.59206
Argentina,ARG,1962,860375634.171457
Argentina,ARG,1961,1206915940.34785
Argentina,ARG,1960,1206418458.20125
Armenia,ARM,2024,19109663381.9673
Armenia,ARM,2023,14755463717.8965
Armenia,ARM,2022,10063294925.058
Armenia,ARM,2021,4950452984.49689
Armenia,ARM,2020,3802199215.3725
Armenia,ARM,2019,5755867284.48234
Armenia,ARM,2018,4907543376.02549
Armenia,ARM,2017,4405338883.1041
Armenia,ARM,2016,3558717725.79882
Armenia,ARM,2015,3137020863.27486
Armenia,ARM,2014,3315721291.63587
Armenia,ARM,2013,3153322766.33811
Armenia,ARM,2012,2926877147.39263
Armenia,ARM,2011,2284326940.19769
Armenia,ARM,2010,1828759690.54548
Armenia,ARM,2009,1268730265.77942
Armenia,ARM,2008,1663675191.04852
Armenia,ARM,2007,1674567002.79826
Armenia,ARM,2006,1413899569.40957
Armenia,ARM,2005,1338474938.04723
Armenia,ARM,2004,1008274439.96626
Armenia,ARM,2003,855676348.11756
Armenia,ARM,2002,661384145.809715
Armenia,ARM,2001,511522177.782582
Armenia,ARM,2000,423629630.453398
Armenia,ARM,1999,383089746.944268
Armenia,ARM,1998,359865213.08226
Armenia,ARM,1997,332378719.934774
Armenia,ARM,1996,371135639.068689
Armenia,ARM,1995,351337833.404042
Armenia,ARM,1994,517226106.17727
Armenia,ARM,1993,567247614.979354
Armenia,ARM,1992,506852687.730817
Armenia,ARM,1991,843376623.376623
Armenia,ARM,1990,789969495.783241
Aruba,ABW,2024,3582826085.68774
Aruba,ABW,2023,3159820075.99654
Aruba,ABW,2022,2686048557.67537
Aruba,ABW,2021,1945182828.03889
Aruba,ABW,2020,1324110862.30434
Aruba,ABW,2019,2232926815.64246
Aruba,ABW,2018,2241202793.29609
Aruba,ABW,2017,2153472067.03911
Aruba,ABW,2016,2057715083.79888
Aruba,ABW,2015,2083567039.10615
Aruba,ABW,2014,2105825139.6648
Aruba,ABW,2013,2007054189.94413
Aruba,ABW,2012,1911810055.86592
Aruba,ABW,2011,1839933519.55307
Aruba,ABW,2010,1477511731.84358
Aruba,ABW,2009,1606810055.86592
Aruba,ABW,2008,1863013966.48045
Aruba,ABW,2007,1742107262.56983
Aruba,ABW,2006,1595335195.53073
Aruba,ABW,2005,1606588826.81564
Aruba,ABW,2004,1458098882.68156
Aruba,ABW,2003,1282296089.38547
Aruba,ABW,2002,1266650837.98883
Aruba,ABW,2001,1346423463.68715
Aruba,ABW,2000,1393586592.17877
Aruba,ABW,1999,1377094972.06704
Aruba,ABW,1998,1326256983.24022
Aruba,ABW,1997,1264245810.05587
Aruba,ABW,1996,1195530726.25698
Aruba,ABW,1995,1121229050.27933
Australia,AUS,2024,432605705549.386
Australia,AUS,2023,463117015978.139
Australia,AUS,2022,431732710875.763
Australia,AUS,2021,343364164705.654
Australia,AUS,2020,319174580744.374
Australia,AUS,2019,336477593836.115
Australia,AUS,2018,312605804111.245
Australia,AUS,2017,281774035049.614
Australia,AUS,2016,232663011512.861
Australia,AUS,2015,271152836560.501
Australia,AUS,2014,309621975144.753
Australia,AUS,2013,315055128030.195
Australia,AUS,2012,332613569102.522
Australia,AUS,2011,299823615768.297
Australia,AUS,2010,227427026265.26
Australia,AUS,2009,213717313259.647
Australia,AUS,2008,212794797279.029
Australia,AUS,2007,172570464002.512
Australia,AUS,2006,148587374344.676
Australia,AUS,2005,126785667301.888
Australia,AUS,2004,105490823730.26
Australia,AUS,2003,89138031450.2038
Australia,AUS,2002,82033782309.5723
Australia,AUS,2001,84096722017.0419
Australia,AUS,2000,80695888525.1996
Australia,AUS,1999,71285875422.9853
Australia,AUS,1998,78166587533.0665
Australia,AUS,1997,83327463879.3804
Australia,AUS,1996,75814054769.3059
Australia,AUS,1995,65793733293.7333
Australia,AUS,1994,58015219647.1809
Australia,AUS,1993,54747048903.8786
Australia,AUS,1992,54226800318.0809
Australia,AUS,1991,52248569798.3159
Australia,AUS,1990,47071479854.3762
Australia,AUS,1989,45333960856.8628
Australia,AUS,1988,37674402360.871
Australia,AUS,1987,29290629962.9434
Australia,AUS,1986,27321628427.5322
Australia,AUS,1985,27497313397.1163
Australia,AUS,1984,26235903974.9613
Australia,AUS,1983,24060337550.3733
Australia,AUS,1982,26231932031.3362
Australia,AUS,1981,26334610472.5415
Australia,AUS,1980,24616155988.8579
Australia,AUS,1979,19275247074.8608
Australia,AUS,1978,16122883554.3204
Australia,AUS,1977,15449644413.8564
Australia,AUS,1976,14184298826.9876
Australia,AUS,1975,13874095316.1273
Australia,AUS,1974,11680176860.7222
Australia,AUS,1973,9019859064.70211
Australia,AUS,1972,6663551401.86916
Australia,AUS,1971,5715360914.45775
Australia,AUS,1970,5354720856.75534
Australia,AUS,1969,4378080700.49291
Australia,AUS,1968,4016320642.6113
Australia,AUS,1967,3915520626.4833
Australia,AUS,1966,3525760564.12169
Australia,AUS,1965,3428320548.53129
Australia,AUS,1964,3549280567.88489
Australia,AUS,1963,2796640447.46247
Australia,AUS,1962,2773120443.69927
Australia,AUS,1961,2437120389.93926
Australia,AUS,1960,2413600386.17606
Austria,AUT,2024,297762301950.52
Austria,AUT,2023,302183838742.939
Austria,AUT,2022,290687124329.312
Austria,AUT,2021,268839884920.186
Austria,AUT,2020,224423223720.542
Austria,AUT,2019,247609283522.368
Austria,AUT,2018,252098473760.43
Austria,AUT,2017,225412896932.944
Austria,AUT,2016,207329157226.967
Austria,AUT,2015,202662480693.772
Austria,AUT,2014,236189419666.341
Austria,AUT,2013,229883469300.996
Austria,AUT,2012,220969205398.673
Austria,AUT,2011,232888435640.827
Austria,AUT,2010,201088697058.6
Austria,AUT,2009,181624739693.597
Austria,AUT,2008,230062733001.008
Austria,AUT,2007,204559326902.395
Austria,AUT,2006,170970399267.409
Austria,AUT,2005,153683275028.619
Austria,AUT,2004,141284759924.34
Austria,AUT,2003,116896445115.898
Austria,AUT,2002,97162434781.7614
Austria,AUT,2001,88123583855.2769
Austria,AUT,2000,85517700615.7602
Austria,AUT,1999,85506769076.8318
Austria,AUT,1998,83704906625.1667
Austria,AUT,1997,78792189649.3404
Austria,AUT,1996,81256726020.2755
Austria,AUT,1995,80827704381.0564
Austria,AUT,1994,65453948921.8167
Austria,AUT,1993,59900880160.8896
Austria,AUT,1992,64678673929.3764
Austria,AUT,1991,60116253388.3324
Austria,AUT,1990,59423123562.8706
Austria,AUT,1989,46607266770.6708
Austria,AUT,1988,44096573052.4908
Austria,AUT,1987,38996594471.0492
Austria,AUT,1986,31689308697.6115
Austria,AUT,1985,24230778132.482
Austria,AUT,1984,22265891616.8076
Austria,AUT,1983,21981186609.4684
Austria,AUT,1982,22623842058.5626
Austria,AUT,1981,23441764299.2915
Austria,AUT,1980,26006988938.5237
Austria,AUT,1979,22832409675.7591
Austria,AUT,1978,18066572538.6146
Austria,AUT,1977,14409079177.4207
Austria,AUT,1976,12352077932.0396
Austria,AUT,1975,11254487635.3006
Austria,AUT,1974,10245142815.0766
Austria,AUT,1973,7945377046.8761
Austria,AUT,1972,5940800642.89541
Austria,AUT,1971,4828104967.50743
Austria,AUT,1970,4210936226.51495
Azerbaijan,AZE,2024,34112882352.9412
Azerbaijan,AZE,2023,35487352941.1765
Azerbaijan,AZE,2022,47274117647.0588
Azerbaijan,AZE,2021,25487647058.8235
Azerbaijan,AZE,2020,15208764705.8824
Azerbaijan,AZE,2019,23629764705.8824
Azerbaijan,AZE,2018,25484215746.0778
Azerbaijan,AZE,2017,19839874967.6816
Azerbaijan,AZE,2016,17580756547.8197
Azerbaijan,AZE,2015,20060045053.3105
Azerbaijan,AZE,2014,32558931187.3444
Azerbaijan,AZE,2013,35905452997.3577
Azerbaijan,AZE,2012,36912727758.7205
Azerbaijan,AZE,2011,37215171599.8511
Azerbaijan,AZE,2010,28732245203.09
Azerbaijan,AZE,2009,22870725058.8778
Azerbaijan,AZE,2008,32132494340.4494
Azerbaijan,AZE,2007,22516209778.5402
Azerbaijan,AZE,2006,13953852783.3275
Azerbaijan,AZE,2005,8336815027.37934
Azerbaijan,AZE,2004,4235083891.66131
Azerbaijan,AZE,2003,3056572037.1513
Azerbaijan,AZE,2002,2667039717.57852
Azerbaijan,AZE,2001,2368581267.17326
Azerbaijan,AZE,2000,2118053576.59715
Azerbaijan,AZE,1999,1281380721.40315
Azerbaijan,AZE,1998,1009304729.90437
Azerbaijan,AZE,1997,1150456356.05181
Azerbaijan,AZE,1996,791860069.072703
Azerbaijan,AZE,1995,785309767.998287
Azerbaijan,AZE,1994,294957728.987884
Azerbaijan,AZE,1993,902385596.3991
Azerbaijan,AZE,1992,383311808.118081
Azerbaijan,AZE,1991,2440000000.0
Azerbaijan,AZE,1990,3896969696.9697
"Bahamas, The",BHS,2024,5982200000.0
"Bahamas, The",BHS,2023,5774300000.0
"Bahamas, The",BHS,2022,5163900000.0
"Bahamas, The",BHS,2021,3366900000.0
"Bahamas, The",BHS,2020,2411900000.0
"Bahamas, The",BHS,2019,4644400000.0
"Bahamas, The",BHS,2018,4519000000.0
"Bahamas, The",BHS,2017,3948900000.0
"Bahamas, The",BHS,2016,3903100000.0
"Bahamas, The",BHS,2015,4241600000.0
"Bahamas, The",BHS,2014,4161900000.0
"Bahamas, The",BHS,2013,4175100000.0
"Bahamas, The",BHS,2012,4087400000.0
"Bahamas, The",BHS,2011,3769900000.0
"Bahamas, The",BHS,2010,3528800000.0
"Bahamas, The",BHS,2009,3412900000.0
"Bahamas, The",BHS,2008,4157100000.0
"Bahamas, The",BHS,2007,4257100000.0
"Bahamas, The",BHS,2006,3895000000.0
"Bahamas, The",BHS,2005,3812500000.0
"Bahamas, The",BHS,2004,3460500000.0
"Bahamas, The",BHS,2003,3176400000.0
"Bahamas, The",BHS,2002,3212800000.0
"Bahamas, The",BHS,2001,2834100000.0
"Bahamas, The",BHS,2000,3072900000.0
"Bahamas, The",BHS,1999,2801300000.0
"Bahamas, The",BHS,1998,2368200000.0
"Bahamas, The",BHS,1997,2335400000.0
"Bahamas, The",BHS,1996,1733680000.0
"Bahamas, The",BHS,1995,1699040000.0
"Bahamas, The",BHS,1994,1662790000.0
"Bahamas, The",BHS,1993,1606810000.0
"Bahamas, The",BHS,1992,1562180000.0
"Bahamas, The",BHS,1991,1585170000.0
"Bahamas, The",BHS,1990,1714730000.0
"Bahamas, The",BHS,1989,1648320000.0
"Bahamas, The",BHS,1987,1664300000.0
"Bahamas, The",BHS,1986,1577900000.0
"Bahamas, The",BHS,1985,1503600000.0
"Bahamas, The",BHS,1984,1297900000.0
"Bahamas, The",BHS,1983,1153500000.0
"Bahamas, The",BHS,1982,1038300000.0
"Bahamas, The",BHS,1981,961200000.0
"Bahamas, The",BHS,1980,939800000.0
"Bahamas, The",BHS,1979,785000000.0
"Bahamas, The",BHS,1978,688100000.0
"Bahamas, The",BHS,1977,589300000.0
Bahrain,BHR,2024,41303457446.8085
Bahrain,BHR,2023,40349468085.1064
Bahrain,BHR,2022,44581914893.617
Bahrain,BHR,2021,35234574468.0851
Bahrain,BHR,2020,25249202127.6596
Bahrain,BHR,2019,29564361702.1277
Bahrain,BHR,2018,29959042553.1915
Bahrain,BHR,2017,26881914893.617
Bahrain,BHR,2016,23918617021.2766
Bahrain,BHR,2015,25805319148.9362
Bahrain,BHR,2014,32069148936.1702
Bahrain,BHR,2013,34102925531.9149
Bahrain,BHR,2012,31409042553.1915
Bahrain,BHR,2011,28609308510.6383
Bahrain,BHR,2010,17880319148.9362
Bahrain,BHR,2009,15704787234.0426
Bahrain,BHR,2008,21231382978.7234
Bahrain,BHR,2007,17314361702.1277
Bahrain,BHR,2006,15662234042.5532
Bahrain,BHR,2005,13396808510.6383
Bahrain,BHR,2004,10336702127.6596
Bahrain,BHR,2003,7980851063.82979
Bahrain,BHR,2002,6956117021.2766
Bahrain,BHR,2001,6607446808.51064
Bahrain,BHR,2000,7176063829.78723
Bahrain,BHR,1999,5221808510.6383
Bahrain,BHR,1998,3994946808.51064
Bahrain,BHR,1997,5020744946.80851
Bahrain,BHR,1996,5364361436.17021
Bahrain,BHR,1995,4796010638.29787
Bahrain,BHR,1994,4520478723.40425
Bahrain,BHR,1993,4361702127.65957
Bahrain,BHR,1992,4009042287.23404
Bahrain,BHR,1991,3923935904.25532
Bahrain,BHR,1990,4887765691.48936
Bahrain,BHR,1989,3811169946.80851
Bahrain,BHR,1988,3529787234.04255
Bahrain,BHR,1987,3472340425.53191
Bahrain,BHR,1986,3013031914.89362
Bahrain,BHR,1985,3716489627.65957
Bahrain,BHR,1984,3768351063.82979
Bahrain,BHR,1983,3611169946.80851
Bahrain,BHR,1982,4337766223.40425
Bahrain,BHR,1981,4547340159.57447
Bahrain,BHR,1980,3813478376.22712
Bangladesh,BGD,2024,47087839244.3229
Bangladesh,BGD,2023,57551452000.7801
Bangladesh,BGD,2022,59275206086.406
Bangladesh,BGD,2021,44386125441.8587
Bangladesh,BGD,2020,39053880559.8514
Bangladesh,BGD,2019,45992932855.1263
Bangladesh,BGD,2018,40732047404.0872
Bangladesh,BGD,2017,37655756192.841
Bangladesh,BGD,2016,36922447162.046
Bangladesh,BGD,2015,33831931004.0501
Bangladesh,BGD,2014,32830579729.9485
Bangladesh,BGD,2013,29306607469.6236
Bangladesh,BGD,2012,26877564843.4222
Bangladesh,BGD,2011,25621279024.2428
Bangladesh,BGD,2010,18471882436.8538
Bangladesh,BGD,2009,17359427992.7925
Bangladesh,BGD,2008,16182047682.9643
Bangladesh,BGD,2007,13530265640.2252
Bangladesh,BGD,2006,11741089556.3444
Bangladesh,BGD,2005,9999571015.39225
Bangladesh,BGD,2004,7257329709.52947
Bangladesh,BGD,2003,6876856649.39551
Bangladesh,BGD,2002,6791241511.40519
Bangladesh,BGD,2001,7227575982.20904
Bangladesh,BGD,2000,6588073941.56231
Bangladesh,BGD,1999,6028722961.73045
Bangladesh,BGD,1998,5876850220.26432
Bangladesh,BGD,1997,5075480093.67682
Bangladesh,BGD,1996,4507555012.22494
Bangladesh,BGD,1995,4122014925.37313
Bangladesh,BGD,1994,3039700748.12968
Bangladesh,BGD,1993,2990714285.71429
Bangladesh,BGD,1992,2405649867.37401
Bangladesh,BGD,1991,2062577030.81232
Bangladesh,BGD,1990,1866929977.69423
Bangladesh,BGD,1989,1594548385.95317
Bangladesh,BGD,1988,1442788415.29524
Bangladesh,BGD,1987,1212483870.96774
Bangladesh,BGD,1986,1128533333.33333
Bangladesh,BGD,1985,1199576923.07692
Bangladesh,BGD,1984,642600000.0
Bangladesh,BGD,1983,986784511.784512
Bangladesh,BGD,1982,940219560.878244
Bangladesh,BGD,1981,1038984088.1273
Bangladesh,BGD,1980,996555891.472868
Bangladesh,BGD,1979,950929356.110381
Bangladesh,BGD,1978,738155879.62963
Bangladesh,BGD,1977,679513484.162896
Bangladesh,BGD,1976,480166471.380471
Bangladesh,BGD,1975,563045020.279405
Bangladesh,BGD,1974,463095606.326889
Bangladesh,BGD,1973,528824097.159748
Bangladesh,BGD,1972,356841000.0
Bangladesh,BGD,1971,550621104.166667
Bangladesh,BGD,1970,747575145.833333
Bangladesh,BGD,1969,690047541.666667
Bangladesh,BGD,1968,623451562.5
Bangladesh,BGD,1967,675028062.5
Bangladesh,BGD,1966,662275583.333333
Bangladesh,BGD,1965,570741562.5
Bangladesh,BGD,1964,540135791.666667
Bangladesh,BGD,1963,531067354.166667
Bangladesh,BGD,1962,546086875.0
Bangladesh,BGD,1961,519448541.666667
Bangladesh,BGD,1960,427347708.333333
Belarus,BLR,2024,49423786393.4111
Belarus,BLR,2023,47855354381.7647
Belarus,BLR,2022,46516126575.5303
Belarus,BLR,2021,49351137896.7375
Belarus,BLR,2020,37444144984.2698
Belarus,BLR,2019,41927532636.0335
Belarus,BLR,2018,42294886945.8699
Belarus,BLR,2017,36550879709.6994
Belarus,BLR,2016,29831676604.3599
Belarus,BLR,2015,32749844750.6246
Belarus,BLR,2014,43300691503.4086
Belarus,BLR,2013,44057927601.759
Belarus,BLR,2012,51745313006.0334
Belarus,BLR,2011,48462076576.5494
Belarus,BLR,2010,29401680706.1249
Belarus,BLR,2009,24865004206.8706
Belarus,BLR,2008,37020969855.8322
Belarus,BLR,2007,27592401028.8526
Belarus,BLR,2006,22199798560.0776
Belarus,BLR,2005,18064972931.8142
Belarus,BLR,2004,15709960838.0473
Belarus,BLR,2003,11614414484.6851
Belarus,BLR,2002,9286372925.64715
Belarus,BLR,2001,8246546762.58993
Belarus,BLR,2000,8815283224.1715
Belarus,BLR,1999,7186389618.7248
Belarus,BLR,1998,8988770378.07839
Belarus,BLR,1997,8457248497.9202
Belarus,BLR,1996,6720924332.12407
Belarus,BLR,1995,6939556172.25154
Belarus,BLR,1994,10641574224.5816
Belarus,BLR,1993,11004262912.6599
Belarus,BLR,1992,10127048425.7043
Belarus,BLR,1991,6134969325.15337
Belarus,BLR,1990,7991967871.48594
Belgium,BEL,2024,532215784956.406
Belgium,BEL,2023,538931748144.715
Belgium,BEL,2022,558111144796.111
Belgium,BEL,2021,536427846318.596
Belgium,BEL,2020,419501446549.729
Belgium,BEL,2019,445308040880.784
Belgium,BEL,2018,453011551860.862
Belgium,BEL,2017,417980340772.354
Belgium,BEL,2016,377606160656.616
Belgium,BEL,2015,359051241755.781
Belgium,BEL,2014,427143291974.744
Belgium,BEL,2013,413572371493.06
Belgium,BEL,2012,398975576107.852
Belgium,BEL,2011,423187943008.756
Belgium,BEL,2010,365156061525.001
Belgium,BEL,2009,332700938045.898
Belgium,BEL,2008,418418164815.625
Belgium,BEL,2007,368740547135.766
Belgium,BEL,2006,313563958756.941
Belgium,BEL,2005,286519836951.906
Belgium,BEL,2004,261796408380.927
Belgium,BEL,2003,219593071857.725
Belgium,BEL,2002,183016456470.236
Belgium,BEL,2001,169538549671.103
Belgium,BEL,2000,171786761887.373
Belgium,BEL,1999,166731346437.529
Belgium,BEL,1998,165908868637.475
Belgium,BEL,1997,163720906630.582
Belgium,BEL,1996,170850032573.29
Belgium,BEL,1995,173144772851.669
Belgium,BEL,1994,143073453098.626
Belgium,BEL,1993,126086323460.821
Belgium,BEL,1992,138072578419.072
Belgium,BEL,1991,126790048434.731
Belgium,BEL,1990,126512468614.196
Belgium,BEL,1989,104389986691.237
Belgium,BEL,1988,96418786615.469
Belgium,BEL,1987,83463311723.3928
Belgium,BEL,1986,68750421708.5064
Belgium,BEL,1985,53878264148.3796
Belgium,BEL,1984,53687392488.1318
Belgium,BEL,1983,52655467455.6213
Belgium,BEL,1982,53510783153.8054
Belgium,BEL,1981,56620736636.2451
Belgium,BEL,1980,63563403228.0315
Belgium,BEL,1979,58067512383.049
Belgium,BEL,1978,46332075060.8428
Belgium,BEL,1977,39354961170.5121
Belgium,BEL,1976,34528907001.0449
Belgium,BEL,1975,30156821322.8036
Belgium,BEL,1974,29637776512.0133
Belgium,BEL,1973,22932275926.3093
Belgium,BEL,1972,16423224269.0862
Belgium,BEL,1971,13052184853.2193
Belgium,BEL,1970,12006111335.2158
Belize,BLZ,2024,1769154200.0
Belize,BLZ,2023,1676688500.0
Belize,BLZ,2022,1496710050.0
Belize,BLZ,2021,1155566850.0
Belize,BLZ,2020,770543100.0
Belize,BLZ,2019,1238668200.0
Belize,BLZ,2018,1182621350.0
Belize,BLZ,2017,1128699550.0
Belize,BLZ,2016,1059495900.0
Belize,BLZ,2015,1130908300.0
Belize,BLZ,2014,1186559050.0
Belize,BLZ,2013,1140192650.0
Belize,BLZ,2012,1137338150.0
Belize,BLZ,2011,1038907850.0
Belize,BLZ,2010,885429200.0
Belize,BLZ,2009,767106000.0
Belize,BLZ,2008,935978400.0
Belize,BLZ,2007,862991350.0
Belize,BLZ,2006,823898200.0
Belize,BLZ,2005,674186100.0
Belize,BLZ,2004,592076950.0
Belize,BLZ,2003,583088150.0
Belize,BLZ,2002,542614750.0
Belize,BLZ,2001,490927800.0
Belize,BLZ,2000,487924600.0
Belize,BLZ,1999,440616500.0
Belize,BLZ,1998,401042650.0
Belize,BLZ,1997,382290400.0
Belize,BLZ,1996,355026750.0
Belize,BLZ,1995,329246950.0
Belize,BLZ,1994,320424050.0
Belize,BLZ,1993,289533650.0
Belize,BLZ,1992,285422200.0
Belize,BLZ,1991,214670100.0
Belize,BLZ,1990,223301496.239812
Belize,BLZ,1989,172914999.5
Belize,BLZ,1988,161076592.0
Belize,BLZ,1987,137936011.0
Belize,BLZ,1986,104359482.0
Belize,BLZ,1985,83652581.0
Belize,BLZ,1984,108649358.0
Belize,BLZ,1983,76516537.5
Belize,BLZ,1982,70947948.5
Belize,BLZ,1981,84972543.0
Belize,BLZ,1980,88973677.0
Benin,BEN,2024,4047363784.45537
Benin,BEN,2023,3935350521.8556
Benin,BEN,2022,3627155581.76734
Benin,BEN,2021,3700039683.35829
Benin,BEN,2020,3117343141.94693
Benin,BEN,2019,4264332526.72108
Benin,BEN,2018,3889962074.25631
Benin,BEN,2017,3455561017.58914
Benin,BEN,2016,3263416597.90044
Benin,BEN,2015,2815204783.04203
Benin,BEN,2014,4175438841.58641
Benin,BEN,2013,3451240666.46384
Benin,BEN,2012,2662421032.36803
Benin,BEN,2011,2229520238.43142
Benin,BEN,2010,2199999385.40112
Benin,BEN,2009,1940710262.92026
Benin,BEN,2008,2167074921.86083
Benin,BEN,2007,1800691335.95807
Benin,BEN,2006,1270214595.80969
Benin,BEN,2005,1213941696.92857
Benin,BEN,2004,1146038651.35219
Benin,BEN,2003,997331579.809427
Benin,BEN,2002,827401656.41962
Benin,BEN,2001,728426333.669514
Benin,BEN,2000,725304886.00806
Benin,BEN,1999,846151104.586659
Benin,BEN,1998,665156777.433206
Benin,BEN,1997,616436708.452127
Benin,BEN,1996,625667798.508943
Benin,BEN,1995,593804003.901637
Benin,BEN,1994,452687270.137931
Benin,BEN,1993,510965440.104994
Benin,BEN,1992,393976833.800645
Benin,BEN,1991,417201321.36147
Benin,BEN,1990,375946888.879365
Benin,BEN,1989,202741076.024483
Benin,BEN,1988,223654543.994436
Benin,BEN,1987,238541726.247604
Benin,BEN,1986,222807317.486565
Benin,BEN,1985,247338455.095396
Benin,BEN,1984,205805472.710193
Benin,BEN,1983,150766893.851437
Benin,BEN,1982,225297401.750903
Benin,BEN,1981,205681907.570707
Benin,BEN,1980,222261839.296282
Benin,BEN,1979,207784726.879978
Benin,BEN,1978,153492202.684211
Benin,BEN,1977,121349823.276191
Benin,BEN,1976,90731937.5535587
Benin,BEN,1975,98337358.6004389
Benin,BEN,1974,79408583.8002942
Benin,BEN,1973,78995257.9259981
Benin,BEN,1972,59023784.7218234
Benin,BEN,1971,59595413.8093809
Benin,BEN,1970,50633276.2786263
Benin,BEN,1969,38939715.9124599
Benin,BEN,1968,30461095.5550875
Benin,BEN,1967,23474430.0040027
Benin,BEN,1966,20739912.1478455
Benin,BEN,1965,21069296.1775784
Benin,BEN,1964,13861515.0554071
Benin,BEN,1963,9703491.99266297
Benin,BEN,1962,8317363.65794275
Benin,BEN,1961,10801828.2565992
Benin,BEN,1960,13852022.2718479
Bermuda,BMU,2024,4814800000.0
Bermuda,BMU,2023,4309464000.0
Bermuda,BMU,2022,3960723000.0
Bermuda,BMU,2021,3491937000.0
Bermuda,BMU,2020,3246335000.0
Bermuda,BMU,2019,3841155000.0
Bermuda,BMU,2018,3719872000.0
Bermuda,BMU,2017,3466748000.0
Bermuda,BMU,2016,3403730000.0
Bermuda,BMU,2015,3325330000.0
Bermuda,BMU,2014,3281476000.0
Bermuda,BMU,2013,3337183000.0
Bermuda,BMU,2012,3221785000.0
Bermuda,BMU,2011,3316640000.0
Bermuda,BMU,2010,3370007000.0
Bhutan,BTN,2023,855304391.530018
Bhutan,BTN,2022,739014454.021463
Bhutan,BTN,2021,808455596.608096
Bhutan,BTN,2020,689742274.742307
Bhutan,BTN,2019,860577748.409369
Bhutan,BTN,2018,754068443.025006
Bhutan,BTN,2017,737148272.640667
Bhutan,BTN,2016,639422100.764677
Bhutan,BTN,2015,689951582.761077
Bhutan,BTN,2014,714242546.647184
Bhutan,BTN,2013,727610629.708311
Bhutan,BTN,2012,706237987.659279
Bhutan,BTN,2011,750018031.745858
Bhutan,BTN,2010,673077626.265008
Bhutan,BTN,2009,565372359.169096
Bhutan,BTN,2008,613949836.735545
Bhutan,BTN,2007,657484027.305152
Bhutan,BTN,2006,488533694.39006
Bhutan,BTN,2005,313220132.210959
Bhutan,BTN,2004,218044359.018544
Bhutan,BTN,2003,158790865.839343
Bhutan,BTN,2002,128203231.910492
Bhutan,BTN,2001,125226723.098729
Bhutan,BTN,2000,129011858.833257
Bhutan,BTN,1999,130394708.885486
Bhutan,BTN,1998,124774096.741431
Bhutan,BTN,1997,131386622.516068
Bhutan,BTN,1996,112281787.465097
Bhutan,BTN,1995,114470385.351106
Bhutan,BTN,1994,79954759.620322
Bhutan,BTN,1993,74253380.0548658
Bhutan,BTN,1992,80226226.6078861
Bhutan,BTN,1991,80401687.8932874
Bhutan,BTN,1990,80463907.2185563
Bhutan,BTN,1989,77419494.006348
Bhutan,BTN,1988,79702765.2993088
Bhutan,BTN,1987,59610384.6005478
Bhutan,BTN,1986,35502016.4012956
Bhutan,BTN,1985,25823143.0015159
Bhutan,BTN,1984,21882348.4061679
Bhutan,BTN,1983,19970495.7907288
Bhutan,BTN,1982,20411137.5705807
Bhutan,BTN,1981,22606627.019412
Bhutan,BTN,1980,18503245.2853225
Bolivia,BOL,2024,11763846801.7366
Bolivia,BOL,2023,11725676874.0955
Bolivia,BOL,2022,14163562908.8278
Bolivia,BOL,2021,11276448089.725
Bolivia,BOL,2020,7139077206.94645
Bolivia,BOL,2019,9834601157.7424
Bolivia,BOL,2018,9854706136.03473
Bolivia,BOL,2017,8973701186.68596
Bolivia,BOL,2016,8311504862.51809
Bolivia,BOL,2015,10186598885.6729
Bolivia,BOL,2014,14285068712.0116
Bolivia,BOL,2013,13518462720.6946
Bolivia,BOL,2012,12774727337.1925
Bolivia,BOL,2011,10565767132.6439
Bolivia,BOL,2010,8093221339.98948
Bolivia,BOL,2009,6194300356.12536
Bolivia,BOL,2008,7487843216.67967
Bolivia,BOL,2007,5483635308.79498
Bolivia,BOL,2006,4783631930.98222
Bolivia,BOL,2005,3394535859.01026
Bolivia,BOL,2004,2731911668.34677
Bolivia,BOL,2003,2069153669.06088
Bolivia,BOL,2002,1710308633.19386
Bolivia,BOL,2001,1626035910.54648
Bolivia,BOL,2000,1534686673.10742
Bolivia,BOL,1999,1398593388.4889
Bolivia,BOL,1998,1673894695.46379
Bolivia,BOL,1997,1673170826.40403
Bolivia,BOL,1996,1670369478.49412
Bolivia,BOL,1995,1514364434.86735
Bolivia,BOL,1994,1295730953.91706
Bolivia,BOL,1993,1094224543.8131
Bolivia,BOL,1992,1131356484.28144
Bolivia,BOL,1991,1147697877.0086
Bolivia,BOL,1990,1108688418.82968
Bolivia,BOL,1989,1061009895.66751
Bolivia,BOL,1988,862854457.803984
Bolivia,BOL,1987,853524498.13855
Bolivia,BOL,1986,844299281.028466
Bolivia,BOL,1985,1024367606.3705
Bolivia,BOL,1984,1459382831.82628
Bolivia,BOL,1983,1535522168.97638
Bolivia,BOL,1982,1625898082.87595
Bolivia,BOL,1981,1370758564.43719
Bolivia,BOL,1980,1112928221.85971
Bolivia,BOL,1979,1068844959.97386
Bolivia,BOL,1978,849175412.293853
Bolivia,BOL,1977,864117941.029485
Bolivia,BOL,1976,756121939.030485
Bolivia,BOL,1975,623738130.934533
Bolivia,BOL,1974,741229385.307346
Bolivia,BOL,1973,350024987.506247
Bolivia,BOL,1972,265513350.883791
Bolivia,BOL,1971,234343434.343434
Bolivia,BOL,1970,250168350.16835
Bolivia,BOL,1969,189814814.814815
Bolivia,BOL,1968,169696969.69697
Bolivia,BOL,1967,170033670.03367
Bolivia,BOL,1966,142255892.255892
Bolivia,BOL,1965,129713804.713805
Bolivia,BOL,1964,110437710.43771
Bolivia,BOL,1963,81986531.986532
Bolivia,BOL,1962,67929292.9292929
Bolivia,BOL,1961,67255892.2558923
Bolivia,BOL,1960,61111111.1111111
Bosnia and Herzegovina,BIH,2024,12103908243.3596
Bosnia and Herzegovina,BIH,2023,12121804352.5243
Bosnia and Herzegovina,BIH,2022,11851991205.4153
Bosnia and Herzegovina,BIH,2021,10137269156.0142
Bosnia and Herzegovina,BIH,2020,6996561966.72044
Bosnia and Herzegovina,BIH,2019,8201250825.66056
Bosnia and Herzegovina,BIH,2018,8600140375.44094
Bosnia and Herzegovina,BIH,2017,7390002149.41859
Bosnia and Herzegovina,BIH,2016,6146467330.90555
Bosnia and Herzegovina,BIH,2015,5760366704.24363
Bosnia and Herzegovina,BIH,2014,6307950241.79724
Bosnia and Herzegovina,BIH,2013,6134185102.89189
Bosnia and Herzegovina,BIH,2012,5572942366.69053
Bosnia and Herzegovina,BIH,2011,5972861400.33278
Bosnia and Herzegovina,BIH,2010,5100600105.63809
Bosnia and Herzegovina,BIH,2009,4405139247.28548
Bosnia and Herzegovina,BIH,2008,5131416810.71543
Bosnia and Herzegovina,BIH,2007,4276282415.0824
Bosnia and Herzegovina,BIH,2006,3378094597.29891
Bosnia and Herzegovina,BIH,2005,2728982617.39837
Bosnia and Herzegovina,BIH,2004,2288902820.48075
Bosnia and Herzegovina,BIH,2003,1749751115.45058
Bosnia and Herzegovina,BIH,2002,1286840345.11132
Bosnia and Herzegovina,BIH,2001,1280121565.11077
Bosnia and Herzegovina,BIH,2000,1218441300.88654
Bosnia and Herzegovina,BIH,1999,1295466214.90962
Bosnia and Herzegovina,BIH,1998,1124011006.6217
Bosnia and Herzegovina,BIH,1997,1022025932.26516
Bosnia and Herzegovina,BIH,1996,658000000.0
Bosnia and Herzegovina,BIH,1995,381000000.0
Bosnia and Herzegovina,BIH,1994,194000000.0
Botswana,BWA,2024,5315056808.77715
Botswana,BWA,2023,6260106088.50898
Botswana,BWA,2022,8848562925.38457
Botswana,BWA,2021,7858679909.85688
Botswana,BWA,2020,4681117525.27574
Botswana,BWA,2019,6203274315.31089
Botswana,BWA,2018,7532912345.37339
Botswana,BWA,2017,6912339736.57387
Botswana,BWA,2016,8236832499.81332
Botswana,BWA,2015,7183595978.7509
Botswana,BWA,2014,9480529368.99091
Botswana,BWA,2013,8759959354.23986
Botswana,BWA,2012,6691579858.7139
Botswana,BWA,2011,6684404436.05826
Botswana,BWA,2010,5325894408.36078
Botswana,BWA,2009,3625814470.20898
Botswana,BWA,2008,5037792114.61554
Botswana,BWA,2007,5968390548.64143
Botswana,BWA,2006,5136222269.86604
Botswana,BWA,2005,5249438114.40968
Botswana,BWA,2004,4444139018.51733
Botswana,BWA,2003,3667669548.87978
Botswana,BWA,2002,2836771499.44246
Botswana,BWA,2001,2671112100.25337
Botswana,BWA,2000,3000196009.25164
Botswana,BWA,1999,3027163553.28643
Botswana,BWA,1998,2361188675.49481
Botswana,BWA,1997,3056374790.69444
Botswana,BWA,1996,2609472302.63429
Botswana,BWA,1995,2404870920.53371
Botswana,BWA,1994,2036880108.9157
Botswana,BWA,1993,1959245999.40159
Botswana,BWA,1992,1997748521.72677
Botswana,BWA,1991,2090888359.81375
Botswana,BWA,1990,2086950258.69863
Botswana,BWA,1989,1826381244.39795
Botswana,BWA,1988,1864990911.01987
Botswana,BWA,1987,1476466415.43687
Botswana,BWA,1986,951576888.200159
Botswana,BWA,1985,739001569.984132
Botswana,BWA,1984,754559745.157979
Botswana,BWA,1983,727761034.01688
Botswana,BWA,1982,553774494.712337
Botswana,BWA,1981,533739354.493282
Botswana,BWA,1980,562900061.114864
Botswana,BWA,1979,443738520.037251
Botswana,BWA,1978,307369254.86351
Botswana,BWA,1977,229880279.348188
Botswana,BWA,1976,187450046.862512
Botswana,BWA,1975,154832672.53363
Botswana,BWA,1974,125243385.721665
Botswana,BWA,1973,94797108.2559925
Botswana,BWA,1972,61462576.4076871
Botswana,BWA,1971,42248934.6531096
Botswana,BWA,1970,23729296.189075
Botswana,BWA,1969,17616985.8381716
Botswana,BWA,1968,15272009.1269432
Botswana,BWA,1967,14434139.8786695
Botswana,BWA,1966,15063118.6513488
Botswana,BWA,1965,14518367.1304168
Botswana,BWA,1964,11990090.0511531
Botswana,BWA,1963,11044517.794955
Botswana,BWA,1962,9954224.58693473
Botswana,BWA,1961,8954881.38979759
Botswana,BWA,1960,7990792.36416704
Brazil,BRA,2024,392105352908.42
Brazil,BRA,2023,393731591579.688
Brazil,BRA,2022,383177580523.381
Brazil,BRA,2021,319251213851.504
Brazil,BRA,2020,242872081037.195
Brazil,BRA,2019,264562972885.655
Brazil,BRA,2018,280543238553.765
Brazil,BRA,2017,258330740894.672
Brazil,BRA,2016,223863316065.497
Brazil,BRA,2015,232488797699.731
Brazil,BRA,2014,270458135123.049
Brazil,BRA,2013,290364152968.201
Brazil,BRA,2012,292808453766.78
Brazil,BRA,2011,303016670666.47
Brazil,BRA,2010,240003177242.351
Brazil,BRA,2009,180891954696.632
Brazil,BRA,2008,229517077426.892
Brazil,BRA,2007,186202847701.222
Brazil,BRA,2006,159213766909.526
Brazil,BRA,2005,135919138201.251
Brazil,BRA,2004,110739015046.921
Brazil,BRA,2003,84744254237.9749
Brazil,BRA,2002,72546876208.0285
Brazil,BRA,2001,69279563683.047
Brazil,BRA,2000,66777376073.331
Brazil,BRA,1999,57355154395.7223
Brazil,BRA,1998,60723205260.3554
Brazil,BRA,1997,61680043707.1935
Brazil,BRA,1996,57235482155.3958
Brazil,BRA,1995,57922145075.9927
Brazil,BRA,1994,49978835483.8031
Brazil,BRA,1993,38683106084.5045
Brazil,BRA,1992,35668490420.1102
Brazil,BRA,1991,29730384050.1383
Brazil,BRA,1990,32028703568.9999
Brazil,BRA,1989,36878468232.3992
Brazil,BRA,1988,35921688764.4272
Brazil,BRA,1987,27820190341.2553
Brazil,BRA,1986,23640555933.3822
Brazil,BRA,1985,27305943480.8901
Brazil,BRA,1984,28317692073.148
Brazil,BRA,1983,23221079048.8769
Brazil,BRA,1982,21435129573.2899
Brazil,BRA,1981,24828388398.9376
Brazil,BRA,1980,21276141967.6084
Brazil,BRA,1979,16026612550.3001
Brazil,BRA,1978,13404621904.9098
Brazil,BRA,1977,12776590678.7557
Brazil,BRA,1976,10741988183.0392
Brazil,BRA,1975,9325921437.05926
Brazil,BRA,1974,8424673828.03794
Brazil,BRA,1973,6557708237.89377
Brazil,BRA,1972,4249449495.7691
Brazil,BRA,1971,3155632739.4951
Brazil,BRA,1970,2975391707.00149
Brazil,BRA,1969,2479930321.58748
Brazil,BRA,1968,2032731102.64928
Brazil,BRA,1967,1764834054.99797
Brazil,BRA,1966,1846958711.61305
Brazil,BRA,1965,1685625122.1861
Brazil,BRA,1964,1354466134.88626
Brazil,BRA,1963,2080325261.99351
Brazil,BRA,1962,770900519.674771
Brazil,BRA,1961,1109152823.34559
Brazil,BRA,1960,1069822093.95372
Brunei Darussalam,BRN,2024,11393732325.631
Brunei Darussalam,BRN,2023,11578413348.423
Brunei Darussalam,BRN,2022,14411072071.9153
Brunei Darussalam,BRN,2021,11228855780.6292
Brunei Darussalam,BRN,2020,6886059825.91906
Brunei Darussalam,BRN,2019,7804888584.60408
Brunei Darussalam,BRN,2018,7045735066.37537
Brunei Darussalam,BRN,2017,6012333920.6353
Brunei Darussalam,BRN,2016,5651998520.28491
Brunei Darussalam,BRN,2015,6751297356.70163
Brunei Darussalam,BRN,2014,11656782737.7194
Brunei Darussalam,BRN,2013,12312003443.1882
Brunei Darussalam,BRN,2012,13364336606.2004
Brunei Darussalam,BRN,2011,12875904772.4286
Brunei Darussalam,BRN,2010,9239730724.18297
Brunei Darussalam,BRN,2009,7112433442.48365
Brunei Darussalam,BRN,2008,10502405644.5006
Brunei Darussalam,BRN,2007,7651436598.18645
Brunei Darussalam,BRN,2006,7607073551.87412
Brunei Darussalam,BRN,2005,6177687114.31227
Brunei Darussalam,BRN,2004,4978970766.07416
Brunei Darussalam,BRN,2003,4187448792.69285
Brunei Darussalam,BRN,2002,3588069784.89747
Brunei Darussalam,BRN,2001,3531476907.98187
Brunei Darussalam,BRN,2000,3743517639.29968
Brunei Darussalam,BRN,1999,2567616759.59921
Brunei Darussalam,BRN,1998,2044691629.1926
Brunei Darussalam,BRN,1997,2972105446.77217
Brunei Darussalam,BRN,1996,3065868297.44667
Brunei Darussalam,BRN,1995,2827057059.70544
Brunei Darussalam,BRN,1994,2087801582.25113
Brunei Darussalam,BRN,1993,2248434358.15647
Brunei Darussalam,BRN,1992,2421166297.41425
Brunei Darussalam,BRN,1991,2468235362.21817
Brunei Darussalam,BRN,1990,2175960382.51441
Brunei Darussalam,BRN,1989,1845396865.44037
Brunei Darussalam,BRN,1983,3393672653.2737
Brunei Darussalam,BRN,1982,3809768577.46989
Brunei Darussalam,BRN,1981,4066849308.84388
Brunei Darussalam,BRN,1980,4601608064.2329
Brunei Darussalam,BRN,1979,2665369238.25439
Brunei Darussalam,BRN,1978,1844746649.66304
Brunei Darussalam,BRN,1977,1639747478.88825
Brunei Darussalam,BRN,1976,1332744060.52674
Brunei Darussalam,BRN,1975,1052165478.85126
Brunei Darussalam,BRN,1974,966815177.028537
Bulgaria,BGR,2024,63891606678.0172
Bulgaria,BGR,2023,63368607608.6518
Bulgaria,BGR,2022,63335730820.5503
Bulgaria,BGR,2021,52185365602.9387
Bulgaria,BGR,2020,39807550749.1845
Bulgaria,BGR,2019,44050873991.5812
Bulgaria,BGR,2018,43570441787.2329
Bulgaria,BGR,2017,39636715495.2756
Bulgaria,BGR,2016,34439814778.1557
Bulgaria,BGR,2015,32381760371.7978
Bulgaria,BGR,2014,36846181919.0697
Bulgaria,BGR,2013,36039694835.7285
Bulgaria,BGR,2012,32766248152.1632
Bulgaria,BGR,2011,33909798230.7328
Bulgaria,BGR,2010,25394223740.2125
Bulgaria,BGR,2009,21963850651.0309
Bulgaria,BGR,2008,28590187694.8689
Bulgaria,BGR,2007,23261999930.0234
Bulgaria,BGR,2006,16151246707.5876
Bulgaria,BGR,2005,12703010482.5958
Bulgaria,BGR,2004,10713332855.0596
Bulgaria,BGR,2003,7277448747.67848
Bulgaria,BGR,2002,5519181983.41338
Bulgaria,BGR,2001,4947372829.68708
Bulgaria,BGR,2000,4797546243.42113
Bulgaria,BGR,1999,5829830705.25048
Bulgaria,BGR,1998,6304226753.8762
Bulgaria,BGR,1997,5610104531.89558
Bulgaria,BGR,1996,5962695838.41609
Bulgaria,BGR,1995,6141757603.7278
Bulgaria,BGR,1994,4373776185.02235
Bulgaria,BGR,1993,4138580850.90962
Bulgaria,BGR,1992,4052954029.39034
Bulgaria,BGR,1991,3316842815.38116
Bulgaria,BGR,1990,6833181818.18182
Bulgaria,BGR,1989,10207166666.6667
Bulgaria,BGR,1988,10277764705.8824
Bulgaria,BGR,1987,11461076923.0769
Bulgaria,BGR,1986,8106529411.76471
Bulgaria,BGR,1985,7341684210.52632
Bulgaria,BGR,1984,7061055555.55556
Bulgaria,BGR,1983,6153111111.11111
Bulgaria,BGR,1982,6631000000.0
Bulgaria,BGR,1981,7081357142.85714
Bulgaria,BGR,1980,7084153846.15385
Burkina Faso,BFA,2024,6603895283.60786
Burkina Faso,BFA,2023,5820632563.85601
Burkina Faso,BFA,2022,5813561183.39553
Burkina Faso,BFA,2021,6460208896.64941
Burkina Faso,BFA,2020,5632452790.61293
Burkina Faso,BFA,2019,4690831780.11539
Burkina Faso,BFA,2018,4461756780.16476
Burkina Faso,BFA,2017,3731626300.73619
Burkina Faso,BFA,2016,3325889850.03121
Burkina Faso,BFA,2015,3089098213.34422
Burkina Faso,BFA,2014,3755133669.00295
Burkina Faso,BFA,2013,3640311286.81321
Burkina Faso,BFA,2012,3340989540.70765
Burkina Faso,BFA,2011,3164493995.57507
Burkina Faso,BFA,2010,2074074305.85765
Burkina Faso,BFA,2009,1303153838.06675
Burkina Faso,BFA,2008,959257099.036903
Burkina Faso,BFA,2007,789151147.099085
Burkina Faso,BFA,2006,717391852.668023
Burkina Faso,BFA,2005,604914704.78582
Burkina Faso,BFA,2004,593230247.614684
Burkina Faso,BFA,2003,437119286.678813
Burkina Faso,BFA,2002,321134577.559381
Burkina Faso,BFA,2001,288539801.148718
Burkina Faso,BFA,2000,262543948.165201
Burkina Faso,BFA,1999,283164589.796073
Burkina Faso,BFA,1998,359254784.850846
Burkina Faso,BFA,1997,264654980.388452
Burkina Faso,BFA,1996,273232993.341465
Burkina Faso,BFA,1995,336477084.673808
Burkina Faso,BFA,1994,269161995.884847
Burkina Faso,BFA,1993,286407891.48908
Burkina Faso,BFA,1992,296949143.50596
Burkina Faso,BFA,1991,327535406.089611
Burkina Faso,BFA,1990,340110086.141584
Burkina Faso,BFA,1989,228834176.818704
Burkina Faso,BFA,1988,287730449.044585
Burkina Faso,BFA,1987,269185210.483642
Burkina Faso,BFA,1986,183075138.96731
Burkina Faso,BFA,1985,154030064.347859
Burkina Faso,BFA,1984,160016200.325
Burkina Faso,BFA,1983,126168356.027405
Burkina Faso,BFA,1982,143789749.49086
Burkina Faso,BFA,1981,164734426.603165
Burkina Faso,BFA,1980,172630479.08256
Burkina Faso,BFA,1979,144182061.699373
Burkina Faso,BFA,1978,110202772.487273
Burkina Faso,BFA,1977,90048519.1516871
Burkina Faso,BFA,1976,80128162.0284074
Burkina Faso,BFA,1975,69071585.0515765
Burkina Faso,BFA,1974,62500033.8589196
Burkina Faso,BFA,1973,42590341.8561142
Burkina Faso,BFA,1972,37028534.9708903
Burkina Faso,BFA,1971,26587935.4338148
Burkina Faso,BFA,1970,25007054.098666
Burkina Faso,BFA,1969,27823654.5207813
Burkina Faso,BFA,1968,28569263.1922709
Burkina Faso,BFA,1967,22215435.2110641
Burkina Faso,BFA,1966,21918943.175302
Burkina Faso,BFA,1965,19676611.9401145
Burkina Faso,BFA,1964,11484230.663974
Burkina Faso,BFA,1963,21985467.8188396
Burkina Faso,BFA,1962,20997590.0505315
Burkina Faso,BFA,1961,19014523.2019842
Burkina Faso,BFA,1960,16066015.5277735
Cabo Verde,CPV,2024,1158263031.53433
Cabo Verde,CPV,2023,983790279.619881
Cabo Verde,CPV,2022,869236485.990215
Cabo Verde,CPV,2021,489360327.17769
Cabo Verde,CPV,2020,460735344.52853
Cabo Verde,CPV,2019,1051880072.22161
Cabo Verde,CPV,2018,1011390795.76429
Cabo Verde,CPV,2017,840005276.517296
Cabo Verde,CPV,2016,767162452.285936
Cabo Verde,CPV,2015,719807460.417794
Cabo Verde,CPV,2014,760584105.401972
Cabo Verde,CPV,2013,761183232.718409
Cabo Verde,CPV,2012,716706284.462159
Cabo Verde,CPV,2011,672876287.854967
Cabo Verde,CPV,2010,552604498.853242
Cabo Verde,CPV,2009,537877757.802389
Cabo Verde,CPV,2008,672942622.512152
Cabo Verde,CPV,2007,556679670.900563
Cabo Verde,CPV,2006,499871423.792251
Cabo Verde,CPV,2005,367287242.836179
Cabo Verde,CPV,2004,296019402.143768
Cabo Verde,CPV,2003,255073869.359581
Cabo Verde,CPV,2002,201943860.652118
Cabo Verde,CPV,2001,167853969.18043
Cabo Verde,CPV,2000,145630289.312716
Cabo Verde,CPV,1999,124265005.50714
Cabo Verde,CPV,1998,118975529.248762
Cabo Verde,CPV,1997,134631485.120869
Cabo Verde,CPV,1996,101395583.638198
Cabo Verde,CPV,1995,83482492.5507137
Cabo Verde,CPV,1994,61175342.8337668
Cabo Verde,CPV,1993,65033421.6121452
Cabo Verde,CPV,1992,61728160.1928901
Cabo Verde,CPV,1991,52976389.2000896
Cabo Verde,CPV,1990,52576466.0227159
Cabo Verde,CPV,1989,51418178.6182151
Cabo Verde,CPV,1988,44159711.3816908
Cabo Verde,CPV,1987,42578548.7072232
Cabo Verde,CPV,1986,33573408.0303558
Cabo Verde,CPV,1985,31179570.2679948
Cabo Verde,CPV,1984,30064769.3792957
Cabo Verde,CPV,1983,34103837.5044062
Cabo Verde,CPV,1982,32243001.0992852
Cabo Verde,CPV,1981,29942621.8480968
Cabo Verde,CPV,1980,24288314.0243949
Cambodia,KHM,2024,33078910281.3995
Cambodia,KHM,2023,28319442900.3223
Cambodia,KHM,2022,28878876682.0659
Cambodia,KHM,2021,26621743091.289
Cambodia,KHM,2020,20863615890.1823
Cambodia,KHM,2019,20340881132.781
Cambodia,KHM,2018,18386489552.4053
Cambodia,KHM,2017,16527255663.0116
Cambodia,KHM,2016,14986346465.4653
Cambodia,KHM,2015,13532995573.0072
Cambodia,KHM,2014,12481981424.1486
Cambodia,KHM,2013,11214912043.9009
Cambodia,KHM,2012,9498870541.58195
Cambodia,KHM,2011,8003673660.63817
Cambodia,KHM,2010,6935619206.60821
Cambodia,KHM,2009,5777715035.42259
Cambodia,KHM,2008,7521137176.17915
Cambodia,KHM,2007,6191862457.21397
Cambodia,KHM,2006,5400482920.00244
Cambodia,KHM,2005,4313261450.65364
Cambodia,KHM,2004,3578124691.83079
Cambodia,KHM,2003,2736752434.9334
Cambodia,KHM,2002,2439168009.42048
Cambodia,KHM,2001,2121742524.00612
Cambodia,KHM,2000,1821406331.08459
Cambodia,KHM,1999,1426037338.31186
Cambodia,KHM,1998,974763067.891374
Cambodia,KHM,1997,1157570060.48264
Cambodia,KHM,1996,889438538.644162
Cambodia,KHM,1995,1073111830.1371
Cambodia,KHM,1994,719965851.766
Cambodia,KHM,1993,406842504.946077
Cambodia,KHM,1970,41411595.2466691
Cambodia,KHM,1969,68075117.370892
Cambodia,KHM,1968,91428571.4285714
Cambodia,KHM,1967,85714285.7142857
Cambodia,KHM,1966,71428571.4285714
Cambodia,KHM,1965,100000000.0
Cambodia,KHM,1964,117142857.142857
Cambodia,KHM,1963,125714285.714286
Cambodia,KHM,1962,91428571.4285714
Cambodia,KHM,1961,82857142.8571429
Cambodia,KHM,1960,88571428.5714286
Cameroon,CMR,2024,8353326094.39976
Cameroon,CMR,2023,8226588945.45928
Cameroon,CMR,2022,8568684369.04679
Cameroon,CMR,2021,7430968539.29677
Cameroon,CMR,2020,6212103784.55953
Cameroon,CMR,2019,7874085866.66636
Cameroon,CMR,2018,7486173533.2258
Cameroon,CMR,2017,6624479953.0876
Cameroon,CMR,2016,6407809686.3797
Cameroon,CMR,2015,6760654004.68446
Cameroon,CMR,2014,8590854302.65916
Cameroon,CMR,2013,7973145413.04449
Cameroon,CMR,2012,7200040957.28217
Cameroon,CMR,2011,7421773622.74155
Cameroon,CMR,2010,6153122906.06151
Cameroon,CMR,2009,5469950248.91088
Cameroon,CMR,2008,7485406850.66888
Cameroon,CMR,2007,6455516974.46439
Cameroon,CMR,2006,5055972600.31033
Cameroon,CMR,2005,4340055666.03028
Cameroon,CMR,2004,3868330225.42171
Cameroon,CMR,2003,3104135993.00922
Cameroon,CMR,2002,2854249060.11522
Cameroon,CMR,2001,2766983730.38158
Cameroon,CMR,2000,2626514827.50102
Cameroon,CMR,1999,2247078226.12803
Cameroon,CMR,1998,2483240189.42057
Cameroon,CMR,1997,2875461379.0151
Cameroon,CMR,1996,2691568972.11885
Cameroon,CMR,1995,2348799529.22059
Cameroon,CMR,1994,1912336305.59926
Cameroon,CMR,1993,2652315493.28416
Cameroon,CMR,1992,2480390363.88588
Cameroon,CMR,1991,2367905903.71539
Cameroon,CMR,1990,2485421487.55571
Cameroon,CMR,1989,2280376116.79814
Cameroon,CMR,1988,1961804001.92354
Cameroon,CMR,1987,2178543700.78274
Cameroon,CMR,1986,2760485196.05949
Cameroon,CMR,1985,2858134100.85175
Cameroon,CMR,1984,2447934059.896
Cameroon,CMR,1983,2088376143.28872
Cameroon,CMR,1982,2195884892.67123
Cameroon,CMR,1981,1445617473.66066
Cameroon,CMR,1980,1861186771.24249
Cameroon,CMR,1979,1247639813.74646
Cameroon,CMR,1978,1103007001.90104
Cameroon,CMR,1977,850701204.288005
Cameroon,CMR,1976,656202835.889513
Cameroon,CMR,1975,648117760.060174
Cameroon,CMR,1974,548805300.693213
Cameroon,CMR,1973,393469130.801202
Cameroon,CMR,1972,305521571.252187
Cameroon,CMR,1971,284721121.684101
Cameroon,CMR,1970,301733187.275657
Cameroon,CMR,1969,257346671.730306
Cameroon,CMR,1968,231454654.838626
Cameroon,CMR,1967,193088699.930079
Cameroon,CMR,1966,178688819.971612
Cameroon,CMR,1965,193421237.837933
Canada,CAN,2024,727920466717.008
Canada,CAN,2023,724806087191.631
Canada,CAN,2022,743495409319.726
Canada,CAN,2021,630478158309.719
Canada,CAN,2020,487990676642.934
Canada,CAN,2019,564142104614.779
Canada,CAN,2018,557719627178.031
Canada,CAN,2017,518766780219.71
Canada,CAN,2016,481357649980.237
Canada,CAN,2015,495747450357.728
Canada,CAN,2014,573083180253.852
Canada,CAN,2013,560108797442.998
Canada,CAN,2012,554964544782.69
Canada,CAN,2011,550163771962.44
Canada,CAN,2010,471736717163.276
Canada,CAN,2009,391985828011.548
Canada,CAN,2008,534150890346.767
Canada,CAN,2007,502770691741.923
Canada,CAN,2006,467052186177.715
Canada,CAN,2005,432369202838.752
Canada,CAN,2004,383240584166.026
Canada,CAN,2003,330149882235.386
Canada,CAN,2002,304705919836.87
Canada,CAN,2001,310667613636.364
Canada,CAN,2000,329258635782.102
Canada,CAN,1999,283991384532.544
Canada,CAN,1998,253784967981.126
Canada,CAN,1997,249765997399.971
Canada,CAN,1996,233945727906.124
Canada,CAN,1995,218740163217.721
Canada,CAN,1994,190114967779.731
Canada,CAN,1993,168751259592.28
Canada,CAN,1992,155724331926.864
Canada,CAN,1991,149170812603.648
Canada,CAN,1990,149461775797.052
Canada,CAN,1989,142065878378.378
Canada,CAN,1988,132708214837.085
Canada,CAN,1987,112629713423.831
Canada,CAN,1986,102284994602.375
Canada,CAN,1985,100872940314.903
Canada,CAN,1984,99654852907.1114
Canada,CAN,1983,85210159039.273
Canada,CAN,1982,79268055442.9764
Canada,CAN,1981,81065977145.7169
Canada,CAN,1980,75584160109.4766
Canada,CAN,1979,64212907631.8935
Canada,CAN,1978,53813447882.8789
Canada,CAN,1977,48202162670.4278
Canada,CAN,1976,44942190669.3712
Canada,CAN,1975,38302202123.4762
Canada,CAN,1974,38617586912.0654
Canada,CAN,1973,29896010398.9601
Canada,CAN,1972,24070108091.7264
Canada,CAN,1971,20913052089.5227
Canada,CAN,1970,19265001435.5441
Canada,CAN,1969,16551276495.1988
Canada,CAN,1968,15002668947.8911
Canada,CAN,1967,13131449205.2398
Canada,CAN,1966,11675300776.8421
Canada,CAN,1965,9996446867.04438
Canada,CAN,1964,9398224064.40888
Canada,CAN,1963,8094515611.35049
Canada,CAN,1962,7439414166.10697
Canada,CAN,1961,7215712236.96798
Cayman Islands,CYM,2020,3372493489.97396
Cayman Islands,CYM,2019,4127896511.58605
Cayman Islands,CYM,2018,3958935835.74334
Cayman Islands,CYM,2017,3824175296.70119
Central African Republic,CAF,2024,412917514.039995
Central African Republic,CAF,2023,369034170.925932
Central African Republic,CAF,2022,293074002.707976
Central African Republic,CAF,2021,332868820.827631
Central African Republic,CAF,2020,353021263.260214
Central African Republic,CAF,2019,349974468.904547
Central African Republic,CAF,2018,354024742.201165
Central African Republic,CAF,2017,357682916.800674
Central African Republic,CAF,2016,270501993.134169
Central African Republic,CAF,2015,289437777.667248
Central African Republic,CAF,2014,315975056.005751
Central African Republic,CAF,2013,253274134.908027
Central African Republic,CAF,2012,289922950.677384
Central African Republic,CAF,2011,320053983.563233
Central African Republic,CAF,2010,249093430.271024
Central African Republic,CAF,2009,203464465.630003
Central African Republic,CAF,2008,219347920.194474
Central African Republic,CAF,2007,239933929.811439
Central African Republic,CAF,2006,209279918.840122
Central African Republic,CAF,2005,178779525.589052
Central African Republic,CAF,2004,178103975.62981
Central African Republic,CAF,2003,208312702.529568
Central African Republic,CAF,2002,158999418.934245
Central African Republic,CAF,2001,160016888.52944
Central African Republic,CAF,2000,186767826.180021
Central African Republic,CAF,1999,192136061.26759
Central African Republic,CAF,1998,219168761.717854
Central African Republic,CAF,1997,252105056.490783
Central African Republic,CAF,1996,216376647.844288
Central African Republic,CAF,1995,247850125.445452
Central African Republic,CAF,1994,199169785.120117
Central African Republic,CAF,1993,218665899.352471
Central African Republic,CAF,1992,238129778.715737
Central African Republic,CAF,1991,242234407.665641
Central African Republic,CAF,1990,245892979.741471
Central African Republic,CAF,1989,250535801.891474
Central African Republic,CAF,1988,224453247.444129
Central African Republic,CAF,1987,214306703.887828
Central African Republic,CAF,1986,204099898.914805
Central African Republic,CAF,1985,190340640.209863
Central African Republic,CAF,1984,149211730.986615
Central African Republic,CAF,1983,159064467.503475
Central African Republic,CAF,1982,165958867.191733
Central African Republic,CAF,1981,169417093.942378
Central African Republic,CAF,1980,201027871.816561
Central African Republic,CAF,1979,157199524.08792
Central African Republic,CAF,1978,142999455.010829
Central African Republic,CAF,1977,127861442.610841
Central African Republic,CAF,1976,100096593.229893
Central African Republic,CAF,1975,80012173.7888853
Central African Republic,CAF,1974,78051063.3886003
Central African Republic,CAF,1973,77607287.9229855
Central African Republic,CAF,1972,57429305.1610568
Central African Republic,CAF,1971,60030793.1039366
Central African Republic,CAF,1970,60397784.8485851
Central African Republic,CAF,1969,51399886.5074055
Central African Republic,CAF,1968,65799815.5423568
Central African Republic,CAF,1967,43089266.5945851
Central African Republic,CAF,1966,44773974.2010814
Central African Republic,CAF,1965,40806173.5372314
Central African Republic,CAF,1964,40403677.005895
Central African Republic,CAF,1963,32650882.1445961
Central African Republic,CAF,1962,30610519.6477239
Central African Republic,CAF,1961,32618432.1655383
Central African Republic,CAF,1960,26101663.4259752
Chad,TCD,2024,5811653282.91208
Chad,TCD,2023,5340996645.48059
Chad,TCD,2022,5657938456.17481
Chad,TCD,2021,4434510318.11721
Chad,TCD,2020,3178743027.29094
Chad,TCD,2019,3721677783.17558
Chad,TCD,2018,3961229688.85689
Chad,TCD,2017,3095057450.03395
Chad,TCD,2016,2944981828.42901
Chad,TCD,2015,4063362923.68153
Chad,TCD,2014,4198424641.10862
Chad,TCD,2013,5386661770.57061
Chad,TCD,2012,5975646595.14618
Chad,TCD,2011,5449880186.38807
Chad,TCD,2010,4841518209.44116
Chad,TCD,2009,4049680650.9667
Chad,TCD,2008,5363793156.01901
Chad,TCD,2007,4723051938.85233
Chad,TCD,2006,4347565142.31093
Chad,TCD,2005,3859865745.55291
Chad,TCD,2004,2256048166.0841
Chad,TCD,2003,675636728.899707
Chad,TCD,2002,253418838.156303
Chad,TCD,2001,250908654.896596
Chad,TCD,2000,234520132.685021
Chad,TCD,1999,281123360.420699
Chad,TCD,1998,322640880.265171
Chad,TCD,1997,286444703.149508
Chad,TCD,1996,281984781.110316
Chad,TCD,1995,317076027.401918
Chad,TCD,1994,190020006.603114
Chad,TCD,1993,194955480.328494
Chad,TCD,1992,208710952.478653
Chad,TCD,1991,224348643.655516
Chad,TCD,1990,234367649.848279
Chad,TCD,1989,197582396.751377
Chad,TCD,1988,222673412.729052
Chad,TCD,1987,179740702.896575
Chad,TCD,1986,143026030.246369
Chad,TCD,1985,123003840.625963
Chad,TCD,1984,165602339.386213
Chad,TCD,1983,136673323.990491
Chad,TCD,1982,54751112.1159341
Chad,TCD,1981,132421607.078368
Chad,TCD,1980,175041293.986065
Chad,TCD,1979,178553423.082796
Chad,TCD,1978,182936219.338598
Chad,TCD,1977,143615633.961631
Chad,TCD,1976,139294049.754088
Chad,TCD,1975,124525763.498138
Chad,TCD,1974,120007833.001394
Chad,TCD,1973,101796566.323275
Chad,TCD,1972,85268097.6121717
Chad,TCD,1971,79858965.5008526
Chad,TCD,1970,76302006.2974177
Chad,TCD,1969,62287914.8589663
Chad,TCD,1968,67829222.4496277
Chad,TCD,1967,64603586.1863258
Chad,TCD,1966,60213093.5080802
Chad,TCD,1965,56286114.1302922
Chad,TCD,1964,53846256.5035233
Chad,TCD,1963,48137413.8985524
Chad,TCD,1962,50177660.364189
Chad,TCD,1961,46459419.2332188
Chad,TCD,1960,41987616.2207662
Chile,CHL,2024,111377047470.18
Chile,CHL,2023,103376675915.93
Chile,CHL,2022,107256627010.034
Chile,CHL,2021,100881456731.022
Chile,CHL,2020,79592399892.9982
Chile,CHL,2019,77571035535.566
Chile,CHL,2018,84405336511.8622
Chile,CHL,2017,78238304038.8391
Chile,CHL,2016,69624960593.4583
Chile,CHL,2015,70773876095.187
Chile,CHL,2014,85665253392.007
Chile,CHL,2013,89009025669.2429
Chile,CHL,2012,90376114425.7005
Chile,CHL,2011,94745539749.1623
Chile,CHL,2010,82271078017.9908
Chile,CHL,2009,63756458255.2363
Chile,CHL,2008,74049221810.4172
Chile,CHL,2007,77844967147.1859
Chile,CHL,2006,67484496460.0702
Chile,CHL,2005,49132372355.1774
Chile,CHL,2004,39319047540.7463
Chile,CHL,2003,26819043866.956
Chile,CHL,2002,22665228128.6505
Chile,CHL,2001,22794630096.0798
Chile,CHL,2000,23598873696.015
Chile,CHL,1999,21395656218.2333
Chile,CHL,1998,20615225095.3212
Chile,CHL,1997,22188167110.1762
Chile,CHL,1996,20392925352.0167
Chile,CHL,1995,21024502601.4987
Chile,CHL,1994,15653663028.8681
Chile,CHL,1993,12755908986.3914
Chile,CHL,1992,13307830022.0147
Chile,CHL,1991,11846241658.8232
Chile,CHL,1990,10767995923.0111
Chile,CHL,1989,10088686694.2237
Chile,CHL,1988,8456927621.44139
Chile,CHL,1987,6306734128.16828
Chile,CHL,1986,5162723062.69063
Chile,CHL,1985,4651072800.11727
Chile,CHL,1984,4485352693.65457
Chile,CHL,1983,4769390034.30656
Chile,CHL,1982,3635010931.9185
Chile,CHL,1981,5363825291.28205
Chile,CHL,1980,6292627054.10256
Chile,CHL,1979,4825253306.0544
Chile,CHL,1978,3169461902.32934
Chile,CHL,1977,2755061055.03326
Chile,CHL,1976,2475236058.264
Chile,CHL,1975,1837775113.19303
Chile,CHL,1974,3166203509.96751
Chile,CHL,1973,2238225384.55096
Chile,CHL,1972,1131291624.67003
Chile,CHL,1971,1178754033.90941
Chile,CHL,1970,1312710941.65632
Chile,CHL,1969,1344218032.02599
Chile,CHL,1968,985246218.731821
Chile,CHL,1967,991413772.691397
Chile,CHL,1966,1027139444.30018
Chile,CHL,1965,811080139.372822
Chile,CHL,1964,730563068.920676
Chile,CHL,1963,687611590.628853
Chile,CHL,1962,639219281.663516
Chile,CHL,1961,550751428.571429
Chile,CHL,1960,536609090.909091
China,CHN,2024,3753056083349.04
China,CHN,2023,3490089712362.99
China,CHN,2022,3717887818646.97
China,CHN,2021,3554107780957.44
China,CHN,2020,2729884575163.89
China,CHN,2019,2628941104657.6
China,CHN,2018,2655609176087.45
China,CHN,2017,2424216052098.35
China,CHN,2016,2199974853570.14
China,CHN,2015,2362097053274.6
China,CHN,2014,2462825804851.16
China,CHN,2013,2354264539609.2
China,CHN,2012,2175069254663.85
China,CHN,2011,2006308960976.47
China,CHN,2010,1654823329663.86
China,CHN,2009,1262664161019.72
China,CHN,2008,1497868782939.59
China,CHN,2007,1258056795940.68
China,CHN,2006,991731387760.501
China,CHN,2005,773339005396.99
China,CHN,2004,607356934124.72
China,CHN,2003,447958253781.62
China,CHN,2002,333002310923.451
China,CHN,2001,272060010515.89
China,CHN,2000,253092089737.0
China,CHN,1999,198699399635.0
China,CHN,1998,188750394176.0
China,CHN,1997,187447040000.0
China,CHN,1996,154811877000.001
China,CHN,1995,131858826000.0
China,CHN,1994,104607445198.0
China,CHN,1993,74280328750.0
China,CHN,1992,66847400129.0
China,CHN,1991,55542659170.0
China,CHN,1990,49129758920.0
China,CHN,1989,41190793490.0
China,CHN,1988,44923701330.0
China,CHN,1987,34072853910.0
China,CHN,1986,26202580690.47
China,CHN,1985,25801403273.95
China,CHN,1984,24764305080.89
China,CHN,1983,21956304449.37
China,CHN,1982,22600124795.19
China,CHN,1981,24369970000.0
China,CHN,1980,19405720000.0
China,CHN,1979,13962640000.0
China,CHN,1978,10801140000.0
China,CHN,1977,8271070000.0
China,CHN,1976,7440600000.0
China,CHN,1975,7974570000.0
China,CHN,1974,7213067000.0
China,CHN,1973,5959279000.0
China,CHN,1972,3537210000.0
China,CHN,1971,2710416000.0
China,CHN,1970,2274220000.0
China,CHN,1969,2214390000.0
China,CHN,1968,2114700000.0
China,CHN,1967,2155880000.0
China,CHN,1966,2370600000.0
China,CHN,1965,2246600000.0
China,CHN,1964,1938860000.0
China,CHN,1963,1666350000.0
China,CHN,1962,1505370000.0
China,CHN,1961,1505610000.0
China,CHN,1960,1883060000.0
Colombia,COL,2024,67426785840.6166
Colombia,COL,2023,65315982251.3179
Colombia,COL,2022,70468824548.812
Colombia,COL,2021,51591453811.2973
Colombia,COL,2020,36557247848.5389
Colombia,COL,2019,51258795210.3544
Colombia,COL,2018,53136579844.9701
Colombia,COL,2017,47233141871.792
Colombia,COL,2016,41608310926.5839
Colombia,COL,2015,45932176699.4658
Colombia,COL,2014,63418461300.1317
Colombia,COL,2013,69107146201.365
Colombia,COL,2012,69731471881.4892
Colombia,COL,2011,64569763969.5584
Colombia,COL,2010,46816280695.4722
Colombia,COL,2009,38181805547.3998
Colombia,COL,2008,43916519836.3982
Colombia,COL,2007,33889993566.9701
Colombia,COL,2006,28683606693.826
Colombia,COL,2005,24709929563.8536
Colombia,COL,2004,19637278136.3897
Colombia,COL,2003,15687687299.8944
Colombia,COL,2002,14511230142.0322
Colombia,COL,2001,15110265985.5399
Colombia,COL,2000,15895257719.3545
Colombia,COL,1999,15812211474.8338
Colombia,COL,1998,14773797430.026
Colombia,COL,1997,15829917576.649
Colombia,COL,1996,14767813598.716
Colombia,COL,1995,13444770139.3343
Colombia,COL,1994,12254186688.3985
Colombia,COL,1993,10089611942.598
Colombia,COL,1992,9649972062.93192
Colombia,COL,1991,9389847563.38362
Colombia,COL,1990,9024672480.38864
Colombia,COL,1989,7118228010.95861
Colombia,COL,1988,6386221631.40895
Colombia,COL,1987,6165155372.87305
Colombia,COL,1986,6582202894.2535
Colombia,COL,1985,4818142148.53733
Colombia,COL,1984,4546303965.08543
Colombia,COL,1983,4050952667.78683
Colombia,COL,1982,4252517718.43372
Colombia,COL,1981,4312469259.96344
Colombia,COL,1980,5416924889.4313
Colombia,COL,1979,4251544715.065
Colombia,COL,1978,3867783604.04144
Colombia,COL,1977,3283905564.22709
Colombia,COL,1976,2615131863.38089
Colombia,COL,1975,2071845444.99232
Colombia,COL,1974,1798616360.40627
Colombia,COL,1973,1539558029.33178
Colombia,COL,1972,1149373247.90663
Colombia,COL,1971,935820962.911309
Colombia,COL,1970,955259648.019432
Colombia,COL,1969,808812068.099551
Colombia,COL,1968,701707004.180043
Colombia,COL,1967,653146477.145043
Colombia,COL,1966,541851851.851852
Colombia,COL,1965,699047619.047619
Colombia,COL,1964,714265144.444444
Colombia,COL,1963,579510844.444444
Colombia,COL,1962,605741204.428215
Colombia,COL,1961,589865537.313433
Colombia,COL,1960,632672494.348154
Comoros,COM,2024,142823532.426167
Comoros,COM,2023,137392339.932033
Comoros,COM,2022,158275538.09652
Comoros,COM,2021,126168316.003173
Comoros,COM,2020,69125254.1274337
Comoros,COM,2019,151737907.193166
Comoros,COM,2018,152136790.410935
Comoros,COM,2017,128229514.973898
Comoros,COM,2016,108098874.554256
Comoros,COM,2015,97918676.0474854
Comoros,COM,2014,111239533.681103
Comoros,COM,2013,101000369.797136
Comoros,COM,2012,90876082.5909401
Comoros,COM,2011,101862600.092918
Comoros,COM,2010,87519134.9901317
Comoros,COM,2009,84304814.7745311
Comoros,COM,2008,75279514.6975637
Comoros,COM,2007,71414386.4091993
Comoros,COM,2006,60836974.6661151
Comoros,COM,2005,57910785.607214
Comoros,COM,2004,55020144.1441518
Comoros,COM,2003,48318612.5307172
Comoros,COM,2002,37762291.0923499
Comoros,COM,2001,32936851.5943078
Comoros,COM,2000,29999666.7830539
Comoros,COM,1999,32862827.8818281
Comoros,COM,1998,32158004.6375207
Comoros,COM,1997,32059601.3469303
Comoros,COM,1996,34682055.6676652
Comoros,COM,1995,34707163.6759398
Comoros,COM,1994,27814976.6903399
Comoros,COM,1993,37795696.7678153
Comoros,COM,1992,38576009.4850436
Comoros,COM,1991,35397521.3541245
Comoros,COM,1990,35483754.1141926
Comoros,COM,1989,29042898.5544662
Comoros,COM,1988,29725528.8582203
Comoros,COM,1987,27682319.1570866
Comoros,COM,1986,22808892.223235
Comoros,COM,1985,16961672.7963943
Comoros,COM,1984,16709104.8430352
Comoros,COM,1983,17335520.2151079
Comoros,COM,1982,17862941.2099154
Comoros,COM,1981,18815567.9153962
Comoros,COM,1980,21507084.4354201
"Congo, Dem. Rep.",COD,2024,34597093710.8684
"Congo, Dem. Rep.",COD,2023,29372039343.0999
"Congo, Dem. Rep.",COD,2022,28746630293.9711
"Congo, Dem. Rep.",COD,2021,22344866847.553
"Congo, Dem. Rep.",COD,2020,13935463325.7316
"Congo, Dem. Rep.",COD,2019,13335027131.6524
"Congo, Dem. Rep.",COD,2018,16081644406.2824
"Congo, Dem. Rep.",COD,2017,11668171687.8894
"Congo, Dem. Rep.",COD,2016,12013307808.8789
"Congo, Dem. Rep.",COD,2015,10449550918.7865
"Congo, Dem. Rep.",COD,2014,12636048299.5488
"Congo, Dem. Rep.",COD,2013,11910448089.2852
"Congo, Dem. Rep.",COD,2012,9027221212.75474
"Congo, Dem. Rep.",COD,2011,10210730650.7413
"Congo, Dem. Rep.",COD,2010,8865878886.19268
"Congo, Dem. Rep.",COD,2009,5000249244.91362
"Congo, Dem. Rep.",COD,2008,7723146543.56142
"Congo, Dem. Rep.",COD,2007,6539421979.45698
"Congo, Dem. Rep.",COD,2006,3136063220.45418
"Congo, Dem. Rep.",COD,2005,2920400112.75775
"Congo, Dem. Rep.",COD,2004,2340567899.3741
"Congo, Dem. Rep.",COD,2003,2145055691.03305
"Congo, Dem. Rep.",COD,2002,1367800837.58331
"Congo, Dem. Rep.",COD,2001,891666666.666667
"Congo, Dem. Rep.",COD,2000,2185507246.37681
"Congo, Dem. Rep.",COD,1999,1113537727.27273
"Congo, Dem. Rep.",COD,1998,1852289843.52632
"Congo, Dem. Rep.",COD,1997,1142032269.2638
"Congo, Dem. Rep.",COD,1996,1731596555.93615
"Congo, Dem. Rep.",COD,1995,1607380673.70666
"Congo, Dem. Rep.",COD,1994,1316878619.73574
"Congo, Rep.",COG,2024,8296952539.2444
"Congo, Rep.",COG,2023,8717056859.49555
"Congo, Rep.",COG,2022,10093186510.6175
"Congo, Rep.",COG,2021,7833386313.57048
"Congo, Rep.",COG,2020,4669939812.03556
"Congo, Rep.",COG,2019,7854704721.17581
"Congo, Rep.",COG,2018,9190930874.56505
"Congo, Rep.",COG,2017,5676136547.10808
"Congo, Rep.",COG,2016,4598648630.75926
"Congo, Rep.",COG,2015,5080489797.75092
"Congo, Rep.",COG,2014,9521187260.1466
"Congo, Rep.",COG,2013,9506330379.38899
"Congo, Rep.",COG,2012,10276401661.2795
"Congo, Rep.",COG,2011,11524199117.771
"Congo, Rep.",COG,2010,9010344990.62158
"Congo, Rep.",COG,2009,6269575239.20125
"Congo, Rep.",COG,2008,8551335536.76063
"Congo, Rep.",COG,2007,6014868764.4275
"Congo, Rep.",COG,2006,6253140817.89154
"Congo, Rep.",COG,2005,4987839329.91879
"Congo, Rep.",COG,2004,3750252271.58279
"Congo, Rep.",COG,2003,2831441511.17512
"Congo, Rep.",COG,2002,2473412893.42318
"Congo, Rep.",COG,2001,2165209455.40444
"Congo, Rep.",COG,2000,2591933855.45429
"Congo, Rep.",COG,1999,1702267046.49725
"Congo, Rep.",COG,1998,1487018188.90197
"Congo, Rep.",COG,1997,1755897583.7437
"Congo, Rep.",COG,1996,1739316143.9972
"Congo, Rep.",COG,1995,1369151207.14014
"Congo, Rep.",COG,1994,1035379949.30792
"Congo, Rep.",COG,1993,1149866814.49882
"Congo, Rep.",COG,1992,1193589825.24736
"Congo, Rep.",COG,1991,1134481545.07978
"Congo, Rep.",COG,1990,1449116806.0998
"Congo, Rep.",COG,1989,1159530947.18705
"Congo, Rep.",COG,1988,898779925.220906
"Congo, Rep.",COG,1987,958951543.473103
"Congo, Rep.",COG,1986,736631969.173705
"Congo, Rep.",COG,1985,1227120963.45231
"Congo, Rep.",COG,1984,1351850299.95629
"Congo, Rep.",COG,1983,1215274929.40882
"Congo, Rep.",COG,1982,1194134306.38522
"Congo, Rep.",COG,1981,1156656678.97488
"Congo, Rep.",COG,1980,1023762095.67461
"Congo, Rep.",COG,1979,568348371.734096
"Congo, Rep.",COG,1978,384211648.658271
"Congo, Rep.",COG,1977,348827333.046871
"Congo, Rep.",COG,1976,304665660.159715
"Congo, Rep.",COG,1975,275298407.142081
"Congo, Rep.",COG,1974,311584817.291537
"Congo, Rep.",COG,1973,171385616.32217
"Congo, Rep.",COG,1972,116257095.893697
"Congo, Rep.",COG,1971,104954865.830511
"Congo, Rep.",COG,1970,95512627.991628
"Congo, Rep.",COG,1969,85012891.2240361
"Congo, Rep.",COG,1968,76343640.5031163
"Congo, Rep.",COG,1967,72357447.6776995
"Congo, Rep.",COG,1966,65939852.9143199
"Congo, Rep.",COG,1965,71410810.831236
"Congo, Rep.",COG,1964,70846987.328557
"Congo, Rep.",COG,1963,62818525.1195746
"Congo, Rep.",COG,1962,50771655.3542926
"Congo, Rep.",COG,1961,29515424.4044145
"Congo, Rep.",COG,1960,26943546.4781166
Costa Rica,CRI,2024,36740228685.0811
Costa Rica,CRI,2023,33661220608.3867
Costa Rica,CRI,2022,29362895414.1741
Costa Rica,CRI,2021,23500424068.9107
Costa Rica,CRI,2020,19908254085.7288
Costa Rica,CRI,2019,22111572547.4852
Costa Rica,CRI,2018,21059634092.1627
Costa Rica,CRI,2017,19826679964.5097
Costa Rica,CRI,2016,18395634999.8843
Costa Rica,CRI,2015,16930125461.6434
Costa Rica,CRI,2014,16313862242.5331
Costa Rica,CRI,2013,15586344042.7628
Costa Rica,CRI,2012,14949441143.6012
Costa Rica,CRI,2011,13886077279.6589
Costa Rica,CRI,2010,12363102266.5961
Costa Rica,CRI,2009,10647949563.1547
Costa Rica,CRI,2008,11953067325.0592
Costa Rica,CRI,2007,10910386210.5816
Costa Rica,CRI,2006,9839017111.19804
Costa Rica,CRI,2005,8710569530.63531
Costa Rica,CRI,2004,7855095380.08358
Costa Rica,CRI,2003,7024720849.34531
Costa Rica,CRI,2002,6502965357.40092
Costa Rica,CRI,2001,6471720164.50269
Costa Rica,CRI,2000,6445399583.37389
Costa Rica,CRI,1999,6066566857.32288
Costa Rica,CRI,1998,6015987690.03461
Costa Rica,CRI,1997,5248818522.7859
Costa Rica,CRI,1996,4672770398.63271
Costa Rica,CRI,1995,4414827041.69682
Costa Rica,CRI,1994,3764266146.35078
Costa Rica,CRI,1993,3446894147.00927
Costa Rica,CRI,1992,3027087816.17757
Costa Rica,CRI,1991,2410492936.11794
Costa Rica,CRI,1990,1952841380.81713
Costa Rica,CRI,1989,1830043151.27604
Costa Rica,CRI,1988,1570096318.77556
Costa Rica,CRI,1987,1433877648.55823
Costa Rica,CRI,1986,1384953405.01792
Costa Rica,CRI,1985,1204104950.49505
Costa Rica,CRI,1984,1258545325.01444
Costa Rica,CRI,1983,1134010089.55845
Costa Rica,CRI,1982,1175167517.59787
Costa Rica,CRI,1981,1135276476.264
Costa Rica,CRI,1980,1279264877.47958
Costa Rica,CRI,1979,1086476079.34656
Costa Rica,CRI,1978,992882147.024504
Costa Rica,CRI,1977,948424737.456243
Costa Rica,CRI,1976,697444574.095683
Costa Rica,CRI,1975,589474912.485414
Costa Rica,CRI,1974,552345523.32913
Costa Rica,CRI,1973,470906267.386296
Costa Rica,CRI,1972,374287867.370008
Costa Rica,CRI,1971,288612767.632387
Costa Rica,CRI,1970,274128301.886792
Costa Rica,CRI,1969,227033962.264151
Costa Rica,CRI,1968,214867924.528302
Costa Rica,CRI,1967,174037735.849057
Costa Rica,CRI,1966,160407547.169811
Costa Rica,CRI,1965,133796226.415094
Costa Rica,CRI,1964,132494248.206794
Costa Rica,CRI,1963,113065968.932798
Costa Rica,CRI,1962,108885580.66796
Costa Rica,CRI,1961,102289846.339259
Costa Rica,CRI,1960,107517342.937743
Cote d'Ivoire,CIV,2024,22673498100.9121
Cote d'Ivoire,CIV,2023,18123337011.1187
Cote d'Ivoire,CIV,2022,17211097451.1321
Cote d'Ivoire,CIV,2021,16230487159.2541
Cote d'Ivoire,CIV,2020,13231732415.0367
Cote d'Ivoire,CIV,2019,13683059068.9034
Cote d'Ivoire,CIV,2018,13282104681.276
Cote d'Ivoire,CIV,2017,13389390547.8581
Cote d'Ivoire,CIV,2016,12073994607.6954
Cote d'Ivoire,CIV,2015,12532872784.936
Cote d'Ivoire,CIV,2014,13752704950.0207
Cote d'Ivoire,CIV,2013,12469056844.6353
Cote d'Ivoire,CIV,2012,12699449618.4278
Cote d'Ivoire,CIV,2011,12946046205.3421
Cote d'Ivoire,CIV,2010,11703514551.0641
Cote d'Ivoire,CIV,2009,12000249512.7388
Cote d'Ivoire,CIV,2008,10568912669.8982
Cote d'Ivoire,CIV,2007,8769225735.9938
Cote d'Ivoire,CIV,2006,8302651291.84657
Cote d'Ivoire,CIV,2005,7662724560.14131
Cote d'Ivoire,CIV,2004,7086390530.61889
Cote d'Ivoire,CIV,2003,6107969564.25877
Cote d'Ivoire,CIV,2002,5662064299.80612
Cote d'Ivoire,CIV,2001,4617823364.17054
Cote d'Ivoire,CIV,2000,4606906376.9471
Cote d'Ivoire,CIV,1999,5423051765.22103
Cote d'Ivoire,CIV,1998,5333495972.78523
Cote d'Ivoire,CIV,1997,5082544458.92014
Cote d'Ivoire,CIV,1996,5069827394.81855
Cote d'Ivoire,CIV,1995,4593584042.87546
Cote d'Ivoire,CIV,1994,3369268861.33542
Cote d'Ivoire,CIV,1993,3252142767.42408
Cote d'Ivoire,CIV,1992,3558855910.68988
Cote d'Ivoire,CIV,1991,3149018975.99396
Cote d'Ivoire,CIV,1990,3421191519.26469
Cote d'Ivoire,CIV,1989,3125624101.39681
Cote d'Ivoire,CIV,1988,3126609347.62883
Cote d'Ivoire,CIV,1987,3372301898.82854
Cote d'Ivoire,CIV,1986,3617154609.06494
Cote d'Ivoire,CIV,1985,3263790016.89485
Cote d'Ivoire,CIV,1984,3100078628.84966
Cote d'Ivoire,CIV,1983,2527383512.60462
Cote d'Ivoire,CIV,1982,2756186089.37426
Cote d'Ivoire,CIV,1981,2966163806.58738
Cote d'Ivoire,CIV,1980,3561631957.71593
Cote d'Ivoire,CIV,1979,3163758913.97304
Cote d'Ivoire,CIV,1978,2885367253.03744
Cote d'Ivoire,CIV,1977,2670550587.68452
Cote d'Ivoire,CIV,1976,1946009810.71837
Cote d'Ivoire,CIV,1975,1430151941.39037
Cote d'Ivoire,CIV,1974,1402964048.87337
Cote d'Ivoire,CIV,1973,896858258.033993
Cote d'Ivoire,CIV,1972,619773296.917167
Cote d'Ivoire,CIV,1971,510247677.249857
Cote d'Ivoire,CIV,1970,520616378.894426
Cote d'Ivoire,CIV,1969,500460515.216434
Cote d'Ivoire,CIV,1968,521479840.740134
Cote d'Ivoire,CIV,1967,392274888.399003
Cote d'Ivoire,CIV,1966,372845040.120473
Cote d'Ivoire,CIV,1965,338691142.424194
Cote d'Ivoire,CIV,1964,330533061.996909
Cote d'Ivoire,CIV,1963,258264804.131378
Cote d'Ivoire,CIV,1962,221930266.301557
Cote d'Ivoire,CIV,1961,218194460.344798
Cote d'Ivoire,CIV,1960,187017624.793409
Croatia,HRV,2024,46623095273.9175
Croatia,HRV,2023,45010620957.9666
Croatia,HRV,2022,42370492108.8212
Croatia,HRV,2021,34354168366.7978
Croatia,HRV,2020,23926007792.0921
Croatia,HRV,2019,31035693351.0662
Croatia,HRV,2018,30285807331.6484
Croatia,HRV,2017,27482525805.1652
Croatia,HRV,2016,24545876244.1556
Croatia,HRV,2015,23169362936.2692
Croatia,HRV,2014,25283592501.4182
Croatia,HRV,2013,23620939498.3764
Croatia,HRV,2012,22273310969.2406
Croatia,HRV,2011,23930419506.9259
Croatia,HRV,2010,20938195562.0839
Croatia,HRV,2009,20004059284.5516
Croatia,HRV,2008,24633099476.101
Croatia,HRV,2007,22213683066.5199
Croatia,HRV,2006,18616341131.4463
Croatia,HRV,2005,16385969041.8192
Croatia,HRV,2004,15296053850.9285
Croatia,HRV,2003,12528408277.2164
Croatia,HRV,2002,9603760460.69615
Croatia,HRV,2001,8565636099.84148
Croatia,HRV,2000,7766859760.60293
Croatia,HRV,1999,7165714587.18354
Croatia,HRV,1998,7543494076.64509
Croatia,HRV,1997,7505219152.22917
Croatia,HRV,1996,7319501377.31441
Croatia,HRV,1995,6218391367.53611
Cuba,CUB,2020,8769000000.0
Cuba,CUB,2019,12632000000.0
Cuba,CUB,2018,14530000000.0
Cuba,CUB,2017,14093000000.0
Cuba,CUB,2016,13689600000.0
Cuba,CUB,2015,14941000000.0
Cuba,CUB,2014,17812000000.0
Cuba,CUB,2013,18593000000.0
Cuba,CUB,2012,18659000000.0
Cuba,CUB,2011,17319000000.0
Cuba,CUB,2010,13443518518.5185
Cuba,CUB,2009,10036111111.1111
Cuba,CUB,2008,11580000000.0
Cuba,CUB,2007,11035092592.5926
Cuba,CUB,2006,9138888888.88889
Cuba,CUB,2005,8962900000.0
Cuba,CUB,2004,6120800000.0
Cuba,CUB,2003,4649900000.0
Cuba,CUB,2002,3872000000.0
Cuba,CUB,2001,4193000000.0
Cuba,CUB,2000,4318900000.0
Cuba,CUB,1999,4123500000.0
Cuba,CUB,1998,3668100000.0
Cuba,CUB,1997,3785600000.0
Cuba,CUB,1996,3831000000.0
Cuba,CUB,1995,4078053746.96796
Cuba,CUB,1994,3766477027.02703
Cuba,CUB,1993,2951182567.56757
Cuba,CUB,1992,3736544459.45946
Cuba,CUB,1991,5332907602.01993
Cuba,CUB,1990,8662106515.95745
Cuba,CUB,1989,8421585287.70986
Cuba,CUB,1988,8794332849.60422
Cuba,CUB,1987,8295404425.79168
Cuba,CUB,1986,7687511279.09767
Cuba,CUB,1985,7725366415.54755
Cuba,CUB,1984,7766066363.11895
Cuba,CUB,1983,7224138183.93481
Cuba,CUB,1982,6838236470.58824
Cuba,CUB,1981,6565420000.0
Cuba,CUB,1980,6521956666.66667
Cuba,CUB,1979,6377068904.10959
Cuba,CUB,1978,5819724675.32468
Cuba,CUB,1977,4635330843.37349
Cuba,CUB,1976,4499232764.92083
Cuba,CUB,1975,4251739756.09756
Cuba,CUB,1974,3719910243.90244
Cuba,CUB,1973,3258402050.66345
Cuba,CUB,1972,2654199160.54565
Cuba,CUB,1971,2255959900.0
Cuba,CUB,1970,1857363400.0
Curacao,CUW,2018,1926703910.61453
Curacao,CUW,2017,1808826815.64246
Curacao,CUW,2016,1905418994.41341
Curacao,CUW,2015,2095083798.88268
Curacao,CUW,2014,2323072625.69832
Curacao,CUW,2013,2253910614.52514
Curacao,CUW,2012,2434245810.05587
Curacao,CUW,2011,2138547486.03352
Curacao,CUW,2010,1639162011.17318
Curacao,CUW,2009,1741117318.43575
Curacao,CUW,2008,1968324022.34637
Curacao,CUW,2007,1578435754.18994
Curacao,CUW,2006,1557877094.97207
Curacao,CUW,2005,1394972067.03911
Cyprus,CYP,2024,36513113032.9368
Cyprus,CYP,2023,33809199429.0904
Cyprus,CYP,2022,32674701776.7032
Cyprus,CYP,2021,27565552209.7141
Cyprus,CYP,2020,20353930184.3734
Cyprus,CYP,2019,19846298344.5206
Cyprus,CYP,2018,19189598629.1485
Cyprus,CYP,2017,16942939835.4733
Cyprus,CYP,2016,14834399466.0297
Cyprus,CYP,2015,13939939819.9925
Cyprus,CYP,2014,15317889064.8415
Cyprus,CYP,2013,14686487060.8079
Cyprus,CYP,2012,13845817626.7894
Cyprus,CYP,2011,14775537503.4451
Cyprus,CYP,2010,12986277506.9633
Cyprus,CYP,2009,12691259460.1078
Cyprus,CYP,2008,13945071041.4531
Cyprus,CYP,2007,12765499589.3786
Cyprus,CYP,2006,10726039392.7989
Cyprus,CYP,2005,10265955726.8996
Cyprus,CYP,2004,9853627500.0
Cyprus,CYP,2003,8402847112.11778
Cyprus,CYP,2002,7126828846.15385
Cyprus,CYP,2001,7092287795.99271
Cyprus,CYP,2000,6986380772.8558
Cyprus,CYP,1999,7025878101.40237
Cyprus,CYP,1998,7040542986.42534
Cyprus,CYP,1997,6605714937.2862
Cyprus,CYP,1996,7029131744.04015
Cyprus,CYP,1995,6631689521.34541
Cyprus,CYP,1994,3541279880.95238
Cyprus,CYP,1993,3129819787.98587
Cyprus,CYP,1992,3418539504.56323
Cyprus,CYP,1991,2716934974.74747
Cyprus,CYP,1990,2879463636.36364
Cyprus,CYP,1989,2348366627.21894
Cyprus,CYP,1988,2057181806.77541
Cyprus,CYP,1987,1751888794.15347
Cyprus,CYP,1986,1391979209.03955
Cyprus,CYP,1985,1184542898.27255
Cyprus,CYP,1984,1245251944.1675
Cyprus,CYP,1983,1089019577.30812
Cyprus,CYP,1982,1099530332.92232
Cyprus,CYP,1981,1048990794.97908
Cyprus,CYP,1980,975007960.199005
Cyprus,CYP,1979,575801966.443516
Cyprus,CYP,1978,408068713.225547
Cyprus,CYP,1977,351371839.026711
Cyprus,CYP,1976,286578511.562153
Cyprus,CYP,1975,173852286.724147
Czechia,CZE,2024,238995944034.86
Czechia,CZE,2023,236031278976.789
Czechia,CZE,2022,218554266386.95
Czechia,CZE,2021,205281381420.63
Czechia,CZE,2020,170154349910.061
Czechia,CZE,2019,185212440994.669
Czechia,CZE,2018,190530873335.148
Czechia,CZE,2017,172120406679.12
Czechia,CZE,2016,154779987656.804
Czechia,CZE,2015,151309924284.771
Czechia,CZE,2014,171578513790.196
Czechia,CZE,2013,161004654093.942
Czechia,CZE,2012,157992900012.77
Czechia,CZE,2011,162580614171.819
Czechia,CZE,2010,137030722710.196
Czechia,CZE,2009,121028432041.127
Czechia,CZE,2008,149079880738.298
Czechia,CZE,2007,125712955252.123
Czechia,CZE,2006,101376993750.996
Czechia,CZE,2005,84772805062.319
Czechia,CZE,2004,68363528120.8414
Czechia,CZE,2003,46770321528.5902
Czechia,CZE,2002,36991594020.514
Czechia,CZE,2001,33128639672.7285
Czechia,CZE,2000,29733777253.8249
Czechia,CZE,1999,27868246878.7244
Czechia,CZE,1998,28093534317.1877
Czechia,CZE,1997,25027225177.1372
Czechia,CZE,1996,25697102986.9001
Czechia,CZE,1995,24185606631.4996
Czechia,CZE,1994,17751255167.622
Czechia,CZE,1993,16321369052.9277
Czechia,CZE,1992,13872829182.8794
Czechia,CZE,1991,11474470977.3722
Czechia,CZE,1990,13409039102.0999
Denmark,DNK,2024,301421099196.281
Denmark,DNK,2023,280481748656.828
Denmark,DNK,2022,283101737204.979
Denmark,DNK,2021,240447056409.375
Denmark,DNK,2020,195728280394.404
Denmark,DNK,2019,203616268094.231
Denmark,DNK,2018,202458132658.687
Denmark,DNK,2017,183533038706.585
Denmark,DNK,2016,167778866084.333
Denmark,DNK,2015,168424695289.912
Denmark,DNK,2014,193470125256.869
Denmark,DNK,2013,189274488026.811
Denmark,DNK,2012,180000103467.498
Denmark,DNK,2011,186218363096.252
Denmark,DNK,2010,163077152065.006
Denmark,DNK,2009,151627484191.087
Denmark,DNK,2008,191585682313.019
Denmark,DNK,2007,164581516799.236
Denmark,DNK,2006,143632474608.193
Denmark,DNK,2005,125615175507.345
Denmark,DNK,2004,110424226102.051
Denmark,DNK,2003,95609830441.5805
Denmark,DNK,2002,81644271219.9324
Denmark,DNK,2001,75069907723.3623
Denmark,DNK,2000,73620705669.8544
Denmark,DNK,1999,70026519451.8506
Denmark,DNK,1998,65817213168.5769
Denmark,DNK,1997,65532780679.8395
Denmark,DNK,1996,69550401641.7473
Denmark,DNK,1995,67734639975.7247
Denmark,DNK,1994,57548745244.1594
Denmark,DNK,1993,52361218248.2765
Denmark,DNK,1992,56509036960.9516
Denmark,DNK,1991,52463311185.8047
Denmark,DNK,1990,50354023850.3054
Denmark,DNK,1989,39815296435.1181
Denmark,DNK,1988,38843912798.0391
Denmark,DNK,1987,34688518632.2237
Denmark,DNK,1986,28448676059.8196
Denmark,DNK,1985,22827227077.1205
Denmark,DNK,1984,21450892184.6938
Denmark,DNK,1983,21784408091.8535
Denmark,DNK,1982,21672296937.257
Denmark,DNK,1981,22322851587.725
Denmark,DNK,1980,23118475664.9337
Denmark,DNK,1979,20570160615.8525
Denmark,DNK,1978,16550378631.2697
Denmark,DNK,1977,14117650586.3539
Denmark,DNK,1976,12587275103.3912
Denmark,DNK,1975,11887428561.4841
Denmark,DNK,1974,10472333426.3072
Denmark,DNK,1973,8596329118.10893
Denmark,DNK,1972,6134824083.00117
Denmark,DNK,1971,5119658106.9981
Denmark,DNK,1970,4636162800.0
Denmark,DNK,1969,4118477066.66667
Denmark,DNK,1968,3642678800.0
Denmark,DNK,1967,3491604729.37226
Denmark,DNK,1966,3345823849.29773
Djibouti,DJI,2024,5248946382.25083
Djibouti,DJI,2023,5876570579.7289
Djibouti,DJI,2022,5673808947.73268
Djibouti,DJI,2021,4842477816.3526
Djibouti,DJI,2020,3682879344.59068
Djibouti,DJI,2019,5149667174.954
Djibouti,DJI,2018,4563067954.82807
Djibouti,DJI,2017,4146589316.96311
Djibouti,DJI,2016,2703006397.66826
Djibouti,DJI,2015,3525582232.82561
Djibouti,DJI,2014,3507482741.48806
Djibouti,DJI,2013,3197793170.19373
Dominican Republic,DOM,2024,28296491455.8321
Dominican Republic,DOM,2023,25685265157.3429
Dominican Republic,DOM,2022,24994895244.9176
Dominican Republic,DOM,2021,20419747258.6912
Dominican Republic,DOM,2020,14764580793.6175
Dominican Republic,DOM,2019,20793631484.4658
Dominican Republic,DOM,2018,20392862253.0809
Dominican Republic,DOM,2017,19118996309.9954
Dominican Republic,DOM,2016,18279168807.508
Dominican Republic,DOM,2015,17058168235.6322
Dominican Republic,DOM,2014,17026265384.3578
Dominican Republic,DOM,2013,15878953122.1367
Dominican Republic,DOM,2012,14999070991.3436
Dominican Republic,DOM,2011,14097050548.0985
Dominican Republic,DOM,2010,12253253717.9847
Dominican Republic,DOM,2009,10171930288.5205
Dominican Republic,DOM,2008,11517105549.6799
Dominican Republic,DOM,2007,11766045683.7059
Dominican Republic,DOM,2006,10691550324.1964
Dominican Republic,DOM,2005,10136190144.5863
Dominican Republic,DOM,2004,9185099134.12289
Dominican Republic,DOM,2003,9022076949.26796
Dominican Republic,DOM,2002,8337710063.13632
Dominican Republic,DOM,2001,8164580327.96432
Dominican Republic,DOM,2000,8628023506.90525
Dominican Republic,DOM,1999,7743619441.9376
Dominican Republic,DOM,1998,7435712074.81192
Dominican Republic,DOM,1997,7050603812.48759
Dominican Republic,DOM,1996,6363901907.43132
Dominican Republic,DOM,1995,5860800310.80031
Dominican Republic,DOM,1994,5302644573.33805
Dominican Republic,DOM,1993,4760104000.0
Dominican Republic,DOM,1992,4271216000.0
Dominican Republic,DOM,1991,3937453795.62321
Dominican Republic,DOM,1990,2165302159.4548
Dominican Republic,DOM,1989,2050889905.36278
Dominican Republic,DOM,1988,1853151083.26079
Dominican Republic,DOM,1987,1487383601.25657
Dominican Republic,DOM,1986,1404388029.885
Dominican Republic,DOM,1985,1319814444.99275
Dominican Republic,DOM,1984,2519773064.0
Dominican Republic,DOM,1983,1565486937.0
Dominican Republic,DOM,1982,1359153860.0
Dominican Republic,DOM,1981,1634265438.0
Dominican Republic,DOM,1980,1375636561.0
Dominican Republic,DOM,1979,1211190560.0
Dominican Republic,DOM,1978,882809470.0
Dominican Republic,DOM,1977,966710293.0
Dominican Republic,DOM,1976,880982316.0
Dominican Republic,DOM,1975,1039406497.0
Dominican Republic,DOM,1974,749535909.0
Dominican Republic,DOM,1973,529005317.0
Dominican Republic,DOM,1972,422847716.0
Dominican Republic,DOM,1971,300134133.0
Dominican Republic,DOM,1970,266692194.0
Dominican Republic,DOM,1969,227400000.0
Dominican Republic,DOM,1968,199500000.0
Dominican Republic,DOM,1967,187100000.0
Dominican Republic,DOM,1966,160800000.0
Dominican Republic,DOM,1965,144800000.0
Dominican Republic,DOM,1964,202000000.0
Dominican Republic,DOM,1963,195000000.0
Dominican Republic,DOM,1962,196700000.0
Dominican Republic,DOM,1961,152100000.0
Dominican Republic,DOM,1960,172100000.0
Ecuador,ECU,2024,37750170800.0
Ecuador,ECU,2023,34606783000.0
Ecuador,ECU,2022,35914453000.0
Ecuador,ECU,2021,29009062000.0
Ecuador,ECU,2020,22320897000.0
Ecuador,ECU,2019,25875328000.0
Ecuador,ECU,2018,25304707000.0
Ecuador,ECU,2017,22445453000.0
Ecuador,ECU,2016,20061020000.0
Ecuador,ECU,2015,22119535000.0
Ecuador,ECU,2014,32207202000.0
Ecuador,ECU,2013,31264903000.0
Ecuador,ECU,2012,30559355000.0
Ecuador,ECU,2011,28524740000.0
Ecuador,ECU,2010,22139433000.0
Ecuador,ECU,2009,17613615000.0
Ecuador,ECU,2008,24624704000.0
Ecuador,ECU,2007,18684515000.0
Ecuador,ECU,2006,16312372000.0
Ecuador,ECU,2005,13141840000.0
Ecuador,ECU,2004,10241620000.0
Ecuador,ECU,2003,8311611000.0
Ecuador,ECU,2002,6956829000.0
Ecuador,ECU,2001,6384717000.0
Ecuador,ECU,2000,6586251125.56278
Ecuador,ECU,1999,5181939969.98499
Ecuador,ECU,1998,5006507253.62681
Ecuador,ECU,1997,6064677338.66933
Ecuador,ECU,1996,5618746373.18659
Ecuador,ECU,1995,5201004502.25113
Ecuador,ECU,1994,4605277638.81941
Ecuador,ECU,1993,3794531265.63282
Ecuador,ECU,1992,4366816408.2041
Ecuador,ECU,1991,4021964982.49125
Ecuador,ECU,1990,3469124710.73644
Ecuador,ECU,1989,2817482574.15302
Ecuador,ECU,1988,2480621217.56321
Ecuador,ECU,1987,2142866433.02142
Ecuador,ECU,1986,2393508490.56698
Ecuador,ECU,1985,3375175709.16469
Ecuador,ECU,1984,2938788679.77761
Ecuador,ECU,1983,2668859383.64477
Ecuador,ECU,1982,2921016166.74387
Ecuador,ECU,1981,3188263178.06229
Ecuador,ECU,1980,3066325770.04385
Ecuador,ECU,1979,2538498940.99274
Ecuador,ECU,1978,1756420325.33584
Ecuador,ECU,1977,1797611055.69568
Ecuador,ECU,1976,1457947356.7839
Ecuador,ECU,1975,1242549181.05773
Ecuador,ECU,1974,1494867041.31279
Ecuador,ECU,1973,695769273.481998
Ecuador,ECU,1972,395314355.576321
Ecuador,ECU,1971,291407584.232848
Ecuador,ECU,1970,270255452.361681
Ecuador,ECU,1969,264625755.736998
Ecuador,ECU,1968,285128576.588186
Ecuador,ECU,1967,258096628.284948
Ecuador,ECU,1966,254730015.67751
Ecuador,ECU,1965,214348673.014374
Ecuador,ECU,1964,199730212.771918
Ecuador,ECU,1963,168447538.37088
Ecuador,ECU,1962,155487234.385271
Ecuador,ECU,1961,157101076.479955
Ecuador,ECU,1960,197583708.913311
"Egypt, Arab Rep.",EGY,2024,63713393368.3925
"Egypt, Arab Rep.",EGY,2023,75645997561.7681
"Egypt, Arab Rep.",EGY,2022,71927051671.7325
"Egypt, Arab Rep.",EGY,2021,44850223072.0204
"Egypt, Arab Rep.",EGY,2020,47872738615.0967
"Egypt, Arab Rep.",EGY,2019,53041002277.9043
"Egypt, Arab Rep.",EGY,2018,47225661226.7867
"Egypt, Arab Rep.",EGY,2017,37289402173.913
"Egypt, Arab Rep.",EGY,2016,34392638036.8098
"Egypt, Arab Rep.",EGY,2015,43423180592.9919
"Egypt, Arab Rep.",EGY,2014,43529411764.7059
"Egypt, Arab Rep.",EGY,2013,49085271317.8295
"Egypt, Arab Rep.",EGY,2012,45766666666.6667
"Egypt, Arab Rep.",EGY,2011,48537005163.5112
"Egypt, Arab Rep.",EGY,2010,46751361161.5245
"Egypt, Arab Rep.",EGY,2009,47205081669.6915
"Egypt, Arab Rep.",EGY,2008,53800000000.0
"Egypt, Arab Rep.",EGY,2007,39457092819.6147
"Egypt, Arab Rep.",EGY,2006,32173913043.4783
"Egypt, Arab Rep.",EGY,2005,27206127206.1272
"Egypt, Arab Rep.",EGY,2004,22240259740.2597
"Egypt, Arab Rep.",EGY,2003,17500000000.0
"Egypt, Arab Rep.",EGY,2002,15595505617.9775
"Egypt, Arab Rep.",EGY,2001,16900269541.779
"Egypt, Arab Rep.",EGY,2000,16174959635.99
"Egypt, Arab Rep.",EGY,1999,13653789442.6423
"Egypt, Arab Rep.",EGY,1998,13754427390.791
"Egypt, Arab Rep.",EGY,1997,14778761061.9469
"Egypt, Arab Rep.",EGY,1996,14033018867.9245
"Egypt, Arab Rep.",EGY,1995,13565319964.6122
"Egypt, Arab Rep.",EGY,1994,11714116251.4828
"Egypt, Arab Rep.",EGY,1993,12034813925.5702
"Egypt, Arab Rep.",EGY,1992,11885776186.3208
"Egypt, Arab Rep.",EGY,1991,10269192422.7318
"Egypt, Arab Rep.",EGY,1990,8748317631.22476
"Egypt, Arab Rep.",EGY,1989,7073523337.46386
"Egypt, Arab Rep.",EGY,1988,6076093128.90403
"Egypt, Arab Rep.",EGY,1987,5106048703.84918
"Egypt, Arab Rep.",EGY,1986,5706267539.75678
"Egypt, Arab Rep.",EGY,1985,7119673332.63533
"Egypt, Arab Rep.",EGY,1984,6987744571.05999
"Egypt, Arab Rep.",EGY,1983,7101280558.78929
"Egypt, Arab Rep.",EGY,1982,7282512315.27094
"Egypt, Arab Rep.",EGY,1981,6853648648.64865
"Egypt, Arab Rep.",EGY,1980,6612494097.22222
"Egypt, Arab Rep.",EGY,1979,4774142857.14286
"Egypt, Arab Rep.",EGY,1978,2947998787.14372
"Egypt, Arab Rep.",EGY,1977,3108577442.55394
"Egypt, Arab Rep.",EGY,1976,2285998013.90268
"Egypt, Arab Rep.",EGY,1975,2113327487.94388
"Egypt, Arab Rep.",EGY,1974,1879700810.30542
"Egypt, Arab Rep.",EGY,1973,1366851945.42698
"Egypt, Arab Rep.",EGY,1972,1182006204.75698
"Egypt, Arab Rep.",EGY,1971,1140015302.21882
"Egypt, Arab Rep.",EGY,1970,1091183119.81914
"Egypt, Arab Rep.",EGY,1969,877723970.94431
"Egypt, Arab Rep.",EGY,1968,700000000.0
"Egypt, Arab Rep.",EGY,1967,943166740.380363
"Egypt, Arab Rep.",EGY,1966,862076408.374703
"Egypt, Arab Rep.",EGY,1965,847750109.217999
"Egypt, Arab Rep.",EGY,1964,866409220.231702
"Egypt, Arab Rep.",EGY,1963,743589330.769602
"Egypt, Arab Rep.",EGY,1962,607433082.234622
"Egypt, Arab Rep.",EGY,1961,793126618.845515
"Egypt, Arab Rep.",EGY,1960,835625800.449113
El Salvador,SLV,2024,11585810000.0
El Salvador,SLV,2023,10629170000.0
El Salvador,SLV,2022,10336590000.0
El Salvador,SLV,2021,8359050000.0
El Salvador,SLV,2020,6112370000.0
El Salvador,SLV,2019,8052490000.0
El Salvador,SLV,2018,7528970000.0
El Salvador,SLV,2017,7251400000.0
El Salvador,SLV,2016,6884540000.0
El Salvador,SLV,2015,6911040000.0
El Salvador,SLV,2014,6677020000.0
El Salvador,SLV,2013,6536790000.0
El Salvador,SLV,2012,6110250000.0
El Salvador,SLV,2011,5878600000.0
El Salvador,SLV,2010,4971100000.0
El Salvador,SLV,2009,4215800000.0
El Salvador,SLV,2008,4809800000.0
El Salvador,SLV,2007,4349400000.0
El Salvador,SLV,2006,4150320000.0
El Salvador,SLV,2005,3713680000.0
El Salvador,SLV,2004,3555578400.0
El Salvador,SLV,2003,3433269900.0
El Salvador,SLV,2002,3231026200.0
El Salvador,SLV,2001,3071774700.0
El Salvador,SLV,2000,3161574400.0
El Salvador,SLV,1999,2752938000.0
El Salvador,SLV,1998,2667080400.0
El Salvador,SLV,1997,2659875600.0
El Salvador,SLV,1996,2026644400.0
El Salvador,SLV,1995,1923081200.0
El Salvador,SLV,1994,1529942400.0
El Salvador,SLV,1993,1294122000.0
El Salvador,SLV,1992,937870800.0
El Salvador,SLV,1991,904756600.0
El Salvador,SLV,1990,891100175.0
El Salvador,SLV,1989,578784600.0
El Salvador,SLV,1988,662448600.0
El Salvador,SLV,1987,751724100.0
El Salvador,SLV,1986,930400000.0
El Salvador,SLV,1985,848385400.0
El Salvador,SLV,1984,796567700.0
El Salvador,SLV,1983,858652600.0
El Salvador,SLV,1982,774247000.0
El Salvador,SLV,1981,917000000.0
El Salvador,SLV,1980,1220920000.0
El Salvador,SLV,1979,1280560000.0
El Salvador,SLV,1978,946719900.0
El Salvador,SLV,1977,1122680000.0
El Salvador,SLV,1976,827560000.0
El Salvador,SLV,1975,622640000.0
El Salvador,SLV,1974,540040000.0
El Salvador,SLV,1973,432120000.0
El Salvador,SLV,1972,367680000.0
El Salvador,SLV,1971,292160000.0
El Salvador,SLV,1970,281360000.0
El Salvador,SLV,1969,243320000.0
El Salvador,SLV,1968,255960000.0
El Salvador,SLV,1967,250280000.0
El Salvador,SLV,1966,229240000.0
El Salvador,SLV,1965,231600000.0
Equatorial Guinea,GNQ,2024,4488990305.15777
Equatorial Guinea,GNQ,2023,4515830508.85739
Equatorial Guinea,GNQ,2022,7249945760.76341
Equatorial Guinea,GNQ,2021,5512726595.33217
Equatorial Guinea,GNQ,2020,4041173655.70763
Equatorial Guinea,GNQ,2019,5810566663.64454
Equatorial Guinea,GNQ,2018,7807722846.25857
Equatorial Guinea,GNQ,2017,7181836773.61884
Equatorial Guinea,GNQ,2016,5779217937.37982
Equatorial Guinea,GNQ,2015,7470701298.60658
Equatorial Guinea,GNQ,2014,14357208631.2116
Equatorial Guinea,GNQ,2013,14849114361.7473
Equatorial Guinea,GNQ,2012,16098337026.2265
Equatorial Guinea,GNQ,2011,16038364003.6332
Equatorial Guinea,GNQ,2010,13991011076.0339
Equatorial Guinea,GNQ,2009,11171995036.7048
Equatorial Guinea,GNQ,2008,17621714169.082
Equatorial Guinea,GNQ,2007,11584326308.4361
Equatorial Guinea,GNQ,2006,8303800358.81345
Equatorial Guinea,GNQ,2005,7183409023.02907
Eritrea,ERI,2011,374897684.552846
Eritrea,ERI,2010,101385281.300813
Eritrea,ERI,2009,84082757.7235772
Eritrea,ERI,2008,61125203.2520325
Eritrea,ERI,2007,76071544.7154472
Eritrea,ERI,2006,83564227.6422764
Eritrea,ERI,2005,67725717.1547712
Eritrea,ERI,2004,64052293.7443336
Eritrea,ERI,2003,56064246.3613527
Eritrea,ERI,2002,85922706.0463553
Eritrea,ERI,2001,81309112.059541
Eritrea,ERI,2000,68310441.5584416
Eritrea,ERI,1999,65684301.0104834
Eritrea,ERI,1998,110594504.430224
Eritrea,ERI,1997,203302823.650328
Eritrea,ERI,1996,202746708.19765
Eritrea,ERI,1995,129406250.0
Eritrea,ERI,1994,148977272.727273
Eritrea,ERI,1993,142966419.337566
Eritrea,ERI,1992,54502214.5615604
Estonia,EST,2024,32636565839.1828
Estonia,EST,2023,32253419230.1692
Estonia,EST,2022,33421529205.1091
Estonia,EST,2021,29617994789.2515
Estonia,EST,2020,21687304701.9674
Estonia,EST,2019,22955204325.3882
Estonia,EST,2018,22761453869.1051
Estonia,EST,2017,20411337063.7789
Estonia,EST,2016,18537893089.3891
Estonia,EST,2015,17725037607.8473
Estonia,EST,2014,21804108132.1015
Estonia,EST,2013,21239933054.6291
Estonia,EST,2012,19844301075.3844
Estonia,EST,2011,20104199023.8133
Estonia,EST,2010,14652236228.9086
Estonia,EST,2009,11949522089.4693
Estonia,EST,2008,16160988721.2538
Estonia,EST,2007,14052834656.4468
Estonia,EST,2006,10769819345.1261
Estonia,EST,2005,9230780997.38838
Estonia,EST,2004,7418642236.02484
Estonia,EST,2003,5644211833.785
Estonia,EST,2002,4270175190.73184
Estonia,EST,2001,3831095694.20822
Estonia,EST,2000,3504490924.16843
Estonia,EST,1999,4022130536.62692
Estonia,EST,1998,4178072088.10769
Estonia,EST,1997,3627803201.08206
Estonia,EST,1996,2932836519.70347
Estonia,EST,1995,2967518489.37844
Estonia,EST,1994,2848889768.45438
Estonia,EST,1993,2573466525.53586
Eswatini,SWZ,2024,2611937418.73633
Eswatini,SWZ,2023,2241325005.99341
Eswatini,SWZ,2022,2112045177.31419
Eswatini,SWZ,2021,2144557154.68022
Eswatini,SWZ,2020,1802851570.73454
Eswatini,SWZ,2019,2066646226.29074
Eswatini,SWZ,2018,1897999486.40871
Eswatini,SWZ,2017,1925910543.61037
Eswatini,SWZ,2016,1685718187.92489
Eswatini,SWZ,2015,1753178718.53008
Eswatini,SWZ,2014,1942020441.81627
Eswatini,SWZ,2013,1866015484.52956
Ethiopia,ETH,2024,8294520632.78272
Ethiopia,ETH,2023,8962144165.10903
Ethiopia,ETH,2022,10151637926.0
Ethiopia,ETH,2021,8323978507.53769
Ethiopia,ETH,2020,7032893576.02339
Ethiopia,ETH,2019,7291628539.24915
Ethiopia,ETH,2018,6977614238.63636
Ethiopia,ETH,2017,5826254533.33333
Ethiopia,ETH,2016,5349377912.66376
Ethiopia,ETH,2015,5814937799.04306
Ethiopia,ETH,2014,6474164234.1889
Ethiopia,ETH,2013,5948445900.95456
Ethiopia,ETH,2012,5962716169.22631
Ethiopia,ETH,2011,5331910669.97519
Faroe Islands,FRO,2024,2211130769.46935
Faroe Islands,FRO,2023,2255264259.45073
Faroe Islands,FRO,2022,2218833103.79562
Faroe Islands,FRO,2021,1923044780.86346
Faroe Islands,FRO,2020,1551767675.22369
Faroe Islands,FRO,2019,1821680268.24413
Faroe Islands,FRO,2018,1684155449.442
Faroe Islands,FRO,2017,1679718268.94666
Faroe Islands,FRO,2016,1534259159.40032
Faroe Islands,FRO,2015,1369742477.11807
Faroe Islands,FRO,2014,1556499129.52718
Faroe Islands,FRO,2013,1491476969.22821
Faroe Islands,FRO,2012,1275706623.55787
Faroe Islands,FRO,2011,1313871930.54871
Faroe Islands,FRO,2010,1089476936.20729
Faroe Islands,FRO,2009,1002431136.60533
Faroe Islands,FRO,2008,1144713621.5213
Faroe Islands,FRO,2007,985414151.144598
Faroe Islands,FRO,2006,843381071.228823
Faroe Islands,FRO,2005,739897713.989371
Faroe Islands,FRO,2004,753756807.855442
Faroe Islands,FRO,2003,702493885.170074
Faroe Islands,FRO,2002,625608476.760526
Faroe Islands,FRO,2001,598270994.063668
Faroe Islands,FRO,2000,547806645.532976
Faroe Islands,FRO,1999,549880738.048003
Faroe Islands,FRO,1998,515369222.336288
Faroe Islands,FRO,1997,455147045.352239
Faroe Islands,FRO,1996,493216377.818921
Faroe Islands,FRO,1995,367166235.271627
Faroe Islands,FRO,1994,330631681.023911
Faroe Islands,FRO,1993,333285060.208
Faroe Islands,FRO,1992,441673501.892685
Faroe Islands,FRO,1991,439774637.776094
Faroe Islands,FRO,1990,421099713.374263
Faroe Islands,FRO,1989,350470405.975233
Faroe Islands,FRO,1988,353114635.985159
Faroe Islands,FRO,1987,353053813.149303
Faroe Islands,FRO,1986,251267088.139501
Faroe Islands,FRO,1985,183175556.359183
Faroe Islands,FRO,1984,162215524.180155
Faroe Islands,FRO,1983,171011631.284095
Faroe Islands,FRO,1982,149559996.937272
Faroe Islands,FRO,1981,166508337.981182
Faroe Islands,FRO,1980,178674656.339615
Faroe Islands,FRO,1979,150752011.325694
Faroe Islands,FRO,1978,140499127.320534
Faroe Islands,FRO,1977,143590276.639494
Faroe Islands,FRO,1976,104449526.676895
Faroe Islands,FRO,1975,80749719.3773222
Faroe Islands,FRO,1974,79722390.8513675
Faroe Islands,FRO,1973,77923795.354988
Faroe Islands,FRO,1972,46350045.4434783
Faroe Islands,FRO,1971,37576244.5867018
Faroe Islands,FRO,1970,33466666.6666667
Faroe Islands,FRO,1969,24293333.3333333
Faroe Islands,FRO,1968,20546666.6666667
Faroe Islands,FRO,1967,25515539.6824142
Faroe Islands,FRO,1966,20833514.3054868
Faroe Islands,FRO,1965,24293701.8795044
Finland,FIN,2024,125177301210.937
Finland,FIN,2023,126248924941.179
Finland,FIN,2022,129714531245.137
Finland,FIN,2021,117459122934.107
Finland,FIN,2020,97778840102.724
Finland,FIN,2019,108456929458.823
Finland,FIN,2018,107217678990.588
Finland,FIN,2017,96883717056.4707
Finland,FIN,2016,84368155260.7006
Finland,FIN,2015,83446464503.9062
Finland,FIN,2014,100656518925.098
Finland,FIN,2013,103378051936.471
Finland,FIN,2012,100235357813.672
Finland,FIN,2011,107209785535.02
Finland,FIN,2010,95813520650.0002
Finland,FIN,2009,91464252096.8749
Finland,FIN,2008,128286645761.719
Finland,FIN,2007,112360012523.138
Finland,FIN,2006,93509466783.5293
Finland,FIN,2005,82514287315.1751
Finland,FIN,2004,76257431519.3052
Finland,FIN,2003,64062137649.4116
Finland,FIN,2002,54947289188.2354
Finland,FIN,2001,51507654129.9213
Finland,FIN,2000,52967332461.1766
Finland,FIN,1999,50865246751.3515
Finland,FIN,1998,50182465509.5683
Finland,FIN,1997,47944107204.2149
Finland,FIN,1996,47988609888.6876
Finland,FIN,1995,47992919389.9782
Finland,FIN,1994,35158793397.8372
Finland,FIN,1993,27996252732.3826
Finland,FIN,1992,28745686222.4582
Finland,FIN,1991,27176885752.0953
Finland,FIN,1990,31323277872.8036
Finland,FIN,1989,27400581959.2629
Finland,FIN,1988,26071073205.4016
Finland,FIN,1987,22897335317.1919
Finland,FIN,1986,18858784893.2677
Finland,FIN,1985,15638910207.2141
Finland,FIN,1984,15594578551.6423
Finland,FIN,1983,14631725021.3493
Finland,FIN,1982,15244850129.5177
Finland,FIN,1981,16409479195.3706
Finland,FIN,1980,16534905961.1093
Finland,FIN,1979,13152190505.2664
Finland,FIN,1978,10101083032.491
Finland,FIN,1977,8995130588.75609
Finland,FIN,1976,7499615325.43468
Finland,FIN,1975,6523355422.66042
Finland,FIN,1974,6381402237.27745
Finland,FIN,1973,4596304652.24833
Finland,FIN,1972,3487225408.66074
Finland,FIN,1971,2827196646.77465
Finland,FIN,1970,2711046149.49037
France,FRA,2024,1071066237472.11
France,FRA,2023,1053069574154.53
France,FRA,2022,1023340977697.09
France,FRA,2021,928139254791.07
France,FRA,2020,756174143647.162
France,FRA,2019,895514790269.018
France,FRA,2018,915638789626.901
France,FRA,2017,836510836277.649
France,FRA,2016,778134181664.243
France,FRA,2015,774108364253.242
France,FRA,2014,879595852391.448
France,FRA,2013,861474336499.179
France,FRA,2012,814445012227.5
France,FRA,2011,847885600684.827
France,FRA,2010,736352883613.335
France,FRA,2009,698805241356.796
France,FRA,2008,854598937578.437
France,FRA,2007,766429838941.689
France,FRA,2006,670507475708.117
France,FRA,2005,617386391343.813
France,FRA,2004,580996794039.114
France,FRA,2003,497989403585.685
France,FRA,2002,428784967658.903
France,FRA,2001,403310126488.544
France,FRA,2000,404994866619.609
France,FRA,1999,404544866221.468
France,FRA,1998,407948410051.145
France,FRA,1997,385977860193.302
France,FRA,1996,385700089755.097
France,FRA,1995,377901958207.386
France,FRA,1994,315281781663.516
France,FRA,1993,286749942089.414
France,FRA,1992,311915489467.162
France,FRA,1991,282187071270.782
France,FRA,1990,276540778219.492
France,FRA,1989,231757351429.159
France,FRA,1988,216541900671.732
France,FRA,1987,191116992251.446
France,FRA,1986,163573823278.72
France,FRA,1985,133608336983.501
France,FRA,1984,130768670719.808
France,FRA,1983,129679318357.862
France,FRA,1982,129417606547.56
France,FRA,1981,140423536511.768
France,FRA,1980,152790282520.956
France,FRA,1979,132072926302.806
France,FRA,1978,106772238372.093
France,FRA,1977,86513238833.9128
France,FRA,1976,75121414913.9579
France,FRA,1975,70958390699.0975
France,FRA,1974,61397981451.1729
France,FRA,1973,48415733647.6134
France,FRA,1972,35386996098.8297
France,FRA,1971,28648395880.1942
France,FRA,1970,24880359040.9826
France,FRA,1969,21332691446.4196
France,FRA,1968,18545142886.2859
France,FRA,1967,16945727281.8647
France,FRA,1966,15759518400.3003
France,FRA,1965,14511926397.8485
France,FRA,1964,12972299547.5384
France,FRA,1963,11534712170.9113
France,FRA,1962,10480171412.2893
France,FRA,1961,10206604646.2565
France,FRA,1960,9666380036.88813
French Polynesia,PYF,2024,1158591620.0156
French Polynesia,PYF,2023,1477156129.35831
French Polynesia,PYF,2022,1226708759.69725
French Polynesia,PYF,2021,805906228.022513
French Polynesia,PYF,2020,529592952.034048
French Polynesia,PYF,2019,1240128736.0656
French Polynesia,PYF,2018,1287096391.80933
French Polynesia,PYF,2017,1140826361.22749
French Polynesia,PYF,2016,1078113650.99587
French Polynesia,PYF,2015,1044598993.64811
French Polynesia,PYF,2014,1212243875.78266
French Polynesia,PYF,2013,1116858688.63917
French Polynesia,PYF,2012,1097443464.15521
French Polynesia,PYF,2011,1131115207.50744
French Polynesia,PYF,2010,996878516.645834
French Polynesia,PYF,2009,1100439957.41211
French Polynesia,PYF,2008,1351170324.70128
French Polynesia,PYF,2007,1351417030.9049
French Polynesia,PYF,2006,1190544933.69885
French Polynesia,PYF,2005,1167268041.37952
French Polynesia,PYF,2000,169124034.436937
French Polynesia,PYF,1999,190395535.952701
French Polynesia,PYF,1998,154339093.33114
French Polynesia,PYF,1997,155303034.036599
French Polynesia,PYF,1996,166187495.421834
French Polynesia,PYF,1995,116788065.540197
French Polynesia,PYF,1994,129108411.362047
French Polynesia,PYF,1993,83317375.7424839
French Polynesia,PYF,1992,50638380.7495355
French Polynesia,PYF,1991,43125702.1513048
Gabon,GAB,2024,13494077457.8665
Gabon,GAB,2023,12355875610.4261
Gabon,GAB,2022,13813536175.2391
Gabon,GAB,2021,11849572428.6055
Gabon,GAB,2020,7302825066.46259
Gabon,GAB,2019,8678687831.55984
Gabon,GAB,2018,9158802464.98934
Gabon,GAB,2017,7498596948.54146
Gabon,GAB,2016,6175468782.21868
Gabon,GAB,2015,6620833388.51661
Gabon,GAB,2014,8104568513.24111
Gabon,GAB,2013,10092462761.8263
Gabon,GAB,2012,10465456444.2994
Gabon,GAB,2011,11243840178.751
Gabon,GAB,2010,8287739080.53121
Gabon,GAB,2009,6319926635.46137
Gabon,GAB,2008,9685333826.46034
Gabon,GAB,2007,7289977426.95595
Gabon,GAB,2006,6255613897.1935
Gabon,GAB,2005,5750501486.11868
Gabon,GAB,2004,4276662905.28425
Gabon,GAB,2003,3381594592.55817
Gabon,GAB,2002,2806922117.40111
Gabon,GAB,2001,2726388981.12968
Gabon,GAB,2000,3507168436.09882
Gabon,GAB,1999,2779726330.60532
Gabon,GAB,1998,2125424573.89843
Gabon,GAB,1997,3265552539.56344
Gabon,GAB,1996,3568070236.71063
Gabon,GAB,1995,2944909616.92425
Gabon,GAB,1994,2584714650.90058
Gabon,GAB,1993,2136542944.38168
Gabon,GAB,1992,2576724991.56859
Gabon,GAB,1991,2553606793.08992
Gabon,GAB,1990,2740347018.3592
Gabon,GAB,1989,1917191502.28126
Gabon,GAB,1988,1408435482.36896
Gabon,GAB,1987,1401160634.82486
Gabon,GAB,1986,1197784950.26755
Gabon,GAB,1985,2089867354.58983
Gabon,GAB,1984,2104556519.11258
Gabon,GAB,1983,2079692035.31957
Gabon,GAB,1982,2228502937.22195
Gabon,GAB,1981,2447269142.5972
Gabon,GAB,1980,2769790006.42064
Gabon,GAB,1979,1772269116.16008
Gabon,GAB,1978,1475698437.43477
Gabon,GAB,1977,1449448281.00501
Gabon,GAB,1976,1371832275.85209
Gabon,GAB,1975,1068531105.68706
Gabon,GAB,1974,888640846.799033
Gabon,GAB,1973,425323421.818994
Gabon,GAB,1972,314647528.701288
Gabon,GAB,1971,253126077.95502
Gabon,GAB,1970,160996725.590708
Gabon,GAB,1969,173872519.607531
Gabon,GAB,1968,142588991.304229
Gabon,GAB,1967,130487347.979137
Gabon,GAB,1966,97688670.9841776
Gabon,GAB,1965,97934826.2828379
Gabon,GAB,1964,90352324.3363887
Gabon,GAB,1963,72764821.7240816
Gabon,GAB,1962,57972564.1714843
Gabon,GAB,1961,52322628.8962401
Gabon,GAB,1960,48341345.5312062
"Gambia, The",GMB,2024,210399924.350749
"Gambia, The",GMB,2023,168026281.33214
"Gambia, The",GMB,2022,188942455.877392
"Gambia, The",GMB,2021,133283633.187106
"Gambia, The",GMB,2020,174106925.873846
"Gambia, The",GMB,2019,365730558.072245
"Gambia, The",GMB,2018,372362228.927732
"Gambia, The",GMB,2017,278118327.12068
"Gambia, The",GMB,2016,189367460.895985
"Gambia, The",GMB,2015,214593792.981957
"Gambia, The",GMB,2014,268476270.62752
"Gambia, The",GMB,2013,261079179.200762
"Gambia, The",GMB,2012,280760743.774678
"Gambia, The",GMB,2011,237665945.273699
"Gambia, The",GMB,2010,226367642.899885
"Gambia, The",GMB,2009,228340998.682611
"Gambia, The",GMB,2008,226068893.109563
"Gambia, The",GMB,2007,230768306.087865
"Gambia, The",GMB,2006,221729529.524001
"Gambia, The",GMB,2005,204546331.808865
"Gambia, The",GMB,2004,198101350.569028
"Gambia, The",GMB,2003,151438768.633212
"Gambia, The",GMB,2002,157033586.749557
"Gambia, The",GMB,2001,149998489.210091
"Gambia, The",GMB,2000,201981399.986315
"Gambia, The",GMB,1999,198771163.936193
"Gambia, The",GMB,1998,212639014.948652
"Gambia, The",GMB,1997,184290825.826675
"Gambia, The",GMB,1996,184904931.249045
"Gambia, The",GMB,1995,186876569.332473
"Gambia, The",GMB,1994,158552463.839931
"Gambia, The",GMB,1993,212861269.599302
"Gambia, The",GMB,1992,218509709.449999
"Gambia, The",GMB,1991,203220124.351594
"Gambia, The",GMB,1990,189941809.815266
"Gambia, The",GMB,1989,156436607.867284
"Gambia, The",GMB,1988,134311372.434326
"Gambia, The",GMB,1987,109029387.65125
"Gambia, The",GMB,1986,86556333.5933104
"Gambia, The",GMB,1985,99014528.9755138
"Gambia, The",GMB,1984,90665413.338735
"Gambia, The",GMB,1983,107766540.651678
"Gambia, The",GMB,1982,95784687.5532319
"Gambia, The",GMB,1981,96172688.7652814
"Gambia, The",GMB,1980,103029780.073365
"Gambia, The",GMB,1979,72405656.3807974
"Gambia, The",GMB,1978,57875483.3404851
"Gambia, The",GMB,1977,50729191.5156394
"Gambia, The",GMB,1976,46062022.5882239
"Gambia, The",GMB,1975,51495206.9750515
"Gambia, The",GMB,1974,37334614.5101457
"Gambia, The",GMB,1973,26392897.1073276
"Gambia, The",GMB,1972,19980333.1079835
"Gambia, The",GMB,1971,18037835.1385527
"Gambia, The",GMB,1970,19763503.6216058
"Gambia, The",GMB,1969,18244685.1914963
"Gambia, The",GMB,1968,16460090.3361445
"Gambia, The",GMB,1967,18921503.3503804
"Gambia, The",GMB,1966,15991781.4248778
Georgia,GEO,2024,16347695471.4838
Georgia,GEO,2023,15163333694.8312
Georgia,GEO,2022,13111621768.0543
Georgia,GEO,2021,8045446645.34757
Georgia,GEO,2020,5908062642.69865
Georgia,GEO,2019,9578376986.37911
Georgia,GEO,2018,8896766541.72421
Georgia,GEO,2017,7557302009.68942
Georgia,GEO,2016,6177710295.87299
Georgia,GEO,2015,6110413018.39917
Georgia,GEO,2014,7039423515.30611
Georgia,GEO,2013,7171991823.72922
Georgia,GEO,2012,6021090344.45253
Georgia,GEO,2011,5240466055.33962
Georgia,GEO,2010,4034702206.42279
Georgia,GEO,2009,3181108263.63809
Georgia,GEO,2008,3616332794.91706
Georgia,GEO,2007,3135124262.79204
Georgia,GEO,2006,2514950014.96827
Georgia,GEO,2005,2132207924.75209
Georgia,GEO,2004,1595471619.36561
Georgia,GEO,2003,1255516976.20768
Georgia,GEO,2002,992558006.080135
Georgia,GEO,2001,787524463.137543
Georgia,GEO,2000,703050139.134834
Georgia,GEO,1999,533561535.912022
Georgia,GEO,1998,594735925.665034
Georgia,GEO,1997,548000077.071291
Georgia,GEO,1996,412437507.250319
Georgia,GEO,1995,686952881.343918
Georgia,GEO,1994,1452314245.99294
Georgia,GEO,1993,1266549922.82057
Georgia,GEO,1992,1315854563.44299
Georgia,GEO,1991,1754966887.41722
Georgia,GEO,1990,3101400747.13054
Georgia,GEO,1989,3783339805.14489
Georgia,GEO,1988,3732841240.12278
Georgia,GEO,1987,3038593927.60044
Germany,DEU,2024,1941431210621.87
Germany,DEU,2023,1960255682615.72
Germany,DEU,2022,1916859170749.03
Germany,DEU,2021,1851846071996.09
Germany,DEU,2020,1541867660412.46
Germany,DEU,2019,1676629137011.76
Germany,DEU,2018,1723433049609.41
Germany,DEU,2017,1589089750187.06
Germany,DEU,2016,1472560807845.53
Germany,DEU,2015,1458592274325.0
Germany,DEU,2014,1653100023449.01
Germany,DEU,2013,1586778324179.22
Germany,DEU,2012,1535179851348.05
Germany,DEU,2011,1592275709231.52
Germany,DEU,2010,1369340699300.0
Germany,DEU,2009,1233301486982.42
Germany,DEU,2008,1559414079161.72
Germany,DEU,2007,1415809341318.83
Germany,DEU,2006,1187129764083.53
Germany,DEU,2005,1040265986689.49
Germany,DEU,2004,967940099859.462
Germany,DEU,2003,792550922245.881
Germany,DEU,2002,655732684858.04
Germany,DEU,2001,600934274699.607
Germany,DEU,2000,583812721397.648
Germany,DEU,1999,576268522696.14
Germany,DEU,1998,576778926308.77
Germany,DEU,1997,548072411459.508
Germany,DEU,1996,558519625682.35
Germany,DEU,1995,557027432782.858
Germany,DEU,1994,456474629384.115
Germany,DEU,1993,413275760085.177
Germany,DEU,1992,473020663744.521
Germany,DEU,1991,442049499116.087
Germany,DEU,1990,404361405398.862
Germany,DEU,1989,311798995110.787
Germany,DEU,1988,295364621895.534
Germany,DEU,1987,268359809575.626
Germany,DEU,1986,222600598937.224
Germany,DEU,1985,167947100053.149
Germany,DEU,1984,157450977939.66
Germany,DEU,1983,156299761777.097
Germany,DEU,1982,161985626662.368
Germany,DEU,1981,161088263089.572
Germany,DEU,1980,176861953948.784
Germany,DEU,1979,157013153345.427
Germany,DEU,1978,130525539435.248
Germany,DEU,1977,107912072770.151
Germany,DEU,1976,93878705142.147
Germany,DEU,1975,83906542650.4492
Germany,DEU,1974,81166870984.8084
Germany,DEU,1973,61138960117.0874
Germany,DEU,1972,43607225050.6042
Germany,DEU,1971,36378984553.6162
Germany,DEU,1970,32635821086.9449
Ghana,GHA,2024,29197465998.8647
Ghana,GHA,2023,25590486225.4334
Ghana,GHA,2022,25623315466.9184
Ghana,GHA,2021,23898089227.0418
Ghana,GHA,2020,22070393252.1853
Ghana,GHA,2019,25597786148.2046
Ghana,GHA,2018,22501546548.8178
Ghana,GHA,2017,20456689539.6174
Ghana,GHA,2016,17513188147.4573
Ghana,GHA,2015,16725314357.9985
Ghana,GHA,2014,15436790166.9328
Ghana,GHA,2013,15988443997.9098
Ghana,GHA,2012,16656935875.3268
Ghana,GHA,2011,14529631105.6309
Ghana,GHA,2010,9490812128.53579
Ghana,GHA,2009,7630156153.13385
Ghana,GHA,2008,7178293982.08643
Ghana,GHA,2007,6088927418.37771
Ghana,GHA,2006,5149454653.93664
Ghana,GHA,2005,3916311039.77093
Ghana,GHA,2004,3490692555.26712
Ghana,GHA,2003,3104918870.64991
Ghana,GHA,2002,2627802407.06598
Ghana,GHA,2001,2404077313.43492
Ghana,GHA,2000,2431743616.94123
Ghana,GHA,1999,2475841480.93143
Ghana,GHA,1998,2534277964.7526
Ghana,GHA,1997,2233536787.82789
Ghana,GHA,1996,2226334937.35746
Ghana,GHA,1995,1583544039.89526
Ghana,GHA,1994,1375682236.73196
Ghana,GHA,1993,1208940821.01401
Ghana,GHA,1992,1105235206.59265
Ghana,GHA,1991,1120134374.23496
Ghana,GHA,1990,993956953.642384
Ghana,GHA,1989,879299610.894942
Ghana,GHA,1988,945129549.050633
Ghana,GHA,1987,997843537.414966
Ghana,GHA,1986,950751458.052938
Ghana,GHA,1985,479910714.285714
Ghana,GHA,1984,354924983.692107
Ghana,GHA,1983,225418871.252205
Ghana,GHA,1982,134733893.557423
Ghana,GHA,1981,200813953.488372
Ghana,GHA,1980,376348547.717842
Ghana,GHA,1979,451566951.566952
Ghana,GHA,1978,306108202.443281
Ghana,GHA,1977,334857142.857143
Ghana,GHA,1976,434322033.898305
Ghana,GHA,1975,544148936.170213
Ghana,GHA,1974,530434782.608696
Ghana,GHA,1973,644981958.180025
Ghana,GHA,1972,437466068.288204
Ghana,GHA,1971,380936311.818316
Ghana,GHA,1970,472617875.004875
Ghana,GHA,1969,387311329.101505
Ghana,GHA,1968,339265113.592711
Ghana,GHA,1967,304363805.162641
Ghana,GHA,1966,310960967.875482
Ghana,GHA,1965,351581995.210568
Ghana,GHA,1964,344578369.807967
Ghana,GHA,1963,326368943.761204
Ghana,GHA,1962,334773294.244325
Ghana,GHA,1961,340376194.566406
Ghana,GHA,1960,343177644.727447
Greece,GRC,2024,107906278860.86
Greece,GRC,2023,106504786800.943
Greece,GRC,2022,107320102999.948
Greece,GRC,2021,87890002522.6885
Greece,GRC,2020,60184486579.7402
Greece,GRC,2019,82010713282.0312
Greece,GRC,2018,82399082670.3113
Greece,GRC,2017,69691264258.6342
Greece,GRC,2016,60206483726.2834
Greece,GRC,2015,62624153981.5929
Greece,GRC,2014,76056457341.835
Greece,GRC,2013,71740892359.0022
Greece,GRC,2012,69182299552.7496
Greece,GRC,2011,71678227685.3601
Greece,GRC,2010,64408084269.5168
Greece,GRC,2009,61214696315.5328
Greece,GRC,2008,80002280548.4023
Greece,GRC,2007,68338676371.8724
Greece,GRC,2006,55899928857.7023
Greece,GRC,2005,50868190128.2615
Greece,GRC,2004,48427679624.1005
Greece,GRC,2003,37167664772.0089
Greece,GRC,2002,30626385965.3844
Greece,GRC,2001,30582572463.837
Greece,GRC,2000,30196597913.7726
Greece,GRC,1999,26625314614.5182
Greece,GRC,1998,23016451054.9983
Greece,GRC,1997,22716461999.2512
Greece,GRC,1996,20396997451.8686
Greece,GRC,1995,19395600823.6505
Greece,GRC,1994,16545700842.6966
Greece,GRC,1993,15014692330.5589
Greece,GRC,1992,16986794780.1216
Greece,GRC,1991,14665696391.8489
Greece,GRC,1990,14210855546.0017
Greece,GRC,1989,12400650440.6211
Greece,GRC,1988,12221486908.4795
Greece,GRC,1987,11688341721.1877
Greece,GRC,1986,9799520447.90652
Greece,GRC,1985,7578756476.68394
Greece,GRC,1984,7925024183.79686
Greece,GRC,1983,7999818111.45511
Greece,GRC,1982,9232897959.18367
Greece,GRC,1981,10998456334.5633
Greece,GRC,1980,10787426059.1527
Greece,GRC,1979,8120634774.60902
Greece,GRC,1978,5937115027.82931
Greece,GRC,1977,4968001850.13876
Greece,GRC,1976,4299095149.25373
Greece,GRC,1975,3962624867.16259
Greece,GRC,1974,3540079545.45455
Greece,GRC,1973,2554695051.78366
Greece,GRC,1972,1514340909.09091
Greece,GRC,1971,1169159090.90909
Greece,GRC,1970,1017465909.09091
Greece,GRC,1969,878078638.745332
Greece,GRC,1968,791766667.309036
Greece,GRC,1967,819571866.160997
Greece,GRC,1966,788927084.092945
Greece,GRC,1965,577923334.471668
Greece,GRC,1964,500981987.648471
Greece,GRC,1963,525311536.643937
Greece,GRC,1962,427584440.678956
Greece,GRC,1961,462193280.916671
Greece,GRC,1960,421746257.586673
Greenland,GRL,2023,1357184772.6963
Greenland,GRL,2022,1285840100.66488
Greenland,GRL,2021,1121643590.62737
Greenland,GRL,2020,1111209277.92567
Greenland,GRL,2019,1230176954.70104
Greenland,GRL,2018,1358435085.31552
Greenland,GRL,2017,1160385303.83576
Greenland,GRL,2016,1103566726.94846
Greenland,GRL,2015,939162803.528646
Greenland,GRL,2014,1093422910.10352
Greenland,GRL,2013,1012247895.05996
Greenland,GRL,2012,978942338.302308
Greenland,GRL,2011,1020039815.88135
Greenland,GRL,2010,852477963.042811
Greenland,GRL,2009,777486179.007985
Greenland,GRL,2008,924142592.648168
Greenland,GRL,2007,814482647.007982
Greenland,GRL,2006,761017142.392065
Greenland,GRL,2005,759541163.699305
Greenland,GRL,2004,716000532.126468
Greenland,GRL,2003,589145818.257828
Guam,GUM,2022,545000000.0
Guam,GUM,2021,193000000.0
Guam,GUM,2020,379000000.0
Guam,GUM,2019,1414000000.0
Guam,GUM,2018,1165000000.0
Guam,GUM,2017,1141000000.0
Guam,GUM,2016,1119000000.0
Guam,GUM,2015,1048000000.0
Guam,GUM,2014,1057000000.0
Guam,GUM,2013,1053000000.0
Guam,GUM,2012,1004000000.0
Guam,GUM,2011,928000000.0
Guam,GUM,2010,846000000.0
Guam,GUM,2009,838000000.0
Guam,GUM,2008,973000000.0
Guam,GUM,2007,1005000000.0
Guam,GUM,2006,1005000000.0
Guam,GUM,2005,956000000.0
Guam,GUM,2004,846000000.0
Guam,GUM,2003,631000000.0
Guam,GUM,2002,722000000.0
Guatemala,GTM,2024,17990664478.2819
Guatemala,GTM,2023,17331723649.7465
Guatemala,GTM,2022,18119750229.8585
Guatemala,GTM,2021,15241812021.8432
Guatemala,GTM,2020,12702168189.4414
Guatemala,GTM,2019,13591570047.3112
Guatemala,GTM,2018,13323267942.6505
Guatemala,GTM,2017,13252394991.303
Guatemala,GTM,2016,12387053734.7875
Guatemala,GTM,2015,12331439231.3857
Guatemala,GTM,2014,12579582120.7147
Guatemala,GTM,2013,11658240732.1848
Guatemala,GTM,2012,12530944105.5555
Guatemala,GTM,2011,12688259461.4701
Guatemala,GTM,2010,10667621566.808
Guatemala,GTM,2009,9046835388.59935
Guatemala,GTM,2008,9673807861.55819
Guatemala,GTM,2007,8721101392.56831
Guatemala,GTM,2006,7537142602.34385
Guatemala,GTM,2005,6817685366.83004
Guatemala,GTM,2004,6464755962.87974
Guatemala,GTM,2003,5648926179.65218
Guatemala,GTM,2002,5463975082.14327
Guatemala,GTM,2001,5275589192.6201
Guatemala,GTM,2000,3895405852.17951
Guatemala,GTM,1999,3481400349.34261
Guatemala,GTM,1998,3524472507.19379
Guatemala,GTM,1997,3194396325.67574
Guatemala,GTM,1996,2791706609.53507
Guatemala,GTM,1995,2822490792.68922
Guatemala,GTM,1994,2274655328.51312
Guatemala,GTM,1993,2018148609.06032
Guatemala,GTM,1992,1886230498.02442
Guatemala,GTM,1991,1688646378.51768
Guatemala,GTM,1990,1608646743.76103
Guatemala,GTM,1989,1455681818.18182
Guatemala,GTM,1988,1262786259.54198
Guatemala,GTM,1987,1122800040.0
Guatemala,GTM,1986,1160867534.24658
Guatemala,GTM,1985,1161565304.34783
Guatemala,GTM,1984,1231300000.0
Guatemala,GTM,1983,1176000000.0
Guatemala,GTM,1982,1288999900.0
Guatemala,GTM,1981,1471000100.0
Guatemala,GTM,1980,1748000000.0
Guatemala,GTM,1979,1473600000.0
Guatemala,GTM,1978,1303700000.0
Guatemala,GTM,1977,1340300000.0
Guatemala,GTM,1976,941700000.0
Guatemala,GTM,1975,792000000.0
Guatemala,GTM,1974,708400000.0
Guatemala,GTM,1973,536500000.0
Guatemala,GTM,1972,397300000.0
Guatemala,GTM,1971,343100000.0
Guatemala,GTM,1970,353600000.0
Guatemala,GTM,1969,305400000.0
Guatemala,GTM,1968,269500000.0
Guatemala,GTM,1967,235600000.0
Guatemala,GTM,1966,263400000.0
Guatemala,GTM,1965,223500000.0
Guatemala,GTM,1964,199900000.0
Guatemala,GTM,1963,180400000.0
Guatemala,GTM,1962,134800000.0
Guatemala,GTM,1961,128700000.0
Guatemala,GTM,1960,131900000.0
Guinea,GIN,2024,10351843899.1588
Guinea,GIN,2023,9888943025.0436
Guinea,GIN,2022,9043059038.49661
Guinea,GIN,2021,9596023580.50904
Guinea,GIN,2020,6617433828.61847
Guinea,GIN,2019,4710654157.7052
Guinea,GIN,2018,4767367526.93678
Guinea,GIN,2017,4611027664.18413
Guinea,GIN,2016,2524762071.63808
Guinea,GIN,2015,1890478290.5367
Guinea,GIN,2014,2342843828.77653
Guinea,GIN,2013,2217341683.37996
Guinea,GIN,2012,2531048957.00893
Guinea,GIN,2011,2212106802.63826
Guinea,GIN,2010,2079424654.58987
Guinea,GIN,2009,1512364187.92795
Guinea,GIN,2008,1507080730.53399
Guinea,GIN,2007,1479451796.12378
Guinea,GIN,2006,1005390515.52319
Guinea,GIN,2005,1021679586.62962
Guinea,GIN,2004,895267037.392523
Guinea,GIN,2003,894584048.742242
Guinea,GIN,2002,781148029.848008
Guinea,GIN,2001,808614946.14937
Guinea,GIN,2000,734578556.20053
Guinea,GIN,1999,749004850.206526
Guinea,GIN,1998,763846909.977853
Guinea,GIN,1997,740132957.280735
Guinea,GIN,1996,742652391.130874
Guinea,GIN,1995,780067626.712016
Guinea,GIN,1994,769732341.447186
Guinea,GIN,1993,869566348.29711
Guinea,GIN,1992,817036636.463596
Guinea,GIN,1991,914493654.105981
Guinea,GIN,1990,828699105.16097
Guinea,GIN,1989,756205480.449991
Guinea,GIN,1988,640721931.678519
Guinea,GIN,1987,645766103.605838
Guinea,GIN,1986,620341457.628898
Guinea-Bissau,GNB,2024,262820174.454457
Guinea-Bissau,GNB,2023,281024787.174105
Guinea-Bissau,GNB,2022,273823396.615999
Guinea-Bissau,GNB,2021,334639591.939616
Guinea-Bissau,GNB,2020,263737478.988913
Guinea-Bissau,GNB,2019,291804550.872984
Guinea-Bissau,GNB,2018,395944553.849329
Guinea-Bissau,GNB,2017,390049715.257766
Guinea-Bissau,GNB,2016,296013057.520557
Guinea-Bissau,GNB,2015,288634342.955778
Guinea-Bissau,GNB,2014,189520128.440422
Guinea-Bissau,GNB,2013,146638162.048894
Guinea-Bissau,GNB,2012,148143182.78035
Guinea-Bissau,GNB,2011,223293310.77986
Guinea-Bissau,GNB,2010,118824731.843798
Guinea-Bissau,GNB,2009,99060618.5874728
Guinea-Bissau,GNB,2008,112096348.888004
Guinea-Bissau,GNB,2007,83754002.6797694
Guinea-Bissau,GNB,2006,65874890.2295901
Guinea-Bissau,GNB,2005,86771562.6921218
Guinea-Bissau,GNB,2004,75293449.9137358
Guinea-Bissau,GNB,2003,66055955.2130173
Guinea-Bissau,GNB,2002,53471573.2038363
Guinea-Bissau,GNB,2001,41587831.1621061
Guinea-Bissau,GNB,2000,51238035.5874262
Guinea-Bissau,GNB,1999,48255104.9692943
Guinea-Bissau,GNB,1998,24267138.614847
Guinea-Bissau,GNB,1997,34228134.5542318
Guinea-Bissau,GNB,1996,73982892.4570851
Guinea-Bissau,GNB,1995,77026117.1899923
Guinea-Bissau,GNB,1994,100783590.449963
Guinea-Bissau,GNB,1993,54616172.6610542
Guinea-Bissau,GNB,1992,28841802.6240302
Guinea-Bissau,GNB,1991,66730021.3373414
Guinea-Bissau,GNB,1990,63012779.6312043
Guinea-Bissau,GNB,1989,49261011.2220152
Guinea-Bissau,GNB,1988,53186611.9077506
Guinea-Bissau,GNB,1987,51366733.4951294
Guinea-Bissau,GNB,1986,17722485.0023776
Guinea-Bissau,GNB,1985,36490902.8420443
Guinea-Bissau,GNB,1984,48241735.8055713
Guinea-Bissau,GNB,1983,25552411.3669156
Guinea-Bissau,GNB,1982,33735283.2437526
Guinea-Bissau,GNB,1981,45022336.3636364
Guinea-Bissau,GNB,1980,36495542.1685176
Guinea-Bissau,GNB,1979,22408816.6986539
Guinea-Bissau,GNB,1978,24664099.4236311
Guinea-Bissau,GNB,1977,27808006.9792604
Guinea-Bissau,GNB,1976,15403961.6867785
Guinea-Bissau,GNB,1975,14689462.9691544
Guinea-Bissau,GNB,1974,12885646.3815789
Guinea-Bissau,GNB,1973,14078894.9152542
Guinea-Bissau,GNB,1972,9930095.34563256
Guinea-Bissau,GNB,1971,8489510.86613354
Guinea-Bissau,GNB,1970,8186671.4504523
Guyana,GUY,2005,698037583.989994
Guyana,GUY,2004,752856480.465943
Guyana,GUY,2003,666355169.765154
Guyana,GUY,2002,670242444.601789
Guyana,GUY,2001,661420415.528475
Guyana,GUY,2000,684731124.266842
Guyana,GUY,1999,670497421.319341
Guyana,GUY,1998,688346951.547645
Guyana,GUY,1997,746591431.239949
Guyana,GUY,1996,723896874.643875
Guyana,GUY,1995,629152003.521127
Guyana,GUY,1994,567658924.078091
Guyana,GUY,1993,519140473.11828
Guyana,GUY,1992,469762447.641887
Guyana,GUY,1991,356599994.633274
Guyana,GUY,1990,248683534.177215
Guyana,GUY,1989,251948536.764706
Guyana,GUY,1988,263299990.0
Guyana,GUY,1987,282142846.938775
Guyana,GUY,1986,233674418.604651
Guyana,GUY,1985,218069767.44186
Guyana,GUY,1984,193263157.894737
Guyana,GUY,1983,224500000.0
Guyana,GUY,1982,254400000.0
Guyana,GUY,1981,393107142.857143
Guyana,GUY,1980,490319960.0
Guyana,GUY,1979,317240000.0
Guyana,GUY,1978,319880000.0
Guyana,GUY,1977,284360000.0
Guyana,GUY,1976,300280000.0
Guyana,GUY,1975,370500000.0
Guyana,GUY,1974,296590909.090909
Guyana,GUY,1973,160238095.238095
Guyana,GUY,1972,164000000.0
Guyana,GUY,1971,164750000.0
Guyana,GUY,1970,151200000.0
Guyana,GUY,1969,147700000.0
Guyana,GUY,1968,133800000.0
Guyana,GUY,1967,143705882.352941
Guyana,GUY,1966,125764705.882353
Guyana,GUY,1965,117823529.411765
Guyana,GUY,1964,111241388.563195
Guyana,GUY,1963,110599723.500691
Guyana,GUY,1962,110424723.93819
Guyana,GUY,1961,96774758.0631048
Guyana,GUY,1960,82949792.6255184
Haiti,HTI,2024,857816739.95338
Haiti,HTI,2023,1046262833.94154
Haiti,HTI,2022,1466106038.4718
Haiti,HTI,2021,1490136140.36818
Haiti,HTI,2020,1110024754.94218
Haiti,HTI,2019,1585349842.81308
Haiti,HTI,2018,1768471542.63842
Haiti,HTI,2017,1660793079.17233
Haiti,HTI,2016,1632313490.51577
Haiti,HTI,2015,1747466805.16477
Haiti,HTI,2014,1662345565.95476
Haiti,HTI,2013,1567188286.73442
Haiti,HTI,2012,1323609594.19049
Haiti,HTI,2011,1311686714.79674
Haiti,HTI,2010,1016377274.12283
Haiti,HTI,2009,1034002204.18872
Haiti,HTI,2008,917202441.231244
Haiti,HTI,2007,779237501.779754
Haiti,HTI,2006,689103494.448546
Haiti,HTI,2005,605106728.739627
Haiti,HTI,2004,509817233.078678
Haiti,HTI,2003,470293089.043026
Haiti,HTI,2002,390002091.189372
Haiti,HTI,2001,444869994.280515
Haiti,HTI,2000,501340860.27254
Haiti,HTI,1999,508794534.216387
Haiti,HTI,1998,368684025.022278
Haiti,HTI,1997,349005072.784096
Haiti,HTI,1996,329352863.384694
Haiti,HTI,1995,256955764.92692
Haiti,HTI,1994,139173681.361585
Haiti,HTI,1993,203703197.629323
Haiti,HTI,1992,170898839.556527
Haiti,HTI,1991,358174516.690183
Haiti,HTI,1990,368773800.0
Haiti,HTI,1989,356133600.0
Haiti,HTI,1988,426125800.0
Honduras,HND,2024,12444557870.6674
Honduras,HND,2023,12838311191.1166
Honduras,HND,2022,13336955013.3273
Honduras,HND,2021,11079128213.317
Honduras,HND,2020,8377646120.73421
Honduras,HND,2019,10007373348.5297
Honduras,HND,2018,9977241928.20167
Honduras,HND,2017,9970301123.80064
Honduras,HND,2016,9276480535.29014
Honduras,HND,2015,9475891625.38007
Honduras,HND,2014,9396732039.65968
Honduras,HND,2013,8869045890.69185
Honduras,HND,2012,9431552769.55223
Honduras,HND,2011,9077877620.20288
Honduras,HND,2010,7247910834.02575
Honduras,HND,2009,5766473847.71713
Honduras,HND,2008,7124837294.25652
Honduras,HND,2007,6614386798.69384
Honduras,HND,2006,6119752690.73513
Honduras,HND,2005,5757207467.87627
Honduras,HND,2004,5181709224.05473
Honduras,HND,2003,4452150158.02917
Honduras,HND,2002,4143703818.53006
Honduras,HND,2001,3931297278.35005
Honduras,HND,2000,3878785428.51127
Honduras,HND,1999,3441665505.22648
Honduras,HND,1998,3647511078.28656
Honduras,HND,1997,3326205323.19392
Honduras,HND,1996,2912652027.02703
Honduras,HND,1995,2657476538.06048
Honduras,HND,1994,2182094948.14956
Honduras,HND,1993,1905157993.27819
Honduras,HND,1992,1713781625.71164
Honduras,HND,1991,1654804672.07102
Honduras,HND,1990,1768750000.0
Honduras,HND,1989,1723758620.68966
Honduras,HND,1988,1672231759.65665
Honduras,HND,1987,1494350000.0
Honduras,HND,1986,1586500000.0
Honduras,HND,1985,1393250000.0
Honduras,HND,1984,1323150000.0
Honduras,HND,1983,1266300000.0
Honduras,HND,1982,1209450000.0
Honduras,HND,1981,1423150000.0
Honduras,HND,1980,1508450000.0
Honduras,HND,1979,1344100000.0
Honduras,HND,1978,1108300000.0
Honduras,HND,1977,911750000.0
Honduras,HND,1976,717650000.0
Honduras,HND,1975,558650000.0
Honduras,HND,1974,531200000.0
Honduras,HND,1973,467449766.275117
Honduras,HND,1972,375648309.582607
Honduras,HND,1971,349150000.0
Honduras,HND,1970,317950000.0
Honduras,HND,1969,302350000.0
Honduras,HND,1968,314550000.0
Honduras,HND,1967,279700000.0
Honduras,HND,1966,258750000.0
Honduras,HND,1965,228900000.0
Honduras,HND,1964,171400000.0
Honduras,HND,1963,150750000.0
Honduras,HND,1962,112000000.0
Honduras,HND,1961,105000000.0
Honduras,HND,1960,87650000.0
"Hong Kong SAR, China",HKG,2024,739642429559.935
"Hong Kong SAR, China",HKG,2023,673672659195.26
"Hong Kong SAR, China",HKG,2022,697583336451.117
"Hong Kong SAR, China",HKG,2021,752719132923.809
"Hong Kong SAR, China",HKG,2020,608150234620.739
"Hong Kong SAR, China",HKG,2019,645006704384.439
"Hong Kong SAR, China",HKG,2018,681282515787.459
"Hong Kong SAR, China",HKG,2017,644673433249.5
"Hong Kong SAR, China",HKG,2016,600025250410.641
"Hong Kong SAR, China",HKG,2015,606079014416.1
"Hong Kong SAR, China",HKG,2014,621073310667.425
"Hong Kong SAR, China",HKG,2013,610972021660.65
"Hong Kong SAR, China",HKG,2012,566883265817.194
"Hong Kong SAR, China",HKG,2011,528967240493.32
"Hong Kong SAR, China",HKG,2010,469446853182.587
"Hong Kong SAR, China",HKG,2009,381294159383.365
"Hong Kong SAR, China",HKG,2008,424118380347.954
"Hong Kong SAR, China",HKG,2007,394442958247.201
"Hong Kong SAR, China",HKG,2006,358398925414.591
"Hong Kong SAR, China",HKG,2005,322200039525.117
"Hong Kong SAR, China",HKG,2004,283708654340.01
"Hong Kong SAR, China",HKG,2003,243330657848.268
"Hong Kong SAR, China",HKG,2002,219708197945.946
"Hong Kong SAR, China",HKG,2001,207977175829.46
"Hong Kong SAR, China",HKG,2000,216356805084.527
"Hong Kong SAR, China",HKG,1999,186851434096.036
"Hong Kong SAR, China",HKG,1998,187183688551.545
"Hong Kong SAR, China",HKG,1997,204029716550.443
"Hong Kong SAR, China",HKG,1996,194352293058.904
"Hong Kong SAR, China",HKG,1995,182563661857.747
"Hong Kong SAR, China",HKG,1994,162013385147.308
"Hong Kong SAR, China",HKG,1993,144855533189.935
"Hong Kong SAR, China",HKG,1992,127907419893.308
"Hong Kong SAR, China",HKG,1991,106158058371.413
"Hong Kong SAR, China",HKG,1990,90213678231.0087
"Hong Kong SAR, China",HKG,1989,81398943091.3175
"Hong Kong SAR, China",HKG,1988,71728414040.4817
"Hong Kong SAR, China",HKG,1987,57087679928.189
"Hong Kong SAR, China",HKG,1986,43008160743.6207
"Hong Kong SAR, China",HKG,1985,37099123961.1077
"Hong Kong SAR, China",HKG,1984,34837426451.7779
"Hong Kong SAR, China",HKG,1983,28132870173.528
"Hong Kong SAR, China",HKG,1982,27405152327.4536
"Hong Kong SAR, China",HKG,1981,28115340417.1839
"Hong Kong SAR, China",HKG,1980,25613519710.1817
"Hong Kong SAR, China",HKG,1979,20190630317.7885
"Hong Kong SAR, China",HKG,1978,15674897468.159
"Hong Kong SAR, China",HKG,1977,13104032604.0326
"Hong Kong SAR, China",HKG,1976,11516881422.2802
"Hong Kong SAR, China",HKG,1975,8380060897.63528
"Hong Kong SAR, China",HKG,1974,8133821900.58278
"Hong Kong SAR, China",HKG,1973,6859419022.63674
"Hong Kong SAR, China",HKG,1972,4818647513.55909
"Hong Kong SAR, China",HKG,1971,3999563824.25473
"Hong Kong SAR, China",HKG,1970,3541855147.79662
"Hong Kong SAR, China",HKG,1969,3029243796.77038
"Hong Kong SAR, China",HKG,1968,2451069004.61784
"Hong Kong SAR, China",HKG,1967,2170856894.30187
"Hong Kong SAR, China",HKG,1966,1889960077.40451
"Hong Kong SAR, China",HKG,1965,1675916230.36649
"Hong Kong SAR, China",HKG,1964,1609005531.01451
"Hong Kong SAR, China",HKG,1963,1414306395.93155
"Hong Kong SAR, China",HKG,1962,1263224321.6155
"Hong Kong SAR, China",HKG,1961,1149077545.56591
Hungary,HUN,2024,167912655726.946
Hungary,HUN,2023,173224987137.308
Hungary,HUN,2022,158898663654.765
Hungary,HUN,2021,145547409482.391
Hungary,HUN,2020,123744764553.729
Hungary,HUN,2019,133707076997.179
Hungary,HUN,2018,134422841352.766
Hungary,HUN,2017,122904333778.696
Hungary,HUN,2016,111069631883.681
Hungary,HUN,2015,109507057001.96
Hungary,HUN,2014,122820302233.432
Hungary,HUN,2013,115833299805.539
Hungary,HUN,2012,110596984359.093
Hungary,HUN,2011,122146730994.007
Hungary,HUN,2010,107172345140.723
Hungary,HUN,2009,97259190764.9288
Hungary,HUN,2008,125323028493.44
Hungary,HUN,2007,109047007555.583
Hungary,HUN,2006,85323332858.0256
Hungary,HUN,2005,70710738666.9673
Hungary,HUN,2004,61955833363.7491
Hungary,HUN,2003,47999431136.0294
Hungary,HUN,2002,39274697097.2605
Hungary,HUN,2001,34859576770.3652
Hungary,HUN,2000,31571752985.337
Hungary,HUN,1999,27319788079.7383
Hungary,HUN,1998,25799585544.331
Hungary,HUN,1997,22676867827.4761
Hungary,HUN,1996,19562990880.2483
Hungary,HUN,1995,18216633112.3868
Hungary,HUN,1994,10978579284.7718
Hungary,HUN,1993,9317495621.86868
Hungary,HUN,1992,10708915902.735
Hungary,HUN,1991,10010613260.186
Iceland,ISL,2024,14117485077.0075
Iceland,ISL,2023,13984488268.6513
Iceland,ISL,2022,13632709461.7587
Iceland,ISL,2021,9802647460.53158
Iceland,ISL,2020,7522355305.84085
Iceland,ISL,2019,11172065684.1319
Iceland,ISL,2018,12397616650.2127
Iceland,ISL,2017,11445214118.2273
Iceland,ISL,2016,10012449483.2795
Iceland,ISL,2015,9086505054.91451
Iceland,ISL,2014,9191034651.03048
Iceland,ISL,2013,8580915713.49721
Iceland,ISL,2012,8097199624.18578
Iceland,ISL,2011,8306196644.5888
Iceland,ISL,2010,7121350039.05454
Iceland,ISL,2009,6408804966.74172
Iceland,ISL,2008,7284145795.40842
Iceland,ISL,2007,7110704784.95043
Iceland,ISL,2006,5310428255.91337
Iceland,ISL,2005,5116287715.32048
Iceland,ISL,2004,4480777641.80095
Iceland,ISL,2003,3728493371.05164
Iceland,ISL,2002,3309446650.01849
Iceland,ISL,2001,3042019192.27793
Iceland,ISL,2000,2899936221.63427
Iceland,ISL,1999,2915299611.66954
Iceland,ISL,1998,2871539298.43302
Iceland,ISL,1997,2689829671.82526
Iceland,ISL,1996,2658458135.33835
Iceland,ISL,1995,2493202435.55201
Iceland,ISL,1994,2251420757.05846
Iceland,ISL,1993,2007806139.35435
Iceland,ISL,1992,2113685423.28819
Iceland,ISL,1991,2130770692.39935
Iceland,ISL,1990,2144153418.27403
Iceland,ISL,1989,1873815640.46015
Iceland,ISL,1988,1910725693.96011
Iceland,ISL,1987,1864331518.31053
Iceland,ISL,1986,1516684791.33519
Iceland,ISL,1985,1183251902.65902
Iceland,ISL,1984,1072642449.44579
Iceland,ISL,1983,1081525794.19389
Iceland,ISL,1982,1016617900.65984
Iceland,ISL,1981,1191331358.48952
Iceland,ISL,1980,1182341379.02284
Iceland,ISL,1979,1066704197.39081
Iceland,ISL,1978,903769318.726716
Iceland,ISL,1977,716305626.791371
Iceland,ISL,1976,568047977.164187
Iceland,ISL,1975,461359141.184125
Iceland,ISL,1974,468893446.723362
Iceland,ISL,1973,404493509.375347
Iceland,ISL,1972,289636301.835486
Iceland,ISL,1971,247179545.454545
Iceland,ISL,1970,233403409.090909
India,IND,2024,827405227198.603
India,IND,2023,780408530088.596
India,IND,2022,778021514754.531
India,IND,2021,677769255428.552
India,IND,2020,499728529072.629
India,IND,2019,529245063167.215
India,IND,2018,538635186135.438
India,IND,2017,498258808231.521
India,IND,2016,439642578076.358
India,IND,2015,416787940847.812
India,IND,2014,468345815420.933
India,IND,2013,472180271340.149
India,IND,2012,448400477361.254
India,IND,2011,447384417625.093
India,IND,2010,375353514026.267
India,IND,2009,273752124889.211
India,IND,2008,288902044820.698
India,IND,2007,253077526013.168
India,IND,2006,199973922363.783
India,IND,2005,160838260680.778
India,IND,2004,126648472020.752
India,IND,2003,90838575243.7621
India,IND,2002,73452895951.6331
India,IND,2001,60963415576.6447
India,IND,2000,60878472821.2004
India,IND,1999,52544483402.6936
India,IND,1998,46426465025.0477
India,IND,1997,44459225642.5392
India,IND,1996,40803004618.1754
India,IND,1995,39068855117.8518
India,IND,1994,32361214431.4321
India,IND,1993,27466541462.9135
India,IND,1992,25486029046.6975
India,IND,1991,22943398073.2995
India,IND,1990,22639774911.5525
India,IND,1989,20770696112.0947
India,IND,1988,17899838408.9376
India,IND,1987,15638662913.9839
India,IND,1986,12937864153.5995
India,IND,1985,12217447521.8095
India,IND,1984,13330716432.207
India,IND,1983,12741335281.0764
India,IND,1982,12009417676.7037
India,IND,1981,11485699151.0595
India,IND,1980,11439738400.0812
India,IND,1979,10326638765.7562
India,IND,1978,8670401540.12653
India,IND,1977,7754701053.93862
India,IND,1976,6868148772.67222
India,IND,1975,5560878503.24078
India,IND,1974,4808449429.90723
India,IND,1973,3599236351.42232
India,IND,1972,2878233145.16372
India,IND,1971,2469914214.15473
India,IND,1970,2361333333.33333
India,IND,1969,2170666666.66667
India,IND,1968,2144000000.0
India,IND,1967,2022666666.66667
India,IND,1966,1888225564.87049
India,IND,1965,1969801969.80197
India,IND,1964,2104202104.2021
India,IND,1963,2072702072.70207
India,IND,1962,1757701757.70176
India,IND,1961,1688401688.40169
India,IND,1960,1652701652.70165
Indonesia,IDN,2024,309745619367.11
Indonesia,IDN,2023,298282074769.176
Indonesia,IDN,2022,323218198016.355
Indonesia,IDN,2021,254109508154.492
Indonesia,IDN,2020,183546577017.375
Indonesia,IDN,2019,208057763659.252
Indonesia,IDN,2018,218905647886.556
Indonesia,IDN,2017,204924485909.157
Indonesia,IDN,2016,177886012744.865
Indonesia,IDN,2015,182158298802.029
Indonesia,IDN,2014,210820082831.806
Indonesia,IDN,2013,218308408827.835
Indonesia,IDN,2012,225744403267.742
Indonesia,IDN,2011,235095129132.988
Indonesia,IDN,2010,183480562961.321
Indonesia,IDN,2009,130357798591.185
Indonesia,IDN,2008,152090401421.802
Indonesia,IDN,2007,127226102177.005
Indonesia,IDN,2006,113143425287.798
Indonesia,IDN,2005,97387627565.9961
Indonesia,IDN,2004,82744351781.0167
Indonesia,IDN,2003,71553141044.9888
Indonesia,IDN,2002,63956798804.501
Indonesia,IDN,2001,62625875833.9076
Indonesia,IDN,2000,67621169165.827
Indonesia,IDN,1999,49720260589.8075
Indonesia,IDN,1998,50555726234.5501
Indonesia,IDN,1997,60106038403.5787
Indonesia,IDN,1996,58717201041.7111
Indonesia,IDN,1995,53185312942.0389
Indonesia,IDN,1994,46896633113.5023
Indonesia,IDN,1993,42274397859.4989
Indonesia,IDN,1992,38801726176.401
Indonesia,IDN,1991,33063806609.367
Indonesia,IDN,1990,28982531183.3725
Indonesia,IDN,1989,24640067876.9285
Indonesia,IDN,1988,21110162564.1561
Indonesia,IDN,1987,18661070321.4196
Indonesia,IDN,1986,16387068856.9447
Indonesia,IDN,1985,20279853770.1021
Indonesia,IDN,1984,23177770013.3423
Indonesia,IDN,1983,22488286931.2596
Indonesia,IDN,1982,20176590280.0067
Indonesia,IDN,1981,23629067626.4868
Indonesia,IDN,1980,22088390916.7354
Indonesia,IDN,1979,15453888920.6622
Indonesia,IDN,1978,11251894887.5076
Indonesia,IDN,1977,10760963855.4217
Indonesia,IDN,1976,8264096385.54217
Indonesia,IDN,1975,6868915662.6506
Indonesia,IDN,1974,7482168674.6988
Indonesia,IDN,1973,3263373493.9759
Indonesia,IDN,1972,1816385542.16867
Indonesia,IDN,1971,1345889844.1956
Indonesia,IDN,1970,1175342465.75342
Indonesia,IDN,1969,751533742.331288
Indonesia,IDN,1968,769173673.785959
Indonesia,IDN,1967,497382747.248546
"Iran, Islamic Rep.",IRN,2024,111928863188.398
"Iran, Islamic Rep.",IRN,2023,109444045103.672
"Iran, Islamic Rep.",IRN,2022,108060448021.703
"Iran, Islamic Rep.",IRN,2021,89695394080.1348
"Iran, Islamic Rep.",IRN,2020,51664876275.961
"Iran, Islamic Rep.",IRN,2019,77652596277.174
"Iran, Islamic Rep.",IRN,2018,122086879297.775
"Iran, Islamic Rep.",IRN,2017,111400323836.85
"Iran, Islamic Rep.",IRN,2016,97206283742.5977
"Iran, Islamic Rep.",IRN,2015,76604098444.8952
"Iran, Islamic Rep.",IRN,2014,105542726658.871
"Iran, Islamic Rep.",IRN,2013,126015225003.529
"Iran, Islamic Rep.",IRN,2012,144745274388.254
"Iran, Islamic Rep.",IRN,2011,156851049078.635
"Iran, Islamic Rep.",IRN,2010,118843286439.714
"Iran, Islamic Rep.",IRN,2009,94038986373.5181
"Iran, Islamic Rep.",IRN,2008,107921993809.129
"Iran, Islamic Rep.",IRN,2007,100876666988.056
"Iran, Islamic Rep.",IRN,2006,79332810981.9141
"Iran, Islamic Rep.",IRN,2005,68235356549.7728
"Iran, Islamic Rep.",IRN,2004,47439812814.1759
"Iran, Islamic Rep.",IRN,2003,37411894954.6003
"Iran, Islamic Rep.",IRN,2002,31402849782.6087
"Iran, Islamic Rep.",IRN,2001,24491811633.614
"Iran, Islamic Rep.",IRN,2000,23526115003.4898
"Iran, Islamic Rep.",IRN,1999,21963669399.3289
"Iran, Islamic Rep.",IRN,1998,13986840980.1622
"Iran, Islamic Rep.",IRN,1997,19682874297.9673
"Iran, Islamic Rep.",IRN,1996,24315730858.1923
"Iran, Islamic Rep.",IRN,1995,20900063457.4499
"Iran, Islamic Rep.",IRN,1994,20321213940.5656
"Iran, Islamic Rep.",IRN,1993,16197325830.8709
"Iran, Islamic Rep.",IRN,1992,15767057948.5
"Iran, Islamic Rep.",IRN,1991,18198012420.8553
"Iran, Islamic Rep.",IRN,1990,16573631049.5276
"Iran, Islamic Rep.",IRN,1989,11841502481.9823
"Iran, Islamic Rep.",IRN,1988,8964962591.90088
"Iran, Islamic Rep.",IRN,1987,12271835669.7727
"Iran, Islamic Rep.",IRN,1986,7802605539.0852
"Iran, Islamic Rep.",IRN,1985,16006784597.2546
"Iran, Islamic Rep.",IRN,1984,18359078550.03
"Iran, Islamic Rep.",IRN,1983,22725836919.8725
"Iran, Islamic Rep.",IRN,1982,21524982662.5459
"Iran, Islamic Rep.",IRN,1981,12431487008.5232
"Iran, Islamic Rep.",IRN,1980,12961626483.9921
"Iran, Islamic Rep.",IRN,1979,24176515151.1735
"Iran, Islamic Rep.",IRN,1978,18308804922.6659
"Iran, Islamic Rep.",IRN,1977,24821052416.5613
"Iran, Islamic Rep.",IRN,1976,25319975895.9271
"Iran, Islamic Rep.",IRN,1975,21091425210.7667
"Iran, Islamic Rep.",IRN,1974,21889677076.8229
"Iran, Islamic Rep.",IRN,1973,9056140483.66646
"Iran, Islamic Rep.",IRN,1972,3936283736.24781
"Iran, Islamic Rep.",IRN,1971,3172763666.53012
"Iran, Islamic Rep.",IRN,1970,2026823484.96244
"Iran, Islamic Rep.",IRN,1969,1756492441.09952
"Iran, Islamic Rep.",IRN,1968,1507260405.53811
"Iran, Islamic Rep.",IRN,1967,1306819826.6739
"Iran, Islamic Rep.",IRN,1966,1106379247.80969
"Iran, Islamic Rep.",IRN,1965,1000884206.30221
"Iran, Islamic Rep.",IRN,1964,882202284.606294
"Iran, Islamic Rep.",IRN,1963,755608234.797319
"Iran, Islamic Rep.",IRN,1962,680443017.723241
"Iran, Islamic Rep.",IRN,1961,607915176.686849
"Iran, Islamic Rep.",IRN,1960,581541416.309979
Iraq,IRQ,2024,104886427209.692
Iraq,IRQ,2023,106560874026.221
Iraq,IRQ,2022,127955205517.241
Iraq,IRQ,2021,78260500000.0
Iraq,IRQ,2020,50199918397.8191
Iraq,IRQ,2019,88902900000.0
Iraq,IRQ,2018,92771934474.7411
Iraq,IRQ,2017,63496860304.0541
Iraq,IRQ,2016,46869152413.2091
Iraq,IRQ,2015,57560658811.4108
Iraq,IRQ,2014,88949000000.0
Iraq,IRQ,2013,93065600000.0
Iraq,IRQ,2012,97029491173.9845
Iraq,IRQ,2011,82505400000.0
Iraq,IRQ,2010,54598900000.0
Iraq,IRQ,2009,43993209758.12
Iraq,IRQ,2008,66239316768.7241
Iraq,IRQ,2007,40776066436.0361
Iraq,IRQ,2006,33245806395.2592
Iraq,IRQ,2005,27209318290.6438
Iraq,IRQ,2004,20614098525.976
Iraq,IRQ,2003,16965698641.099
Iraq,IRQ,2002,23237627426.1129
Iraq,IRQ,2001,23613582830.5736
Iraq,IRQ,2000,36613563337.9565
Iraq,IRQ,1999,28632988388.8919
Iraq,IRQ,1998,16060750015.0485
Iraq,IRQ,1997,13257740142.5309
Iraq,IRQ,1996,955911.855810744
Iraq,IRQ,1995,693280.952105841
Iraq,IRQ,1994,1419562.91518244
Iraq,IRQ,1993,779620.777054124
Iraq,IRQ,1992,3224627.22462722
Iraq,IRQ,1991,5262247.83861671
Iraq,IRQ,1990,13888387096.7742
Iraq,IRQ,1989,14460000000.0
Iraq,IRQ,1988,12340967741.9355
Iraq,IRQ,1987,13184193548.3871
Iraq,IRQ,1986,7799354838.70968
Iraq,IRQ,1985,12176451612.9032
Iraq,IRQ,1984,12046129032.2581
Iraq,IRQ,1983,10023870967.7419
Iraq,IRQ,1982,11168333333.3333
Iraq,IRQ,1981,11959333333.3333
Iraq,IRQ,1980,33374666666.6667
Iraq,IRQ,1979,23617676938.7064
Iraq,IRQ,1978,13467998645.4453
Iraq,IRQ,1977,11148662377.2435
Iraq,IRQ,1976,10185912631.2225
Iraq,IRQ,1975,7042668472.73959
Iraq,IRQ,1974,7029800203.1832
Iraq,IRQ,1973,2378672829.31661
Iraq,IRQ,1972,1519074797.23641
Iraq,IRQ,1971,1687411598.30269
Iraq,IRQ,1970,1224999510.0002
Ireland,IRL,2024,877092941905.469
Ireland,IRL,2023,774613383952.367
Ireland,IRL,2022,764969597258.952
Ireland,IRL,2021,723445227902.702
Ireland,IRL,2020,609592461958.134
Ireland,IRL,2019,534361678398.431
Ireland,IRL,2018,498559384824.956
Ireland,IRL,2017,447623457263.236
Ireland,IRL,2016,394551308718.876
Ireland,IRL,2015,382724762971.242
Ireland,IRL,2014,306723211566.732
Ireland,IRL,2013,266600810534.032
Ireland,IRL,2012,235594088468.648
Ireland,IRL,2011,246785523404.183
Ireland,IRL,2010,229110049418.5
Ireland,IRL,2009,221207094301.402
Ireland,IRL,2008,232293869047.102
Ireland,IRL,2007,218323414731.699
Ireland,IRL,2006,183503168969.259
Ireland,IRL,2005,168500867903.253
Ireland,IRL,2004,156422059727.244
Ireland,IRL,2003,133120814359.851
Ireland,IRL,2002,116314428261.102
Ireland,IRL,2001,104124679774.154
Ireland,IRL,2000,94585397045.1296
Ireland,IRL,1999,85503791297.4365
Ireland,IRL,1998,76059795895.4805
Ireland,IRL,1997,63903008595.9885
Ireland,IRL,1996,56772605846.7742
Ireland,IRL,1995,50831584595.9596
Ireland,IRL,1994,38803585394.5819
Ireland,IRL,1993,33215365740.2024
Ireland,IRL,1992,32659481441.7794
Ireland,IRL,1991,27672807706.9337
Ireland,IRL,1990,26973247362.2509
Ireland,IRL,1989,23122490233.285
Ireland,IRL,1988,20998862627.4745
Ireland,IRL,1987,17787856975.6554
Ireland,IRL,1986,14098603221.7041
Ireland,IRL,1985,11493857749.646
Ireland,IRL,1984,10718897046.2694
Ireland,IRL,1983,9750540276.01057
Ireland,IRL,1982,9241993069.52828
Ireland,IRL,1981,8965729496.76765
Ireland,IRL,1980,9647826509.14388
Ireland,IRL,1979,8154121534.49388
Ireland,IRL,1978,6547731803.08064
Ireland,IRL,1977,4973657095.75491
Ireland,IRL,1976,3914804698.55647
Ireland,IRL,1975,3624897212.54355
Ireland,IRL,1974,3009300313.01786
Ireland,IRL,1973,2545049199.30542
Ireland,IRL,1972,1954551534.22502
Ireland,IRL,1971,1647964737.4473
Ireland,IRL,1970,1454713664.71366
Israel,ISR,2024,153655742278.939
Israel,ISR,2023,155757923100.782
Israel,ISR,2022,164829782471.244
Israel,ISR,2021,141191894262.855
Israel,ISR,2020,111615206782.814
Israel,ISR,2019,116111159420.199
Israel,ISR,2018,111732613655.371
Israel,ISR,2017,103870950732.907
Israel,ISR,2016,95603619691.5385
Israel,ISR,2015,93656330689.0786
Israel,ISR,2014,99195918584.0955
Israel,ISR,2013,97916091125.8255
Israel,ISR,2012,91513991200.7125
Israel,ISR,2011,91640284332.3712
Israel,ISR,2010,80360492380.9333
Israel,ISR,2009,67908236146.7843
Israel,ISR,2008,82239708193.9799
Israel,ISR,2007,71528775589.6887
Israel,ISR,2006,62029475290.6324
Israel,ISR,2005,57267194108.3406
Israel,ISR,2004,52102634315.0379
Israel,ISR,2003,42956388529.0178
Israel,ISR,2002,38693354299.4639
Israel,ISR,2001,39833563972.7037
Israel,ISR,2000,46101675128.1485
Israel,ISR,1999,37397129260.5744
Israel,ISR,1998,32433117286.3872
Israel,ISR,1997,31397233431.9012
Israel,ISR,1996,29283353072.0306
Israel,ISR,1995,27269170790.0242
Israel,ISR,1994,23692119159.1113
Israel,ISR,1993,20845995547.8605
Israel,ISR,1992,19453753405.7175
Israel,ISR,1991,17025033127.1116
Israel,ISR,1990,17331518202.5593
Israel,ISR,1989,15487859006.4705
Israel,ISR,1988,14461396585.1523
Israel,ISR,1987,13110639658.8486
Israel,ISR,1986,11055703051.4854
Israel,ISR,1985,10087095597.591
Israel,ISR,1984,9523963165.07503
Israel,ISR,1983,8754928825.62278
Israel,ISR,1982,8537572016.46091
Israel,ISR,1981,9097719298.24561
Israel,ISR,1980,8875098039.21568
Israel,ISR,1979,7529200000.0
Israel,ISR,1978,6385882352.94118
Israel,ISR,1977,5514000000.0
Israel,ISR,1976,4155000000.0
Israel,ISR,1975,3653333333.33333
Israel,ISR,1974,3690000000.0
Israel,ISR,1973,2645000000.0
Israel,ISR,1972,2117500000.0
Israel,ISR,1971,1580000000.0
Israel,ISR,1970,1516666666.66667
Italy,ITA,2024,773888180686.25
Italy,ITA,2023,772202263040.014
Italy,ITA,2022,738509644128.602
Italy,ITA,2021,679294123497.663
Italy,ITA,2020,547940256804.982
Italy,ITA,2019,625065757185.881
Italy,ITA,2018,646909638534.745
Italy,ITA,2017,593973032350.354
Italy,ITA,2016,543464412394.32
Italy,ITA,2015,537833599948.242
Italy,ITA,2014,622037943985.684
Italy,ITA,2013,606723898231.296
Italy,ITA,2012,587109493950.117
Italy,ITA,2011,612801201125.488
Italy,ITA,2010,534489188500.001
Italy,ITA,2009,492210347985.156
Italy,ITA,2008,646508511780.156
Italy,ITA,2007,605527905412.943
Italy,ITA,2006,510265819331.293
Italy,ITA,2005,457141717037.821
Italy,ITA,2004,433747867067.607
Italy,ITA,2003,367620453604.666
Italy,ITA,2002,311627059267.452
Italy,ITA,2001,299586464835.355
Italy,ITA,2000,293867190140.393
Italy,ITA,1999,290576914388.958
Italy,ITA,1998,305612021857.923
Italy,ITA,1997,299911323328.786
Italy,ITA,1996,311106412347.848
Italy,ITA,1995,289818376322.358
Italy,ITA,1994,240410654418.828
Italy,ITA,1993,217241821090.193
Italy,ITA,1992,230753561665.357
Italy,ITA,1991,212306182300.609
Italy,ITA,1990,215684612152.553
Italy,ITA,1989,171957047699.69
Italy,ITA,1988,156726916096.4
Italy,ITA,1987,144899858081.864
Italy,ITA,1986,119777358098.454
Italy,ITA,1985,95474838251.6986
Italy,ITA,1984,91976627727.5733
Italy,ITA,1983,90083429372.769
Italy,ITA,1982,90239862562.6342
Italy,ITA,1981,93313282234.713
Italy,ITA,1980,96339527470.043
Italy,ITA,1979,88125534840.3636
Italy,ITA,1978,68300727812.0009
Italy,ITA,1977,55073254333.9917
Italy,ITA,1976,45043912537.7995
Italy,ITA,1975,42652568208.7782
Italy,ITA,1974,36967362310.2114
Italy,ITA,1973,28263779475.2574
Italy,ITA,1972,23697035192.5631
Italy,ITA,1971,19424023096.1298
Italy,ITA,1970,17194739776.9517
Japan,JPN,2024,917043674686.877
Japan,JPN,2023,920644083095.705
Japan,JPN,2022,918408424578.807
Japan,JPN,2021,912549013982.719
Japan,JPN,2020,785057625362.297
Japan,JPN,2019,893782209080.495
Japan,JPN,2018,923234601723.625
Japan,JPN,2017,867405253150.188
Japan,JPN,2016,803489014102.661
Japan,JPN,2015,775051882733.212
Japan,JPN,2014,852990577902.813
Japan,JPN,2013,822722049495.078
Japan,JPN,2012,904146988796.653
Japan,JPN,2011,920913976671.968
Japan,JPN,2010,859167320527.627
Japan,JPN,2009,656932075524.126
Japan,JPN,2008,880163893981.685
Japan,JPN,2007,791798969881.999
Japan,JPN,2006,720499607478.291
Japan,JPN,2005,667510447457.861
Japan,JPN,2004,625646760881.018
Japan,JPN,2003,518203970379.571
Japan,JPN,2002,454066577343.924
Japan,JPN,2001,440830946383.947
Japan,JPN,2000,519863963884.546
Japan,JPN,1999,454583045085.983
Japan,JPN,1998,425156200703.868
Japan,JPN,1997,466482189982.883
Japan,JPN,1996,458650604757.715
Japan,JPN,1995,488922980748.377
Japan,JPN,1994,441885061609.779
Japan,JPN,1993,404418972317.798
Japan,JPN,1992,378894650114.132
Japan,JPN,1991,350804377213.606
Japan,JPN,1990,320186473746.914
Japan,JPN,1989,308916648062.834
Japan,JPN,1988,294106125786.86
Japan,JPN,1987,251700285195.748
Japan,JPN,1986,226865329771.338
Japan,JPN,1985,194351120460.744
Japan,JPN,1984,189758022924.144
Japan,JPN,1983,165329539555.315
Japan,JPN,1982,157933279186.692
Japan,JPN,1981,172134410830.35
Japan,JPN,1980,145104895104.895
Japan,JPN,1979,116997148836.36
Japan,JPN,1978,108052061240.714
Japan,JPN,1977,90568192249.8231
Japan,JPN,1976,76182443149.1894
Japan,JPN,1975,63986133887.0404
Japan,JPN,1974,62536307378.9084
Japan,JPN,1973,41576284285.3026
Japan,JPN,1972,32270972030.7746
Japan,JPN,1971,26966713726.0225
Japan,JPN,1970,22026785841.6667
Jordan,JOR,2024,22734507042.2535
Jordan,JOR,2023,22232112676.0563
Jordan,JOR,2022,20743380281.6901
Jordan,JOR,2021,13869577464.7887
Jordan,JOR,2020,10444366197.1831
Jordan,JOR,2019,16170140845.0704
Jordan,JOR,2018,15092676056.338
Jordan,JOR,2017,14300140845.0704
Jordan,JOR,2016,13721126760.5634
Jordan,JOR,2015,14101408450.7042
Jordan,JOR,2014,15525352112.6761
Jordan,JOR,2013,14228169014.0845
Jordan,JOR,2012,14307042253.5211
Jordan,JOR,2011,13743661971.831
Jordan,JOR,2010,12752112676.0563
Jordan,JOR,2009,11060563380.2817
Jordan,JOR,2008,12700322827.467
Jordan,JOR,2007,9279830747.53173
Jordan,JOR,2006,8111847672.77856
Jordan,JOR,2005,6634978843.44147
Jordan,JOR,2004,5955712270.80395
Jordan,JOR,2003,4829901269.39351
Jordan,JOR,2002,4544146685.4725
Jordan,JOR,2001,3781896039.82042
Jordan,JOR,2000,3538928067.70099
Jordan,JOR,1999,3529798448.51904
Jordan,JOR,1998,3544310014.10437
Jordan,JOR,1997,3568401833.56841
Jordan,JOR,1996,3663187588.15233
Jordan,JOR,1995,3479594748.85845
Jordan,JOR,1994,2984831258.05067
Jordan,JOR,1993,2821988710.41537
Jordan,JOR,1992,2667772992.1832
Jordan,JOR,1991,2493295303.33428
Jordan,JOR,1990,2489182054.86717
Jordan,JOR,1989,2366092562.16758
Jordan,JOR,1988,2727282442.58493
Jordan,JOR,1987,2234244029.55749
Jordan,JOR,1986,1811890297.91465
Jordan,JOR,1985,1980361102.31232
Jordan,JOR,1984,1941138985.34327
Jordan,JOR,1983,1761600092.54184
Jordan,JOR,1982,1901319746.26374
Jordan,JOR,1981,1913247163.57022
Jordan,JOR,1980,1579256524.29303
Jordan,JOR,1979,1136072293.08801
Jordan,JOR,1978,870674846.625767
Jordan,JOR,1977,694573097.2129
Jordan,JOR,1976,553341586.767997
Kazakhstan,KAZ,2024,92070351467.3348
Kazakhstan,KAZ,2023,90729107011.7173
Kazakhstan,KAZ,2022,93736589049.58
Kazakhstan,KAZ,2021,66318146545.9049
Kazakhstan,KAZ,2020,52229576023.3033
Kazakhstan,KAZ,2019,66197682052.4286
Kazakhstan,KAZ,2018,67477058329.9065
Kazakhstan,KAZ,2017,54041327348.8409
Kazakhstan,KAZ,2016,43714755377.6011
Kazakhstan,KAZ,2015,52581502969.2214
Kazakhstan,KAZ,2014,87108795075.8335
Kazakhstan,KAZ,2013,91381274045.8902
Kazakhstan,KAZ,2012,91747467851.4544
Kazakhstan,KAZ,2011,89503237237.7805
Kazakhstan,KAZ,2010,65502334498.3204
Kazakhstan,KAZ,2009,48243335559.5757
Kazakhstan,KAZ,2008,76257078322.0802
Kazakhstan,KAZ,2007,51704450816.4296
Kazakhstan,KAZ,2006,41291961258.8306
Kazakhstan,KAZ,2005,30386570590.006
Kazakhstan,KAZ,2004,22654791781.5268
Kazakhstan,KAZ,2003,14928755904.037
Kazakhstan,KAZ,2002,11576895508.5723
Kazakhstan,KAZ,2001,10166980821.9237
Kazakhstan,KAZ,2000,10353710624.6569
Kazakhstan,KAZ,1999,7163702504.84899
Kazakhstan,KAZ,1998,6716763895.60582
Kazakhstan,KAZ,1997,7739646727.42336
Kazakhstan,KAZ,1996,7418919357.23302
Kazakhstan,KAZ,1995,7940652377.86246
Kazakhstan,KAZ,1994,7876550644.34542
Kazakhstan,KAZ,1993,8871031903.89053
Kazakhstan,KAZ,1992,18440081611.5702
Kenya,KEN,2024,20536686006.5913
Kenya,KEN,2023,18157616431.4695
Kenya,KEN,2022,18262655904.9193
Kenya,KEN,2021,14381862480.2642
Kenya,KEN,2020,11516270712.1545
Kenya,KEN,2019,11471243360.3894
Kenya,KEN,2018,11564075006.3765
Kenya,KEN,2017,10448711418.2037
Kenya,KEN,2016,9912815673.9736
Kenya,KEN,2015,10608335822.9326
Kenya,KEN,2014,11248585737.7214
Kenya,KEN,2013,10972694027.1005
Kenya,KEN,2012,11203175900.4378
Kenya,KEN,2011,10100126369.8085
Kenya,KEN,2010,9137589275.76174
Kenya,KEN,2009,7950667080.35991
Kenya,KEN,2008,8138887724.37561
Kenya,KEN,2007,7004914019.51347
Kenya,KEN,2006,5935978411.34572
Kenya,KEN,2005,5341992293.23186
Kenya,KEN,2004,4283010819.23566
Kenya,KEN,2003,3590023638.48266
Kenya,KEN,2002,3273519932.44574
Kenya,KEN,2001,2977896209.54367
Kenya,KEN,2000,2742776491.17351
Kenya,KEN,1999,2686591710.17261
Kenya,KEN,1998,2842655387.82143
Kenya,KEN,1997,2975493106.44812
Kenya,KEN,1996,3035630589.84275
Kenya,KEN,1995,2948349668.95576
Kenya,KEN,1994,2647694302.86844
Kenya,KEN,1993,2237653803.57724
Kenya,KEN,1992,2155745830.13793
Kenya,KEN,1991,2204295625.6841
Kenya,KEN,1990,2202462429.57653
Kenya,KEN,1989,1907852203.6273
Kenya,KEN,1988,1869200100.29808
Kenya,KEN,1987,1698200922.88477
Kenya,KEN,1986,1871195153.972
Kenya,KEN,1985,1552098192.82567
Kenya,KEN,1984,1656202769.90053
Kenya,KEN,1983,1551597920.80797
Kenya,KEN,1982,1714496080.27595
Kenya,KEN,1981,2087870038.76652
Kenya,KEN,1980,2144500670.93996
Kenya,KEN,1979,1605552359.10649
Kenya,KEN,1978,1534663245.43628
Kenya,KEN,1977,1571183973.63349
Kenya,KEN,1976,1127505379.67252
Kenya,KEN,1975,972056842.302797
Kenya,KEN,1974,1000159879.93605
Kenya,KEN,1973,687311674.926213
Kenya,KEN,1972,560279775.88809
Kenya,KEN,1971,509319796.272081
Kenya,KEN,1970,478239808.704077
Kenya,KEN,1969,430639827.744069
Kenya,KEN,1968,397879840.848064
Kenya,KEN,1967,350839859.664056
Kenya,KEN,1966,377439849.02406
Kenya,KEN,1965,313319874.67205
Kenya,KEN,1964,333479880.608048
Kenya,KEN,1963,296813881.274448
Kenya,KEN,1962,278123874.75045
Kenya,KEN,1961,259433896.226442
Kenya,KEN,1960,246049901.580039
Kiribati,KIR,2023,17086211.2197061
Kiribati,KIR,2022,20535972.4197843
Kiribati,KIR,2021,10754926.7885233
Kiribati,KIR,2020,23017530.924642
Kiribati,KIR,2019,32509629.5463649
Kiribati,KIR,2018,21134707.3957955
Kiribati,KIR,2017,29545127.1038931
Kiribati,KIR,2016,34309348.8296879
Kiribati,KIR,2015,26736810.8032625
Kiribati,KIR,2014,24100085.206499
Kiribati,KIR,2013,22119947.3320766
Kiribati,KIR,2012,26425542.7572604
Kiribati,KIR,2011,25804934.9817523
Kiribati,KIR,2010,19137392.0027048
Kiribati,KIR,2009,19816252.8279741
Kiribati,KIR,2008,20747549.3182413
Kiribati,KIR,2007,21329562.8674559
Kiribati,KIR,2006,11460502.1177629
Kiribati,KIR,2005,16107548.6092497
Kiribati,KIR,2004,12637966.3350376
Kiribati,KIR,2003,15697438.3785347
Kiribati,KIR,2002,14254714.4542186
Kiribati,KIR,2001,10116672.7525315
Kiribati,KIR,2000,8129395.0059919
Kiribati,KIR,1999,12841381.9800639
Kiribati,KIR,1998,11238337.3077996
Kiribati,KIR,1997,13343451.7359616
Kiribati,KIR,1996,9190187.0544808
Kiribati,KIR,1995,11522846.3647665
Kiribati,KIR,1994,10573415.7752398
Kiribati,KIR,1993,9513654.66216951
Kiribati,KIR,1992,9967480.58235315
Kiribati,KIR,1991,10284742.5834816
Kiribati,KIR,1990,8183786.51379291
Kiribati,KIR,1989,9762238.08849776
Kiribati,KIR,1988,9786812.020864
Kiribati,KIR,1987,9977916.64916187
Kiribati,KIR,1986,10199072.3100803
Kiribati,KIR,1985,9418388.91818185
Kiribati,KIR,1984,16830600.4551043
Kiribati,KIR,1983,10595744.2016549
Kiribati,KIR,1982,10899533.7080304
Kiribati,KIR,1981,12610931.7812265
Kiribati,KIR,1980,18450497.8115421
Kiribati,KIR,1979,26117738.8472024
Kiribati,KIR,1978,24822041.5516809
Kiribati,KIR,1977,21620602.6668145
Kiribati,KIR,1976,23186326.5076673
Kiribati,KIR,1975,37236653.8329116
Kiribati,KIR,1974,59432058.2022999
Kiribati,KIR,1973,16679982.8791554
Kiribati,KIR,1972,8350898.20359281
"Korea, Rep.",KOR,2024,831889172091.318
"Korea, Rep.",KOR,2023,762299062736.35
"Korea, Rep.",KOR,2022,815019022384.453
"Korea, Rep.",KOR,2021,764083221345.796
"Korea, Rep.",KOR,2020,603713417774.2
"Korea, Rep.",KOR,2019,648610576582.722
"Korea, Rep.",KOR,2018,719710064860.371
"Korea, Rep.",KOR,2017,664392456663.161
"Korea, Rep.",KOR,2016,601861440813.944
"Korea, Rep.",KOR,2015,630586518885.63
"Korea, Rep.",KOR,2014,712570950951.712
"Korea, Rep.",KOR,2013,706343252061.106
"Korea, Rep.",KOR,2012,694692887431.358
"Korea, Rep.",KOR,2011,670299926919.72
"Korea, Rep.",KOR,2010,540016342977.708
"Korea, Rep.",KOR,2009,427737777325.304
"Korea, Rep.",KOR,2008,500458646625.411
"Korea, Rep.",KOR,2007,440034853640.644
"Korea, Rep.",KOR,2006,377241080634.967
"Korea, Rep.",KOR,2005,331627733440.925
"Korea, Rep.",KOR,2004,293159147249.081
"Korea, Rep.",KOR,2003,221795023926.368
"Korea, Rep.",KOR,2002,187653181633.942
"Korea, Rep.",KOR,2001,175166805500.193
"Korea, Rep.",KOR,2000,196359987002.164
"Korea, Rep.",KOR,1999,162507811338.788
"Korea, Rep.",KOR,1998,151914103576.708
"Korea, Rep.",KOR,1997,161870964161.056
"Korea, Rep.",KOR,1996,152440172723.513
"Korea, Rep.",KOR,1995,147104275488.339
"Korea, Rep.",KOR,1994,112641201186.191
"Korea, Rep.",KOR,1993,92739264963.918
"Korea, Rep.",KOR,1992,85350581847.8633
"Korea, Rep.",KOR,1991,78353503011.4407
"Korea, Rep.",KOR,1990,70587774854.9588
"Korea, Rep.",KOR,1989,67308972534.0075
"Korea, Rep.",KOR,1988,64594460211.0577
"Korea, Rep.",KOR,1987,51281992055.3632
"Korea, Rep.",KOR,1986,37166083047.7636
"Korea, Rep.",KOR,1985,27098802326.3833
"Korea, Rep.",KOR,1984,28063621761.3482
"Korea, Rep.",KOR,1983,24343720766.1299
"Korea, Rep.",KOR,1982,21331058720.7328
"Korea, Rep.",KOR,1981,21668115700.9187
"Korea, Rep.",KOR,1980,18451432875.2577
"Korea, Rep.",KOR,1979,15748140495.8678
"Korea, Rep.",KOR,1978,12936570247.9339
"Korea, Rep.",KOR,1977,9969834710.7438
"Korea, Rep.",KOR,1976,7605165289.2562
"Korea, Rep.",KOR,1975,4908057851.23967
"Korea, Rep.",KOR,1974,4324150591.20212
"Korea, Rep.",KOR,1973,3309134300.24023
"Korea, Rep.",KOR,1972,1795139760.27134
"Korea, Rep.",KOR,1971,1251053226.65438
"Korea, Rep.",KOR,1970,1026868601.39144
"Korea, Rep.",KOR,1969,814822835.02822
"Korea, Rep.",KOR,1968,620651014.838511
"Korea, Rep.",KOR,1967,442486545.192958
"Korea, Rep.",KOR,1966,331690238.172018
"Korea, Rep.",KOR,1965,222596929.138351
"Korea, Rep.",KOR,1964,171618266.730326
"Korea, Rep.",KOR,1963,157692307.692308
"Korea, Rep.",KOR,1962,109230769.230769
"Korea, Rep.",KOR,1961,97762912.1167513
"Korea, Rep.",KOR,1960,104554455.445545
Kosovo,XKX,2024,4674665916.26695
Kosovo,XKX,2023,4149654015.22592
Kosovo,XKX,2022,3613394541.51771
Kosovo,XKX,2021,3144942871.5675
Kosovo,XKX,2020,1674245594.57114
Kosovo,XKX,2019,2315620151.32626
Kosovo,XKX,2018,2289053574.0109
Kosovo,XKX,2017,1962421136.9133
Kosovo,XKX,2016,1592308569.31597
Kosovo,XKX,2015,1413505662.95645
Kosovo,XKX,2014,1664384744.5558
Kosovo,XKX,2013,1549385413.2772
Kosovo,XKX,2012,1511407640.38246
Kosovo,XKX,2011,1582361980.69637
Kosovo,XKX,2010,1157989630.24437
Kosovo,XKX,2009,964444290.080578
Kosovo,XKX,2008,890783653.141936
Kuwait,KWT,2023,95476667154.9718
Kuwait,KWT,2022,110925714285.714
Kuwait,KWT,2021,76736406944.6332
Kuwait,KWT,2020,48541470057.1134
Kuwait,KWT,2019,73327382736.4621
Kuwait,KWT,2018,79460231954.3245
Kuwait,KWT,2017,61787573759.6835
Kuwait,KWT,2016,52112899115.302
Kuwait,KWT,2015,61607350790.4219
Kuwait,KWT,2014,111424545361.901
Kuwait,KWT,2013,123417300388.943
Kuwait,KWT,2012,130069015775.034
Kuwait,KWT,2011,112783943705.862
Kuwait,KWT,2010,76952063278.287
Kuwait,KWT,2009,62981044877.2521
Kuwait,KWT,2008,98390048655.646
Kuwait,KWT,2007,72695222613.9458
Kuwait,KWT,2006,66566497573.8862
Kuwait,KWT,2005,51691780821.9178
Kuwait,KWT,2004,33831014591.1096
Kuwait,KWT,2003,24938593076.7889
Kuwait,KWT,2002,17014681784.9786
Kuwait,KWT,2001,17901278849.101
Kuwait,KWT,2000,21300594617.15
Kuwait,KWT,1999,13836374685.8729
Kuwait,KWT,1998,11379595479.6624
Kuwait,KWT,1997,16040929754.1775
Kuwait,KWT,1996,16465770902.0103
Kuwait,KWT,1995,14233635340.1598
Kuwait,KWT,1994,12636363299.6633
Kuwait,KWT,1993,11437086423.8411
Kuwait,KWT,1992,8036810156.78255
Kuwait,KWT,1991,1860913430.58863
Kuwait,KWT,1990,8281249652.77778
Kuwait,KWT,1989,12740870177.9229
Kuwait,KWT,1988,9841270620.61649
Kuwait,KWT,1987,11752547342.1301
Kuwait,KWT,1986,8269241039.93531
Kuwait,KWT,1985,11511107453.6247
Kuwait,KWT,1984,13044565327.5327
Kuwait,KWT,1983,12340939422.3215
Kuwait,KWT,1982,11760578442.6437
Kuwait,KWT,1981,17414854099.0369
Kuwait,KWT,1980,22438280484.0601
Kuwait,KWT,1979,19296875158.3046
Kuwait,KWT,1978,10936074138.4388
Kuwait,KWT,1977,10182645882.6239
Kuwait,KWT,1976,10234380803.5241
Kuwait,KWT,1975,9674794850.22342
Kuwait,KWT,1974,11050618964.288
Kuwait,KWT,1973,3890792117.93426
Kuwait,KWT,1972,3053056856.83799
Kuwait,KWT,1971,2574572168.33568
Kuwait,KWT,1970,1718919312.43228
Kuwait,KWT,1969,1758399296.64028
Kuwait,KWT,1968,1643599342.56026
Kuwait,KWT,1967,1453199418.72023
Kuwait,KWT,1966,1570799371.68025
Kuwait,KWT,1965,1419599432.16023
Kyrgyz Republic,KGZ,2024,7593078868.2308
Kyrgyz Republic,KGZ,2023,5599943025.03163
Kyrgyz Republic,KGZ,2022,5622995972.26342
Kyrgyz Republic,KGZ,2021,3311706968.06324
Kyrgyz Republic,KGZ,2020,2446559919.56571
Kyrgyz Republic,KGZ,2019,3137172120.63405
Kyrgyz Republic,KGZ,2018,2613812660.95219
Kyrgyz Republic,KGZ,2017,2638475263.53388
Kyrgyz Republic,KGZ,2016,2440819276.62454
Kyrgyz Republic,KGZ,2015,2350023986.18426
Kyrgyz Republic,KGZ,2014,2796703652.87189
Kyrgyz Republic,KGZ,2013,3099063073.52241
Kyrgyz Republic,KGZ,2012,2932960920.59652
Kyrgyz Republic,KGZ,2011,3380167186.12499
Kyrgyz Republic,KGZ,2010,2471700785.09475
Kyrgyz Republic,KGZ,2009,2565386046.48301
Kyrgyz Republic,KGZ,2008,2752394339.76461
Kyrgyz Republic,KGZ,2007,2012053352.51068
Kyrgyz Republic,KGZ,2006,1182432651.19082
Kyrgyz Republic,KGZ,2005,942411213.586444
Kyrgyz Republic,KGZ,2004,941138691.60631
Kyrgyz Republic,KGZ,2003,742293893.688681
Kyrgyz Republic,KGZ,2002,635535283.252412
Kyrgyz Republic,KGZ,2001,560092476.958169
Kyrgyz Republic,KGZ,2000,573185350.355847
Kyrgyz Republic,KGZ,1999,527140642.416943
Kyrgyz Republic,KGZ,1998,600501762.428492
Kyrgyz Republic,KGZ,1997,676860146.910557
Kyrgyz Republic,KGZ,1996,561760456.125278
Kyrgyz Republic,KGZ,1995,489492602.719881
Kyrgyz Republic,KGZ,1994,567799728.826271
Kyrgyz Republic,KGZ,1993,679350396.486372
Kyrgyz Republic,KGZ,1992,823942430.224132
Kyrgyz Republic,KGZ,1991,898722000.824516
Kyrgyz Republic,KGZ,1990,776928336.130275
Lao PDR,LAO,2016,5284450716.02575
Lao PDR,LAO,2015,4898081700.51801
Lao PDR,LAO,2014,5411896459.68783
Lao PDR,LAO,2013,4574379415.61065
Lao PDR,LAO,2012,3860716719.12647
Lao PDR,LAO,2011,3530068364.41656
Lao PDR,LAO,2010,2523507712.81047
Lao PDR,LAO,2009,1755689259.18137
Lao PDR,LAO,2008,1805714832.02658
Lao PDR,LAO,2007,1419583783.66861
Lao PDR,LAO,2006,1318269398.20992
Lao PDR,LAO,2005,792320002.449756
Lao PDR,LAO,2004,589520000.0
Lao PDR,LAO,2003,475490000.0
Lao PDR,LAO,2002,505520000.0
Lao PDR,LAO,2001,492970000.0
Lao PDR,LAO,2000,530820000.0
Lao PDR,LAO,1999,521789232.363857
Lao PDR,LAO,1998,466700003.920166
Lao PDR,LAO,1997,417400000.079366
Lao PDR,LAO,1996,425300014.006211
Lao PDR,LAO,1995,409499988.567026
Lao PDR,LAO,1994,385700002.368777
Lao PDR,LAO,1993,284956368.606172
Lao PDR,LAO,1992,192017652.07798
Lao PDR,LAO,1991,133175703.908386
Lao PDR,LAO,1990,98057229.9019249
Lao PDR,LAO,1989,86618700.7195355
Lao PDR,LAO,1988,81630154.1789537
Lao PDR,LAO,1987,66241427.1601272
Lao PDR,LAO,1986,64210525.1855955
Lao PDR,LAO,1985,95555562.2222222
Lao PDR,LAO,1984,48571429.9591837
Latvia,LVA,2024,28540727742.625
Latvia,LVA,2023,28230078137.1985
Latvia,LVA,2022,29453042751.9515
Latvia,LVA,2021,25510768209.8252
Latvia,LVA,2020,20915609598.0545
Latvia,LVA,2019,20699384824.9176
Latvia,LVA,2018,21235396108.6282
Latvia,LVA,2017,18851412292.5247
Latvia,LVA,2016,16793194616.7362
Latvia,LVA,2015,16490529213.9902
Latvia,LVA,2014,19247854748.9533
Latvia,LVA,2013,18242229970.9627
Latvia,LVA,2012,17308649300.9135
Latvia,LVA,2011,16424151962.0837
Latvia,LVA,2010,12758661553.3451
Latvia,LVA,2009,11149111759.7998
Latvia,LVA,2008,14075490425.3764
Latvia,LVA,2007,11881893037.8881
Latvia,LVA,2006,8573078755.95686
Latvia,LVA,2005,7306359676.41568
Latvia,LVA,2004,5617268114.99935
Latvia,LVA,2003,4243384577.54274
Latvia,LVA,2002,3492097544.33834
Latvia,LVA,2001,3177771434.96754
Latvia,LVA,2000,2927652375.43453
Latvia,LVA,1999,2638963487.86933
Latvia,LVA,1998,2811791969.49839
Latvia,LVA,1997,2591640454.87539
Latvia,LVA,1996,2414915773.35375
Latvia,LVA,1995,2000868511.12379
Lebanon,LBN,2023,6134302022.64995
Lebanon,LBN,2022,7311404298.94906
Lebanon,LBN,2021,6020232987.66482
Lebanon,LBN,2020,5192095745.93275
Lebanon,LBN,2019,10681277028.314
Lebanon,LBN,2018,11394547409.6186
Lebanon,LBN,2017,11627344114.0962
Lebanon,LBN,2016,11112344036.4842
Lebanon,LBN,2015,11553482873.6318
Lebanon,LBN,2014,11425578093.5323
Lebanon,LBN,2013,12492026092.869
Lebanon,LBN,2012,12680893474.6269
Lebanon,LBN,2011,14518739635.1575
Lebanon,LBN,2010,13464256798.01
Lebanon,LBN,2009,11751139951.5755
Lebanon,LBN,2008,11224076778.7728
Lebanon,LBN,2007,9221256284.57711
Lebanon,LBN,2006,7837807009.61857
Lebanon,LBN,2005,7873085353.89718
Lebanon,LBN,2004,7417557505.80431
Lebanon,LBN,2003,3361194029.85075
Lebanon,LBN,2002,3083250414.5937
Lebanon,LBN,2001,2754228855.72139
Lebanon,LBN,2000,2447097844.11277
Lebanon,LBN,1999,2445876363.86788
Lebanon,LBN,1998,2373803864.0435
Lebanon,LBN,1997,2289054887.95063
Lebanon,LBN,1996,1758689127.46595
Lebanon,LBN,1995,1266386350.80794
Lebanon,LBN,1994,755509732.09928
Lebanon,LBN,1993,728607315.948454
Lebanon,LBN,1992,634069545.770351
Lebanon,LBN,1991,587654401.024749
Lebanon,LBN,1990,510722596.67467
Lebanon,LBN,1989,498732254.811361
Lesotho,LSO,2023,909092611.458147
Lesotho,LSO,2022,1095216446.36938
Lesotho,LSO,2021,1113103702.50979
Lesotho,LSO,2020,912849307.419814
Lesotho,LSO,2019,1104727469.64081
Lesotho,LSO,2018,1273857561.24071
Lesotho,LSO,2017,1095170222.07101
Lesotho,LSO,2016,967977351.678437
Lesotho,LSO,2015,1012112198.1144
Lesotho,LSO,2014,931258117.828484
Lesotho,LSO,2013,905412759.607014
Lesotho,LSO,2012,1035578774.96347
Lesotho,LSO,2011,1230967657.95672
Lesotho,LSO,2010,941418358.425094
Lesotho,LSO,2009,779282540.253496
Lesotho,LSO,2008,935018108.093681
Lesotho,LSO,2007,895714317.143257
Lesotho,LSO,1981,83760683.7606838
Lesotho,LSO,1980,90648328.141812
Lesotho,LSO,1979,64131264.8229324
Lesotho,LSO,1978,46000011.5000029
Lesotho,LSO,1977,23000005.7500014
Lesotho,LSO,1976,26450006.6125017
Lesotho,LSO,1975,21636006.642254
Lesotho,LSO,1974,20604082.2573833
Lesotho,LSO,1973,17292087.8610984
Lesotho,LSO,1972,13008553.1236788
Lesotho,LSO,1971,9787239.39727383
Lesotho,LSO,1970,8399996.64000134
Lesotho,LSO,1969,8959996.41600143
Lesotho,LSO,1968,7419997.03200119
Lesotho,LSO,1967,7139997.14400114
Lesotho,LSO,1966,6159997.53600099
Lesotho,LSO,1965,8539996.58400137
Lesotho,LSO,1964,7979996.80800128
Lesotho,LSO,1963,6999997.20000112
Lesotho,LSO,1962,6019997.59200096
Lesotho,LSO,1961,4479998.20800072
Lesotho,LSO,1960,4059998.37600065
Libya,LBY,2024,34896676633.1251
Libya,LBY,2023,38383285195.173
Libya,LBY,2022,39778344211.4613
Libya,LBY,2021,32419787680.6016
Libya,LBY,2020,9541308319.41711
Libya,LBY,2019,29332965257.6089
Libya,LBY,2018,30378023791.0514
Libya,LBY,2017,18264984000.8035
Libya,LBY,2016,7276125978.06769
Libya,LBY,2015,10828621281.3403
Libya,LBY,2014,18495884162.3952
Libya,LBY,2013,45126728799.1117
Libya,LBY,2012,61880142035.0966
Libya,LBY,2011,18374597272.2342
Libya,LBY,2010,49956385791.1618
Libya,LBY,2009,38453444421.9303
Libya,LBY,2008,64266297907.2577
Libya,LBY,2007,49958301818.801
Libya,LBY,2006,43171291714.5006
Libya,LBY,2005,30160170974.1399
Libya,LBY,2004,21117445538.4615
Libya,LBY,2003,15054687500.0
Libya,LBY,2002,9169291338.58268
Libya,LBY,2001,9053587719.64618
Libya,LBY,2000,12077549346.922
Libya,LBY,1999,7274514834.70638
Libya,LBY,1998,5278308888.00489
Libya,LBY,1997,8223648522.56404
Libya,LBY,1996,7989926739.92674
Libya,LBY,1995,7451960444.34347
Libya,LBY,1994,7734923988.42603
Libya,LBY,1993,8659854782.00874
Libya,LBY,1992,10365721551.5374
Libya,LBY,1991,10823288022.5699
Libya,LBY,1990,11468092394.5094
Lithuania,LTU,2024,62899954052.0859
Lithuania,LTU,2023,61017599737.3148
Lithuania,LTU,2022,61643097916.829
Lithuania,LTU,2021,53381777500.2317
Lithuania,LTU,2020,41586229552.7005
Lithuania,LTU,2019,42344067359.6078
Lithuania,LTU,2018,40441054996.4392
Lithuania,LTU,2017,35152006747.9412
Lithuania,LTU,2016,29095247184.8522
Lithuania,LTU,2015,28498914823.207
Lithuania,LTU,2014,35075486128.0286
Lithuania,LTU,2013,36599310828.8094
Lithuania,LTU,2012,33580700075.8524
Lithuania,LTU,2011,31728784749.2403
Lithuania,LTU,2010,23740962644.3557
Lithuania,LTU,2009,19363046983.5974
Lithuania,LTU,2008,27541583491.8777
Lithuania,LTU,2007,20500472085.3859
Lithuania,LTU,2006,17215943029.2383
Lithuania,LTU,2005,14387565617.6141
Lithuania,LTU,2004,11035742672.6279
Lithuania,LTU,2003,8681096446.70051
Lithuania,LTU,2002,6759675965.06058
Lithuania,LTU,2001,5396323694.43246
Lithuania,LTU,2000,4447864479.93094
Lithuania,LTU,1999,3559759171.34225
Lithuania,LTU,1998,4400655157.53129
Lithuania,LTU,1997,4553531290.4618
Lithuania,LTU,1996,3519214501.51057
Lithuania,LTU,1995,2925991890.52205
Luxembourg,LUX,2024,178661670860.586
Luxembourg,LUX,2023,193009113164.633
Luxembourg,LUX,2022,179628968244.446
Luxembourg,LUX,2021,186265544320.237
Luxembourg,LUX,2020,150610309020.746
Luxembourg,LUX,2019,144341752039.059
Luxembourg,LUX,2018,140193787082.697
Luxembourg,LUX,2017,126658587133.284
Luxembourg,LUX,2016,118895618024.066
Luxembourg,LUX,2015,115238593327.577
Luxembourg,LUX,2014,125763218895.967
Luxembourg,LUX,2013,115007710906.273
Luxembourg,LUX,2012,102344215078.842
Luxembourg,LUX,2011,104568486412.666
Luxembourg,LUX,2010,91465696292.8502
Luxembourg,LUX,2009,80570783795.9734
Luxembourg,LUX,2008,95030426100.714
Luxembourg,LUX,2007,87480215780.934
Luxembourg,LUX,2006,71977613139.6387
Luxembourg,LUX,2005,57949162558.3564
Luxembourg,LUX,2004,50400230064.1129
Luxembourg,LUX,2003,39412388094.1019
Luxembourg,LUX,2002,32249319537.982
Luxembourg,LUX,2001,31268767982.6717
Luxembourg,LUX,2000,31345279139.575
Luxembourg,LUX,1999,28455196289.3703
Luxembourg,LUX,1998,25731039119.8044
Luxembourg,LUX,1997,22737276725.3045
Luxembourg,LUX,1996,22562990228.013
Luxembourg,LUX,1995,21787067597.1538
Luxembourg,LUX,1994,18080553412.1051
Luxembourg,LUX,1993,15744739972.0149
Luxembourg,LUX,1992,15301225846.926
Luxembourg,LUX,1991,13779657412.8766
Luxembourg,LUX,1990,12742102848.8653
Luxembourg,LUX,1989,10219753276.0033
Luxembourg,LUX,1988,9327494240.2633
Luxembourg,LUX,1987,8110552133.98163
Luxembourg,LUX,1986,6703202998.01336
Luxembourg,LUX,1985,5014838643.92962
Luxembourg,LUX,1984,4532564925.99832
Luxembourg,LUX,1983,4124129388.56016
Luxembourg,LUX,1982,4137952498.67561
Luxembourg,LUX,1981,4423440895.26293
Luxembourg,LUX,1980,5383032142.36446
Luxembourg,LUX,1979,5067336268.57457
Luxembourg,LUX,1978,3993266299.47483
Luxembourg,LUX,1977,3324898142.93754
Luxembourg,LUX,1976,3047749216.30094
Luxembourg,LUX,1975,2917697707.57925
Luxembourg,LUX,1974,3300803645.40182
Luxembourg,LUX,1973,2355188366.79776
Luxembourg,LUX,1972,1592229859.77454
Luxembourg,LUX,1971,1352359884.44078
Luxembourg,LUX,1970,1308913271.48044
"Macao SAR, China",MAC,2024,45603671397.3456
"Macao SAR, China",MAC,2023,42166632148.5132
"Macao SAR, China",MAC,2022,21137959774.3691
"Macao SAR, China",MAC,2021,28151033560.2931
"Macao SAR, China",MAC,2020,15588938976.8161
"Macao SAR, China",MAC,2019,45476533584.785
"Macao SAR, China",MAC,2018,45631673035.4028
"Macao SAR, China",MAC,2017,40563040049.4592
"Macao SAR, China",MAC,2016,34536934288.456
"Macao SAR, China",MAC,2015,35370496533.4829
"Macao SAR, China",MAC,2014,47024155988.9667
"Macao SAR, China",MAC,2013,46725257861.9659
"Macao SAR, China",MAC,2012,39208051601.3789
"Macao SAR, China",MAC,2011,33289233704.0895
"Macao SAR, China",MAC,2010,24692157185.9398
"Macao SAR, China",MAC,2009,16950426231.1343
"Macao SAR, China",MAC,2008,16757376145.7137
"Macao SAR, China",MAC,2007,14545933761.365
"Macao SAR, China",MAC,2006,11682917519.9521
"Macao SAR, China",MAC,2005,10261432156.6483
"Macao SAR, China",MAC,2004,10086671052.0132
"Macao SAR, China",MAC,2003,7657792603.41386
"Macao SAR, China",MAC,2002,6875142918.35134
"Macao SAR, China",MAC,2001,6258293396.40256
"Macao SAR, China",MAC,2000,6046798489.88898
"Macao SAR, China",MAC,1999,4988707245.50636
"Macao SAR, China",MAC,1998,5041631119.19423
"Macao SAR, China",MAC,1997,5372969416.04144
"Macao SAR, China",MAC,1996,5311809600.32135
"Macao SAR, China",MAC,1995,5213135238.29414
"Macao SAR, China",MAC,1994,4642548512.40842
"Macao SAR, China",MAC,1993,4314877220.72657
"Macao SAR, China",MAC,1992,4034197228.36777
"Macao SAR, China",MAC,1991,3450292032.35781
"Macao SAR, China",MAC,1990,3189755082.66309
"Macao SAR, China",MAC,1989,2822918879.94884
"Macao SAR, China",MAC,1988,2430418058.7698
"Macao SAR, China",MAC,1987,2159227786.73346
"Macao SAR, China",MAC,1986,1661267630.06545
"Macao SAR, China",MAC,1985,1442083741.6216
"Macao SAR, China",MAC,1984,1491160932.62895
"Macao SAR, China",MAC,1983,1274087249.11969
"Macao SAR, China",MAC,1982,1263124147.40325
Madagascar,MDG,2024,4052441956.49773
Madagascar,MDG,2023,4285368913.23782
Madagascar,MDG,2022,4680944198.87187
Madagascar,MDG,2021,3314741894.16389
Madagascar,MDG,2020,2628831060.657
Madagascar,MDG,2019,4009166482.22619
Madagascar,MDG,2018,4339367350.69394
Madagascar,MDG,2017,4071827552.94261
Madagascar,MDG,2016,3447066213.68097
Madagascar,MDG,2015,3214678738.49738
Madagascar,MDG,2014,3541731788.27034
Madagascar,MDG,2013,2891230458.35248
Madagascar,MDG,2012,2521980906.92008
Madagascar,MDG,2011,2624531677.69278
Madagascar,MDG,2010,2183656264.169
Madagascar,MDG,2009,1959518983.96164
Madagascar,MDG,2008,2971635295.00506
Madagascar,MDG,2007,2369521280.55928
Madagascar,MDG,2006,1757983978.07996
Madagascar,MDG,2005,1424938434.18144
Madagascar,MDG,2004,985460548.244924
Madagascar,MDG,2003,872660373.50032
Madagascar,MDG,2002,1167504458.33349
Madagascar,MDG,2001,1091486917.48139
Madagascar,MDG,2000,885096717.085864
Madagascar,MDG,1999,784850753.48815
Madagascar,MDG,1998,722467461.02259
Madagascar,MDG,1997,688168058.378783
Madagascar,MDG,1996,839642514.372475
Madagascar,MDG,1995,805498306.661693
Madagascar,MDG,1994,705142895.935945
Madagascar,MDG,1993,561129087.814315
Madagascar,MDG,1992,538527290.669117
Madagascar,MDG,1991,519857359.046727
Madagascar,MDG,1990,505973443.868711
Madagascar,MDG,1989,487655924.228415
Madagascar,MDG,1988,433265600.063802
Madagascar,MDG,1987,454292492.358412
Madagascar,MDG,1986,428072463.8414
Madagascar,MDG,1985,376255635.308369
Madagascar,MDG,1984,419879579.843664
Madagascar,MDG,1983,381908958.982415
Madagascar,MDG,1982,404922691.036222
Madagascar,MDG,1981,423096592.794001
Madagascar,MDG,1980,554791922.898067
Madagascar,MDG,1979,504827947.389357
Madagascar,MDG,1978,457890722.563205
Madagascar,MDG,1977,387925899.167103
Madagascar,MDG,1976,330849218.675144
Madagascar,MDG,1975,362080610.153179
Madagascar,MDG,1974,297715413.656829
Madagascar,MDG,1973,235525937.236688
Madagascar,MDG,1972,191350736.637332
Madagascar,MDG,1971,173264898.94468
Madagascar,MDG,1970,213036048.460712
Madagascar,MDG,1969,191304704.913512
Madagascar,MDG,1968,183124855.683342
Madagascar,MDG,1967,167512782.911287
Madagascar,MDG,1966,155698196.90261
Madagascar,MDG,1965,110127942.540702
Madagascar,MDG,1964,106752579.470373
Madagascar,MDG,1963,97047803.7536509
Madagascar,MDG,1962,101689130.778236
Madagascar,MDG,1961,102110849.371893
Madagascar,MDG,1960,67511336.7064609
Malawi,MWI,2023,1502749517.68843
Malawi,MWI,2022,1409751312.6797
Malawi,MWI,2021,1573501117.66397
Malawi,MWI,2020,1295183976.26652
Malawi,MWI,2019,1435575611.01415
Malawi,MWI,2018,1153179791.14847
Malawi,MWI,2017,1133605606.12648
Malaysia,MYS,2024,301221326764.018
Malaysia,MYS,2023,274681075589.892
Malaysia,MYS,2022,313245644474.215
Malaysia,MYS,2021,264015450976.493
Malaysia,MYS,2020,207798540352.974
Malaysia,MYS,2019,238379861290.486
Malaysia,MYS,2018,245967590635.246
Malaysia,MYS,2017,223413837325.056
Malaysia,MYS,2016,201165058574.724
Malaysia,MYS,2015,209287287856.543
Malaysia,MYS,2014,249470799239.809
Malaysia,MYS,2013,244490716805.849
Malaysia,MYS,2012,249353066125.011
Malaysia,MYS,2011,254020012398.681
Malaysia,MYS,2010,221687585588.343
Malaysia,MYS,2009,184897274878.188
Malaysia,MYS,2008,229656580530.26
Malaysia,MYS,2007,205488238926.986
Malaysia,MYS,2006,182517092277.717
Malaysia,MYS,2005,162048875496.027
Malaysia,MYS,2004,143927631578.947
Malaysia,MYS,2003,117854210526.316
Malaysia,MYS,2002,109221052631.579
Malaysia,MYS,2001,102435789473.684
Malaysia,MYS,2000,112369210526.316
Malaysia,MYS,1999,96016052631.5789
Malaysia,MYS,1998,83529351814.1052
Malaysia,MYS,1997,93294414081.9079
Malaysia,MYS,1996,92359488035.6149
Malaysia,MYS,1995,83462121212.1212
Malaysia,MYS,1994,66398033836.3054
Malaysia,MYS,1993,52793700310.2061
Malaysia,MYS,1992,44957788510.6216
Malaysia,MYS,1991,38245926680.2444
Malaysia,MYS,1990,32783400341.9751
Malaysia,MYS,1989,27728453708.2635
Malaysia,MYS,1988,23426148711.0616
Malaysia,MYS,1987,20240209109.4038
Malaysia,MYS,1986,15613366482.7643
Malaysia,MYS,1985,17131003019.6831
Malaysia,MYS,1984,18420475482.1769
Malaysia,MYS,1983,15637264404.9542
Malaysia,MYS,1982,13636254641.6191
Malaysia,MYS,1981,13086963597.8951
Malaysia,MYS,1980,14091708190.1048
Malaysia,MYS,1979,11882425945.033
Malaysia,MYS,1978,8024465877.56181
Malaysia,MYS,1977,6588433755.89073
Malaysia,MYS,1976,5726370459.26247
Malaysia,MYS,1975,4235509660.22652
Malaysia,MYS,1974,4587741014.27173
Malaysia,MYS,1973,3178858361.33474
Malaysia,MYS,1972,1816243408.53666
Malaysia,MYS,1971,1717415947.52741
Malaysia,MYS,1970,1760409248.60023
Malaysia,MYS,1969,1730355871.18861
Malaysia,MYS,1968,1439622111.44576
Malaysia,MYS,1967,1306341915.96814
Malaysia,MYS,1966,1336395293.37976
Malaysia,MYS,1965,1327248613.29797
Malaysia,MYS,1964,1178941729.11454
Malaysia,MYS,1963,1147581683.1198
Malaysia,MYS,1962,921528018.241093
Malaysia,MYS,1961,921854685.386872
Malaysia,MYS,1960,1016914824.80841
Maldives,MDV,2024,5523181581.41595
Maldives,MDV,2023,4902444407.8474
Maldives,MDV,2022,5106680724.33038
Maldives,MDV,2021,3997066754.3199
Maldives,MDV,2020,1791004988.53476
Maldives,MDV,2019,3751360417.55704
Maldives,MDV,2018,3591094857.28424
Maldives,MDV,2017,3326197407.68958
Maldives,MDV,2016,3158120131.89655
Maldives,MDV,2015,3156089602.65141
Maldives,MDV,2014,3375466194.16902
Mali,MLI,2024,6046342986.56671
Mali,MLI,2023,6141418067.58388
Mali,MLI,2022,5866178905.32816
Mali,MLI,2021,5389820860.67646
Mali,MLI,2020,5204085877.66132
Mali,MLI,2019,4449175629.33742
Mali,MLI,2018,4195619517.30008
Mali,MLI,2017,3461471859.23525
Mali,MLI,2016,3291642790.12105
Mali,MLI,2015,3151534393.35363
Mali,MLI,2014,3240763523.24734
Mali,MLI,2013,3303494040.11694
Mali,MLI,2012,3346608913.31448
Mali,MLI,2011,2804916883.30143
Mali,MLI,2010,2442195563.90086
Mali,MLI,2009,2116109706.25885
Mali,MLI,2008,2369022700.92033
Mali,MLI,2007,1917811427.77743
Mali,MLI,2006,1865640022.73051
Mali,MLI,2005,1413791679.96241
Mali,MLI,2004,1220024940.85236
Mali,MLI,2003,1154685242.55874
Mali,MLI,2002,1049462474.78715
Mali,MLI,2001,877132746.511805
Mali,MLI,2000,644739308.525114
Mali,MLI,1999,681012428.370802
Mali,MLI,1998,639603126.882702
Mali,MLI,1997,642627518.238185
Mali,MLI,1996,524706724.587351
Mali,MLI,1995,529401649.360305
Mali,MLI,1994,403923096.50061
Mali,MLI,1993,446775136.908186
Mali,MLI,1992,442363532.068755
Mali,MLI,1991,441641080.119736
Mali,MLI,1990,419775178.566242
Mali,MLI,1989,345038045.54627
Mali,MLI,1988,316268468.26974
Mali,MLI,1987,338394767.422674
Mali,MLI,1986,273746415.827782
Mali,MLI,1985,233359988.768983
Mali,MLI,1984,232746191.815735
Mali,MLI,1983,208756468.655737
Mali,MLI,1982,190197232.79581
Mali,MLI,1981,200381661.375064
Mali,MLI,1980,262685142.440782
Mali,MLI,1979,191329840.418119
Mali,MLI,1978,141808858.852591
Mali,MLI,1977,133914203.904045
Mali,MLI,1976,103368693.182112
Mali,MLI,1975,80256489.4600372
Mali,MLI,1974,68548731.6764459
Mali,MLI,1973,57427641.0713031
Mali,MLI,1972,48804174.5518637
Mali,MLI,1971,53022179.5379943
Mali,MLI,1970,44862008.9286469
Mali,MLI,1969,38082699.0326618
Mali,MLI,1968,35142330.5134132
Mali,MLI,1967,31300692.4388231
Malta,MLT,2024,29587849037.6001
Malta,MLT,2023,27032786889.549
Malta,MLT,2022,24315280709.3594
Malta,MLT,2021,23442200552.2679
Malta,MLT,2020,21318535383.7655
Malta,MLT,2019,20343827022.3294
Malta,MLT,2018,19925574549.6994
Malta,MLT,2017,16515906004.8115
Malta,MLT,2016,13609128879.2334
Malta,MLT,2015,12331139465.4171
Malta,MLT,2014,11523048481.3027
Malta,MLT,2013,10545177284.0636
Malta,MLT,2012,9686325985.66628
Malta,MLT,2011,9538868738.59769
Malta,MLT,2010,8153146527.91942
Malta,MLT,2009,7078015882.5174
Malta,MLT,2008,8356387784.23506
Malta,MLT,2007,7185068885.52851
Malta,MLT,2006,6019453514.03273
Malta,MLT,2005,4745286752.46732
Malta,MLT,2004,4584053468.70638
Malta,MLT,2003,4088458131.02527
Malta,MLT,2002,3676274008.55742
Malta,MLT,2001,3193933629.07179
Malta,MLT,2000,3643996944.86899
Malta,MLT,1999,3300806383.74689
Malta,MLT,1998,3020036626.3587
Malta,MLT,1997,2831968013.69018
Malta,MLT,1996,2947693800.26557
Malta,MLT,1995,3164884366.45917
Malta,MLT,1994,2577570517.05121
Malta,MLT,1993,2297726208.45709
Malta,MLT,1992,2470727642.77984
Malta,MLT,1991,2127896731.79698
Malta,MLT,1990,1931731761.61631
Malta,MLT,1989,1528275901.14922
Malta,MLT,1988,1421831244.50978
Malta,MLT,1987,1218554162.07431
Malta,MLT,1986,923230823.682089
Malta,MLT,1985,720979706.946233
Malta,MLT,1984,687730941.102744
Malta,MLT,1983,697176215.284672
Malta,MLT,1982,760422130.882864
Malta,MLT,1981,901986076.372352
Malta,MLT,1980,1011830311.64712
Malta,MLT,1979,794915030.957713
Malta,MLT,1978,583774793.862551
Malta,MLT,1977,481207177.681363
Malta,MLT,1976,398139351.711603
Malta,MLT,1975,349755774.826398
Malta,MLT,1974,280712103.713982
Malta,MLT,1973,200104183.036208
Malta,MLT,1972,137300511.3435
Malta,MLT,1971,120411681.895593
Malta,MLT,1970,110774150.939703
Marshall Islands,MHL,2024,122031784.057617
Marshall Islands,MHL,2023,101742835.998535
Marshall Islands,MHL,2022,103432075.500488
Marshall Islands,MHL,2021,120116615.29541
Marshall Islands,MHL,2020,85811100.0
Marshall Islands,MHL,2019,86317100.0
Marshall Islands,MHL,2018,87396700.0
Marshall Islands,MHL,2017,83584300.0
Marshall Islands,MHL,2016,73643500.0
Marshall Islands,MHL,2015,81272900.0
Marshall Islands,MHL,2014,92294900.0
Marshall Islands,MHL,2013,95335100.0
Marshall Islands,MHL,2012,98977700.0
Marshall Islands,MHL,2011,88306800.0
Marshall Islands,MHL,2010,58145300.0
Marshall Islands,MHL,2009,42118500.0
Marshall Islands,MHL,2008,43068200.0
Marshall Islands,MHL,2007,39278600.0
Marshall Islands,MHL,2006,36024700.0
Marshall Islands,MHL,2005,45176400.0
Marshall Islands,MHL,2004,40254100.0
Marshall Islands,MHL,2003,39620500.0
Marshall Islands,MHL,2002,36065300.0
Marshall Islands,MHL,2001,31151900.0
Marshall Islands,MHL,2000,33100500.0
Marshall Islands,MHL,1999,25284800.0
Marshall Islands,MHL,1998,27743200.0
Marshall Islands,MHL,1997,28410700.0
Marshall Islands,MHL,1996,25830300.0
Marshall Islands,MHL,1995,26833600.0
Mauritania,MRT,2024,4517112387.20263
Mauritania,MRT,2023,4119866589.44557
Mauritania,MRT,2022,3798126438.33762
Mauritania,MRT,2021,3675736238.79967
Mauritania,MRT,2020,3420455747.23413
Mauritania,MRT,2019,3347184840.42049
Mauritania,MRT,2018,2734291920.6783
Mauritania,MRT,2017,2346432964.67156
Mauritania,MRT,2016,2170784113.99718
Mauritania,MRT,2015,1862093480.46905
Mauritania,MRT,2014,2464897183.91279
Mauritania,MRT,2013,3290007704.82617
Mauritania,MRT,2012,3247124765.69348
Mauritania,MRT,2011,3394680268.62567
Mauritania,MRT,2010,2574612468.25187
Mauritania,MRT,2009,1755986391.21565
Mauritania,MRT,2008,2166026280.9928
Mauritania,MRT,2007,1761222664.72591
Mauritania,MRT,2006,1660493771.4073
Mauritania,MRT,2005,785480557.228916
Mauritania,MRT,2004,549736448.161367
Mauritania,MRT,2003,392277306.771091
Mauritania,MRT,2002,440241261.500872
Mauritania,MRT,2001,445892164.810456
Mauritania,MRT,2000,454082403.756887
Mauritania,MRT,1999,448206605.787093
Mauritania,MRT,1998,497095341.084318
Mauritania,MRT,1997,691882212.922166
Mauritania,MRT,1996,834998050.963816
Mauritania,MRT,1995,867783179.455265
Mauritania,MRT,1994,674865005.057657
Mauritania,MRT,1993,468506039.816125
Mauritania,MRT,1992,484196054.661354
Mauritania,MRT,1991,587632451.828238
Mauritania,MRT,1990,545201152.352715
Mauritania,MRT,1989,573030753.874126
Mauritania,MRT,1988,563821409.490169
Mauritania,MRT,1987,523245223.057966
Mauritania,MRT,1986,528194860.10084
Mauritania,MRT,1985,479510830.511773
Mauritania,MRT,1984,388242381.549678
Mauritania,MRT,1983,422438627.212052
Mauritania,MRT,1982,352134015.863109
Mauritania,MRT,1981,394924879.228704
Mauritania,MRT,1980,305883193.782822
Mauritania,MRT,1979,250406342.43068
Mauritania,MRT,1978,212820785.486055
Mauritania,MRT,1977,207623938.844076
Mauritania,MRT,1976,233122598.270855
Mauritania,MRT,1975,214328858.987223
Mauritania,MRT,1974,234683631.447326
Mauritania,MRT,1973,183111490.349316
Mauritania,MRT,1972,149725281.850101
Mauritania,MRT,1971,106987200.848405
Mauritania,MRT,1970,100097730.362123
Mauritania,MRT,1969,90845289.4281016
Mauritania,MRT,1968,93804931.5868714
Mauritania,MRT,1967,93211739.4988162
Mauritania,MRT,1966,90846087.8296112
Mauritania,MRT,1965,85405336.3678402
Mauritania,MRT,1964,77479912.1570203
Mauritania,MRT,1963,33594342.1813003
Mauritania,MRT,1962,18926389.7787134
Mauritania,MRT,1961,18098361.734911
Mauritius,MUS,2024,10025062116.6689
Mauritius,MUS,2023,9715616541.54855
Mauritius,MUS,2022,8671207274.78073
Mauritius,MUS,2021,7062411510.58402
Mauritius,MUS,2020,6403116603.77697
Mauritius,MUS,2019,8837804269.59075
Mauritius,MUS,2018,8760255080.3904
Mauritius,MUS,2017,8385997462.74862
Mauritius,MUS,2016,7788248022.76233
Mauritius,MUS,2015,7852564559.699
Mauritius,MUS,2014,8575510561.70548
Mauritius,MUS,2013,7987464267.86724
Mauritius,MUS,2012,6245529945.91809
Mauritius,MUS,2011,6011123129.52541
Mauritius,MUS,2010,5100895258.63749
Mauritius,MUS,2009,4325246090.40107
Mauritius,MUS,2008,5077630568.87331
Mauritius,MUS,2007,4534954334.30066
Mauritius,MUS,2006,4094163166.74239
Mauritius,MUS,2005,3829946691.83689
Mauritius,MUS,2004,3508043724.68523
Mauritius,MUS,2003,3257695157.69328
Mauritius,MUS,2002,2982651358.38729
Mauritius,MUS,2001,3136674473.47955
Mauritius,MUS,2000,2849019400.63143
Mauritius,MUS,1999,2771402053.09276
Mauritius,MUS,1998,2738797089.94213
Mauritius,MUS,1997,2573649427.67002
Mauritius,MUS,1996,2811723401.74571
Mauritius,MUS,1995,2369967141.40206
Mauritius,MUS,1994,2018277243.44386
Mauritius,MUS,1993,1900665938.53986
Mauritius,MUS,1992,1912137908.84244
Mauritius,MUS,1991,1779993084.72591
Mauritius,MUS,1990,1723622086.28714
Mauritius,MUS,1989,1400873862.5318
Mauritius,MUS,1988,1381558262.28026
Mauritius,MUS,1987,1214376182.66566
Mauritius,MUS,1986,885094544.493767
Mauritius,MUS,1985,576008404.865979
Mauritius,MUS,1984,506437054.815996
Mauritius,MUS,1983,508533939.28004
Mauritius,MUS,1982,508528358.112862
Mauritius,MUS,1981,510935885.491278
Mauritius,MUS,1980,579103448.957952
Mauritius,MUS,1979,516795210.227853
Mauritius,MUS,1978,438890038.169642
Mauritius,MUS,1977,401979141.883502
Mauritius,MUS,1976,357403437.089587
Mexico,MEX,2024,681348718684.406
Mexico,MEX,2023,648642274776.945
Mexico,MEX,2022,629788673074.2
Mexico,MEX,2021,534121610565.454
Mexico,MEX,2020,439853932827.966
Mexico,MEX,2019,502467566320.434
Mexico,MEX,2018,490508969545.438
Mexico,MEX,2017,446688309687.408
Mexico,MEX,2016,409476294705.042
Mexico,MEX,2015,414495031033.993
Mexico,MEX,2014,429314956761.169
Mexico,MEX,2013,408263658323.619
Mexico,MEX,2012,395854929792.859
Mexico,MEX,2011,374148226662.347
Mexico,MEX,2010,320766037580.856
Mexico,MEX,2009,250136106515.904
Mexico,MEX,2008,313852456086.709
Mexico,MEX,2007,295222517228.833
Mexico,MEX,2006,270928816792.948
Mexico,MEX,2005,233862215738.603
Mexico,MEX,2004,205711767188.403
Mexico,MEX,2003,181095388468.59
Mexico,MEX,2002,177144829751.745
Mexico,MEX,2001,171481946818.046
Mexico,MEX,2000,179810168051.425
Mexico,MEX,1999,147818774071.958
Mexico,MEX,1998,129452220228.41
Mexico,MEX,1997,121731183209.867
Mexico,MEX,1996,106842978990.053
Mexico,MEX,1995,86926529245.2206
Mexico,MEX,1994,70611769310.5158
Mexico,MEX,1993,61477360984.9991
Mexico,MEX,1992,55406062493.8205
Mexico,MEX,1991,51459461044.3177
Mexico,MEX,1990,48866118134.8639
Mexico,MEX,1989,42359282023.4063
Mexico,MEX,1988,36496678771.9881
Mexico,MEX,1987,27349325162.1882
Mexico,MEX,1986,22446879806.7257
Mexico,MEX,1985,28439428976.2995
Mexico,MEX,1984,30521772290.6786
Mexico,MEX,1983,28289706396.656
Mexico,MEX,1982,26632371192.5109
Mexico,MEX,1981,26014603304.0995
Mexico,MEX,1980,20850899742.9306
Mexico,MEX,1979,15052992764.7446
Mexico,MEX,1978,10748302367.4617
Mexico,MEX,1977,8452576086.47499
Mexico,MEX,1976,7545416828.73071
Mexico,MEX,1975,6067120000.0
Mexico,MEX,1974,6054240000.0
Mexico,MEX,1973,4650160000.0
Mexico,MEX,1972,3643200000.0
Mexico,MEX,1971,2995040000.0
Mexico,MEX,1970,2754440000.0
Mexico,MEX,1969,2451096000.0
Mexico,MEX,1968,2066336000.0
Mexico,MEX,1967,1824072000.0
Mexico,MEX,1966,1816952000.0
Mexico,MEX,1965,1667320000.0
Mexico,MEX,1964,1532720000.0
Mexico,MEX,1963,1411096000.0
Mexico,MEX,1962,1302504000.0
Mexico,MEX,1961,1191208000.0
Mexico,MEX,1960,1109120000.0
"Micronesia, Fed. Sts.",FSM,2024,127000000.0
"Micronesia, Fed. Sts.",FSM,2023,122000000.0
"Micronesia, Fed. Sts.",FSM,2022,88000000.0
"Micronesia, Fed. Sts.",FSM,2021,79000000.0
"Micronesia, Fed. Sts.",FSM,2020,64000000.0
"Micronesia, Fed. Sts.",FSM,2019,105000000.0
"Micronesia, Fed. Sts.",FSM,2018,143000000.0
"Micronesia, Fed. Sts.",FSM,2017,110000000.0
"Micronesia, Fed. Sts.",FSM,2016,92000000.0
"Micronesia, Fed. Sts.",FSM,2015,86000000.0
"Micronesia, Fed. Sts.",FSM,2014,102000000.0
"Micronesia, Fed. Sts.",FSM,2013,96000000.0
"Micronesia, Fed. Sts.",FSM,2012,98000000.0
"Micronesia, Fed. Sts.",FSM,2011,77000000.0
"Micronesia, Fed. Sts.",FSM,2010,70000000.0
"Micronesia, Fed. Sts.",FSM,2009,61000000.0
"Micronesia, Fed. Sts.",FSM,2008,61000000.0
"Micronesia, Fed. Sts.",FSM,2007,58000000.0
"Micronesia, Fed. Sts.",FSM,2006,46000000.0
"Micronesia, Fed. Sts.",FSM,2005,42000000.0
"Micronesia, Fed. Sts.",FSM,2004,37000000.0
"Micronesia, Fed. Sts.",FSM,2003,46000000.0
"Micronesia, Fed. Sts.",FSM,2002,44000000.0
"Micronesia, Fed. Sts.",FSM,2001,46000000.0
"Micronesia, Fed. Sts.",FSM,2000,42000000.0
"Micronesia, Fed. Sts.",FSM,1999,36000000.0
"Micronesia, Fed. Sts.",FSM,1998,41000000.0
"Micronesia, Fed. Sts.",FSM,1997,37000000.0
"Micronesia, Fed. Sts.",FSM,1996,40000000.0
"Micronesia, Fed. Sts.",FSM,1995,40000000.0
"Micronesia, Fed. Sts.",FSM,1983,3600000.0
Moldova,MDA,2024,5717372649.19795
Moldova,MDA,2023,5867982592.76155
Moldova,MDA,2022,5988282384.84134
Moldova,MDA,2021,4196391944.64671
Moldova,MDA,2020,3218731277.60425
Moldova,MDA,2019,3660834340.67571
Moldova,MDA,2018,3454064033.36926
Moldova,MDA,2017,3095306463.28308
Moldova,MDA,2016,2623048025.71072
Moldova,MDA,2015,2480197906.57851
Moldova,MDA,2014,2964287552.46469
Moldova,MDA,2013,3047744931.25949
Moldova,MDA,2012,2711403114.26299
Moldova,MDA,2011,2738068649.00211
Moldova,MDA,2010,1941110604.74834
Moldova,MDA,2009,2005634869.02064
Moldova,MDA,2008,2471503488.63034
Moldova,MDA,2007,2006075562.9453
Moldova,MDA,2006,1542451567.87823
Moldova,MDA,2005,1528943361.40957
Moldova,MDA,2004,1330145599.96107
Moldova,MDA,2003,1056084948.28798
Moldova,MDA,2002,871854564.208355
Moldova,MDA,2001,741151801.535735
Moldova,MDA,2000,639062444.70539
Moldova,MDA,1999,612534634.461527
Moldova,MDA,1998,764754748.603352
Moldova,MDA,1997,1026805411.25541
Moldova,MDA,1996,937881521.73913
Moldova,MDA,1995,1054008823.27718
Mongolia,MNG,2024,16350790018.4659
Mongolia,MNG,2023,15499351627.5757
Mongolia,MNG,2022,11155726172.5221
Mongolia,MNG,2021,8950037976.40907
Mongolia,MNG,2020,7676311652.04846
Mongolia,MNG,2019,8412612745.88232
Mongolia,MNG,2018,7665010102.42513
Mongolia,MNG,2017,6792836359.89678
Mongolia,MNG,2016,5688198400.40209
Mongolia,MNG,2015,5134139179.48847
Mongolia,MNG,2014,6388231489.26537
Mongolia,MNG,2013,4893217361.06212
Mongolia,MNG,2012,5356224605.54811
Mongolia,MNG,2011,5470718595.11062
Mongolia,MNG,2010,3355977050.12574
Mongolia,MNG,2009,2304668257.15766
Mongolia,MNG,2008,3037494934.85899
Mongolia,MNG,2007,2524671714.58344
Mongolia,MNG,2006,2029426156.82969
Mongolia,MNG,2005,1483028710.17191
Mongolia,MNG,2004,1210933087.5405
Mongolia,MNG,2003,835170861.897535
Mongolia,MNG,2002,708425456.996203
Mongolia,MNG,2001,638035524.358942
Mongolia,MNG,2000,613886974.292311
Mongolia,MNG,1999,530379659.016624
Mongolia,MNG,1998,537971712.592135
Mongolia,MNG,1997,621954882.466867
Mongolia,MNG,1996,478057767.554153
Mongolia,MNG,1995,588727618.644257
Mongolia,MNG,1994,413198588.873813
Mongolia,MNG,1993,455909517.043537
Mongolia,MNG,1992,381224551.643192
Mongolia,MNG,1991,1286298568.42105
Mongolia,MNG,1990,467975940.0
Mongolia,MNG,1989,804344500.0
Mongolia,MNG,1988,911636900.0
Mongolia,MNG,1987,930447966.666667
Mongolia,MNG,1986,874014900.0
Mongolia,MNG,1985,584447425.0
Mongolia,MNG,1984,612402625.0
Mongolia,MNG,1983,725268666.666667
Mongolia,MNG,1982,670229033.333333
Mongolia,MNG,1981,551441066.666667
Montenegro,MNE,2024,3617891054.09432
Montenegro,MNE,2023,3763258102.54026
Montenegro,MNE,2022,3209682769.03533
Montenegro,MNE,2021,2511149463.4938
Montenegro,MNE,2020,1240041482.66332
Montenegro,MNE,2019,2430487406.2465
Montenegro,MNE,2018,2361306985.46127
Montenegro,MNE,2017,1993697173.31333
Montenegro,MNE,2016,1777062964.00017
Montenegro,MNE,2015,1713786924.60634
Montenegro,MNE,2014,1844142771.35964
Montenegro,MNE,2013,1846256366.66689
Montenegro,MNE,2012,1719147080.06033
Montenegro,MNE,2011,1912900361.07314
Montenegro,MNE,2010,1518866671.35087
Montenegro,MNE,2009,1427934565.15699
Montenegro,MNE,2008,1796439285.19115
Montenegro,MNE,2007,1582817273.47386
Montenegro,MNE,2006,1104046794.63054
Montenegro,MNE,2005,982979728.889442
Montenegro,MNE,2004,871215545.070772
Montenegro,MNE,2003,522751328.734592
Montenegro,MNE,2002,454214751.156861
Montenegro,MNE,2001,445661830.557048
Montenegro,MNE,2000,362367403.863472
Morocco,MAR,2024,67454245753.4821
Morocco,MAR,2023,61945010973.2121
Morocco,MAR,2022,58681916332.2068
Morocco,MAR,2021,47060549921.4328
Morocco,MAR,2020,37369771251.448
Morocco,MAR,2019,43952860516.0238
Morocco,MAR,2018,43077520359.3568
Morocco,MAR,2017,38651885813.4308
Morocco,MAR,2016,34291493550.4303
Morocco,MAR,2015,33119569273.8522
Morocco,MAR,2014,35897680523.6335
Morocco,MAR,2013,35014914037.2784
Morocco,MAR,2012,34323797625.1804
Morocco,MAR,2011,35175698017.5837
Morocco,MAR,2010,30046721232.9862
Morocco,MAR,2009,26014198657.0851
Morocco,MAR,2008,33064161825.4718
Morocco,MAR,2007,27325793519.3796
Morocco,MAR,2006,22483592810.1639
Morocco,MAR,2005,19275921048.2382
Morocco,MAR,2004,16759410598.7844
Morocco,MAR,2003,14319608062.4725
Morocco,MAR,2002,12213885545.7762
Morocco,MAR,2001,11131243438.1214
Morocco,MAR,2000,10408859646.151
Morocco,MAR,1999,10472253113.6215
Morocco,MAR,1998,9784229421.13294
Morocco,MAR,1997,9365776466.88359
Morocco,MAR,1996,9424749950.55001
Morocco,MAR,1995,8849422505.8548
Morocco,MAR,1994,7454972834.94513
Morocco,MAR,1993,6983435380.1484
Morocco,MAR,1992,7474470438.0417
Morocco,MAR,1991,7205742182.60964
Morocco,MAR,1990,7411991822.22723
Morocco,MAR,1989,5935176840.23765
Morocco,MAR,1988,6425436405.93975
Morocco,MAR,1987,4893088773.18172
Morocco,MAR,1986,4258765117.07142
Morocco,MAR,1985,3824760011.92487
Morocco,MAR,1984,3800181963.9577
Morocco,MAR,1983,3697958874.88165
Morocco,MAR,1982,3822370232.08615
Morocco,MAR,1981,4032797040.23126
Morocco,MAR,1980,4201411556.94467
Morocco,MAR,1979,2706652297.66405
Morocco,MAR,1978,2167005746.31402
Morocco,MAR,1977,1866967361.6018
Morocco,MAR,1976,1717031972.39751
Morocco,MAR,1975,2019155150.89869
Morocco,MAR,1974,2115101331.48976
Morocco,MAR,1973,1300658084.24365
Morocco,MAR,1972,942466527.560424
Morocco,MAR,1971,738600055.96085
Morocco,MAR,1970,697778278.388061
Morocco,MAR,1969,671081258.929471
Morocco,MAR,1968,604684526.597227
Morocco,MAR,1967,545401729.872008
Morocco,MAR,1966,545401729.872008
Morocco,MAR,1965,535521263.751139
Morocco,MAR,1964,545401670.589212
Morocco,MAR,1963,476238486.786853
Morocco,MAR,1962,428812249.406678
Morocco,MAR,1961,440668808.751722
Morocco,MAR,1960,480190673.235201
Mozambique,MOZ,2024,9743034216.41499
Mozambique,MOZ,2023,9543000054.48782
Mozambique,MOZ,2022,9409084985.62579
Mozambique,MOZ,2021,6523890986.02307
Mozambique,MOZ,2020,4667776262.86619
Mozambique,MOZ,2019,5761757708.23501
Mozambique,MOZ,2018,6837559087.08865
Mozambique,MOZ,2017,5444267918.05269
Mozambique,MOZ,2016,4270264152.95059
Mozambique,MOZ,2015,5279638423.57529
Mozambique,MOZ,2014,5894893978.46845
Mozambique,MOZ,2013,4814395425.92704
Mozambique,MOZ,2012,5009344508.84687
Mozambique,MOZ,2011,4587369287.45407
Mozambique,MOZ,2010,3351471802.24651
Mozambique,MOZ,2009,3431857367.64262
Mozambique,MOZ,2008,3533230751.68138
Mozambique,MOZ,2007,3061895142.94722
Mozambique,MOZ,2006,2666527628.9361
Mozambique,MOZ,2005,2471453991.62611
Mozambique,MOZ,2004,2093420471.04993
Mozambique,MOZ,2003,1501824531.69834
Mozambique,MOZ,2002,1277627022.46651
Mozambique,MOZ,2001,1058826570.65006
Mozambique,MOZ,2000,669318463.013555
Mozambique,MOZ,1999,558379996.981631
Mozambique,MOZ,1998,551653721.229621
Mozambique,MOZ,1997,522899848.339983
Mozambique,MOZ,1996,477693616.795204
Mozambique,MOZ,1995,347894398.400414
Mozambique,MOZ,1994,310987138.052803
Mozambique,MOZ,1993,237590627.522271
Mozambique,MOZ,1992,256122499.258907
Mozambique,MOZ,1991,308366307.230276
Namibia,NAM,2024,5568765591.02145
Namibia,NAM,2023,5413327919.06109
Namibia,NAM,2022,5085407032.75854
Namibia,NAM,2021,3963389444.58823
Namibia,NAM,2020,3564380963.997
Namibia,NAM,2019,4565372504.91404
Namibia,NAM,2018,4909459328.14274
Namibia,NAM,2017,4335454250.28185
Namibia,NAM,2016,3753721654.57513
Namibia,NAM,2015,4009342643.84947
Namibia,NAM,2014,4851942697.54909
Namibia,NAM,2013,4516479278.36452
Namibia,NAM,2012,5224429911.45347
Namibia,NAM,2011,5703110578.38843
Namibia,NAM,2010,5519309341.42765
Namibia,NAM,2009,4609153402.27765
Namibia,NAM,2008,4618182718.26725
Namibia,NAM,2007,4406968679.93726
Namibia,NAM,2006,3630154009.84173
Namibia,NAM,2005,2928965079.3611
Namibia,NAM,2004,2630327849.94581
Namibia,NAM,2003,2139525237.38725
Namibia,NAM,2002,1546274870.27248
Namibia,NAM,2001,1460499982.51866
Namibia,NAM,2000,1597766399.97418
Namibia,NAM,1999,1602755470.02005
Namibia,NAM,1998,1602303553.86952
Namibia,NAM,1997,1771936400.51719
Namibia,NAM,1996,1811265635.79742
Namibia,NAM,1995,1777948903.87184
Namibia,NAM,1994,1617132599.4889
Namibia,NAM,1993,1515171424.1822
Namibia,NAM,1992,1475205065.61328
Namibia,NAM,1991,1318535806.30967
Namibia,NAM,1990,1215303139.42491
Namibia,NAM,1989,1264270496.90069
Namibia,NAM,1988,1154170628.30882
Namibia,NAM,1987,1068825357.44755
Namibia,NAM,1986,1022542547.76301
Namibia,NAM,1985,830115794.362121
Namibia,NAM,1984,885220879.87544
Namibia,NAM,1983,1034886235.52643
Namibia,NAM,1982,1109299701.7911
Namibia,NAM,1981,1268734010.27144
Namibia,NAM,1980,1704793787.89318
Nauru,NRU,2024,89948220.7691228
Nauru,NRU,2023,65824011.6302548
Nauru,NRU,2022,81992870.3744686
Nauru,NRU,2021,54051776.7035434
Nauru,NRU,2020,54342514.2667912
Nauru,NRU,2019,75590487.5451381
Nauru,NRU,2018,71669767.1534431
Nauru,NRU,2017,65613383.3201729
Nauru,NRU,2016,70608719.9585374
Nauru,NRU,2015,60735599.6309272
Nauru,NRU,2014,98231195.8408728
Nauru,NRU,2013,95410939.018047
Nauru,NRU,2012,69089116.7111106
Nauru,NRU,2011,40423440.4685964
Nauru,NRU,2010,24662215.7239241
Nauru,NRU,2009,36813537.9577027
Nauru,NRU,2008,34021096.661098
Nepal,NPL,2024,3270882001.46178
Nepal,NPL,2023,2875793499.04398
Nepal,NPL,2022,2760241582.09798
Nepal,NPL,2021,1890245951.50987
Nepal,NPL,2020,2275260266.32405
Nepal,NPL,2019,2659663141.44733
Nepal,NPL,2018,2587877949.37415
Nepal,NPL,2017,2263315184.35706
Nepal,NPL,2016,2005968674.04538
Nepal,NPL,2015,2488355629.40472
Nepal,NPL,2014,2301358066.37855
Nepal,NPL,2013,2059901303.17249
Nepal,NPL,2012,1899084545.10723
Nepal,NPL,2011,1684085752.56325
Nepal,NPL,2010,1533460341.31158
Nepal,NPL,2009,1596506175.3286
Nepal,NPL,2008,1602782686.80316
Nepal,NPL,2007,1327426848.73204
Nepal,NPL,2006,1216071411.28826
Nepal,NPL,2005,1185691417.29106
Nepal,NPL,2004,1213488962.70126
Nepal,NPL,2003,993875698.018669
Nepal,NPL,2002,1073251679.17819
Nepal,NPL,2001,1355238095.2381
Nepal,NPL,2000,1279281887.93977
Nepal,NPL,1999,1150110375.27594
Nepal,NPL,1998,1108297013.72074
Nepal,NPL,1997,1294985095.56374
Nepal,NPL,1996,1031715000.90827
Nepal,NPL,1995,1099094803.21285
Nepal,NPL,1994,772440816.326531
Nepal,NPL,1993,674654166.666667
Nepal,NPL,1992,542824053.452116
Nepal,NPL,1991,450607063.668039
Nepal,NPL,1990,381884479.941485
Nepal,NPL,1989,390158053.276406
Nepal,NPL,1988,399163908.410791
Nepal,NPL,1987,349348712.938224
Nepal,NPL,1986,332466751.662167
Nepal,NPL,1985,302055495.88055
Nepal,NPL,1984,274961829.059717
Nepal,NPL,1983,250371505.200971
Nepal,NPL,1982,277667558.495905
Nepal,NPL,1981,293583341.666667
Nepal,NPL,1980,224583341.666667
Nepal,NPL,1979,218166658.333333
Nepal,NPL,1978,169586602.170643
Nepal,NPL,1977,162959992.0
Nepal,NPL,1976,156521017.206203
Nepal,NPL,1975,140262466.717383
Nepal,NPL,1974,66375047.5465957
Nepal,NPL,1973,64260709.3056138
Nepal,NPL,1972,57975285.7381587
Nepal,NPL,1971,47703703.7037037
Nepal,NPL,1970,42469135.8024691
Nepal,NPL,1969,55308641.9753086
Nepal,NPL,1968,52860114.3737847
Nepal,NPL,1967,57881611.7600735
Nepal,NPL,1966,51187819.9238745
Nepal,NPL,1965,57094106.8381677
Netherlands,NLD,2024,1001469281569.53
Netherlands,NLD,2023,993383113411.782
Netherlands,NLD,2022,1009321846482.49
Netherlands,NLD,2021,911591180290.683
Netherlands,NLD,2020,757626674438.913
Netherlands,NLD,2019,792548771333.332
Netherlands,NLD,2018,809393154293.333
Netherlands,NLD,2017,722521486847.06
Netherlands,NLD,2016,644981374821.013
Netherlands,NLD,2015,651561445019.531
Netherlands,NLD,2014,733707070162.35
Netherlands,NLD,2013,710442214009.414
Netherlands,NLD,2012,672962028018.75
Netherlands,NLD,2011,686455260573.931
Netherlands,NLD,2010,590650523650.001
Netherlands,NLD,2009,541451746607.031
Netherlands,NLD,2008,666753754958.594
Netherlands,NLD,2007,586439887282.747
Netherlands,NLD,2006,502638809837.646
Netherlands,NLD,2005,451318628108.949
Netherlands,NLD,2004,413899788533.206
Netherlands,NLD,2003,345031067457.254
Netherlands,NLD,2002,285816678856.471
Netherlands,NLD,2001,274109208168.504
Netherlands,NLD,2000,277498466740.393
Netherlands,NLD,1999,269992081764.093
Netherlands,NLD,1998,261751832926.016
Netherlands,NLD,1997,253701152021.685
Netherlands,NLD,1996,260884967320.261
Netherlands,NLD,1995,261325830359.594
Netherlands,NLD,1994,209535513984.744
Netherlands,NLD,1993,187817236592.311
Netherlands,NLD,1992,195617498746.867
Netherlands,NLD,1991,182235627062.706
Netherlands,NLD,1990,174901597482.754
Netherlands,NLD,1989,143549099033.565
Netherlands,NLD,1988,136821844129.78
Netherlands,NLD,1987,122354540905.135
Netherlands,NLD,1986,103000590034.179
Netherlands,NLD,1985,87007504644.3737
Netherlands,NLD,1984,84859203296.7033
Netherlands,NLD,1983,84582826808.7406
Netherlands,NLD,1982,87857010811.2569
Netherlands,NLD,1981,90974239159.2334
Netherlands,NLD,1980,99352813123.476
Netherlands,NLD,1979,86827436010.1066
Netherlands,NLD,1978,69032180688.5313
Netherlands,NLD,1977,58924320732.6928
Netherlands,NLD,1976,53523223870.6451
Netherlands,NLD,1975,48070418264.2036
Netherlands,NLD,1974,44381674727.4367
Netherlands,NLD,1973,32943078196.437
Netherlands,NLD,1972,23953249107.3881
Netherlands,NLD,1971,19538182330.8271
Netherlands,NLD,1970,16625163450.417
Netherlands,NLD,1969,14107826092.3037
New Caledonia,NCL,2024,999771629.425323
New Caledonia,NCL,2023,1654638546.00698
New Caledonia,NCL,2022,1480256674.40388
New Caledonia,NCL,2021,1425561376.81966
New Caledonia,NCL,2020,1706103572.16616
New Caledonia,NCL,2019,1736827318.1717
New Caledonia,NCL,2018,2077196183.36933
New Caledonia,NCL,2017,1927265624.12581
New Caledonia,NCL,2016,1680830644.32587
New Caledonia,NCL,2015,1578920444.17744
New Caledonia,NCL,2014,1976646974.34164
New Caledonia,NCL,2013,1596111822.58528
New Caledonia,NCL,2012,1715324020.26085
New Caledonia,NCL,2011,2079691259.78869
New Caledonia,NCL,2010,1891549544.84672
New Caledonia,NCL,2009,1340540623.43256
New Caledonia,NCL,2008,1682427311.93816
New Caledonia,NCL,2007,2415310046.34178
New Caledonia,NCL,2006,1667538561.16002
New Caledonia,NCL,2005,1339258810.70104
New Caledonia,NCL,2004,1296529854.89288
New Caledonia,NCL,2003,1013166116.53287
New Caledonia,NCL,2002,675306280.737988
New Caledonia,NCL,2001,616966475.374843
New Caledonia,NCL,2000,779113416.25599
New Caledonia,NCL,1999,672432822.431812
New Caledonia,NCL,1998,558407784.194584
New Caledonia,NCL,1997,542773772.428772
New Caledonia,NCL,1996,553535410.67088
New Caledonia,NCL,1995,564723559.654366
New Caledonia,NCL,1994,413150885.998926
New Caledonia,NCL,1993,370028607.510616
New Caledonia,NCL,1992,400878530.210267
New Caledonia,NCL,1991,448725650.611022
New Caledonia,NCL,1990,467633429.662235
New Zealand,NZL,2024,64536380921.6401
New Zealand,NZL,2023,60519517736.8842
New Zealand,NZL,2022,60000634041.6989
New Zealand,NZL,2021,56662187013.7219
New Zealand,NZL,2020,46221338362.6872
New Zealand,NZL,2019,58214279832.002
New Zealand,NZL,2018,59071100322.3185
New Zealand,NZL,2017,56986304614.2734
New Zealand,NZL,2016,50322131532.6917
New Zealand,NZL,2015,49784689412.298
New Zealand,NZL,2014,56333268810.663
New Zealand,NZL,2013,55007020974.9542
New Zealand,NZL,2012,50852168174.6844
New Zealand,NZL,2011,51152198481.9997
New Zealand,NZL,2010,44356174905.2179
New Zealand,NZL,2009,34875382597.289
New Zealand,NZL,2008,42706825050.9594
New Zealand,NZL,2007,40159476739.9133
New Zealand,NZL,2006,33025095648.7906
New Zealand,NZL,2005,32448778427.0929
New Zealand,NZL,2004,30697142857.1429
New Zealand,NZL,2003,26333821912.7886
New Zealand,NZL,2002,21885258021.5881
New Zealand,NZL,2001,19087560689.7706
New Zealand,NZL,2000,18810433407.9831
New Zealand,NZL,1999,18187243759.4063
New Zealand,NZL,1998,16652981735.8808
New Zealand,NZL,1997,18712727731.1984
New Zealand,NZL,1996,19884140419.037
New Zealand,NZL,1995,18787858660.9989
New Zealand,NZL,1994,17024848891.8737
New Zealand,NZL,1993,14314473756.9825
New Zealand,NZL,1992,12991280306.2527
New Zealand,NZL,1991,12465113661.9401
New Zealand,NZL,1990,12175342138.2896
New Zealand,NZL,1989,11573060306.5633
New Zealand,NZL,1988,11833172302.7375
New Zealand,NZL,1987,10547199009.5946
New Zealand,NZL,1986,8152196873.67976
New Zealand,NZL,1985,7232225063.93862
New Zealand,NZL,1984,6892046043.76231
New Zealand,NZL,1983,6905888538.38065
New Zealand,NZL,1982,6702112163.14639
New Zealand,NZL,1981,6818749479.64366
New Zealand,NZL,1980,6695618606.44663
New Zealand,NZL,1979,5935089652.4091
New Zealand,NZL,1978,4937290969.89967
New Zealand,NZL,1977,4038708403.27837
New Zealand,NZL,1976,3630163678.87763
New Zealand,NZL,1975,2971538287.77953
New Zealand,NZL,1974,2875068946.49752
New Zealand,NZL,1973,3073605120.3562
New Zealand,NZL,1972,2339572192.51337
New Zealand,NZL,1971,1779572994.80669
New Zealand,NZL,1970,1434702654.27259
Nicaragua,NIC,2024,7968788634.86811
Nicaragua,NIC,2023,8163866826.09796
Nicaragua,NIC,2022,7800991076.62253
Nicaragua,NIC,2021,6593588345.76777
Nicaragua,NIC,2020,5312785103.96067
Nicaragua,NIC,2019,5689725118.64939
Nicaragua,NIC,2018,5506692298.07729
Nicaragua,NIC,2017,5698946072.93662
Nicaragua,NIC,2016,5165902337.59438
Nicaragua,NIC,2015,5113365846.26724
Nicaragua,NIC,2014,5347156489.68177
Nicaragua,NIC,2013,4965877905.07566
Nicaragua,NIC,2012,4999461749.65592
Nicaragua,NIC,2011,4400107700.26816
Nicaragua,NIC,2010,3544353651.67683
Nicaragua,NIC,2009,2820023105.79984
Nicaragua,NIC,2008,2928943986.69082
Nicaragua,NIC,2007,2454433020.21313
Nicaragua,NIC,2006,2114772340.89611
Nicaragua,NIC,2005,1541273560.01465
Nicaragua,NIC,2004,1335841955.64014
Nicaragua,NIC,2003,1101967322.2333
Nicaragua,NIC,2002,984522982.950708
Nicaragua,NIC,2001,1019075853.00624
Nicaragua,NIC,2000,1027444240.13386
Nicaragua,NIC,1999,899835239.325105
Nicaragua,NIC,1998,896218482.908154
Nicaragua,NIC,1997,852512885.418132
Nicaragua,NIC,1996,725843473.621814
Nicaragua,NIC,1995,666412217.795485
Nicaragua,NIC,1994,507617767.857143
Nicaragua,NIC,1993,358807189.542484
Nicaragua,NIC,1992,309280000.0
Nicaragua,NIC,1991,324886597.938144
Nicaragua,NIC,1990,251842580.645161
Nicaragua,NIC,1989,329660035.506307
Nicaragua,NIC,1988,473058950.448196
Nicaragua,NIC,1987,453312552.502752
Nicaragua,NIC,1986,368698847.695709
Nicaragua,NIC,1985,396280490.083747
Nicaragua,NIC,1984,512628153.855422
Nicaragua,NIC,1983,534109824.643364
Nicaragua,NIC,1982,392200153.439252
Nicaragua,NIC,1981,552951119.646258
Nicaragua,NIC,1980,519538167.543045
Nicaragua,NIC,1979,658777311.697913
Nicaragua,NIC,1978,732135141.820715
Nicaragua,NIC,1977,714673957.070859
Nicaragua,NIC,1976,606080024.766069
Nicaragua,NIC,1975,443524241.264429
Nicaragua,NIC,1974,442345369.746566
Nicaragua,NIC,1973,308310584.52413
Nicaragua,NIC,1972,310040793.287657
Nicaragua,NIC,1971,217911327.618486
Nicaragua,NIC,1970,208130437.237122
Nicaragua,NIC,1969,182894687.380284
Nicaragua,NIC,1968,184888776.183655
Nicaragua,NIC,1967,173891683.808724
Nicaragua,NIC,1966,164627048.598466
Nicaragua,NIC,1965,165339902.758583
Nicaragua,NIC,1964,100227288.352473
Nicaragua,NIC,1963,85701581.7713437
Nicaragua,NIC,1962,71175903.9499193
Nicaragua,NIC,1961,57134379.4210495
Nicaragua,NIC,1960,53745065.4200111
Niger,NER,2024,5430937500.73081
Niger,NER,2023,3958747563.65612
Niger,NER,2022,4075011586.07231
Niger,NER,2021,1490563681.26073
Niger,NER,2020,1338433098.28216
Niger,NER,2019,1386835865.63682
Niger,NER,2018,1450068512.63421
Niger,NER,2017,1432424985.84577
Niger,NER,2016,1266928596.34818
Niger,NER,2015,1381730102.3702
Niger,NER,2014,1732190087.38564
Niger,NER,2013,1736088771.75416
Niger,NER,2012,1517787336.33114
Niger,NER,2011,1341345172.64354
Niger,NER,2010,1270669545.47666
Niger,NER,2009,1101191245.02407
Niger,NER,2008,961860898.124895
Niger,NER,2007,748906703.643474
Niger,NER,2006,659728358.462508
Niger,NER,2005,631697898.739635
Niger,NER,2004,536185487.945235
Niger,NER,2003,450538549.208873
Niger,NER,2002,331604228.731248
Niger,NER,2001,329494484.084892
Niger,NER,2000,321460765.56952
Niger,NER,1999,321173939.247205
Niger,NER,1998,369279336.433897
Niger,NER,1997,310060812.990544
Niger,NER,1996,367972057.135962
Niger,NER,1995,334744118.776406
Niger,NER,1994,254680842.973273
Niger,NER,1993,333024230.578151
Niger,NER,1992,398954556.208562
Niger,NER,1991,394885755.882002
Niger,NER,1990,529264180.867928
Niger,NER,1989,361801929.171755
Niger,NER,1988,417302495.268572
Niger,NER,1987,464530515.258905
Niger,NER,1986,380827485.1127
Niger,NER,1985,297998034.616533
Niger,NER,1984,334702553.776809
Niger,NER,1983,375494052.164754
Niger,NER,1982,423104824.484274
Niger,NER,1981,524397195.933001
Niger,NER,1980,616701298.9023
Niger,NER,1979,602012071.700612
Niger,NER,1978,399776062.983696
Niger,NER,1977,253675833.199836
Niger,NER,1976,237000515.261542
Niger,NER,1975,201836608.528931
Niger,NER,1974,125912801.159303
Niger,NER,1973,146829467.269392
Niger,NER,1972,105576519.593227
Niger,NER,1971,85780084.3217561
Niger,NER,1970,70011507.86505
Niger,NER,1969,58566572.8680842
Niger,NER,1968,51153496.8714077
Niger,NER,1967,56105882.4092776
Niger,NER,1966,87454924.6664248
Niger,NER,1965,63869422.7779284
Niger,NER,1964,54007616.9671035
Niger,NER,1963,54590795.4526676
Niger,NER,1962,49364165.5385434
Niger,NER,1961,39451760.890159
Niger,NER,1960,31918254.3537034
Nigeria,NGA,1960,387790744.883702
North Macedonia,MKD,2024,10455662630.8598
North Macedonia,MKD,2023,10685882457.5582
North Macedonia,MKD,2022,10140779608.9458
North Macedonia,MKD,2021,9162326827.23046
North Macedonia,MKD,2020,7141154682.41593
North Macedonia,MKD,2019,7867370857.84171
North Macedonia,MKD,2018,7657419790.02174
North Macedonia,MKD,2017,6235363472.12165
North Macedonia,MKD,2016,5407081873.02654
North Macedonia,MKD,2015,4905245729.99208
North Macedonia,MKD,2014,5415580045.20133
North Macedonia,MKD,2013,4694501443.70096
North Macedonia,MKD,2012,4421839518.48236
North Macedonia,MKD,2011,4945510286.09573
North Macedonia,MKD,2010,3743089872.19039
North Macedonia,MKD,2009,3084290851.08301
North Macedonia,MKD,2008,4283351433.6105
North Macedonia,MKD,2007,3677770467.96324
North Macedonia,MKD,2006,2592959390.17946
North Macedonia,MKD,2005,2178469494.66013
North Macedonia,MKD,2004,1744851586.82567
North Macedonia,MKD,2003,1367965963.41779
North Macedonia,MKD,2002,1056864332.98805
North Macedonia,MKD,2001,1083173213.6626
North Macedonia,MKD,2000,1243037832.66618
North Macedonia,MKD,1999,890249728.005223
North Macedonia,MKD,1998,876165677.651132
North Macedonia,MKD,1997,919196976.211665
North Macedonia,MKD,1996,988975383.978545
North Macedonia,MKD,1995,1477254566.69672
North Macedonia,MKD,1994,1292553994.46684
North Macedonia,MKD,1993,1192218793.10345
North Macedonia,MKD,1992,1258971518.36574
North Macedonia,MKD,1991,1075454081.63265
North Macedonia,MKD,1990,1154602473.49823
Northern Mariana Islands,MNP,2022,244000000.0
Northern Mariana Islands,MNP,2021,55000000.0
Northern Mariana Islands,MNP,2020,128000000.0
Northern Mariana Islands,MNP,2019,501000000.0
Northern Mariana Islands,MNP,2018,660000000.0
Northern Mariana Islands,MNP,2017,1081000000.0
Northern Mariana Islands,MNP,2016,882000000.0
Northern Mariana Islands,MNP,2015,482000000.0
Northern Mariana Islands,MNP,2014,437000000.0
Northern Mariana Islands,MNP,2013,402000000.0
Northern Mariana Islands,MNP,2012,379000000.0
Northern Mariana Islands,MNP,2011,317000000.0
Northern Mariana Islands,MNP,2010,335000000.0
Northern Mariana Islands,MNP,2009,312000000.0
Northern Mariana Islands,MNP,2008,488000000.0
Northern Mariana Islands,MNP,2007,627000000.0
Northern Mariana Islands,MNP,2006,829000000.0
Northern Mariana Islands,MNP,2005,1017000000.0
Northern Mariana Islands,MNP,2004,1218000000.0
Northern Mariana Islands,MNP,2003,1118000000.0
Northern Mariana Islands,MNP,2002,1169000000.0
Norway,NOR,2024,229666413338.504
Norway,NOR,2023,231391353739.351
Norway,NOR,2022,330944127589.495
Norway,NOR,2021,216630966239.814
Norway,NOR,2020,118415966014.692
Norway,NOR,2019,149767159090.909
Norway,NOR,2018,168091730710.114
Norway,NOR,2017,147570139028.813
Norway,NOR,2016,133315000000.0
Norway,NOR,2015,149733264441.459
Norway,NOR,2014,199328220047.606
Norway,NOR,2013,209676255319.149
Norway,NOR,2012,211710700472.712
Norway,NOR,2011,208873153090.91
Norway,NOR,2010,173068854267.2
Norway,NOR,2009,154453985973.952
Norway,NOR,2008,214876063829.787
Norway,NOR,2007,172965692546.531
Norway,NOR,2006,154506728205.448
Norway,NOR,2005,134661078773.768
Norway,NOR,2004,109052338001.424
Norway,NOR,2003,91002514053.2753
Norway,NOR,2002,79284551216.2128
Norway,NOR,2001,78381841031.1732
Norway,NOR,2000,78206389602.1268
Norway,NOR,1999,62333572674.1204
Norway,NOR,1998,56686723834.0115
Norway,NOR,1997,64600757768.5413
Norway,NOR,1996,64479983875.469
Norway,NOR,1995,55671328450.5619
Norway,NOR,1994,46713188619.3607
Norway,NOR,1993,44244794970.4684
Norway,NOR,1992,47881567302.2769
Norway,NOR,1991,47030187107.6216
Norway,NOR,1990,46392958128.9838
Norway,NOR,1989,37392425229.9225
Norway,NOR,1988,32313794690.8087
Norway,NOR,1987,29427235621.5213
Norway,NOR,1986,26003083289.3829
Norway,NOR,1985,27037523844.9728
Norway,NOR,1984,25803344973.3505
Norway,NOR,1983,25115536428.9239
Norway,NOR,1982,25341958475.3641
Norway,NOR,1981,26748497255.8585
Norway,NOR,1980,27018950437.3178
Norway,NOR,1979,20451807823.7002
Norway,NOR,1978,16484939816.4928
Norway,NOR,1977,13926176387.7148
Norway,NOR,1976,12652982681.2059
Norway,NOR,1975,11586982723.9855
Norway,NOR,1974,10509052836.7962
Norway,NOR,1973,8189670123.83364
Norway,NOR,1972,5877629701.58769
Norway,NOR,1971,4897319973.35563
Norway,NOR,1970,4506712959.72224
Oman,OMN,2024,70788296488.9467
Oman,OMN,2023,65386996098.8297
Oman,OMN,2022,69482444733.42
Oman,OMN,2021,46569570871.2614
Oman,OMN,2020,35719115734.7204
Oman,OMN,2019,43583875162.5488
Oman,OMN,2018,46322496749.0247
Oman,OMN,2017,36964889466.84
Oman,OMN,2016,31042912873.8622
Oman,OMN,2015,39081924577.3732
Oman,OMN,2014,56954486345.9038
Oman,OMN,2013,59386215864.7594
Oman,OMN,2012,54824447334.2003
Oman,OMN,2011,49534460338.1014
Oman,OMN,2010,38408322496.749
Oman,OMN,2009,29274382314.6944
Oman,OMN,2008,39560468140.4421
Oman,OMN,2007,26379713914.1743
Oman,OMN,2006,22899869960.9883
Oman,OMN,2005,19633289986.9961
Oman,OMN,2004,14122236671.0013
Oman,OMN,2003,12327698309.4928
Oman,OMN,2002,11781534460.3381
Oman,OMN,2001,11560468140.4421
Oman,OMN,2000,11771131339.4018
Oman,OMN,1999,7648894668.40052
Oman,OMN,1998,5908972691.80754
Oman,OMN,1997,7921976592.97789
Oman,OMN,1996,7607282184.6554
Oman,OMN,1995,6075422626.78804
Oman,OMN,1994,5552665799.73992
Oman,OMN,1993,5378413524.05722
Oman,OMN,1992,5565669700.91027
Oman,OMN,1991,4881664499.3498
Oman,OMN,1990,5516254876.46294
Oman,OMN,1988,3355006501.95058
Oman,OMN,1987,3817945383.61508
Oman,OMN,1986,2874480996.48675
Oman,OMN,1985,4985596201.45051
Oman,OMN,1984,4435475698.97828
Oman,OMN,1983,4255935147.65489
Oman,OMN,1982,4422987840.18529
Oman,OMN,1981,4695715112.91257
Oman,OMN,1980,3748117834.3949
Oman,OMN,1979,2279675448.75507
Oman,OMN,1978,1598147075.85408
Oman,OMN,1977,1598147075.85408
Oman,OMN,1976,1595830920.67168
Oman,OMN,1975,1416328604.5165
Oman,OMN,1974,1213376375.21714
Oman,OMN,1973,327652876.15919
Oman,OMN,1972,217837106.831382
Oman,OMN,1971,198026948.989413
Oman,OMN,1970,188879848.896121
Oman,OMN,1969,179039856.768115
Oman,OMN,1968,132479894.016085
Oman,OMN,1967,36177551.6910934
Pakistan,PAK,2024,38607805445.7571
Pakistan,PAK,2023,35331726543.8312
Pakistan,PAK,2022,39515650036.1059
Pakistan,PAK,2021,31546332472.5314
Pakistan,PAK,2020,27935253908.9592
Pakistan,PAK,2019,30136170670.3429
Pakistan,PAK,2018,30562205605.5736
Pakistan,PAK,2017,27888160733.4655
Pakistan,PAK,2016,27400963629.0087
Pakistan,PAK,2015,29920081165.7791
Pakistan,PAK,2014,30382086972.4595
Pakistan,PAK,2013,31497982328.1766
Pakistan,PAK,2012,29697611485.2317
Pakistan,PAK,2011,31088962295.1378
Pakistan,PAK,2010,24858636642.8718
Pakistan,PAK,2009,23213002701.9693
Pakistan,PAK,2008,24013343672.3078
Pakistan,PAK,2007,21406517114.1039
Pakistan,PAK,2006,20313153770.8457
Pakistan,PAK,2005,17790723344.6096
Pakistan,PAK,2004,15103000000.0
Pakistan,PAK,2003,13669643162.0283
Pakistan,PAK,2002,11029069178.3046
Pakistan,PAK,2001,10322860872.5524
Pakistan,PAK,2000,9580014109.68833
Pakistan,PAK,1999,9668690721.42037
Pakistan,PAK,1998,10252214043.9952
Pakistan,PAK,1997,10040500610.948
Pakistan,PAK,1996,10703072793.5879
Pakistan,PAK,1995,10132269178.8685
Pakistan,PAK,1994,8449778027.40581
Pakistan,PAK,1993,8394305116.6868
Pakistan,PAK,1992,8442738387.45654
Pakistan,PAK,1991,7725461182.02971
Pakistan,PAK,1990,5917028934.69827
Pakistan,PAK,1989,5652851125.93075
Pakistan,PAK,1988,5331871261.74879
Pakistan,PAK,1987,4605651034.08098
Pakistan,PAK,1986,3922380657.16057
Pakistan,PAK,1985,3290831134.56464
Pakistan,PAK,1984,3549643811.21995
Pakistan,PAK,1983,3495669291.33858
Pakistan,PAK,1982,3131090047.39336
Pakistan,PAK,1981,3606767676.76768
Pakistan,PAK,1980,2978282828.28283
Pakistan,PAK,1979,2174646464.64646
Pakistan,PAK,1978,1679696969.69697
Pakistan,PAK,1977,1413232323.23232
Pakistan,PAK,1976,1402121212.12121
Pakistan,PAK,1975,1312525252.52525
Pakistan,PAK,1974,1208080808.08081
Pakistan,PAK,1973,942116712.380592
Pakistan,PAK,1972,675563974.513518
Pakistan,PAK,1971,823603527.929441
Pakistan,PAK,1970,763754724.905502
Pakistan,PAK,1969,601007979.840403
Pakistan,PAK,1968,605837883.242335
Pakistan,PAK,1967,516589668.206636
Pakistan,PAK,1966,453170936.581268
Pakistan,PAK,1965,418311633.767325
Pakistan,PAK,1964,401931961.360773
Pakistan,PAK,1963,378622427.551449
Pakistan,PAK,1962,288744225.115498
Pakistan,PAK,1961,255984880.302394
Pakistan,PAK,1960,269004619.907602
Palau,PLW,2023,72729423.5229492
Palau,PLW,2022,38204284.6679688
Palau,PLW,2021,15533028.6026001
Palau,PLW,2020,60400894.1650391
Palau,PLW,2019,108052230.834961
Palau,PLW,2018,123289703.369141
Palau,PLW,2017,132309906.005859
Palau,PLW,2016,146216644.287109
Palau,PLW,2015,151922332.763672
Palau,PLW,2014,135743316.650391
Palau,PLW,2013,123213562.011719
Palau,PLW,2012,120008514.404297
Palau,PLW,2011,102126518.249512
Palau,PLW,2010,85446388.2446289
Palau,PLW,2009,79241012.5732422
Palau,PLW,2008,92962448.1201172
Palau,PLW,2007,85528068.5424805
Palau,PLW,2006,87959892.2729492
Palau,PLW,2005,81754470.8251953
Panama,PAN,2024,38380161273.9588
Panama,PAN,2023,38242852826.798
Panama,PAN,2022,36730407983.9939
Panama,PAN,2021,28041417544.0438
Panama,PAN,2020,20695086041.1656
Panama,PAN,2019,28061045272.5593
Panama,PAN,2018,28506576356.7922
Panama,PAN,2017,26677342700.0
Panama,PAN,2016,24944633900.0
Panama,PAN,2015,26426478300.0
Panama,PAN,2014,28227865800.0
Panama,PAN,2013,30311100700.0
Panama,PAN,2012,31007035900.0
Panama,PAN,2011,27745672000.0
Panama,PAN,2010,21169337600.0
Panama,PAN,2009,19444070800.0
Panama,PAN,2008,20139437700.0
Panama,PAN,2007,15632029200.0
Panama,PAN,2006,12911451400.0
Panama,PAN,2005,11343421800.0
Panama,PAN,2004,9147223700.0
Panama,PAN,2003,7908174700.0
Panama,PAN,2002,8042654200.0
Panama,PAN,2001,8417757100.0
Panama,PAN,2000,8252110300.0
Panama,PAN,1999,7437744600.0
Panama,PAN,1998,8476358300.0
Panama,PAN,1997,8944359100.0
Panama,PAN,1996,7673646700.0
Panama,PAN,1995,6399816900.0
Panama,PAN,1994,6185029900.0
Panama,PAN,1993,5626006400.0
Panama,PAN,1992,5336629500.0
Panama,PAN,1991,4552713300.0
Panama,PAN,1990,3699099600.0
Panama,PAN,1989,3092916000.0
Panama,PAN,1988,2940126900.0
Panama,PAN,1987,3233834800.0
Panama,PAN,1986,3202394800.0
Panama,PAN,1985,2972609600.0
Panama,PAN,1984,2752048000.0
Panama,PAN,1983,2792310500.0
Panama,PAN,1982,3277786800.0
Panama,PAN,1981,3253003600.0
Panama,PAN,1980,3000600900.0
Panama,PAN,1979,2183808400.0
Panama,PAN,1978,1915103700.0
Panama,PAN,1977,1788323200.0
Panama,PAN,1976,1626595600.0
Panama,PAN,1975,1680181200.0
Panama,PAN,1974,1479040900.0
Panama,PAN,1973,1025310500.0
Panama,PAN,1972,894452800.0
Panama,PAN,1971,827859100.0
Panama,PAN,1970,753693500.0
Panama,PAN,1969,701141700.0
Panama,PAN,1968,637577200.0
Panama,PAN,1967,582900100.0
Panama,PAN,1966,518176300.0
Panama,PAN,1965,464078900.0
Panama,PAN,1964,407276600.0
Panama,PAN,1963,380614200.0
Panama,PAN,1962,346803300.0
Panama,PAN,1961,282659200.0
Panama,PAN,1960,245950200.0
Papua New Guinea,PNG,2004,2833996151.10035
Papua New Guinea,PNG,2003,2454905169.26021
Papua New Guinea,PNG,2002,1827176463.0192
Papua New Guinea,PNG,2001,2012832113.32721
Papua New Guinea,PNG,2000,2330364836.5162
Papua New Guinea,PNG,1999,2194649625.83694
Papua New Guinea,PNG,1998,2047871461.17613
Papua New Guinea,PNG,1997,2426717802.10585
Papua New Guinea,PNG,1996,3062487177.54173
Papua New Guinea,PNG,1995,2829802499.6258
Papua New Guinea,PNG,1994,2945894925.37313
Papua New Guinea,PNG,1993,2618765433.36059
Papua New Guinea,PNG,1992,2094857972.21646
Papua New Guinea,PNG,1991,1600735294.11765
Papua New Guinea,PNG,1990,1308008398.38312
Papua New Guinea,PNG,1989,1441551379.4296
Papua New Guinea,PNG,1988,1581333551.69753
Papua New Guinea,PNG,1987,1357089279.75469
Papua New Guinea,PNG,1986,1153987795.11104
Papua New Guinea,PNG,1985,1020579538.02506
Papua New Guinea,PNG,1984,1006842008.0307
Papua New Guinea,PNG,1983,927469604.590586
Papua New Guinea,PNG,1982,872493764.032619
Papua New Guinea,PNG,1981,955321731.971999
Papua New Guinea,PNG,1980,1099343315.25935
Papua New Guinea,PNG,1979,1043193252.7534
Papua New Guinea,PNG,1978,816870896.075043
Papua New Guinea,PNG,1977,737925317.914401
Papua New Guinea,PNG,1976,631553328.868186
Papua New Guinea,PNG,1975,542353706.605506
Papua New Guinea,PNG,1974,687991232.527495
Papua New Guinea,PNG,1973,583002326.327839
Papua New Guinea,PNG,1972,268011434.196487
Papua New Guinea,PNG,1971,153382920.347366
Papua New Guinea,PNG,1970,119280019.084803
Papua New Guinea,PNG,1969,104272016.683523
Papua New Guinea,PNG,1968,91504014.6406423
Papua New Guinea,PNG,1967,76720012.275202
Papua New Guinea,PNG,1966,65632010.5011217
Papua New Guinea,PNG,1965,62048009.9276816
Papua New Guinea,PNG,1964,55888008.9420814
Papua New Guinea,PNG,1963,48048007.6876812
Papua New Guinea,PNG,1962,42336006.7737611
Papua New Guinea,PNG,1961,39424006.307841
Paraguay,PRY,2024,16539167593.3273
Paraguay,PRY,2023,18137259903.4502
Paraguay,PRY,2022,14418957277.4396
Paraguay,PRY,2021,14177412819.8978
Paraguay,PRY,2020,11788507797.7316
Paraguay,PRY,2019,13686227184.127
Paraguay,PRY,2018,14824374395.5124
Paraguay,PRY,2017,14884925311.3479
Paraguay,PRY,2016,13404881408.6057
Paraguay,PRY,2015,12577922817.5698
Paraguay,PRY,2014,14319795161.6013
Paraguay,PRY,2013,14905195671.2363
Paraguay,PRY,2012,12641839182.9651
Paraguay,PRY,2011,13583125546.666
Paraguay,PRY,2010,11487694356.9034
Paraguay,PRY,2009,8516698731.26995
Paraguay,PRY,2008,10446318049.8581
Paraguay,PRY,2007,7745197915.67565
Paraguay,PRY,2006,6216897492.09468
Paraguay,PRY,2005,5110362042.55377
Paraguay,PRY,2004,4397197654.93139
Paraguay,PRY,2003,3626068858.76215
Paraguay,PRY,2002,3416430254.76448
Paraguay,PRY,2001,3452915687.14031
Paraguay,PRY,2000,3837259043.41216
Paraguay,PRY,1999,3781642164.42722
Paraguay,PRY,1998,5059911869.98669
Paraguay,PRY,1997,4830120259.01573
Paraguay,PRY,1996,5162446921.68941
Paraguay,PRY,1995,5598134199.44779
Paraguay,PRY,1994,4787159382.54688
Paraguay,PRY,1993,4343942839.01852
Paraguay,PRY,1992,3566831493.03473
Paraguay,PRY,1991,3550997047.16269
Paraguay,PRY,1990,3035291401.61002
Paraguay,PRY,1989,2468316706.21094
Paraguay,PRY,1988,2059098946.42857
Paraguay,PRY,1987,1444433945.94311
Paraguay,PRY,1986,1276819837.95903
Paraguay,PRY,1985,888944748.967552
Paraguay,PRY,1984,827269915.100533
Paraguay,PRY,1983,525092104.541096
Paraguay,PRY,1982,657801470.588235
Paraguay,PRY,1981,627833333.333333
Paraguay,PRY,1980,615865079.365079
Paraguay,PRY,1979,548674603.174603
Paraguay,PRY,1978,471531746.031746
Paraguay,PRY,1977,407007936.507937
Paraguay,PRY,1976,249071428.571429
Paraguay,PRY,1975,199642857.142857
Paraguay,PRY,1974,206802695.055556
Paraguay,PRY,1973,148968253.968254
Paraguay,PRY,1972,105873015.873016
Paraguay,PRY,1971,88888888.8888889
Paraguay,PRY,1970,88698412.6984127
Paraguay,PRY,1969,75531746.031746
Paraguay,PRY,1968,63952380.952381
Paraguay,PRY,1967,60198412.6984127
Paraguay,PRY,1966,61714285.7142857
Paraguay,PRY,1965,66349206.3492064
Paraguay,PRY,1964,50047619.047619
Paraguay,PRY,1963,44380952.3809524
Paraguay,PRY,1962,45555555.5555556
Peru,PER,2024,82536982274.1351
Peru,PER,2023,72440065323.5487
Peru,PER,2022,70945282634.6397
Peru,PER,2021,66169160382.7701
Peru,PER,2020,46347277393.2378
Peru,PER,2019,54892296037.3345
Peru,PER,2018,56077049768.4083
Peru,PER,2017,52160903521.1907
Peru,PER,2016,43369573655.2395
Peru,PER,2015,40403976964.2314
Peru,PER,2014,45391688187.9957
Peru,PER,2013,49908231210.7151
Peru,PER,2012,52881688028.3714
Peru,PER,2011,52392070004.7202
Peru,PER,2010,41051280916.7736
Peru,PER,2009,31948077816.878
Peru,PER,2008,35836836528.9313
Peru,PER,2007,32206455736.6571
Peru,PER,2006,27068649606.0588
Peru,PER,2005,20421330421.3304
Peru,PER,2004,15298201417.7749
Peru,PER,2003,11167509772.3615
Peru,PER,2002,9462717116.29758
Peru,PER,2001,8637724124.16978
Peru,PER,2000,8676752915.55632
Peru,PER,1999,7727286157.48264
Peru,PER,1998,7605311667.91835
Peru,PER,1997,8418168168.16817
Peru,PER,1996,7357698732.83625
Peru,PER,1995,6717350828.9742
Peru,PER,1994,5732107084.3198
Peru,PER,1993,4336828766.77894
Peru,PER,1992,4500645313.49968
Peru,PER,1991,4190478467.66937
Peru,PER,1990,4145689007.3913
Peru,PER,1989,2549118175.62189
Peru,PER,1988,2331272000.0
Peru,PER,1987,4672236796.51538
Peru,PER,1986,3594264205.05467
Peru,PER,1985,3942344117.06489
Peru,PER,1984,3839792318.92699
Peru,PER,1983,3770030204.25272
Peru,PER,1982,4101399615.17599
Peru,PER,1981,4018299006.92376
Peru,PER,1980,4628615889.81391
Peru,PER,1979,4308384769.0955
Peru,PER,1978,2521221599.78683
Peru,PER,1977,2250793523.04793
Peru,PER,1976,1892130904.04511
Peru,PER,1975,1788374611.00237
Peru,PER,1974,1956022867.10481
Peru,PER,1973,1465079293.62959
Peru,PER,1972,1263534016.41508
Peru,PER,1971,1147257883.5697
Peru,PER,1970,1294540906.31252
Peru,PER,1969,1121418742.92303
Peru,PER,1968,1038733473.1793
Peru,PER,1967,955400397.089275
Peru,PER,1966,950758983.406069
Peru,PER,1965,809077280.977221
Peru,PER,1964,805981793.50507
Peru,PER,1963,663776045.699619
Peru,PER,1962,655757632.276501
Peru,PER,1961,602985559.970891
Peru,PER,1960,519816792.858995
Philippines,PHL,2024,118974717244.898
Philippines,PHL,2023,116417848991.926
Philippines,PHL,2022,114785414693.615
Philippines,PHL,2021,101485514507.701
Philippines,PHL,2020,91171559890.9852
Philippines,PHL,2019,106953484846.44
Philippines,PHL,2018,104793441904.255
Philippines,PHL,2017,97073582741.5119
Philippines,PHL,2016,84987391167.9967
Philippines,PHL,2015,83377968054.3017
Philippines,PHL,2014,81375151612.2683
Philippines,PHL,2013,74318435289.2963
Philippines,PHL,2012,71941908434.7541
Philippines,PHL,2011,68169783855.6464
Philippines,PHL,2010,68500918811.9867
Philippines,PHL,2009,53178736402.3859
Philippines,PHL,2008,60584223733.5822
Philippines,PHL,2007,59294683203.5813
Philippines,PHL,2006,52651035880.407
Philippines,PHL,2005,44289298773.9857
Philippines,PHL,2004,39736335346.4638
Philippines,PHL,2003,36821904272.9347
Philippines,PHL,2002,33727726965.0759
Philippines,PHL,2001,32480429836.8783
Philippines,PHL,2000,36266016498.3679
Philippines,PHL,1999,32895382041.5333
Philippines,PHL,1998,28163249808.9529
Philippines,PHL,1997,33018279727.5853
Philippines,PHL,1996,27340728434.0539
Philippines,PHL,1995,21961852796.7156
Philippines,PHL,1994,17613597498.9294
Philippines,PHL,1993,13836087972.0464
Philippines,PHL,1992,12555557116.8822
Philippines,PHL,1991,10856619093.8246
Philippines,PHL,1990,9795179683.67578
Philippines,PHL,1989,9576565364.64188
Philippines,PHL,1988,8630151222.99822
Philippines,PHL,1987,7007121196.73225
Philippines,PHL,1986,6310106781.80368
Philippines,PHL,1985,5951187302.3025
Philippines,PHL,1984,6053575750.89043
Philippines,PHL,1983,5554591564.78114
Philippines,PHL,1982,5854443596.01874
Philippines,PHL,1981,6543358555.12586
Poland,POL,2024,478889163359.631
Poland,POL,2023,470257077151.136
Poland,POL,2022,433728761282.735
Poland,POL,2021,393088751264.328
Poland,POL,2020,317704377851.373
Poland,POL,2019,317089370014.651
Poland,POL,2018,310583609822.563
Poland,POL,2017,273120920799.728
Poland,POL,2016,236186957608.087
Poland,POL,2015,226401379493.302
Poland,POL,2014,250578055388.072
Poland,POL,2013,237156858929.76
Poland,POL,2012,219299490072.598
Poland,POL,2011,223375954487.034
Poland,POL,2010,190729280668.59
Poland,POL,2009,163147702893.009
Poland,POL,2008,201758478392.789
Poland,POL,2007,165316208746.545
Poland,POL,2006,130258272379.299
Poland,POL,2005,105993139200.546
Poland,POL,2004,87290664313.2379
Poland,POL,2003,72646837615.6284
Poland,POL,2002,57159341603.3645
Poland,POL,2001,51902098243.7285
Poland,POL,2000,46824088401.6037
Poland,POL,1999,40963593630.423
Poland,POL,1998,45328595269.6093
Poland,POL,1997,37183635979.9615
Poland,POL,1996,35353288082.7862
Poland,POL,1995,32643940184.3229
Portugal,PRT,2024,143389625477.087
Portugal,PRT,2023,137846682521.679
Portugal,PRT,2022,127117787016.907
Portugal,PRT,2021,106387190475.432
Portugal,PRT,2020,85546804977.8602
Portugal,PRT,2019,104818126821.584
Portugal,PRT,2018,105740319070.278
Portugal,PRT,2017,94844484377.5766
Portugal,PRT,2016,83254740236.8473
Portugal,PRT,2015,80984130312.3324
Portugal,PRT,2014,92457300368.9836
Portugal,PRT,2013,89682537231.5018
Portugal,PRT,2012,81685225652.2559
Portugal,PRT,2011,84455064293.3465
Portugal,PRT,2010,71598934532.6668
Portugal,PRT,2009,66778989702.4113
Portugal,PRT,2008,82346807428.8703
Portugal,PRT,2007,75020812081.1391
Portugal,PRT,2006,63373039603.5493
Portugal,PRT,2005,53424570457.6498
Portugal,PRT,2004,52396449477.4055
Portugal,PRT,2003,45217764524.7015
Portugal,PRT,2002,36493691734.673
Portugal,PRT,2001,33364915450.3024
Portugal,PRT,2000,33452144655.7193
Portugal,PRT,1999,33756675284.7248
Portugal,PRT,1998,33876548308.1033
Portugal,PRT,1997,31774839336.7639
Portugal,PRT,1996,32556406290.6161
Portugal,PRT,1995,31620944672.9468
Portugal,PRT,1994,25055310386.4734
Portugal,PRT,1993,22422442338.8605
Portugal,PRT,1992,26315596970.597
Portugal,PRT,1991,23689342306.0913
Portugal,PRT,1990,22960185627.9004
Portugal,PRT,1989,17854164756.8118
Portugal,PRT,1988,15572504178.273
Portugal,PRT,1987,13172520278.9242
Portugal,PRT,1986,10071952821.3376
Portugal,PRT,1985,7929289328.15625
Portugal,PRT,1984,7358490824.43166
Portugal,PRT,1983,6687714440.82519
Portugal,PRT,1982,6314253279.51564
Portugal,PRT,1981,6501188925.08143
Portugal,PRT,1980,7058033640.36844
Portugal,PRT,1979,5643155737.70492
Portugal,PRT,1978,3702002737.22628
Portugal,PRT,1977,3094730225.24882
Portugal,PRT,1976,2777320954.90716
Portugal,PRT,1975,3092305882.35294
Portugal,PRT,1974,3686495659.0371
Portugal,PRT,1973,3160024529.84464
Portugal,PRT,1972,2398176426.98295
Portugal,PRT,1971,1808141342.75618
Portugal,PRT,1970,1549504881.45049
Puerto Rico (US),PRI,2024,65380300000.0
Puerto Rico (US),PRI,2023,63557700000.0
Puerto Rico (US),PRI,2022,59706800000.0
Puerto Rico (US),PRI,2021,57909200000.0
Puerto Rico (US),PRI,2020,62237400000.0
Puerto Rico (US),PRI,2019,63684400000.0
Puerto Rico (US),PRI,2018,60528400000.0
Puerto Rico (US),PRI,2017,71091600000.0
Puerto Rico (US),PRI,2016,71740000000.0
Puerto Rico (US),PRI,2015,69463100000.0
Puerto Rico (US),PRI,2014,62309200000.0
Puerto Rico (US),PRI,2013,62361300000.0
Puerto Rico (US),PRI,2012,58351600000.0
Puerto Rico (US),PRI,2011,64278000000.0
Puerto Rico (US),PRI,2010,61657200000.0
Puerto Rico (US),PRI,2009,60806600000.0
Puerto Rico (US),PRI,2008,63953600000.0
Puerto Rico (US),PRI,2007,60010800000.0
Puerto Rico (US),PRI,2006,60118700000.0
Puerto Rico (US),PRI,2005,56543200000.0
Puerto Rico (US),PRI,2004,55080200000.0
Puerto Rico (US),PRI,2003,55175300000.0
Puerto Rico (US),PRI,2002,47172300000.0
Puerto Rico (US),PRI,2001,46900800000.0
Puerto Rico (US),PRI,2000,38465700000.0
Puerto Rico (US),PRI,1999,34901800000.0
Puerto Rico (US),PRI,1998,30272900000.0
Puerto Rico (US),PRI,1997,23946800000.0
Puerto Rico (US),PRI,1996,22944400000.0
Puerto Rico (US),PRI,1995,23811300000.0
Puerto Rico (US),PRI,1994,21752600000.0
Puerto Rico (US),PRI,1993,19790700000.0
Puerto Rico (US),PRI,1992,21051200000.0
Puerto Rico (US),PRI,1991,21323000000.0
Puerto Rico (US),PRI,1990,19305400000.0
Puerto Rico (US),PRI,1989,16354900000.0
Puerto Rico (US),PRI,1988,13952800000.0
Puerto Rico (US),PRI,1987,12068100000.0
Puerto Rico (US),PRI,1986,11571400000.0
Puerto Rico (US),PRI,1985,10543700000.0
Puerto Rico (US),PRI,1984,9146000000.0
Puerto Rico (US),PRI,1983,8521200000.0
Puerto Rico (US),PRI,1982,8881600000.0
Puerto Rico (US),PRI,1981,8092800000.0
Puerto Rico (US),PRI,1980,7013300000.0
Puerto Rico (US),PRI,1979,6033300000.0
Puerto Rico (US),PRI,1978,4767900000.0
Puerto Rico (US),PRI,1977,4479900000.0
Puerto Rico (US),PRI,1976,3346200000.0
Puerto Rico (US),PRI,1975,3138400000.0
Puerto Rico (US),PRI,1974,3338700000.0
Puerto Rico (US),PRI,1973,2465700000.0
Puerto Rico (US),PRI,1972,1974300000.0
Puerto Rico (US),PRI,1971,1796800000.0
Qatar,QAT,2022,161692857142.857
Qatar,QAT,2021,105549450549.451
Qatar,QAT,2020,70933241758.2418
Qatar,QAT,2019,92046153846.1538
Qatar,QAT,2018,102560989010.989
Qatar,QAT,2017,85204395604.3956
Qatar,QAT,2016,72397252747.2527
Qatar,QAT,2015,92291208791.2088
Qatar,QAT,2014,140228846153.846
Qatar,QAT,2013,144510439560.44
Qatar,QAT,2012,142876098901.099
Qatar,QAT,2011,121837912087.912
Qatar,QAT,2010,77975824175.8242
Qatar,QAT,2009,50009065934.0659
Qatar,QAT,2008,70732417582.4176
Qatar,QAT,2007,48048351648.3516
Qatar,QAT,2006,38244780219.7802
Qatar,QAT,2005,28982692307.6923
Qatar,QAT,2004,20363186813.1868
Qatar,QAT,2003,14519780219.7802
Qatar,QAT,2002,11684615384.6154
Qatar,QAT,2001,11556593406.5934
Qatar,QAT,2000,11949450549.4505
Qatar,QAT,1999,7440934065.93407
Qatar,QAT,1998,5240109890.10989
Qatar,QAT,1997,5454670329.67033
Qatar,QAT,1996,3961263818.68132
Qatar,QAT,1995,3608241785.71429
Qatar,QAT,1994,3309340686.81319
Romania,ROU,2024,136204440675.017
Romania,ROU,2023,136476225870.625
Romania,ROU,2022,128502658113.779
Romania,ROU,2021,116008010735.462
Romania,ROU,2020,92658939979.1517
Romania,ROU,2019,100870449571.429
Romania,ROU,2018,101030592267.082
Romania,ROU,2017,88964370565.0745
Romania,ROU,2016,78593549490.1314
Romania,ROU,2015,73554067275.1879
Romania,ROU,2014,82838251211.1192
Romania,ROU,2013,76385138211.0792
Romania,ROU,2012,63959863906.3491
Romania,ROU,2011,67874157648.3431
Romania,ROU,2010,53811070203.5936
Romania,ROU,2009,45307699244.9149
Romania,ROU,2008,56055402884.9582
Romania,ROU,2007,43142335691.5821
Romania,ROU,2006,30226776025.3444
Romania,ROU,2005,24155999358.8804
Romania,ROU,2004,19301170435.4961
Romania,ROU,2003,13996506633.8716
Romania,ROU,2002,11061722688.224
Romania,ROU,2001,8929729714.84946
Romania,ROU,2000,8042666725.62915
Romania,ROU,1999,9585764933.30655
Romania,ROU,1998,9596555943.38624
Romania,ROU,1997,10031194457.5429
Romania,ROU,1996,9772624067.46675
Romania,ROU,1995,9593366383.38055
Romania,ROU,1994,7488535366.6568
Romania,ROU,1993,6067363989.21124
Romania,ROU,1992,6981666666.66667
Romania,ROU,1991,5077889776.14871
Romania,ROU,1990,6397681676.32635
Russian Federation,RUS,2024,476430904566.737
Russian Federation,RUS,2023,465937815839.194
Russian Federation,RUS,2022,635241831700.755
Russian Federation,RUS,2021,548800273711.107
Russian Federation,RUS,2020,381065599584.428
Russian Federation,RUS,2019,481410680627.341
Russian Federation,RUS,2018,510345505266.608
Russian Federation,RUS,2017,410722481424.915
Russian Federation,RUS,2016,330106509740.16
Russian Federation,RUS,2015,391365600741.085
Russian Federation,RUS,2014,558282985966.489
Russian Federation,RUS,2013,592496613389.693
Russian Federation,RUS,2012,594192620575.645
Russian Federation,RUS,2011,573991024064.42
Russian Federation,RUS,2010,445512969856.508
Russian Federation,RUS,2009,341584048925.976
Russian Federation,RUS,2008,520004224863.321
Russian Federation,RUS,2007,392043343368.837
Russian Federation,RUS,2006,333908794239.615
Russian Federation,RUS,2005,268957047128.595
Russian Federation,RUS,2004,203415480735.856
Russian Federation,RUS,2003,151697387187.714
Russian Federation,RUS,2002,121649122807.018
Russian Federation,RUS,2001,113116215289.681
Russian Federation,RUS,2000,114429434767.153
Russian Federation,RUS,1999,84670999187.6523
Russian Federation,RUS,1998,84595569294.1783
Russian Federation,RUS,1997,100138288677.615
Russian Federation,RUS,1996,102134384267.208
Russian Federation,RUS,1995,115848931221.619
Russian Federation,RUS,1994,109667054790.09
Russian Federation,RUS,1993,166221968543.886
Russian Federation,RUS,1992,286864406779.661
Russian Federation,RUS,1991,68740740740.7407
Russian Federation,RUS,1990,93900481540.931
Russian Federation,RUS,1989,110963748894.783
Rwanda,RWA,2024,4392652633.98017
Rwanda,RWA,2023,3583751986.79432
Rwanda,RWA,2022,2993214861.51281
Rwanda,RWA,2021,2160639864.3606
Rwanda,RWA,2020,1966296085.90234
Rwanda,RWA,2019,2258780688.5869
Rwanda,RWA,2018,2034369945.33643
Rwanda,RWA,2017,1899456983.17202
Rwanda,RWA,2016,1340967740.6759
Rwanda,RWA,2015,1130492137.41354
Rwanda,RWA,2014,1142634329.4776
Rwanda,RWA,2013,1055111446.67618
Rwanda,RWA,2012,918133332.234621
Rwanda,RWA,2011,871552309.195386
Rwanda,RWA,2010,657968197.706553
Rwanda,RWA,2009,588300424.455283
Rwanda,RWA,2008,583912253.24299
Rwanda,RWA,2007,556349850.170489
Rwanda,RWA,2006,361305981.418146
Rwanda,RWA,2005,313566210.476234
Rwanda,RWA,2004,247001642.569301
Rwanda,RWA,2003,166283313.277101
Rwanda,RWA,2002,121512377.220714
Rwanda,RWA,2001,142951897.314601
Rwanda,RWA,2000,111245044.986325
Rwanda,RWA,1999,116761147.373241
Rwanda,RWA,1998,111106101.802156
Rwanda,RWA,1997,144372276.125515
Rwanda,RWA,1996,83373731.5038133
Rwanda,RWA,1995,66627306.1347403
Rwanda,RWA,1994,47498580.0
Rwanda,RWA,1993,102031305.125194
Rwanda,RWA,1992,112984503.501877
Rwanda,RWA,1991,139864227.842443
Rwanda,RWA,1990,143182958.616913
Rwanda,RWA,1989,147651286.333308
Rwanda,RWA,1988,158571071.128357
Rwanda,RWA,1987,160729866.921552
Rwanda,RWA,1986,244728574.995967
Rwanda,RWA,1985,184987523.935951
Rwanda,RWA,1984,200513030.193721
Rwanda,RWA,1983,171373975.891403
Rwanda,RWA,1982,162572590.424409
Rwanda,RWA,1981,138251006.579199
Rwanda,RWA,1980,181144512.657342
Rwanda,RWA,1979,233473687.093128
Rwanda,RWA,1978,133872840.494526
Rwanda,RWA,1977,106530363.190454
Rwanda,RWA,1976,92977837.1406683
Rwanda,RWA,1975,52450643.1253539
Rwanda,RWA,1974,37535558.2204488
Rwanda,RWA,1973,33721790.472105
Rwanda,RWA,1972,20411486.8899625
Rwanda,RWA,1971,22766631.4171697
Rwanda,RWA,1970,25299999.0
Rwanda,RWA,1969,14489999.0
Rwanda,RWA,1968,15049999.0
Rwanda,RWA,1967,16773000.0
Rwanda,RWA,1966,14045713.1428571
Rwanda,RWA,1965,18000000.0
Rwanda,RWA,1964,15600000.0
Rwanda,RWA,1963,7600000.0
Rwanda,RWA,1962,11600000.0
Rwanda,RWA,1961,14000000.0
Rwanda,RWA,1960,14800000.0
Samoa,WSM,2024,360459829.413357
Samoa,WSM,2023,273855926.036295
Samoa,WSM,2022,102172238.507968
Samoa,WSM,2021,98618303.1460609
Samoa,WSM,2020,253683224.025783
Samoa,WSM,2019,319836966.763327
Samoa,WSM,2018,280801984.26038
Samoa,WSM,2017,262464997.624791
Samoa,WSM,2016,242864846.787031
Samoa,WSM,2015,223682230.93435
Samoa,WSM,2014,219822977.530339
Samoa,WSM,2013,224169124.12829
Samoa,WSM,2012,202908632.461658
Samoa,WSM,2011,211274615.956522
Samoa,WSM,2010,188537218.437828
Samoa,WSM,2009,175821407.646111
Samoa,WSM,2008,178694538.990999
Samoa,WSM,2007,167537032.790644
Samoa,WSM,2006,148046270.643687
Samoa,WSM,2005,136058037.855588
Samoa,WSM,2004,118514325.984826
Samoa,WSM,2003,103682809.554851
Samoa,WSM,2002,96312518.6653508
San Marino,SMR,2023,3771054548.99374
San Marino,SMR,2022,3611090151.23087
San Marino,SMR,2021,3420233100.82343
San Marino,SMR,2020,2535024997.36723
San Marino,SMR,2019,2650754110.84242
San Marino,SMR,2018,2757777763.56896
San Marino,SMR,2017,2579985263.1365
San Marino,SMR,2016,2541234589.82945
San Marino,SMR,2015,2476183221.09318
Saudi Arabia,SAU,2024,360897333333.333
Saudi Arabia,SAU,2023,368530666666.667
Saudi Arabia,SAU,2022,445881333333.333
Saudi Arabia,SAU,2021,286501333333.333
Saudi Arabia,SAU,2020,182847733333.333
Saudi Arabia,SAU,2019,285860000000.0
Saudi Arabia,SAU,2018,314916533333.333
Saudi Arabia,SAU,2017,239892533333.333
Saudi Arabia,SAU,2016,200877333333.333
Saudi Arabia,SAU,2015,218010400000.0
Saudi Arabia,SAU,2014,354973333333.333
Saudi Arabia,SAU,2013,387745333333.333
Saudi Arabia,SAU,2012,399419466666.667
Saudi Arabia,SAU,2011,376224000000.0
Saudi Arabia,SAU,2010,261830933333.333
Saudi Arabia,SAU,2009,202056266666.667
Saudi Arabia,SAU,2008,322853600000.0
Saudi Arabia,SAU,2007,249318478985.991
Saudi Arabia,SAU,2006,225506542056.075
Saudi Arabia,SAU,2005,187388647220.517
Saudi Arabia,SAU,2004,131920533333.333
Saudi Arabia,SAU,2003,98956800000.0
Saudi Arabia,SAU,2002,77641333333.3333
Saudi Arabia,SAU,2001,72980533333.3333
Saudi Arabia,SAU,2000,82259466666.6667
Saudi Arabia,SAU,1999,56061600000.0
Saudi Arabia,SAU,1998,43493066666.6667
Saudi Arabia,SAU,1997,64989052069.4259
Saudi Arabia,SAU,1996,63501201602.1362
Saudi Arabia,SAU,1995,53521228304.4059
Saudi Arabia,SAU,1994,45960747663.5514
Saudi Arabia,SAU,1993,45678237650.2003
Saudi Arabia,SAU,1992,53610680907.8772
Saudi Arabia,SAU,1991,50652603471.2951
Saudi Arabia,SAU,1990,47445927903.8718
Saudi Arabia,SAU,1989,32174632843.7917
Saudi Arabia,SAU,1988,27645126835.781
Saudi Arabia,SAU,1987,26447263017.3565
Saudi Arabia,SAU,1986,23221442073.9941
Saudi Arabia,SAU,1985,31243235781.3363
Saudi Arabia,SAU,1984,41296821793.4166
Saudi Arabia,SAU,1983,49690593342.9812
Saudi Arabia,SAU,1982,77741454554.0465
Saudi Arabia,SAU,1981,115769423161.749
Saudi Arabia,SAU,1980,104409960255.409
Saudi Arabia,SAU,1979,61361500126.3078
Saudi Arabia,SAU,1978,39584805336.6875
Saudi Arabia,SAU,1977,42599781847.9943
Saudi Arabia,SAU,1976,38230311614.7309
Saudi Arabia,SAU,1975,34300542527.1463
Saudi Arabia,SAU,1974,28581126760.5634
Saudi Arabia,SAU,1973,14903189967.9193
Saudi Arabia,SAU,1972,5951621242.56862
Saudi Arabia,SAU,1971,3878685815.75095
Saudi Arabia,SAU,1970,2731777777.77778
Saudi Arabia,SAU,1969,2161704511.11111
Saudi Arabia,SAU,1968,1998980666.66667
Senegal,SEN,2024,8100664779.95513
Senegal,SEN,2023,7092341812.29776
Senegal,SEN,2022,7417917497.04587
Senegal,SEN,2021,6781011708.68501
Senegal,SEN,2020,5077951817.12245
Senegal,SEN,2019,5847051726.26615
Senegal,SEN,2018,5305072986.89084
Senegal,SEN,2017,4604563711.6937
Senegal,SEN,2016,4105254723.24457
Senegal,SEN,2015,4030818415.9103
Senegal,SEN,2014,4311504600.85322
Senegal,SEN,2013,4228273484.9784
Senegal,SEN,2012,3969170142.39475
Senegal,SEN,2011,3795074623.72951
Senegal,SEN,2010,3221238633.92741
Senegal,SEN,2009,3131307995.77437
Senegal,SEN,2008,3513433452.35253
Senegal,SEN,2007,2876425981.96561
Senegal,SEN,2006,2252093121.77212
Senegal,SEN,2005,2180519353.0899
Senegal,SEN,2004,1924839548.26911
Senegal,SEN,2003,1597488034.20279
Senegal,SEN,2002,1374437539.01495
Senegal,SEN,2001,1151929254.77989
Senegal,SEN,2000,1068191179.72256
Senegal,SEN,1999,1252919321.45059
Senegal,SEN,1998,1209065011.79694
Senegal,SEN,1997,1107580223.68869
Senegal,SEN,1996,1186269197.47014
Senegal,SEN,1995,1306823704.17812
Senegal,SEN,1994,1068412067.0694
Senegal,SEN,1993,998657341.653891
Senegal,SEN,1992,1164623532.48335
Senegal,SEN,1991,1125698820.44257
Senegal,SEN,1990,1260610905.58651
Senegal,SEN,1989,1043007675.0135
Senegal,SEN,1988,964374937.121917
Senegal,SEN,1987,929471805.896282
Senegal,SEN,1986,892982436.64942
Senegal,SEN,1985,715458891.811654
Senegal,SEN,1984,797845320.524301
Senegal,SEN,1983,847007035.153351
Senegal,SEN,1982,787460424.923807
Senegal,SEN,1981,874415799.889018
Senegal,SEN,1980,726560625.092191
Senegal,SEN,1979,769692158.640895
Senegal,SEN,1978,586873674.452771
Senegal,SEN,1977,752595833.004297
Senegal,SEN,1976,616306340.843974
Senegal,SEN,1975,609915544.561247
Senegal,SEN,1974,531016257.150443
Senegal,SEN,1973,314124735.775087
Senegal,SEN,1972,293958430.073224
Senegal,SEN,1971,205321732.553379
Senegal,SEN,1970,208798742.544662
Senegal,SEN,1969,183032589.899575
Senegal,SEN,1968,177216109.466724
Senegal,SEN,1967,145983546.95298
Senegal,SEN,1966,158693960.076765
Senegal,SEN,1965,145436128.497739
Senegal,SEN,1964,142348125.647153
Senegal,SEN,1963,135516436.4806
Senegal,SEN,1962,151058846.158865
Senegal,SEN,1961,153701751.363538
Senegal,SEN,1960,115539819.729106
Serbia,SRB,2024,48277776721.5714
Serbia,SRB,2023,44799890209.3686
Serbia,SRB,2022,40579106356.8943
Serbia,SRB,2021,34628348308.2237
Serbia,SRB,2020,25760764788.3125
Serbia,SRB,2019,26372690325.2173
Serbia,SRB,2018,25691797086.2512
Serbia,SRB,2017,22127853999.9267
Serbia,SRB,2016,19615292710.9932
Serbia,SRB,2015,17916931976.5824
Serbia,SRB,2014,19804449977.1439
Serbia,SRB,2013,19287772622.7088
Serbia,SRB,2012,15526608641.4855
Serbia,SRB,2011,16258681583.0167
Serbia,SRB,2010,13491229130.9925
Serbia,SRB,2009,11900794014.8504
Serbia,SRB,2008,14848003086.669
Serbia,SRB,2007,11782818821.7985
Serbia,SRB,2006,9645370224.19868
Serbia,SRB,2005,7821417757.64534
Serbia,SRB,2004,6571867067.25087
Serbia,SRB,2003,5204459810.99376
Serbia,SRB,2002,3440881203.3858
Serbia,SRB,2001,2681640789.04068
Serbia,SRB,2000,603908121.31229
Serbia,SRB,1999,2082768083.00819
Serbia,SRB,1998,3643557841.84711
Serbia,SRB,1997,3472726350.15138
Serbia,SRB,1996,2447299813.78026
Serbia,SRB,1995,869519774.011299
Seychelles,SYC,2024,1845801876.19931
Seychelles,SYC,2023,1824457781.79385
Seychelles,SYC,2022,1818966306.17899
Seychelles,SYC,2021,1193663263.24547
Seychelles,SYC,2020,920042421.547639
Seychelles,SYC,2019,1538983435.76862
Seychelles,SYC,2018,1553145430.37773
Seychelles,SYC,2017,1573333403.18565
Seychelles,SYC,2016,1338730180.08626
Seychelles,SYC,2015,1290375234.95138
Seychelles,SYC,2014,1376210126.70164
Seychelles,SYC,2013,1262543322.97158
Seychelles,SYC,2012,1122604567.95522
Seychelles,SYC,2011,1037324780.35757
Seychelles,SYC,2010,896873105.74782
Seychelles,SYC,2009,896738912.88279
Seychelles,SYC,2008,961331923.056223
Seychelles,SYC,2007,935575117.966411
Seychelles,SYC,2006,898472650.285559
Seychelles,SYC,2005,754034109.090909
Seychelles,SYC,2004,650842527.272727
Seychelles,SYC,2003,657204441.558408
Seychelles,SYC,2002,569063799.433325
Seychelles,SYC,2001,546294059.863335
Seychelles,SYC,2000,486226807.753906
Seychelles,SYC,1999,152013308.376228
Seychelles,SYC,1998,128162615.685753
Seychelles,SYC,1997,118656888.050992
Seychelles,SYC,1996,146186060.081692
Seychelles,SYC,1995,55776979.7769798
Seychelles,SYC,1994,52986352.30824
Seychelles,SYC,1993,53589237.0076578
Seychelles,SYC,1992,50252835.861692
Seychelles,SYC,1991,51160208.4809582
Seychelles,SYC,1990,59192935.2245686
Seychelles,SYC,1989,35914015.8814195
Seychelles,SYC,1988,33344240.9094193
Seychelles,SYC,1987,23213176.3026053
Seychelles,SYC,1986,19278075.738992
Seychelles,SYC,1985,29326494.9925943
Seychelles,SYC,1984,26935625.2214413
Seychelles,SYC,1983,21248691.789548
Seychelles,SYC,1982,15986241.064918
Seychelles,SYC,1981,17859601.6579769
Seychelles,SYC,1980,22163208.8799193
Seychelles,SYC,1979,21890203.943057
Seychelles,SYC,1978,15164545.1894989
Seychelles,SYC,1977,11089068.8063126
Seychelles,SYC,1976,8673003.73924215
Sierra Leone,SLE,2024,1203610314.09175
Sierra Leone,SLE,2023,1344997465.17851
Sierra Leone,SLE,2022,1194958861.84775
Sierra Leone,SLE,2021,1114288666.94249
Sierra Leone,SLE,2020,661505016.013118
Sierra Leone,SLE,2019,632404802.551566
Sierra Leone,SLE,2018,718218828.277366
Sierra Leone,SLE,2017,796390825.997179
Sierra Leone,SLE,2016,858631195.210129
Sierra Leone,SLE,2015,711755890.464933
Sierra Leone,SLE,2014,1553706126.0902
Sierra Leone,SLE,2013,1420918920.00437
Sierra Leone,SLE,2012,1264681731.60548
Sierra Leone,SLE,2011,466407643.587431
Sierra Leone,SLE,2010,421689973.095108
Sierra Leone,SLE,2009,316612969.444568
Sierra Leone,SLE,2008,322797772.273492
Sierra Leone,SLE,2007,328699384.225975
Sierra Leone,SLE,2006,310411123.366721
Sierra Leone,SLE,2005,453725409.989244
Sierra Leone,SLE,2004,373227342.27299
Sierra Leone,SLE,2003,301792804.081191
Sierra Leone,SLE,2002,167621820.323063
Sierra Leone,SLE,2001,133738471.437764
Sierra Leone,SLE,2000,115313377.546753
Sierra Leone,SLE,1999,92562056.7621571
Sierra Leone,SLE,1998,94545470.8247155
Sierra Leone,SLE,1997,112228128.25082
Sierra Leone,SLE,1996,164283417.976132
Sierra Leone,SLE,1995,161857005.148196
Sierra Leone,SLE,1994,269102157.684835
Sierra Leone,SLE,1993,186700713.179278
Sierra Leone,SLE,1992,214799716.483596
Sierra Leone,SLE,1991,243739503.765101
Sierra Leone,SLE,1990,225360854.694082
Sierra Leone,SLE,1989,223145470.048317
Sierra Leone,SLE,1988,303069447.007443
Sierra Leone,SLE,1987,210997855.653145
Sierra Leone,SLE,1986,58414118.8168034
Sierra Leone,SLE,1985,127012171.181782
Sierra Leone,SLE,1984,115540150.202195
Sierra Leone,SLE,1983,110166389.968865
Sierra Leone,SLE,1982,204093165.946797
Sierra Leone,SLE,1981,256578379.777414
Sierra Leone,SLE,1980,251666984.187464
Sierra Leone,SLE,1979,220819890.819985
Sierra Leone,SLE,1978,190441625.91687
Sierra Leone,SLE,1977,136415176.624509
Sierra Leone,SLE,1976,128140613.205852
Sierra Leone,SLE,1975,170571070.173071
Sierra Leone,SLE,1974,156290000.362378
Sierra Leone,SLE,1973,141729814.220021
Sierra Leone,SLE,1972,129248659.435402
Sierra Leone,SLE,1971,131184001.810099
Sierra Leone,SLE,1970,134760053.904022
Sierra Leone,SLE,1969,112920045.168018
Sierra Leone,SLE,1968,78120031.2480125
Sierra Leone,SLE,1967,94448134.3041423
Sierra Leone,SLE,1966,104299958.280017
Sierra Leone,SLE,1965,103739958.504017
Sierra Leone,SLE,1964,108122255.128728
Singapore,SGP,2024,978597520043.286
Singapore,SGP,2023,917682665719.369
Singapore,SGP,2022,947354945030.236
Singapore,SGP,2021,797699635946.268
Singapore,SGP,2020,634720766636.081
Singapore,SGP,2019,665397849809.186
Singapore,SGP,2018,672027857970.022
Singapore,SGP,2017,590230171805.131
Singapore,SGP,2016,525980387189.424
Singapore,SGP,2015,549421999163.53
Singapore,SGP,2014,604391776173.0
Singapore,SGP,2013,600013186286.262
Singapore,SGP,2012,580505587048.163
Singapore,SGP,2011,568009168564.196
Singapore,SGP,2010,474817309469.398
Singapore,SGP,2009,370525982887.767
Singapore,SGP,2008,443371610356.07
Singapore,SGP,2007,385006655156.718
Singapore,SGP,2006,338926122120.945
Singapore,SGP,2005,287771727538.562
Singapore,SGP,2004,246116322768.289
Singapore,SGP,2003,197818139655.823
Singapore,SGP,2002,170350298337.753
Singapore,SGP,2001,164227617773.506
Singapore,SGP,2000,180961018304.917
Singapore,SGP,1999,152507703735.257
Singapore,SGP,1998,142983995000.006
Singapore,SGP,1997,169506454041.807
Singapore,SGP,1996,169132174170.822
Singapore,SGP,1995,159046900079.372
Singapore,SGP,1994,122465766339.061
Singapore,SGP,1993,97966383028.4981
Singapore,SGP,1992,84309872452.9103
Singapore,SGP,1991,76631490593.343
Singapore,SGP,1990,64045069989.2324
Singapore,SGP,1989,54623086861.459
Singapore,SGP,1988,46864672364.6724
Singapore,SGP,1987,34308211628.5478
Singapore,SGP,1986,27644243443.4798
Singapore,SGP,1985,29160517556.6077
Singapore,SGP,1984,30900662565.0734
Singapore,SGP,1983,29675560747.6636
Singapore,SGP,1982,29812562124.2959
Singapore,SGP,1981,28092845133.57
Singapore,SGP,1980,24031178147.7053
Singapore,SGP,1979,17169305189.0941
Singapore,SGP,1978,12436295810.4452
Singapore,SGP,1977,10772340942.205
Singapore,SGP,1976,9457765782.48218
Singapore,SGP,1975,7724978456.23538
Singapore,SGP,1974,7804712297.55026
Singapore,SGP,1973,4373973333.33333
Singapore,SGP,1972,2904841511.78418
Singapore,SGP,1971,2704396968.50908
Singapore,SGP,1970,2420440216.64565
Singapore,SGP,1969,2193145216.61298
Singapore,SGP,1968,1791540627.59292
Singapore,SGP,1967,1414991408.65407
Singapore,SGP,1966,1351650649.08762
Singapore,SGP,1965,1201122428.31289
Singapore,SGP,1964,1091623601.04795
Singapore,SGP,1963,1295235233.01168
Singapore,SGP,1962,1141211673.77712
Singapore,SGP,1961,1089010263.88172
Singapore,SGP,1960,1147516349.69065
Slovak Republic,SVK,2024,120475379841.381
Slovak Republic,SVK,2023,122215736734.818
Slovak Republic,SVK,2022,114713195239.543
Slovak Republic,SVK,2021,109378268572.459
Slovak Republic,SVK,2020,90816799595.6874
Slovak Republic,SVK,2019,97210994149.8744
Slovak Republic,SVK,2018,101203084757.884
Slovak Republic,SVK,2017,90173773495.8931
Slovak Republic,SVK,2016,83400999772.7594
Slovak Republic,SVK,2015,80879458866.2308
Slovak Republic,SVK,2014,91989314711.6965
Slovak Republic,SVK,2013,92074947973.9152
Slovak Republic,SVK,2012,86112869512.4262
Slovak Republic,SVK,2011,84383473250.7784
Slovak Republic,SVK,2010,70230239457.3835
Slovak Republic,SVK,2009,60839049329.3261
Slovak Republic,SVK,2008,80870213060.9094
Slovak Republic,SVK,2007,72194477961.8206
Slovak Republic,SVK,2006,57507321359.6082
Slovak Republic,SVK,2005,45428521112.7035
Slovak Republic,SVK,2004,39675783192.7596
Slovak Republic,SVK,2003,29263658908.605
Slovak Republic,SVK,2002,20123560080.971
Slovak Republic,SVK,2001,17594241722.4988
Slovak Republic,SVK,2000,15573520703.6706
Slovak Republic,SVK,1999,14151032231.7815
Slovak Republic,SVK,1998,13635886564.4927
Slovak Republic,SVK,1997,14902632831.0864
Slovak Republic,SVK,1996,13787939163.4981
Slovak Republic,SVK,1995,13958882352.9412
Slovak Republic,SVK,1994,11174416894.0562
Slovak Republic,SVK,1993,8680849144.99883
Slovak Republic,SVK,1992,9816291887.69569
Slovak Republic,SVK,1991,5944790456.17505
Slovak Republic,SVK,1990,3040877348.90808
Slovenia,SVN,2024,59047049757.4562
Slovenia,SVN,2023,57785396948.603
Slovenia,SVN,2022,56494607281.7259
Slovenia,SVN,2021,51509624959.8519
Slovenia,SVN,2020,41785212679.0367
Slovenia,SVN,2019,45476824978.3842
Slovenia,SVN,2018,45941003425.2251
Slovenia,SVN,2017,40391857784.4177
Slovenia,SVN,2016,34740102172.0518
Slovenia,SVN,2015,33169954107.1222
Slovenia,SVN,2014,37954050501.1246
Slovenia,SVN,2013,35880641477.6291
Slovenia,SVN,2012,33953720506.2598
Slovenia,SVN,2011,36240298313.8328
Slovenia,SVN,2010,30989453004.8167
Slovenia,SVN,2009,28967234666.1429
Slovenia,SVN,2008,36989152940.7719
Slovenia,SVN,2007,32637319159.2821
Slovenia,SVN,2006,25611438966.2527
Slovenia,SVN,2005,21655505534.1375
Slovenia,SVN,2004,18946986796.2133
Slovenia,SVN,2003,15114769177.369
Slovenia,SVN,2002,12290189526.1845
Slovenia,SVN,2001,10802787759.1313
Slovenia,SVN,2000,10172240637.1072
Slovenia,SVN,1999,10017114040.8701
Slovenia,SVN,1998,10518606462.7813
Slovenia,SVN,1997,9875306122.44898
Slovenia,SVN,1996,9921480169.97167
Slovenia,SVN,1995,9701955115.24464
Slovenia,SVN,1994,8058963720.93023
Slovenia,SVN,1993,6955369312.16931
Slovenia,SVN,1992,7386170400.9434
Slovenia,SVN,1991,9892826086.95652
Slovenia,SVN,1990,14747182203.3898
Solomon Islands,SLB,2024,642590820.212243
Solomon Islands,SLB,2023,546110325.031159
Solomon Islands,SLB,2022,412603523.327549
Solomon Islands,SLB,2021,413817855.138346
Solomon Islands,SLB,2020,429176031.937028
Solomon Islands,SLB,2019,590941418.619108
Solomon Islands,SLB,2018,680540282.590203
Solomon Islands,SLB,2017,568502381.649697
Solomon Islands,SLB,2016,548051855.569464
Solomon Islands,SLB,2015,527879238.211381
Solomon Islands,SLB,2014,565434185.375129
Solomon Islands,SLB,2013,590649173.152783
Solomon Islands,SLB,2012,591554033.246941
Solomon Islands,SLB,2011,533563821.096
Solomon Islands,SLB,2010,315704592.261815
Solomon Islands,SLB,2009,234871525.18882
Solomon Islands,SLB,2008,269628046.518547
Solomon Islands,SLB,2007,223522547.744539
Solomon Islands,SLB,2006,167049896.373847
Solomon Islands,SLB,2005,150928743.064485
Solomon Islands,SLB,2004,116441669.126718
Solomon Islands,SLB,2003,91885450.7738616
Solomon Islands,SLB,2002,74532077.83579
Solomon Islands,SLB,2001,71807706.9184547
Solomon Islands,SLB,2000,113776351.064693
Solomon Islands,SLB,1999,177960878.37025
Solomon Islands,SLB,1998,185437103.077903
Solomon Islands,SLB,1997,238637030.117769
Solomon Islands,SLB,1996,230487236.558977
Solomon Islands,SLB,1995,211397868.404827
Solomon Islands,SLB,1994,199917480.869599
Solomon Islands,SLB,1993,177241945.922071
Solomon Islands,SLB,1992,144120760.902975
Solomon Islands,SLB,1991,120084722.350124
Solomon Islands,SLB,1990,99652678.7786853
Solomon Islands,SLB,1989,107271714.018843
Solomon Islands,SLB,1988,109963087.936377
Solomon Islands,SLB,1987,88853746.7328777
Solomon Islands,SLB,1986,86706861.9006604
Solomon Islands,SLB,1985,79013106.0457182
Solomon Islands,SLB,1984,101278543.473226
Solomon Islands,SLB,1983,86195037.6036735
Solomon Islands,SLB,1982,91648268.3626059
Solomon Islands,SLB,1981,91936481.0852182
Solomon Islands,SLB,1980,86765072.7199766
"Somalia, Fed. Rep.",SOM,2024,3735000000.0
"Somalia, Fed. Rep.",SOM,2023,2404000000.0
"Somalia, Fed. Rep.",SOM,2022,1804000000.0
"Somalia, Fed. Rep.",SOM,2021,1532000000.0
"Somalia, Fed. Rep.",SOM,2020,1178000000.0
"Somalia, Fed. Rep.",SOM,2019,1131000000.0
"Somalia, Fed. Rep.",SOM,2018,1119000000.0
"Somalia, Fed. Rep.",SOM,2017,994339299.998874
"Somalia, Fed. Rep.",SOM,2016,1067190800.00052
"Somalia, Fed. Rep.",SOM,2015,1037964069.9982
"Somalia, Fed. Rep.",SOM,2014,1097727150.00072
"Somalia, Fed. Rep.",SOM,2013,942600659.999585
"Somalia, Fed. Rep.",SOM,2012,853397769.999161
"Somalia, Fed. Rep.",SOM,1990,89748800.1761538
"Somalia, Fed. Rep.",SOM,1989,83929436.051234
"Somalia, Fed. Rep.",SOM,1988,50072045.8179424
"Somalia, Fed. Rep.",SOM,1987,67562031.2165816
"Somalia, Fed. Rep.",SOM,1986,64782760.6451115
"Somalia, Fed. Rep.",SOM,1985,55477537.0786517
"Somalia, Fed. Rep.",SOM,1984,115004196.817526
"Somalia, Fed. Rep.",SOM,1983,173400620.331603
"Somalia, Fed. Rep.",SOM,1982,201101592.528537
"Somalia, Fed. Rep.",SOM,1981,173525712.111604
"Somalia, Fed. Rep.",SOM,1980,200271074.389354
"Somalia, Fed. Rep.",SOM,1979,143504008.39895
"Somalia, Fed. Rep.",SOM,1978,145994475.138122
"Somalia, Fed. Rep.",SOM,1977,101014492.753623
"Somalia, Fed. Rep.",SOM,1976,81000763.7807784
"Somalia, Fed. Rep.",SOM,1975,88594086.7355044
"Somalia, Fed. Rep.",SOM,1974,81652120.0953137
"Somalia, Fed. Rep.",SOM,1973,70524571.5195415
"Somalia, Fed. Rep.",SOM,1972,65614884.5471965
"Somalia, Fed. Rep.",SOM,1971,43907884.8765767
"Somalia, Fed. Rep.",SOM,1970,37142857.1428571
"Somalia, Fed. Rep.",SOM,1969,48985714.2857143
"Somalia, Fed. Rep.",SOM,1968,42699969.4800122
"Somalia, Fed. Rep.",SOM,1967,37099985.1600059
"Somalia, Fed. Rep.",SOM,1966,38499998.0400008
"Somalia, Fed. Rep.",SOM,1965,41804010.1583959
"Somalia, Fed. Rep.",SOM,1964,36679918.1280328
"Somalia, Fed. Rep.",SOM,1963,34299919.0800324
"Somalia, Fed. Rep.",SOM,1962,26039938.0640248
"Somalia, Fed. Rep.",SOM,1961,30659933.9760264
"Somalia, Fed. Rep.",SOM,1960,22945943.7816225
South Africa,ZAF,2024,127531645077.343
South Africa,ZAF,2023,126843584296.229
South Africa,ZAF,2022,136705431596.872
South Africa,ZAF,2021,131000485997.462
South Africa,ZAF,2020,93199600859.2205
South Africa,ZAF,2019,105906059178.622
South Africa,ZAF,2018,111434691806.498
South Africa,ZAF,2017,104288394992.827
South Africa,ZAF,2016,91109021408.9525
South Africa,ZAF,2015,96085897668.3633
South Africa,ZAF,2014,110550033012.43
South Africa,ZAF,2013,113768565563.408
South Africa,ZAF,2012,117892612029.379
South Africa,ZAF,2011,126912776368.754
South Africa,ZAF,2010,107610657455.818
South Africa,ZAF,2009,82381621006.4253
South Africa,ZAF,2008,101967105838.93
South Africa,ZAF,2007,93124912619.8572
South Africa,ZAF,2006,79301796383.6635
South Africa,ZAF,2005,68171982951.6578
South Africa,ZAF,2004,58215305278.4397
South Africa,ZAF,2003,47117624127.3835
South Africa,ZAF,2002,36701099077.7029
South Africa,ZAF,2001,35694800701.716
South Africa,ZAF,2000,37034203153.1617
South Africa,ZAF,1999,33741638410.0523
South Africa,ZAF,1998,34450654127.0311
South Africa,ZAF,1997,36601647322.6125
South Africa,ZAF,1996,35543985845.2989
South Africa,ZAF,1995,34412207047.8084
South Africa,ZAF,1994,30010718717.3137
South Africa,ZAF,1993,29312901691.7492
South Africa,ZAF,1992,27855753863.7608
South Africa,ZAF,1991,26149497612.5505
South Africa,ZAF,1990,27148931269.0617
South Africa,ZAF,1989,25616574210.244
South Africa,ZAF,1988,26828616017.4676
South Africa,ZAF,1987,25959795347.1285
South Africa,ZAF,1986,19987466258.6782
South Africa,ZAF,1985,17986023085.4656
South Africa,ZAF,1984,19094719161.2151
South Africa,ZAF,1983,20941567184.2743
South Africa,ZAF,1982,20090880959.5733
South Africa,ZAF,1981,23474809675.2543
South Africa,ZAF,1980,28496444685.2603
South Africa,ZAF,1979,19695423996.7317
South Africa,ZAF,1978,14669403667.3509
South Africa,ZAF,1977,11914002978.5007
South Africa,ZAF,1976,9840552460.13811
South Africa,ZAF,1975,10231126640.9559
South Africa,ZAF,1974,9997395055.3146
South Africa,ZAF,1973,7213682652.72156
South Africa,ZAF,1972,5260658883.21571
South Africa,ZAF,1971,4325959813.59503
South Africa,ZAF,1970,3904598438.16062
South Africa,ZAF,1969,3859798456.08062
South Africa,ZAF,1968,3760398495.8406
South Africa,ZAF,1967,3385198645.92054
South Africa,ZAF,1966,3123398750.6405
South Africa,ZAF,1965,2913398834.64047
South Africa,ZAF,1964,2846198861.52046
South Africa,ZAF,1963,2696398921.44043
South Africa,ZAF,1962,2498999000.4004
South Africa,ZAF,1961,2337999064.80037
South Africa,ZAF,1960,2238599104.56036
South Sudan,SSD,2015,4397355862.60474
South Sudan,SSD,2014,5360319322.0339
South Sudan,SSD,2013,1794877728.81356
South Sudan,SSD,2012,5110494406.77966
South Sudan,SSD,2011,9850171395.11542
South Sudan,SSD,2010,8970707666.27619
South Sudan,SSD,2009,7377203307.64568
South Sudan,SSD,2008,9630874288.71993
Spain,ESP,2024,639462804274.219
Spain,ESP,2023,612433794394.128
Spain,ESP,2022,574783432054.477
Spain,ESP,2021,493273673720.922
Spain,ESP,2020,393139331915.954
Spain,ESP,2019,486670273121.568
Spain,ESP,2018,499282766700.392
Spain,ESP,2017,461297400643.53
Spain,ESP,2016,417367780824.515
Spain,ESP,2015,401637009328.906
Spain,ESP,2014,458508132691.763
Spain,ESP,2013,446190552100.786
Spain,ESP,2012,416597866010.156
Spain,ESP,2011,437172778239.3
Spain,ESP,2010,368818353816.667
Spain,ESP,2009,343996583489.453
Spain,ESP,2008,417991645729.687
Spain,ESP,2007,382818371650.197
Spain,ESP,2006,317776995049.411
Spain,ESP,2005,287980772158.755
Spain,ESP,2004,271611046439.383
Spain,ESP,2003,232580150552.156
Spain,ESP,2002,188324245463.53
Spain,ESP,2001,175010487832.677
Spain,ESP,2000,170991162037.647
Spain,ESP,1999,167415361761.776
Spain,ESP,1998,161797527564.317
Spain,ESP,1997,151657954545.455
Spain,ESP,1996,148187311178.248
Spain,ESP,1995,134295436349.079
Spain,ESP,1994,107879062228.295
Spain,ESP,1993,93084945744.5418
Spain,ESP,1992,102239554688.77
Spain,ESP,1991,91063265012.0096
Spain,ESP,1990,84463395364.0222
Spain,ESP,1989,68933506676.0365
Spain,ESP,1988,65156156263.391
Spain,ESP,1987,56558264384.8538
Spain,ESP,1986,45782844243.7923
Spain,ESP,1985,37762612524.4618
Spain,ESP,1984,36702571931.2772
Spain,ESP,1983,32644516241.2993
Spain,ESP,1982,33310336210.8133
Spain,ESP,1981,33059607136.421
Spain,ESP,1980,33299965189.139
Spain,ESP,1979,29440976698.0664
Spain,ESP,1978,22314444444.4444
Spain,ESP,1977,17570821467.6889
Spain,ESP,1976,14908642128.8237
Spain,ESP,1975,14219846376.8116
Spain,ESP,1974,12838993366.0225
Spain,ESP,1973,10487210165.6196
Spain,ESP,1972,7896181724.04867
Spain,ESP,1971,6073291017.96407
Spain,ESP,1970,4978036605.65724
Sri Lanka,LKA,2024,19680136462.1092
Sri Lanka,LKA,2023,17320146785.4937
Sri Lanka,LKA,2022,15984910764.845
Sri Lanka,LKA,2021,14985052373.0422
Sri Lanka,LKA,2020,13036289441.034
Sri Lanka,LKA,2019,19422660191.249
Sri Lanka,LKA,2018,20255985244.2482
Sri Lanka,LKA,2017,19085446174.5364
Sri Lanka,LKA,2016,17445193580.5308
Sri Lanka,LKA,2015,16927340182.069
Sri Lanka,LKA,2009,8972038339.48688
Sri Lanka,LKA,2008,10113919886.6377
Sri Lanka,LKA,2007,9418771913.85285
Sri Lanka,LKA,2006,8516554444.01693
Sri Lanka,LKA,2005,7892069651.74129
Sri Lanka,LKA,2004,7300256942.38561
Sri Lanka,LKA,2003,6543193120.59677
Sri Lanka,LKA,2002,5773455293.74869
Sri Lanka,LKA,2001,5879570277.5291
Sri Lanka,LKA,2000,6475000000.0
Sri Lanka,LKA,1999,5575176093.19506
Sri Lanka,LKA,1998,5712292924.60133
Sri Lanka,LKA,1997,5514301315.4772
Sri Lanka,LKA,1996,4860502985.34467
Sri Lanka,LKA,1995,4638263414.63415
Sri Lanka,LKA,1994,3962059894.77944
Sri Lanka,LKA,1993,3494577814.56954
Sri Lanka,LKA,1992,3082683093.77139
Sri Lanka,LKA,1991,2586802030.45685
Sri Lanka,LKA,1990,2424288567.14928
Sri Lanka,LKA,1989,1904743411.92788
Sri Lanka,LKA,1988,1819710782.77271
Sri Lanka,LKA,1987,1683389945.65217
Sri Lanka,LKA,1986,1519200571.0207
Sri Lanka,LKA,1985,1555117820.32401
Sri Lanka,LKA,1984,1740762578.61635
Sri Lanka,LKA,1983,1360645983.8504
Sri Lanka,LKA,1982,1304565112.92648
Sri Lanka,LKA,1981,1345038961.03896
Sri Lanka,LKA,1980,1296672716.27344
Sri Lanka,LKA,1979,1134232498.39435
Sri Lanka,LKA,1978,950352338.244715
Sri Lanka,LKA,1977,1387936865.83991
Sri Lanka,LKA,1976,1043162901.30797
Sri Lanka,LKA,1975,1042225392.29672
Sri Lanka,LKA,1974,944812030.075188
Sri Lanka,LKA,1973,700156250.0
Sri Lanka,LKA,1972,570184254.606365
Sri Lanka,LKA,1971,583136593.591906
Sri Lanka,LKA,1970,584537815.12605
Sri Lanka,LKA,1969,361512605.042017
Sri Lanka,LKA,1968,371463229.243697
Sri Lanka,LKA,1967,380452674.897119
Sri Lanka,LKA,1966,391806722.689076
Sri Lanka,LKA,1965,439915966.386555
Sri Lanka,LKA,1964,322401284.033613
Sri Lanka,LKA,1963,319557568.571429
Sri Lanka,LKA,1962,398590401.851852
Sri Lanka,LKA,1961,397732379.831933
Sri Lanka,LKA,1960,422303067.226891
Sudan,SDN,2024,358103583.799949
Sudan,SDN,2023,442116377.99812
Sudan,SDN,2022,811770224.745841
Sudan,SDN,2021,770119708.003068
Sudan,SDN,2020,1385607465.42553
Sudan,SDN,2019,2733532469.42149
Sudan,SDN,2018,2473599508.59951
Sudan,SDN,2017,2523314285.71429
Sudan,SDN,2016,2133433333.33333
Sudan,SDN,2015,3322363636.36364
Sudan,SDN,2014,3767685393.25843
Sudan,SDN,2013,4090246575.34247
Sudan,SDN,2012,2580283333.33333
Sudan,SDN,2011,6865605263.1579
Sudan,SDN,2010,10304137931.0345
Sudan,SDN,2009,7513028961.53846
Sudan,SDN,2008,13138704158.4795
Sudan,SDN,2007,10045701106.0959
Sudan,SDN,2006,6832541573.16513
Sudan,SDN,2005,5087005646.00679
Sudan,SDN,2004,3810483472.5965
Sudan,SDN,2003,2616565229.81921
Sudan,SDN,2002,2069370708.88678
Sudan,SDN,2001,1502565576.39076
Sudan,SDN,2000,1959274975.93559
Sudan,SDN,1999,830998485.846785
Sudan,SDN,1998,754001829.663962
Sudan,SDN,1997,624200773.857158
Sudan,SDN,1996,555552002.251374
Sudan,SDN,1995,687291908.400101
Sudan,SDN,1994,600084942.111606
Sudan,SDN,1993,375673198.840027
Sudan,SDN,1992,368873911.630373
Sudan,SDN,1991,1473623928.77724
Sudan,SDN,1990,1353333333.33333
Sudan,SDN,1989,1144444444.44444
Sudan,SDN,1988,544444444.444445
Sudan,SDN,1987,666666666.666667
Sudan,SDN,1986,480000000.0
Sudan,SDN,1985,464404683.125703
Sudan,SDN,1984,884615384.615385
Sudan,SDN,1983,869230769.230769
Sudan,SDN,1982,871574084.559815
Sudan,SDN,1981,1037830101.91223
Sudan,SDN,1980,940000000.0
Sudan,SDN,1979,838135924.283035
Sudan,SDN,1978,643790754.697949
Sudan,SDN,1977,703031778.691546
Sudan,SDN,1976,674899484.993968
Sudan,SDN,1975,583285469.796914
Sudan,SDN,1974,503159105.408269
Sudan,SDN,1973,456921310.904427
Sudan,SDN,1972,397759909.241126
Sudan,SDN,1971,357840322.681908
Sudan,SDN,1970,343193567.901188
Sudan,SDN,1969,290063182.912301
Sudan,SDN,1968,253589891.595606
Sudan,SDN,1967,242963814.597828
Sudan,SDN,1966,212521539.955547
Sudan,SDN,1965,205916140.740713
Sudan,SDN,1964,215680643.927859
Sudan,SDN,1963,225732338.385216
Sudan,SDN,1962,194141298.662094
Sudan,SDN,1961,162837450.209183
Sudan,SDN,1960,163986215.290024
Suriname,SUR,2010,2295461855.15716
Suriname,SUR,2009,1710018214.93625
Suriname,SUR,2008,2010564663.02368
Suriname,SUR,2007,1589435336.97632
Suriname,SUR,2006,1385355541.78664
Sweden,SWE,2024,327875208565.624
Sweden,SWE,2023,319579119037.653
Sweden,SWE,2022,312333054944.71
Sweden,SWE,2021,299954758723.977
Sweden,SWE,2020,241040989303.335
Sweden,SWE,2019,256361650143.493
Sweden,SWE,2018,252513588793.121
Sweden,SWE,2017,235035642663.111
Sweden,SWE,2016,220294654962.484
Sweden,SWE,2015,219257723594.666
Sweden,SWE,2014,251073164368.217
Sweden,SWE,2013,249633416172.366
Sweden,SWE,2012,246467911083.603
Sweden,SWE,2011,259105070010.57
Sweden,SWE,2010,221131967530.69
Sweden,SWE,2009,188748072852.701
Sweden,SWE,2008,252233466340.975
Sweden,SWE,2007,233870509557.91
Sweden,SWE,2006,201116532487.599
Sweden,SWE,2005,177558710575.263
Sweden,SWE,2004,164273700825.974
Sweden,SWE,2003,134751740598.296
Sweden,SWE,2002,110054739090.694
Sweden,SWE,2001,104030360825.241
Sweden,SWE,2000,113693763506.581
Sweden,SWE,1999,110212408017.041
Sweden,SWE,1998,108707782487.83
Sweden,SWE,1997,105238706466.358
Sweden,SWE,1996,105471368923.352
Sweden,SWE,1995,99716260356.3568
Sweden,SWE,1994,77327890098.4966
Sweden,SWE,1993,65075545391.4742
Sweden,SWE,1992,74162970569.0443
Sweden,SWE,1991,71908405787.5155
Sweden,SWE,1990,73469841352.977
Sweden,SWE,1989,64788686810.7152
Sweden,SWE,1988,62002451690.8213
Sweden,SWE,1987,55328058324.3959
Sweden,SWE,1986,46083452608.2318
Sweden,SWE,1985,37450573228.4197
Sweden,SWE,1984,36959043618.0759
Sweden,SWE,1983,34880514536.1349
Sweden,SWE,1982,34607827969.3121
Sweden,SWE,1981,36270607694.4346
Sweden,SWE,1980,38777578730.8493
Sweden,SWE,1979,34345349770.241
Sweden,SWE,1978,26992994135.2219
Sweden,SWE,1977,23692379061.0496
Sweden,SWE,1976,22620156569.2509
Sweden,SWE,1975,21363794614.9029
Sweden,SWE,1974,19469658737.6673
Sweden,SWE,1973,14907783527.58
Sweden,SWE,1972,10843484587.6029
Sweden,SWE,1971,9260327747.32242
Sweden,SWE,1970,8403319222.1449
Sweden,SWE,1969,7088694249.64926
Sweden,SWE,1968,6160444504.06923
Sweden,SWE,1967,5682819986.36706
Sweden,SWE,1966,5313573629.30277
Sweden,SWE,1965,4982734952.28034
Sweden,SWE,1964,4623375686.32124
Sweden,SWE,1963,4076731161.68698
Sweden,SWE,1962,3759772647.65837
Sweden,SWE,1961,3536171253.59136
Sweden,SWE,1960,3347365082.411
Switzerland,CHE,2024,675814842375.363
Switzerland,CHE,2023,655909974512.794
Switzerland,CHE,2022,630824772931.378
Switzerland,CHE,2021,579841742088.153
Switzerland,CHE,2020,475588653393.81
Switzerland,CHE,2019,483067666222.233
Switzerland,CHE,2018,489600609479.659
Switzerland,CHE,2017,461255257229.42
Switzerland,CHE,2016,459636103721.801
Switzerland,CHE,2015,443048390064.017
Switzerland,CHE,2014,474699970370.027
Switzerland,CHE,2013,508970903327.501
Switzerland,CHE,2012,465237594281.164
Switzerland,CHE,2011,475707113598.213
Switzerland,CHE,2010,388280802445.161
Switzerland,CHE,2009,321497078393.53
Switzerland,CHE,2008,358112276798.08
Switzerland,CHE,2007,302064722592.469
Switzerland,CHE,2006,250005789599.617
Switzerland,CHE,2005,225263859620.944
Switzerland,CHE,2004,207207253719.341
Switzerland,CHE,2003,172784832553.65
Switzerland,CHE,2002,150195660849.48
Switzerland,CHE,2001,143872229201.233
Switzerland,CHE,2000,143622369729.986
Switzerland,CHE,1999,139348313140.727
Switzerland,CHE,1998,139575012415.506
Switzerland,CHE,1997,137060242541.17
Switzerland,CHE,1996,139537131067.961
Switzerland,CHE,1995,141203860465.116
Switzerland,CHE,1994,120744704248.008
Switzerland,CHE,1993,111111344071.467
Switzerland,CHE,1992,114018210069.691
Switzerland,CHE,1991,107067605997.211
Switzerland,CHE,1990,109915025914.195
Switzerland,CHE,1989,93262377895.9594
Switzerland,CHE,1988,91340876785.3482
Switzerland,CHE,1987,82090040906.6524
Switzerland,CHE,1986,69923799544.1659
Switzerland,CHE,1985,53013588376.5415
Switzerland,CHE,1984,51768415116.8234
Switzerland,CHE,1983,49408192558.7156
Switzerland,CHE,1982,51060349209.4764
Switzerland,CHE,1981,54152532328.6834
Switzerland,CHE,1980,56770654055.0218
Switzerland,CHE,1979,51212390689.8418
Switzerland,CHE,1978,45251477628.6353
Switzerland,CHE,1977,33802401913.8756
Switzerland,CHE,1976,29008980636.9019
Switzerland,CHE,1975,25929539766.7842
Switzerland,CHE,1974,23422344510.4555
Switzerland,CHE,1973,19321213030.8392
Switzerland,CHE,1972,14237042389.9667
Switzerland,CHE,1971,11789303805.1235
Switzerland,CHE,1970,10327798993.8257
Syrian Arab Republic,SYR,2022,1608744496.2291
Syrian Arab Republic,SYR,2021,2226608573.26076
Syrian Arab Republic,SYR,2020,1648856244.09304
Syrian Arab Republic,SYR,2019,2938069171.93043
Syrian Arab Republic,SYR,2018,3206830227.96283
Syrian Arab Republic,SYR,2017,3165874598.14596
Syrian Arab Republic,SYR,2016,2731227397.04245
Syrian Arab Republic,SYR,2015,2353296641.9611
Syrian Arab Republic,SYR,2014,1508537235.77397
Syrian Arab Republic,SYR,2013,1661482224.60751
Syrian Arab Republic,SYR,2012,3331967972.0424
Syrian Arab Republic,SYR,2011,13081933250.7245
Syrian Arab Republic,SYR,2010,19747456811.555
Syrian Arab Republic,SYR,2009,15724551096.419
Syrian Arab Republic,SYR,2008,19741840052.5412
Syrian Arab Republic,SYR,2007,15617340808.9708
Syrian Arab Republic,SYR,2006,13167057673.5093
Syrian Arab Republic,SYR,2005,11844406130.2682
Syrian Arab Republic,SYR,2004,10147425742.5743
Syrian Arab Republic,SYR,2003,7030359682.99126
Syrian Arab Republic,SYR,2002,8216795445.30297
Syrian Arab Republic,SYR,2001,7464741325.57656
Syrian Arab Republic,SYR,2000,6839334310.23655
Syrian Arab Republic,SYR,1999,5129922480.62016
Syrian Arab Republic,SYR,1998,4640692307.69231
Syrian Arab Republic,SYR,1997,4702704280.15564
Syrian Arab Republic,SYR,1996,4388662674.6507
Syrian Arab Republic,SYR,1995,3537504990.01996
Syrian Arab Republic,SYR,1994,3346540000.0
Syrian Arab Republic,SYR,1993,3816418530.83146
Syrian Arab Republic,SYR,1992,3479921416.55059
Syrian Arab Republic,SYR,1991,3168250000.0
Syrian Arab Republic,SYR,1990,3488165297.62226
Syrian Arab Republic,SYR,1989,2962782879.11402
Syrian Arab Republic,SYR,1988,1774447445.12712
Syrian Arab Republic,SYR,1987,1778676862.88458
Syrian Arab Republic,SYR,1986,1497286367.98978
Syrian Arab Republic,SYR,1985,1960935036.26616
Syrian Arab Republic,SYR,1984,2174468579.39366
Syrian Arab Republic,SYR,1983,2331285398.86724
Syrian Arab Republic,SYR,1982,2268031466.21173
Syrian Arab Republic,SYR,1981,2427631113.31304
Syrian Arab Republic,SYR,1980,2380891719.74522
Syrian Arab Republic,SYR,1979,1900127388.53503
Syrian Arab Republic,SYR,1978,1376861397.47995
Syrian Arab Republic,SYR,1977,1398290598.2906
Syrian Arab Republic,SYR,1976,1490583513.43007
Syrian Arab Republic,SYR,1975,1461385482.26715
Syrian Arab Republic,SYR,1974,1242591989.57994
Syrian Arab Republic,SYR,1973,714520367.936925
Syrian Arab Republic,SYR,1972,555039787.798409
Syrian Arab Republic,SYR,1971,449256625.727214
Syrian Arab Republic,SYR,1970,374567201.762669
Syrian Arab Republic,SYR,1969,384128066.73209
Syrian Arab Republic,SYR,1968,304528181.01675
Syrian Arab Republic,SYR,1967,248911547.277937
Syrian Arab Republic,SYR,1966,237017340.425532
Syrian Arab Republic,SYR,1965,250836076.499565
Syrian Arab Republic,SYR,1964,223808507.853403
Syrian Arab Republic,SYR,1963,233218638.743455
Syrian Arab Republic,SYR,1962,232483197.831978
Syrian Arab Republic,SYR,1961,166354553.072626
Syrian Arab Republic,SYR,1960,183179972.067039
Tajikistan,TJK,2023,2104997683.1627
Tajikistan,TJK,2022,1751996065.65997
Tajikistan,TJK,2021,2161333822.62564
Tajikistan,TJK,2020,1409153432.56143
Tajikistan,TJK,2019,1243456836.44712
Tajikistan,TJK,2018,1116255903.44978
Tajikistan,TJK,2017,1125074885.30063
Tajikistan,TJK,2016,923021947.694359
Tajikistan,TJK,2015,810823484.28563
Tajikistan,TJK,2014,835634230.381076
Tajikistan,TJK,2013,936771984.073827
Tajikistan,TJK,2012,1318781149.02818
Tajikistan,TJK,2011,1072842444.64916
Tajikistan,TJK,2010,842892855.780827
Tajikistan,TJK,2009,1218526625.57921
Tajikistan,TJK,2008,1755605593.56987
Tajikistan,TJK,2007,1705745533.09341
Tajikistan,TJK,2006,1645945559.19098
Tajikistan,TJK,2005,1254264708.57196
Tajikistan,TJK,2004,1219656705.18309
Tajikistan,TJK,2003,994327044.095007
Tajikistan,TJK,2002,766967436.082128
Tajikistan,TJK,2001,736449663.433651
Tajikistan,TJK,2000,746538229.981939
Tajikistan,TJK,1999,718214368.811561
Tajikistan,TJK,1998,645098985.997103
Tajikistan,TJK,1997,805572498.857439
Tajikistan,TJK,1996,799500169.204738
Tajikistan,TJK,1995,807696379.41986
Tajikistan,TJK,1994,579294755.877034
Tajikistan,TJK,1993,470190964.136004
Tanzania,TZA,2024,15635226304.0617
Tanzania,TZA,2023,13589709116.3186
Tanzania,TZA,2022,11675750362.4365
Tanzania,TZA,2021,9976590469.46969
Tanzania,TZA,2020,8921839002.43059
Tanzania,TZA,2019,9786702081.68473
Tanzania,TZA,2018,8401858982.5961
Tanzania,TZA,2017,8344707045.48532
Tanzania,TZA,2016,8138103520.92867
Tanzania,TZA,2015,8110109048.57517
Tanzania,TZA,2014,9032206214.44268
Tanzania,TZA,2013,8679120269.93239
Tanzania,TZA,2012,8870630510.22188
Tanzania,TZA,2011,7497823534.82418
Tanzania,TZA,2010,6276937178.61028
Tanzania,TZA,2009,5349218508.30742
Tanzania,TZA,2008,5439934817.32002
Tanzania,TZA,2007,4335060981.52708
Tanzania,TZA,2006,3428845588.9144
Tanzania,TZA,2005,3124155526.29693
Tanzania,TZA,2004,2675290129.30304
Tanzania,TZA,2003,2295888513.70894
Tanzania,TZA,2002,2017946246.93547
Tanzania,TZA,2001,1876854721.02198
Tanzania,TZA,2000,1445863125.98847
Tanzania,TZA,1999,1291630218.99004
Tanzania,TZA,1998,1230116906.91437
Tanzania,TZA,1997,1246175397.8983
Tanzania,TZA,1996,1295157275.69778
Tanzania,TZA,1995,1265179894.31523
Tanzania,TZA,1994,929865169.570034
Tanzania,TZA,1993,765667146.137326
Tanzania,TZA,1992,572500411.418121
Tanzania,TZA,1991,508648082.852701
Tanzania,TZA,1990,537502279.410473
Thailand,THA,2024,368824202322.816
Thailand,THA,2023,337632612707.206
Thailand,THA,2022,324016639381.2
Thailand,THA,2021,296424506130.06
Thailand,THA,2020,257709985018.377
Thailand,THA,2019,323768892197.357
Thailand,THA,2018,328569784686.743
Thailand,THA,2017,304266013738.262
Thailand,THA,2016,277248464807.286
Thailand,THA,2015,271423493717.844
Thailand,THA,2014,278596013717.189
Thailand,THA,2013,282342912104.28
Thailand,THA,2012,274121377628.712
Thailand,THA,2011,262743281924.973
Thailand,THA,2010,226787505595.978
Thailand,THA,2009,181530421334.516
Thailand,THA,2008,208095289025.846
Thailand,THA,2007,181094565788.388
Thailand,THA,2006,152293268280.069
Thailand,THA,2005,129498934986.038
Thailand,THA,2004,114062494755.723
Thailand,THA,2003,93686920141.989
Thailand,THA,2002,81447794223.3026
Thailand,THA,2001,76088350937.052
Thailand,THA,2000,81953035120.3609
Thailand,THA,1999,71490257382.1479
Thailand,THA,1998,65860574771.0913
Thailand,THA,1997,72442635000.6348
Thailand,THA,1996,71417458048.9366
Thailand,THA,1995,70305503762.0445
Thailand,THA,1994,56094977835.3454
Thailand,THA,1993,47453533152.6223
Thailand,THA,1992,41206839587.58
Thailand,THA,1991,35329436945.3531
Thailand,THA,1990,29129276618.1045
Thailand,THA,1989,25231065262.2752
Thailand,THA,1988,20357574271.5293
Thailand,THA,1987,14601717480.4792
Thailand,THA,1986,11033548459.0733
Thailand,THA,1985,9030266961.97086
Thailand,THA,1984,9154262958.54174
Thailand,THA,1983,8053089819.19917
Thailand,THA,1982,8385609881.2719
Thailand,THA,1981,8309867952.72672
Thailand,THA,1980,7800900873.3147
Thailand,THA,1979,6178088809.32875
Thailand,THA,1978,4773874325.87256
Thailand,THA,1977,3947627127.17676
Thailand,THA,1976,3436992450.47929
Thailand,THA,1975,2732924326.18658
Thailand,THA,1974,2958365412.92577
Thailand,THA,1973,2016289601.59285
Thailand,THA,1972,1487497926.08462
Thailand,THA,1971,1179182692.30769
Thailand,THA,1970,1064423076.92308
Thailand,THA,1969,1075384615.38462
Thailand,THA,1968,1030048076.92308
Thailand,THA,1967,1024038461.53846
Thailand,THA,1966,929903846.153846
Thailand,THA,1965,739759615.384615
Thailand,THA,1964,674951923.076923
Thailand,THA,1963,535813730.196832
Thailand,THA,1962,519061302.681992
Thailand,THA,1961,525964886.287873
Thailand,THA,1960,445713376.037342
Timor-Leste,TLS,2024,196962615.450593
Timor-Leste,TLS,2023,476747010.426122
Timor-Leste,TLS,2022,1784364499.40356
Timor-Leste,TLS,2021,2302354018.81423
Timor-Leste,TLS,2020,792950616.48666
Timor-Leste,TLS,2019,431191708.983429
Timor-Leste,TLS,2018,45614258.0968532
Timor-Leste,TLS,2017,38179922.9217464
Timor-Leste,TLS,2016,51780040.1758844
Timor-Leste,TLS,2015,48508505.4485342
Timor-Leste,TLS,2014,66178355.9144249
Timor-Leste,TLS,2013,77945685.2237663
Timor-Leste,TLS,2012,82664338.5185479
Timor-Leste,TLS,2011,66782567.770028
Timor-Leste,TLS,2010,75532265.4787317
Timor-Leste,TLS,2009,66633470.4005907
Timor-Leste,TLS,2008,60613736.0647077
Timor-Leste,TLS,2007,54263045.3287546
Timor-Leste,TLS,2006,41881929.5344395
Timor-Leste,TLS,2005,32989610.6994052
Timor-Leste,TLS,2004,32945213.8380272
Timor-Leste,TLS,2003,33673885.6290853
Timor-Leste,TLS,2002,36638375.4798925
Timor-Leste,TLS,2001,42828887.5135881
Timor-Leste,TLS,2000,38960252.5428324
Togo,TGO,2022,2162409655.2528
Togo,TGO,2021,1976054796.2473
Togo,TGO,2020,1727046855.49121
Togo,TGO,2019,1671782878.74237
Togo,TGO,2018,1710211643.83769
Togo,TGO,2017,1616151022.09696
Togo,TGO,2016,1622914085.9558
Togo,TGO,2015,1537319039.98963
Togo,TGO,2014,1862941457.49694
Togo,TGO,2013,2054079312.27743
Togo,TGO,2012,1785883226.07406
Togo,TGO,2011,1707777923.57956
Togo,TGO,2010,1315957055.29827
Togo,TGO,2009,1221146143.90429
Togo,TGO,2008,1159663570.5242
Togo,TGO,2007,925780995.646446
Togo,TGO,2006,831810885.425079
Togo,TGO,2005,811362053.824834
Togo,TGO,2004,752390243.873023
Togo,TGO,2003,694096764.968224
Togo,TGO,2002,516701878.887484
Togo,TGO,2001,429366652.715549
Togo,TGO,2000,424670348.218294
Togo,TGO,1999,475147222.4998
Togo,TGO,1998,517181587.596715
Togo,TGO,1997,475868140.636305
Togo,TGO,1996,516316175.841448
Togo,TGO,1995,420808141.945338
Togo,TGO,1994,358302926.530002
Togo,TGO,1993,304394721.238925
Togo,TGO,1992,501433054.966444
Togo,TGO,1991,571926370.651206
Togo,TGO,1990,603505041.158683
Togo,TGO,1989,762306408.896905
Togo,TGO,1988,761211516.295822
Togo,TGO,1987,730213615.959312
Togo,TGO,1986,658172672.915215
Togo,TGO,1985,521170889.010052
Togo,TGO,1984,519366252.783062
Togo,TGO,1983,475737820.100556
Togo,TGO,1982,612220840.578466
Togo,TGO,1981,544664192.856614
Togo,TGO,1980,773472154.548981
Togo,TGO,1979,423733951.811692
Togo,TGO,1978,411848053.863968
Togo,TGO,1977,292684965.460738
Togo,TGO,1976,278511973.279285
Togo,TGO,1975,241897334.794126
Togo,TGO,1974,334262104.218934
Togo,TGO,1973,118108144.934068
Togo,TGO,1972,111476082.07651
Togo,TGO,1971,112649362.455299
Togo,TGO,1970,105117778.619857
Togo,TGO,1969,107560601.008674
Togo,TGO,1968,89558557.7481416
Togo,TGO,1967,76924426.3979189
Togo,TGO,1966,73576520.0305308
Togo,TGO,1965,55333335.7408978
Togo,TGO,1964,53756126.0631392
Togo,TGO,1963,34342045.0253951
Tonga,TON,2023,87157766.9923468
Tonga,TON,2022,59899929.85037
Tonga,TON,2021,57546487.8139667
Tonga,TON,2020,99820527.8413568
Tonga,TON,2019,112507464.506028
Tonga,TON,2018,104684870.229322
Tonga,TON,2017,102005086.300052
Tonga,TON,2016,103126320.296147
Tonga,TON,2015,74196237.3128906
Tonga,TON,2014,74647847.6305037
Tonga,TON,2013,91729482.4639673
Tonga,TON,2012,80356262.0801306
Tonga,TON,2011,67310460.3186473
Tonga,TON,2010,45862989.0701686
Tonga,TON,2009,42554578.8508212
Tonga,TON,2008,55075033.3025386
Tonga,TON,2007,36478873.6614093
Tonga,TON,2006,42549591.5695576
Tonga,TON,2005,46714183.6342483
Tonga,TON,2004,45131086.9661921
Tonga,TON,2003,39211224.3931234
Tonga,TON,2002,33366012.2773126
Tonga,TON,2001,24209622.2301587
Tonga,TON,2000,31165956.6264355
Tonga,TON,1999,31380568.0882668
Tonga,TON,1998,37511930.2949062
Tonga,TON,1997,44847645.4293629
Tonga,TON,1996,44685688.7734394
Tonga,TON,1995,35422535.2112676
Tonga,TON,1994,33680881.6845932
Tonga,TON,1993,27551300.5780347
Tonga,TON,1992,32405166.6542944
Tonga,TON,1991,30278420.4843437
Tonga,TON,1990,38464269.1773422
Tonga,TON,1989,26696066.7461263
Tonga,TON,1988,24250192.2583953
Tonga,TON,1987,25256966.811371
Tonga,TON,1986,17534759.3582888
Tonga,TON,1985,18094839.0250716
Tonga,TON,1984,17095217.2005265
Tonga,TON,1983,11355855.8558559
Tonga,TON,1982,17123440.511208
Tonga,TON,1981,15794070.3286601
Tonga,TON,1980,16011159.1892507
Tonga,TON,1979,11648334.4511514
Tonga,TON,1978,11967036.7402999
Tonga,TON,1977,11561654.4688401
Tonga,TON,1976,8090553.58670414
Tonga,TON,1975,13435004.5817515
Tunisia,TUN,2024,25667010358.6338
Tunisia,TUN,2023,25567813964.9285
Tunisia,TUN,2022,23060703698.9303
Tunisia,TUN,2021,19667292546.3067
Tunisia,TUN,2020,16143392839.7452
Tunisia,TUN,2019,19255781270.1806
Tunisia,TUN,2018,19416275921.684
Tunisia,TUN,2017,17590956528.9273
Tunisia,TUN,2016,16987820950.6092
Tunisia,TUN,2015,17579251895.7497
Tunisia,TUN,2014,21590469318.3324
Tunisia,TUN,2013,21854753431.1837
Tunisia,TUN,2012,21722011893.2679
Tunisia,TUN,2011,22163031092.1499
Tunisia,TUN,2010,22160316333.6594
Tunisia,TUN,2009,19572383403.3808
Tunisia,TUN,2008,24965547802.1202
Tunisia,TUN,2007,19877270832.9756
Tunisia,TUN,2006,15823068687.6655
Tunisia,TUN,2005,14500633173.3508
Tunisia,TUN,2004,13158999796.8633
Tunisia,TUN,2003,10839779022.6767
Tunisia,TUN,2002,9438270054.92593
Tunisia,TUN,2001,9447888494.78666
Tunisia,TUN,2000,8531440165.23149
Tunisia,TUN,1999,8713608295.22224
Tunisia,TUN,1998,8398428066.47786
Tunisia,TUN,1997,8114689467.84
Tunisia,TUN,1996,8248031657.84542
Tunisia,TUN,1995,8096647985.61912
Tunisia,TUN,1994,7024340766.78062
Tunisia,TUN,1993,5908390901.24753
Tunisia,TUN,1992,6126637065.78113
Tunisia,TUN,1991,5277717391.30435
Tunisia,TUN,1990,5353409090.90909
Tunisia,TUN,1989,4479728142.53556
Tunisia,TUN,1988,4242227828.26846
Tunisia,TUN,1987,3377010168.19886
Tunisia,TUN,1986,2721814946.30549
Tunisia,TUN,1985,2699953025.53877
Tunisia,TUN,1984,2720919425.41061
Tunisia,TUN,1983,2869615051.9987
Tunisia,TUN,1982,3002097557.58972
Tunisia,TUN,1981,3487011040.81781
Tunisia,TUN,1980,3518399604.8407
Tunisia,TUN,1979,2802229974.75779
Tunisia,TUN,1978,1848038426.51218
Tunisia,TUN,1977,1511421911.42191
Tunisia,TUN,1976,1311177190.83435
Tunisia,TUN,1975,1343883540.03684
Tunisia,TUN,1974,1254043453.95732
Tunisia,TUN,1973,711581703.811232
Tunisia,TUN,1972,567196902.844998
Tunisia,TUN,1971,406183008.010832
Tunisia,TUN,1970,316571428.571429
Tunisia,TUN,1969,285523809.523809
Tunisia,TUN,1968,254285714.285714
Tunisia,TUN,1967,230285714.285714
Tunisia,TUN,1966,219047619.047619
Tunisia,TUN,1965,188761904.761905
Turkiye,TUR,2024,374686274269.711
Turkiye,TUR,2023,364211599327.44
Turkiye,TUR,2022,353224790396.438
Turkiye,TUR,2021,294429020560.408
Turkiye,TUR,2020,210844790111.584
Turkiye,TUR,2019,256263371549.216
Turkiye,TUR,2018,250128750717.116
Turkiye,TUR,2017,229267970164.465
Turkiye,TUR,2016,205793476583.0
Turkiye,TUR,2015,218795091045.655
Turkiye,TUR,2014,243287863472.577
Turkiye,TUR,2013,234800269885.826
Turkiye,TUR,2012,221029283948.06
Turkiye,TUR,2011,198303837476.231
Turkiye,TUR,2010,168951184649.955
Turkiye,TUR,2009,155351324872.9
Turkiye,TUR,2008,185490178806.044
Turkiye,TUR,2007,152035619691.296
Turkiye,TUR,2006,126908581381.397
Turkiye,TUR,2005,112432994612.168
Turkiye,TUR,2004,97840598665.6257
Turkiye,TUR,2003,73154313088.6111
Turkiye,TUR,2002,60832867532.8053
Turkiye,TUR,2001,55193312760.8952
Turkiye,TUR,2000,54766754849.1009
Turkiye,TUR,1999,48333647258.8429
Turkiye,TUR,1998,57013676915.0519
Turkiye,TUR,1997,56559938761.3999
Turkiye,TUR,1996,48967049935.5076
Turkiye,TUR,1995,43006009379.4307
Turkiye,TUR,1994,27909720017.5622
Turkiye,TUR,1993,24669695038.6891
Turkiye,TUR,1992,22898733993.0151
Turkiye,TUR,1991,20904913710.4506
Turkiye,TUR,1990,20135262552.7022
Turkiye,TUR,1989,17357728557.9642
Turkiye,TUR,1988,16951828410.6892
Turkiye,TUR,1987,13584947491.2485
Turkiye,TUR,1986,10073925925.9259
Turkiye,TUR,1985,10663601532.567
Turkiye,TUR,1984,9354223433.24251
Turkiye,TUR,1983,7708888888.88889
Turkiye,TUR,1982,7636809815.95092
Turkiye,TUR,1981,5863063063.06306
Turkiye,TUR,1980,3552631578.94737
Turkiye,TUR,1979,2883870967.74194
Turkiye,TUR,1978,2733333333.33333
Turkiye,TUR,1977,2238888888.88889
Turkiye,TUR,1976,2500000000.0
Turkiye,TUR,1975,2035714285.71429
Turkiye,TUR,1974,2028571428.57143
Turkiye,TUR,1973,1828571428.57143
Turkiye,TUR,1972,1242857142.85714
Turkiye,TUR,1971,860000000.0
Turkiye,TUR,1970,790909090.909091
Turkiye,TUR,1969,700000000.0
Turkiye,TUR,1968,644444444.444444
Turkiye,TUR,1967,644444444.444444
Turkiye,TUR,1966,577777777.777778
Turkiye,TUR,1965,544444444.444444
Turkiye,TUR,1964,500000000.0
Turkiye,TUR,1963,433333333.333333
Turkiye,TUR,1962,500000000.0
Turkiye,TUR,1961,411111111.111111
Turkiye,TUR,1960,155555555.555556
Turkmenistan,TKM,2024,9030077768.28084
Turkmenistan,TKM,2023,9924474193.28215
Turkmenistan,TKM,2022,10500003956.3344
Turkmenistan,TKM,2021,8345505967.82012
Turkmenistan,TKM,2020,7396628171.19745
Turkmenistan,TKM,2019,10093799271.5652
Turkmenistan,TKM,2018,12188857142.8571
Turkmenistan,TKM,2017,8521428571.42857
Turkmenistan,TKM,2016,8011714285.71429
Turkmenistan,TKM,2015,12771714285.7143
Turkmenistan,TKM,2014,20360701754.386
Turkmenistan,TKM,2013,19535789473.6842
Turkmenistan,TKM,2012,20688070175.4386
Turkmenistan,TKM,2011,17480701754.386
Turkmenistan,TKM,2010,10366666666.6667
Turkmenistan,TKM,2009,9517543859.64912
Turkmenistan,TKM,2008,11056875730.4246
Turkmenistan,TKM,2007,4657598499.06191
Turkmenistan,TKM,2006,3608775981.52425
Turkmenistan,TKM,2005,2486842105.26316
Turkmenistan,TKM,2004,2030569708.19824
Turkmenistan,TKM,2003,1949045098.71003
Turkmenistan,TKM,2002,1580055400.56919
Turkmenistan,TKM,2001,1466653725.60438
Turkmenistan,TKM,2000,1604433017.84118
Turkmenistan,TKM,1999,874285023.027116
Turkmenistan,TKM,1998,774538535.153995
Turkmenistan,TKM,1997,956099906.374992
Turkmenistan,TKM,1996,1774094536.52548
Turkmenistan,TKM,1995,2084399936.41563
Turkmenistan,TKM,1994,2175805362.67843
Turkmenistan,TKM,1993,2692664771.71994
Turkmenistan,TKM,1992,2148362351.53034
Turkmenistan,TKM,1991,1250614832.8362
Uganda,UGA,2024,9034338030.17196
Uganda,UGA,2023,5658032305.29201
Uganda,UGA,2022,5477862277.79869
Uganda,UGA,2021,6396009273.52046
Uganda,UGA,2020,5796021014.64896
Uganda,UGA,2019,6048575717.77072
Uganda,UGA,2018,4967717826.69986
Uganda,UGA,2017,5122376576.57757
Uganda,UGA,2016,3629227691.22134
Uganda,UGA,2015,4170603009.20654
Uganda,UGA,2014,4874969924.05966
Uganda,UGA,2013,4774874142.12843
Uganda,UGA,2012,4230158431.06526
Uganda,UGA,2011,3583112054.54687
Uganda,UGA,2010,3687465342.70817
Uganda,UGA,2009,4677180750.95161
Uganda,UGA,2008,3506150678.38066
Uganda,UGA,2007,1990712068.28156
Uganda,UGA,2006,1524126929.50996
Uganda,UGA,2005,1310093926.47531
Uganda,UGA,2004,1008067266.00343
Uganda,UGA,2003,752307732.519452
Uganda,UGA,2002,692819583.930111
Uganda,UGA,2001,672714062.011288
Uganda,UGA,2000,659668069.160693
Uganda,UGA,1999,734918410.304017
Uganda,UGA,1998,634713533.002364
Uganda,UGA,1997,837552441.53814
Uganda,UGA,1996,722999697.873861
Uganda,UGA,1995,678725716.611138
Uganda,UGA,1994,348784843.388843
Uganda,UGA,1993,227444247.465385
Uganda,UGA,1992,250344412.078182
Uganda,UGA,1991,247948158.154901
Uganda,UGA,1990,311669538.728551
Uganda,UGA,1989,419712425.587951
Uganda,UGA,1988,492900000.0
Uganda,UGA,1987,517053674.042086
Uganda,UGA,1986,502571961.533299
Uganda,UGA,1985,483554233.875652
Uganda,UGA,1984,458913258.930495
Uganda,UGA,1983,194000000.0
Uganda,UGA,1982,182500000.0
Uganda,UGA,1981,215000000.0
Uganda,UGA,1980,242000000.0
Uganda,UGA,1979,415000000.0
Uganda,UGA,1978,330434782.608696
Uganda,UGA,1977,268764705.882353
Uganda,UGA,1976,278700000.0
Uganda,UGA,1975,204111111.111111
Uganda,UGA,1974,308953521.528372
Uganda,UGA,1973,281678309.93014
Uganda,UGA,1972,289094218.115638
Uganda,UGA,1971,280834383.312334
Uganda,UGA,1970,294134117.317654
Uganda,UGA,1969,251574968.50063
Uganda,UGA,1968,248355032.899342
Uganda,UGA,1967,244715105.697886
Uganda,UGA,1966,236595268.094638
Uganda,UGA,1965,226235475.290494
Uganda,UGA,1964,176172433.863764
Uganda,UGA,1963,146070429.082252
Uganda,UGA,1962,108280396.606089
Uganda,UGA,1961,107847342.127381
Uganda,UGA,1960,115643371.302194
Ukraine,UKR,2024,56097413426.8451
Ukraine,UKR,2023,51286538169.6103
Ukraine,UKR,2022,57417372455.43
Ukraine,UKR,2021,81281413098.7658
Ukraine,UKR,2020,60801578067.778
Ukraine,UKR,2019,63448583044.48
Ukraine,UKR,2018,59208892250.9196
Ukraine,UKR,2017,53943461808.6232
Ukraine,UKR,2016,46023154798.8845
Ukraine,UKR,2015,47880176690.9298
Ukraine,UKR,2014,64873485476.4489
Ukraine,UKR,2013,81719004128.6125
Ukraine,UKR,2012,86517143161.4126
Ukraine,UKR,2011,83661340362.1659
Ukraine,UKR,2010,65600892379.303
Ukraine,UKR,2009,52180910869.1299
Ukraine,UKR,2008,81376308303.7526
Ukraine,UKR,2007,61412079207.9208
Ukraine,UKR,2006,48355049504.9505
Ukraine,UKR,2005,42593471771.8732
Ukraine,UKR,2004,39456100770.8216
Ukraine,UKR,2003,27327869172.1698
Ukraine,UKR,2002,22030272452.0686
Ukraine,UKR,2001,19909904878.9114
Ukraine,UKR,2000,19521222712.336
Ukraine,UKR,1999,16960000576.2095
Ukraine,UKR,1998,17543687391.3572
Ukraine,UKR,1997,20357121608.8025
Ukraine,UKR,1996,20341967259.3523
Ukraine,UKR,1995,22695828944.5407
Ukraine,UKR,1994,18596691884.2465
Ukraine,UKR,1993,16988495838.624
Ukraine,UKR,1992,17732031954.7572
Ukraine,UKR,1991,20230191964.6397
Ukraine,UKR,1990,22517259875.2273
Ukraine,UKR,1989,26529048347.8514
United Arab Emirates,ARE,2023,558401633764.466
United Arab Emirates,ARE,2022,521897345132.743
United Arab Emirates,ARE,2021,425155888359.428
United Arab Emirates,ARE,2020,350277467665.078
United Arab Emirates,ARE,2019,404863172226.004
United Arab Emirates,ARE,2018,400217835262.083
United Arab Emirates,ARE,2017,382137508509.19
United Arab Emirates,ARE,2016,360626276378.489
United Arab Emirates,ARE,2015,358529611980.939
United Arab Emirates,ARE,2014,402728114363.513
United Arab Emirates,ARE,2013,392244520081.688
United Arab Emirates,ARE,2012,375513955071.477
United Arab Emirates,ARE,2011,315867937372.362
United Arab Emirates,ARE,2010,238328114363.513
United Arab Emirates,ARE,2009,201958883594.282
United Arab Emirates,ARE,2008,248808168822.328
United Arab Emirates,ARE,2007,186690265486.726
United Arab Emirates,ARE,2006,152433690946.222
United Arab Emirates,ARE,2005,122070878148.4
United Arab Emirates,ARE,2004,93968596324.03
United Arab Emirates,ARE,2003,69538461538.4615
United Arab Emirates,ARE,2002,54362695711.3683
United Arab Emirates,ARE,2001,50787202178.3526
United Kingdom,GBR,2024,1142086333403.45
United Kingdom,GBR,2023,1091653856200.64
United Kingdom,GBR,2022,1083593172366.25
United Kingdom,GBR,2021,935667446175.151
United Kingdom,GBR,2020,815801724783.58
United Kingdom,GBR,2019,917433768894.232
United Kingdom,GBR,2018,922834772428.163
United Kingdom,GBR,2017,836020370556.138
United Kingdom,GBR,2016,786640412453.566
United Kingdom,GBR,2015,821200386071.742
United Kingdom,GBR,2014,880315812062.876
United Kingdom,GBR,2013,844879329622.476
United Kingdom,GBR,2012,829500825756.786
United Kingdom,GBR,2011,836521134497.73
United Kingdom,GBR,2010,717722225201.667
United Kingdom,GBR,2009,648817572830.659
United Kingdom,GBR,2008,806393382352.941
United Kingdom,GBR,2007,788841536614.646
United Kingdom,GBR,2006,745508739650.414
United Kingdom,GBR,2005,643121818181.818
United Kingdom,GBR,2004,582770047601.611
United Kingdom,GBR,2003,494048979591.837
United Kingdom,GBR,2002,437455035971.223
United Kingdom,GBR,2001,421484093853.462
United Kingdom,GBR,2000,427199273717.658
United Kingdom,GBR,1999,409995146416.438
United Kingdom,GBR,1998,403935077840.344
United Kingdom,GBR,1997,402043222003.929
United Kingdom,GBR,1996,374382215288.612
United Kingdom,GBR,1995,346673504813.003
United Kingdom,GBR,1994,297415469850.015
United Kingdom,GBR,1993,263563318836.233
United Kingdom,GBR,1992,270419575289.575
United Kingdom,GBR,1991,258221350970.018
United Kingdom,GBR,1990,255032436079.545
United Kingdom,GBR,1989,209856063481.675
United Kingdom,GBR,1988,201778537886.873
United Kingdom,GBR,1987,183446283706.488
United Kingdom,GBR,1986,150993144239.226
United Kingdom,GBR,1985,137913634496.92
United Kingdom,GBR,1984,128434115456.238
United Kingdom,GBR,1983,127464198878.278
United Kingdom,GBR,1982,133411221174.004
United Kingdom,GBR,1981,141969931672.026
United Kingdom,GBR,1980,151948940274.227
United Kingdom,GBR,1979,121453807708.598
United Kingdom,GBR,1978,95076914669.2234
United Kingdom,GBR,1977,78871843711.8437
United Kingdom,GBR,1976,65841913746.6307
United Kingdom,GBR,1975,62053345132.7434
United Kingdom,GBR,1974,55864677419.3548
United Kingdom,GBR,1973,43672359137.6776
United Kingdom,GBR,1972,35438523976.024
United Kingdom,GBR,1971,32761433438.7929
United Kingdom,GBR,1970,28794190064.7948
United States,USA,2024,3193500000000.0
United States,USA,2023,3052469000000.0
United States,USA,2022,3017379000000.0
United States,USA,2021,2555430000000.0
United States,USA,2020,2151139000000.0
United States,USA,2019,2539391000000.0
United States,USA,2018,2538089000000.0
United States,USA,2017,2388260000000.0
United States,USA,2016,2235558000000.0
United States,USA,2015,2270622000000.0
United States,USA,2014,2378545000000.0
United States,USA,2013,2287922000000.0
United States,USA,2012,2217700000000.0
United States,USA,2011,2115864000000.0
United States,USA,2010,1857247000000.0
United States,USA,2009,1582774000000.0
United States,USA,2008,1835280000000.0
United States,USA,2007,1659295000000.0
United States,USA,2006,1470170000000.0
United States,USA,2005,1301580000000.0
United States,USA,2004,1176363000000.0
United States,USA,2003,1035165000000.0
United States,USA,2002,997979000000.0
United States,USA,2001,1026812000000.0
United States,USA,2000,1096111000000.0
United States,USA,1999,992910000000.0
United States,USA,1998,952979000000.0
United States,USA,1997,953803000000.0
United States,USA,1996,867589000000.0
United States,USA,1995,812810000000.0
United States,USA,1994,720937000000.0
United States,USA,1993,654799000000.0
United States,USA,1992,633053000000.0
United States,USA,1991,594931000000.0
United States,USA,1990,551873000000.0
United States,USA,1989,504289000000.0
United States,USA,1988,444601000000.0
United States,USA,1987,363943000000.0
United States,USA,1986,320998000000.0
United States,USA,1985,303211000000.0
United States,USA,1984,302380000000.0
United States,USA,1983,276996000000.0
United States,USA,1982,283210000000.0
United States,USA,1981,305239000000.0
United States,USA,1980,280772000000.0
United States,USA,1979,230129000000.0
United States,USA,1978,186883000000.0
United States,USA,1977,159349000000.0
United States,USA,1976,149515000000.0
United States,USA,1975,138706000000.0
United States,USA,1974,126650000000.0
United States,USA,1973,95269000000.0
United States,USA,1972,70843000000.0
United States,USA,1971,62963000000.0
United States,USA,1970,59709000000.0
Uruguay,URY,2024,23285155540.2017
Uruguay,URY,2023,21947089985.7941
Uruguay,URY,2022,23530155862.0646
Uruguay,URY,2021,20010251506.2999
Uruguay,URY,2020,14026275303.5397
Uruguay,URY,2019,17363366578.855
Uruguay,URY,2018,17265046236.5523
Uruguay,URY,2017,16856823032.1798
Uruguay,URY,2016,15480528866.8749
Uruguay,URY,2015,12965298328.9609
Uruguay,URY,2014,14477839204.7673
Uruguay,URY,2013,14324258529.8967
Uruguay,URY,2012,14056802468.6647
Uruguay,URY,2011,13301545753.261
Uruguay,URY,2010,11050981363.9825
Uruguay,URY,2009,8863697956.5254
Uruguay,URY,2008,9399061014.7338
Uruguay,URY,2007,6922888126.95653
Uruguay,URY,2006,5981157817.70038
Uruguay,URY,2005,5279006691.55916
Uruguay,URY,2004,4394994711.50161
Uruguay,URY,2003,3304410120.8128
Uruguay,URY,2002,2805891108.54808
Uruguay,URY,2001,3511965703.13182
Uruguay,URY,2000,3811052356.14556
Uruguay,URY,1999,3621012840.29878
Uruguay,URY,1998,4168339941.96096
Uruguay,URY,1997,4184600574.90955
Uruguay,URY,1996,4035386466.32462
Uruguay,URY,1995,3665940935.58041
Uruguay,URY,1994,3454168853.29398
Uruguay,URY,1993,2869311094.48853
Uruguay,URY,1992,2633269108.95619
Uruguay,URY,1991,2318969025.05522
Uruguay,URY,1990,2188206935.7084
Uruguay,URY,1989,1982636216.99416
Uruguay,URY,1988,1811733104.23506
Uruguay,URY,1987,1594966344.74685
Uruguay,URY,1986,1541476814.9821
Uruguay,URY,1985,1266123611.05619
Uruguay,URY,1984,1289223520.99237
Uruguay,URY,1983,1310717315.94386
Uruguay,URY,1982,1314939846.00578
Uruguay,URY,1981,1679796170.47561
Uruguay,URY,1980,1527803802.70047
Uruguay,URY,1979,1208815649.58537
Uruguay,URY,1978,925434421.693415
Uruguay,URY,1977,818672883.787661
Uruguay,URY,1976,717274791.824376
Uruguay,URY,1975,593738352.590385
Uruguay,URY,1974,588256717.015833
Uruguay,URY,1973,412996156.841318
Uruguay,URY,1972,337963958.674456
Uruguay,URY,1971,288709677.419355
Uruguay,URY,1970,296774193.548387
Uruguay,URY,1969,268548387.096774
Uruguay,URY,1968,241962440.470842
Uruguay,URY,1967,233416696.439204
Uruguay,URY,1966,309880933.972475
Uruguay,URY,1965,347846052.291709
Uruguay,URY,1964,235904694.503421
Uruguay,URY,1963,185026101.896518
Uruguay,URY,1962,193918025.561922
Uruguay,URY,1961,219799542.816951
Uruguay,URY,1960,171350239.890336
Uzbekistan,UZB,2024,26172759003.5243
Uzbekistan,UZB,2023,25070018775.0087
Uzbekistan,UZB,2022,20962647200.8976
Uzbekistan,UZB,2021,16479144804.738
Uzbekistan,UZB,2020,14561318344.1846
Uzbekistan,UZB,2019,17059027389.7613
Uzbekistan,UZB,2018,14190894258.339
Uzbekistan,UZB,2017,12880673500.8115
Uzbekistan,UZB,2016,10623491738.6738
Uzbekistan,UZB,2015,11872252204.8244
Uzbekistan,UZB,2014,12972030799.1556
Uzbekistan,UZB,2013,13644942280.4817
Uzbekistan,UZB,2012,13019734006.3712
Uzbekistan,UZB,2011,14254614638.5983
Uzbekistan,UZB,2010,12090928284.6769
Uzbekistan,UZB,2009,11677571266.7676
Uzbekistan,UZB,2008,12165067485.593
Uzbekistan,UZB,2007,8851137334.97958
Uzbekistan,UZB,2006,6328126538.24697
Uzbekistan,UZB,2005,5409530612.61164
Uzbekistan,UZB,2004,5027333202.51177
Uzbekistan,UZB,2003,3875170383.182
Uzbekistan,UZB,2002,2995507327.41245
Uzbekistan,UZB,2001,3383383874.62673
Uzbekistan,UZB,2000,3393714865.37893
Uzbekistan,UZB,1999,3104709563.543
Uzbekistan,UZB,1998,3382144369.17866
Uzbekistan,UZB,1997,3997132075.4717
Vanuatu,VUT,2022,99441790.086764
Vanuatu,VUT,2021,90797377.8579749
Vanuatu,VUT,2020,168001386.722136
Vanuatu,VUT,2019,471496742.422592
Vanuatu,VUT,2018,517832342.395498
Vanuatu,VUT,2017,419436566.586348
Vanuatu,VUT,2016,381590228.163171
Vanuatu,VUT,2015,336446281.858453
Vanuatu,VUT,2014,397180775.725218
Vanuatu,VUT,2013,391908400.983685
Vanuatu,VUT,2012,383721495.074889
Vanuatu,VUT,2011,351238321.018458
Vanuatu,VUT,2010,326760516.056861
Vanuatu,VUT,2009,299604182.403186
Vanuatu,VUT,2008,274566820.093365
Vanuatu,VUT,2007,214755338.62111
Vanuatu,VUT,2006,181334498.810218
Vanuatu,VUT,2005,179247111.420717
Vanuatu,VUT,2004,166437069.505322
Vanuatu,VUT,2003,136092260.944868
Vanuatu,VUT,2002,111107652.417073
Vanuatu,VUT,2001,97899354.8387097
Vanuatu,VUT,2000,106572542.819782
Vanuatu,VUT,1999,100174317.257408
Vanuatu,VUT,1998,110925951.340012
Vanuatu,VUT,1997,133416760.162251
Vanuatu,VUT,1996,112684503.083629
Vanuatu,VUT,1995,104432214.501699
Vanuatu,VUT,1994,99359993.127443
Vanuatu,VUT,1993,86518452.7187636
Vanuatu,VUT,1992,89459573.867645
Vanuatu,VUT,1991,80560530.0859599
Vanuatu,VUT,1990,74577139.9282419
Vanuatu,VUT,1989,54032160.7693766
Vanuatu,VUT,1988,52755061.0001341
Vanuatu,VUT,1987,46809711.513077
Vanuatu,VUT,1986,41260413.1644813
Vanuatu,VUT,1985,60283687.9432624
Vanuatu,VUT,1984,78182001.4108637
Vanuatu,VUT,1983,59716193.0160008
Vanuatu,VUT,1982,41971562.6559122
Vanuatu,VUT,1981,37893106.8248582
Vanuatu,VUT,1980,37603233.1751889
"Venezuela, RB",VEN,2024,20198598348.2693
"Venezuela, RB",VEN,2023,18496292168.2308
"Venezuela, RB",VEN,2022,14552961818.7141
"Venezuela, RB",VEN,2021,8690395620.68266
"Venezuela, RB",VEN,2020,5571433292.44363
"Venezuela, RB",VEN,2019,34459798820.9159
"Venezuela, RB",VEN,2018,43415619378.5429
"Venezuela, RB",VEN,2017,38596593864.8392
"Venezuela, RB",VEN,2016,35137356633.9928
"Venezuela, RB",VEN,2015,51103125539.932
"Venezuela, RB",VEN,2014,93485691720.6152
"Venezuela, RB",VEN,2013,78195615610.4677
"Venezuela, RB",VEN,2012,109943290455.339
"Venezuela, RB",VEN,2011,94764308628.4475
"Venezuela, RB",VEN,2010,112179378987.665
"Venezuela, RB",VEN,2009,59597633591.3457
"Venezuela, RB",VEN,2008,97382107619.1364
"Venezuela, RB",VEN,2007,71713558453.6563
"Venezuela, RB",VEN,2006,67003462040.0559
"Venezuela, RB",VEN,2005,57708689556.167
"Venezuela, RB",VEN,2004,40705555517.108
"Venezuela, RB",VEN,2003,28308417019.686
"Venezuela, RB",VEN,2002,28270835558.6183
"Venezuela, RB",VEN,2001,27944600467.6606
"Venezuela, RB",VEN,2000,34844302171.5043
"Venezuela, RB",VEN,1999,22447252466.0531
"Venezuela, RB",VEN,1998,19108095208.9906
"Venezuela, RB",VEN,1997,25115255474.6239
"Venezuela, RB",VEN,1996,24925953989.9353
"Venezuela, RB",VEN,1995,20300239573.6242
"Venezuela, RB",VEN,1994,17447363636.3636
"Venezuela, RB",VEN,1993,15662133382.201
"Venezuela, RB",VEN,1992,15407112356.8872
"Venezuela, RB",VEN,1991,16217872415.3102
"Venezuela, RB",VEN,1990,18555857828.3277
"Venezuela, RB",VEN,1989,14376184482.3444
"Venezuela, RB",VEN,1988,12017951724.1379
"Venezuela, RB",VEN,1987,9720924137.93104
"Venezuela, RB",VEN,1986,11675344329.8969
"Venezuela, RB",VEN,1985,13973026666.6667
"Venezuela, RB",VEN,1984,15003121140.1425
"Venezuela, RB",VEN,1983,15325488372.093
"Venezuela, RB",VEN,1982,16968302325.5814
"Venezuela, RB",VEN,1981,20231441860.4651
"Venezuela, RB",VEN,1980,19286255813.9535
"Venezuela, RB",VEN,1979,14447813953.4884
"Venezuela, RB",VEN,1978,9474348837.2093
"Venezuela, RB",VEN,1977,9811906976.74419
"Venezuela, RB",VEN,1976,9339325581.39535
"Venezuela, RB",VEN,1975,9024255813.95349
"Venezuela, RB",VEN,1974,11207186046.5116
"Venezuela, RB",VEN,1973,4883441860.46512
"Venezuela, RB",VEN,1972,3254954545.45455
"Venezuela, RB",VEN,1971,3276954545.45455
"Venezuela, RB",VEN,1970,2688022222.22222
"Venezuela, RB",VEN,1969,2516000000.0
"Venezuela, RB",VEN,1968,2537488888.88889
"Venezuela, RB",VEN,1967,2516000000.0
"Venezuela, RB",VEN,1966,2429977777.77778
"Venezuela, RB",VEN,1965,2451466666.66667
"Venezuela, RB",VEN,1964,2471908045.97701
"Venezuela, RB",VEN,1963,3078813813.23877
"Venezuela, RB",VEN,1962,2880107474.24025
"Venezuela, RB",VEN,1961,2558575054.24904
"Venezuela, RB",VEN,1960,2332409504.36594
Viet Nam,VNM,2024,429484098196.194
Viet Nam,VNM,2023,375145540249.857
Viet Nam,VNM,2022,386241068014.827
Viet Nam,VNM,2021,343937314545.796
Viet Nam,VNM,2020,292479899128.741
Viet Nam,VNM,2019,284737397482.992
Viet Nam,VNM,2018,261802606599.096
Viet Nam,VNM,2017,230041803530.193
Viet Nam,VNM,2016,190526869544.715
Viet Nam,VNM,2015,174473996313.379
Viet Nam,VNM,2014,162478898406.019
Viet Nam,VNM,2013,142758439316.46
Viet Nam,VNM,2012,124149069364.149
Viet Nam,VNM,2011,105593919857.799
Viet Nam,VNM,2010,79747480852.5934
Viet Nam,VNM,2009,66374595300.6651
Viet Nam,VNM,2008,69724976613.6576
Viet Nam,VNM,2007,54591007520.8979
Viet Nam,VNM,2006,44944777029.2449
Viet Nam,VNM,2005,36712091514.5168
Viet Nam,VNM,2004,27134530700.4954
Viet Nam,VNM,2003,22415697835.6912
Viet Nam,VNM,2002,19193787586.6357
Viet Nam,VNM,2001,17997102361.0826
Viet Nam,VNM,2000,16808688578.4482
Viet Nam,VNM,1999,14332147613.4295
Viet Nam,VNM,1998,12203044874.8869
Viet Nam,VNM,1997,11570361482.9776
Viet Nam,VNM,1996,10077135261.0313
Viet Nam,VNM,1995,6804127645.72674
Viet Nam,VNM,1994,5539525589.2744
Viet Nam,VNM,1993,3785936655.43334
Viet Nam,VNM,1992,3428344546.99355
Viet Nam,VNM,1991,2971976968.94483
Viet Nam,VNM,1990,2332325664.6457
Viet Nam,VNM,1989,1500912820.21919
Viet Nam,VNM,1988,1003045229.32543
Viet Nam,VNM,1987,2200010145.48288
Viet Nam,VNM,1986,1744152761.16778
Virgin Islands (U.S.),VIR,2022,4549000000.0
Virgin Islands (U.S.),VIR,2021,4069000000.0
Virgin Islands (U.S.),VIR,2020,1620000000.0
Virgin Islands (U.S.),VIR,2019,2265000000.0
Virgin Islands (U.S.),VIR,2018,2084000000.0
Virgin Islands (U.S.),VIR,2017,2403000000.0
Virgin Islands (U.S.),VIR,2016,1786000000.0
Virgin Islands (U.S.),VIR,2015,1525000000.0
Virgin Islands (U.S.),VIR,2014,2794000000.0
Virgin Islands (U.S.),VIR,2013,2525000000.0
Virgin Islands (U.S.),VIR,2012,3278000000.0
Virgin Islands (U.S.),VIR,2011,14371000000.0
Virgin Islands (U.S.),VIR,2010,12945000000.0
Virgin Islands (U.S.),VIR,2009,10717000000.0
Virgin Islands (U.S.),VIR,2008,18412000000.0
Virgin Islands (U.S.),VIR,2007,14141000000.0
Virgin Islands (U.S.),VIR,2006,12730000000.0
Virgin Islands (U.S.),VIR,2005,11632000000.0
Virgin Islands (U.S.),VIR,2004,8604000000.0
Virgin Islands (U.S.),VIR,2003,6520000000.0
Virgin Islands (U.S.),VIR,2002,4809000000.0
West Bank and Gaza,PSE,2024,2884800000.0
West Bank and Gaza,PSE,2023,3167200000.0
West Bank and Gaza,PSE,2022,3533400000.0
West Bank and Gaza,PSE,2021,3140300000.0
West Bank and Gaza,PSE,2020,2385300000.0
West Bank and Gaza,PSE,2019,2659300000.0
West Bank and Gaza,PSE,2018,2598000000.0
West Bank and Gaza,PSE,2017,2536000000.0
West Bank and Gaza,PSE,2016,2207100000.0
West Bank and Gaza,PSE,2015,2244300000.0
West Bank and Gaza,PSE,2014,2213600000.0
West Bank and Gaza,PSE,2013,2111100000.0
West Bank and Gaza,PSE,2012,1871100000.0
West Bank and Gaza,PSE,2011,1799400000.0
West Bank and Gaza,PSE,2010,1367300000.0
West Bank and Gaza,PSE,2009,1133300000.0
West Bank and Gaza,PSE,2008,1165000000.0
West Bank and Gaza,PSE,2007,1066300000.0
West Bank and Gaza,PSE,2006,736300000.0
West Bank and Gaza,PSE,2005,723300000.0
West Bank and Gaza,PSE,2004,596800000.0
West Bank and Gaza,PSE,2003,515100000.0
West Bank and Gaza,PSE,2002,477800000.0
West Bank and Gaza,PSE,2001,615900000.0
West Bank and Gaza,PSE,2000,885000000.0
West Bank and Gaza,PSE,1999,751600000.0
West Bank and Gaza,PSE,1998,734400000.0
West Bank and Gaza,PSE,1997,650300000.0
West Bank and Gaza,PSE,1996,546000000.0
West Bank and Gaza,PSE,1995,562100000.0
West Bank and Gaza,PSE,1994,413500000.0
"Yemen, Rep.",YEM,2018,1891857548.62885
"Yemen, Rep.",YEM,2017,2600541607.29261
"Yemen, Rep.",YEM,2016,1506137717.83826
"Yemen, Rep.",YEM,2015,3841895932.87936
"Yemen, Rep.",YEM,2014,9287266913.30448
"Yemen, Rep.",YEM,2013,9036683924.79873
"Yemen, Rep.",YEM,2012,8802086893.56688
"Yemen, Rep.",YEM,2011,9929334000.0
"Yemen, Rep.",YEM,2010,9270503494.69466
"Yemen, Rep.",YEM,2009,7118191039.34303
"Yemen, Rep.",YEM,2008,10182247996.9593
"Yemen, Rep.",YEM,2007,7773281007.78574
"Yemen, Rep.",YEM,2006,7865176600.22941
"Yemen, Rep.",YEM,2005,6842678646.49599
"Yemen, Rep.",YEM,2004,5045391416.57542
"Yemen, Rep.",YEM,2003,4291615935.54775
"Yemen, Rep.",YEM,2002,3956694759.49836
"Yemen, Rep.",YEM,2001,3536920742.18982
"Yemen, Rep.",YEM,2000,4008099080.12422
"Yemen, Rep.",YEM,1999,2661491559.13613
"Yemen, Rep.",YEM,1998,1678128719.80772
"Yemen, Rep.",YEM,1997,2481221964.42382
"Yemen, Rep.",YEM,1996,2501418936.67338
"Yemen, Rep.",YEM,1995,5820589261.7284
"Yemen, Rep.",YEM,1994,11145349758.5346
"Yemen, Rep.",YEM,1993,4331455786.8443
"Yemen, Rep.",YEM,1992,2911541723.5637
"Yemen, Rep.",YEM,1991,2591910791.00749
"Yemen, Rep.",YEM,1990,1412103554.94787
Zambia,ZMB,2024,8851528097.90289
Zambia,ZMB,2023,11264526288.2707
Zambia,ZMB,2022,11722089926.1135
Zambia,ZMB,2021,11537884956.0409
Zambia,ZMB,2020,8473997596.93761
Zambia,ZMB,2019,8073235065.94259
Zambia,ZMB,2018,9987165258.55507
Zambia,ZMB,2017,9053912487.52298
Zambia,ZMB,2016,7403491271.28836
Zambia,ZMB,2015,7892388633.94057
Zambia,ZMB,2014,10536766856.2145
Zambia,ZMB,2013,11350236220.4724
Zambia,ZMB,2012,10222369008.995
Zambia,ZMB,2011,9494352665.25398
Zambia,ZMB,2010,7503512538.82554
Zambia,ZMB,2009,4483693050.07828
Zambia,ZMB,2008,5179705635.79571
Zambia,ZMB,2007,4721899912.55465
Zambia,ZMB,2006,4157837750.82568
Zambia,ZMB,2005,2550444807.88619
Zambia,ZMB,2004,2086559263.42497
Zambia,ZMB,2003,1258994467.03981
Zambia,ZMB,2002,1137945889.53973
Zambia,ZMB,2001,1028101890.50758
Zambia,ZMB,2000,861410215.362776
Zambia,ZMB,1999,852338277.040509
Zambia,ZMB,1998,870912946.834945
Zambia,ZMB,1997,1177864173.24332
Zambia,ZMB,1996,1024449292.15995
Zambia,ZMB,1995,1252536629.79289
Zambia,ZMB,1994,1204932092.96489
Zimbabwe,ZWE,2024,7497382687.20078
Zimbabwe,ZWE,2023,6140199792.31311
Zimbabwe,ZWE,2022,9659224063.82763
Zimbabwe,ZWE,2021,8158286329.08848
Zimbabwe,ZWE,2020,6054269170.08783
Zimbabwe,ZWE,2019,7595268547.19708
Zimbabwe,ZWE,2018,8932843137.2549
Zimbabwe,ZWE,2017,12584462151.3944
Zimbabwe,ZWE,2016,4100250000.0
Zimbabwe,ZWE,2015,3827000000.0
Zimbabwe,ZWE,2014,4082500000.0
Zimbabwe,ZWE,2013,4199750000.0
Zimbabwe,ZWE,2012,4308750000.0
Zimbabwe,ZWE,2011,4910000000.0
Zimbabwe,ZWE,2010,3571000000.0
Zimbabwe,ZWE,2009,1883500000.0
Zimbabwe,ZWE,2008,1832000000.0
Zimbabwe,ZWE,2007,2000500000.0
Zimbabwe,ZWE,2006,1958500000.0
Zimbabwe,ZWE,2005,1931750000.0
Zimbabwe,ZWE,2004,2002250000.0
Zimbabwe,ZWE,2003,1856500000.0
Zimbabwe,ZWE,2002,2020000000.0
Zimbabwe,ZWE,2001,2370500000.0
Zimbabwe,ZWE,2000,2554250000.0
Zimbabwe,ZWE,1999,2566750000.0
Zimbabwe,ZWE,1998,2779500000.0
Zimbabwe,ZWE,1997,3208250000.0
Zimbabwe,ZWE,1996,3091750000.0
Zimbabwe,ZWE,1995,2720500000.0
Zimbabwe,ZWE,1994,2385500000.0
Zimbabwe,ZWE,1993,2017500000.0
Zimbabwe,ZWE,1992,1839250000.0
Zimbabwe,ZWE,1991,2065000000.0
Zimbabwe,ZWE,1990,2009607342.81919
Zimbabwe,ZWE,1989,1935204473.54694
Zimbabwe,ZWE,1988,1856204058.05491
Zimbabwe,ZWE,1987,1619777304.75416
Zimbabwe,ZWE,1986,1496041259.77569
Zimbabwe,ZWE,1985,1252436243.26366
Zimbabwe,ZWE,1984,1306736253.64496
Zimbabwe,ZWE,1983,1277291527.41227
Zimbabwe,ZWE,1982,1446131890.02612
Zimbabwe,ZWE,1981,1557022079.50762
Zimbabwe,ZWE,1980,1561474151.48899
Zimbabwe,ZWE,1979,1129262585.28252
Zimbabwe,ZWE,1978,958785487.409935
Zimbabwe,ZWE,1977,934237560.111675
Zimbabwe,ZWE,1976,948809396.411177
Zimbabwe,ZWE,1975,995633791.83665
