country,country_code,year,gdp_usd
Africa Eastern and Southern,AFE,2024,1242693542929.85
Africa Eastern and Southern,AFE,2023,1179359054880.45
Africa Eastern and Southern,AFE,2022,1228967879390.01
Africa Eastern and Southern,AFE,2021,1114144799994.21
Africa Eastern and Southern,AFE,2020,938607563405.087
Africa Eastern and Southern,AFE,2019,1018714795912.35
Africa Eastern and Southern,AFE,2018,1020955778298.17
Africa Eastern and Southern,AFE,2017,978076465866.452
Africa Eastern and Southern,AFE,2016,831868076442.431
Africa Eastern and Southern,AFE,2015,910002035578.038
Africa Eastern and Southern,AFE,2014,998836162271.296
Africa Eastern and Southern,AFE,2013,981308886976.783
Africa Eastern and Southern,AFE,2012,969265729636.028
Africa Eastern and Southern,AFE,2011,959822476083.878
Africa Eastern and Southern,AFE,2010,863822114606.332
Africa Eastern and Southern,AFE,2009,726921646144.603
Africa Eastern and Southern,AFE,2008,726770401376.729
Africa Eastern and Southern,AFE,2007,674999944547.619
Africa Eastern and Southern,AFE,2006,587500469826.421
Africa Eastern and Southern,AFE,2005,521561976778.096
Africa Eastern and Southern,AFE,2004,445974808500.088
Africa Eastern and Southern,AFE,2003,358116081062.427
Africa Eastern and Southern,AFE,2002,269746009737.978
Africa Eastern and Southern,AFE,2001,260849957489.123
Africa Eastern and Southern,AFE,2000,287041984552.036
Africa Eastern and Southern,AFE,1999,265321007618.974
Africa Eastern and Southern,AFE,1998,268728127688.21
Africa Eastern and Southern,AFE,1997,288270699674.414
Africa Eastern and Southern,AFE,1996,273427612467.252
Africa Eastern and Southern,AFE,1995,273327034187.587
Africa Eastern and Southern,AFE,1994,243477534983.306
Africa Eastern and Southern,AFE,1993,239981176638.05
Africa Eastern and Southern,AFE,1992,241188307967.9
Africa Eastern and Southern,AFE,1991,276918502950.348
Africa Eastern and Southern,AFE,1990,256383050159.487
Africa Eastern and Southern,AFE,1989,220613390803.074
Africa Eastern and Southern,AFE,1988,207368870172.406
Africa Eastern and Southern,AFE,1987,190175229570.901
Africa Eastern and Southern,AFE,1986,160553515127.741
Africa Eastern and Southern,AFE,1985,149335153752.165
Africa Eastern and Southern,AFE,1984,170038515839.183
Africa Eastern and Southern,AFE,1983,185755503030.119
Africa Eastern and Southern,AFE,1982,178355547527.525
Africa Eastern and Southern,AFE,1981,185108969364.767
Africa Eastern and Southern,AFE,1980,178472295521.021
Africa Eastern and Southern,AFE,1979,142099959764.832
Africa Eastern and Southern,AFE,1978,124083421003.115
Africa Eastern and Southern,AFE,1977,109208244154.943
Africa Eastern and Southern,AFE,1976,96006417139.9693
Africa Eastern and Southern,AFE,1975,95295754526.8723
Africa Eastern and Southern,AFE,1974,89535976340.3865
Africa Eastern and Southern,AFE,1973,73083598128.6821
Africa Eastern and Southern,AFE,1972,56726057494.0768
Africa Eastern and Southern,AFE,1971,52188685166.5557
Africa Eastern and Southern,AFE,1970,47593907819.7874
Africa Eastern and Southern,AFE,1969,47048523178.8515
Africa Eastern and Southern,AFE,1968,41742001495.4024
Africa Eastern and Southern,AFE,1967,38444163573.9168
Africa Eastern and Southern,AFE,1966,36927249593.1569
Africa Eastern and Southern,AFE,1965,33806176716.8471
Africa Eastern and Southern,AFE,1964,30279553206.6418
Africa Eastern and Southern,AFE,1963,31769135008.6453
Africa Eastern and Southern,AFE,1962,27073233856.5389
Africa Eastern and Southern,AFE,1961,24958886027.4641
Africa Eastern and Southern,AFE,1960,24205688712.3759
Africa Western and Central,AFW,2024,736384961061.523
Africa Western and Central,AFW,2023,938238370514.198
Africa Western and Central,AFW,2022,1063649130876.99
Africa Western and Central,AFW,2021,1026651004045.79
Africa Western and Central,AFW,2020,963784699293.976
Africa Western and Central,AFW,2019,1026996211935.8
Africa Western and Central,AFW,2018,777840323023.311
Africa Western and Central,AFW,2017,694051345937.233
Africa Western and Central,AFW,2016,700028168335.244
Africa Western and Central,AFW,2015,778022057597.448
Africa Western and Central,AFW,2014,904071921008.085
Africa Western and Central,AFW,2013,844180401591.48
Africa Western and Central,AFW,2012,748030003656.802
Africa Western and Central,AFW,2011,691133400013.31
Africa Western and Central,AFW,2010,605794323433.505
Africa Western and Central,AFW,2009,515037106035.659
Africa Western and Central,AFW,2008,574259808704.121
Africa Western and Central,AFW,2007,470947616490.719
Africa Western and Central,AFW,2006,402077365740.581
Africa Western and Central,AFW,2005,316515667947.035
Africa Western and Central,AFW,2004,257939299771.713
Africa Western and Central,AFW,2003,208646527354.851
Africa Western and Central,AFW,2002,180129182230.862
Africa Western and Central,AFW,2001,150714426912.056
Africa Western and Central,AFW,2000,142700161610.079
Africa Western and Central,AFW,1999,140119071338.285
Africa Western and Central,AFW,1998,297126502718.937
Africa Western and Central,AFW,1997,276460023661.745
Africa Western and Central,AFW,1996,263563556144.176
Africa Western and Central,AFW,1995,207843864308.605
Africa Western and Central,AFW,1994,135350756019.393
Africa Western and Central,AFW,1993,130547124413.669
Africa Western and Central,AFW,1992,125449432677.392
Africa Western and Central,AFW,1991,130794315519.503
Africa Western and Central,AFW,1990,124277825786.697
Africa Western and Central,AFW,1989,104577372052.932
Africa Western and Central,AFW,1988,111770322169.923
Africa Western and Central,AFW,1987,112641148828.574
Africa Western and Central,AFW,1986,109517776160.1
Africa Western and Central,AFW,1985,138005066699.39
Africa Western and Central,AFW,1984,131373058519.308
Africa Western and Central,AFW,1983,151421439334.1
Africa Western and Central,AFW,1982,196264853551.918
Africa Western and Central,AFW,1981,217606540487.256
Africa Western and Central,AFW,1980,121445961252.94
Africa Western and Central,AFW,1979,96681064864.1808
Africa Western and Central,AFW,1978,78778080489.5676
Africa Western and Central,AFW,1977,71789497552.1911
Africa Western and Central,AFW,1976,68385552348.1688
Africa Western and Central,AFW,1975,57280116275.6847
Africa Western and Central,AFW,1974,49687223643.2392
Africa Western and Central,AFW,1973,36890633234.1126
Africa Western and Central,AFW,1972,29489425515.7538
Africa Western and Central,AFW,1971,24496786001.8079
Africa Western and Central,AFW,1970,26696924213.8055
Africa Western and Central,AFW,1969,19301191937.1478
Africa Western and Central,AFW,1968,17022596883.7037
Africa Western and Central,AFW,1967,16493541543.816
Africa Western and Central,AFW,1966,18033947666.935
Africa Western and Central,AFW,1965,16920876929.6607
Africa Western and Central,AFW,1964,15803564796.4118
Africa Western and Central,AFW,1963,14468913698.0467
Africa Western and Central,AFW,1962,13630588814.3032
Africa Western and Central,AFW,1961,12707719290.6273
Africa Western and Central,AFW,1960,11904805741.6831
Arab World,ARB,2024,3735881442514.34
Arab World,ARB,2023,3622495663981.78
Arab World,ARB,2022,3747416641077.45
Arab World,ARB,2021,3085141461685.6
Arab World,ARB,2020,2604104981819.8
Arab World,ARB,2019,2965285548936.01
Arab World,ARB,2018,2920829737234.67
Arab World,ARB,2017,2611323720520.0
Arab World,ARB,2016,2536564595458.87
Arab World,ARB,2015,2580328583417.41
Arab World,ARB,2014,2937035588682.67
Arab World,ARB,2013,2883689839002.54
Arab World,ARB,2012,2813567531715.43
Arab World,ARB,2011,2573067811497.98
Arab World,ARB,2010,2161397546202.94
Arab World,ARB,2009,1829849574764.63
Arab World,ARB,2008,2118071078804.52
Arab World,ARB,2007,1674641032780.09
Arab World,ARB,2006,1439461108230.61
Arab World,ARB,2005,1210081969427.04
Arab World,ARB,2004,987304981951.166
Arab World,ARB,2003,830076413454.428
Arab World,ARB,2002,746650656664.553
Arab World,ARB,2001,744722772315.71
Arab World,ARB,2000,763400003917.068
Arab World,ARB,1999,665404837896.43
Arab World,ARB,1998,598783412688.275
Arab World,ARB,1997,614595338335.664
Arab World,ARB,1996,570906157108.378
Arab World,ARB,1995,528474798399.241
Arab World,ARB,1994,499875724097.082
Arab World,ARB,1993,478901764895.936
Arab World,ARB,1992,467773383888.633
Arab World,ARB,1991,467929266012.123
Arab World,ARB,1990,641684045874.297
Arab World,ARB,1989,457356344756.136
Arab World,ARB,1988,429362637000.525
Arab World,ARB,1987,431233175938.527
Arab World,ARB,1986,405451959728.242
Arab World,ARB,1985,432863846846.03
Arab World,ARB,1984,440187316546.138
Arab World,ARB,1983,437476513138.035
Arab World,ARB,1982,463099887499.949
Arab World,ARB,1981,494934288111.785
Arab World,ARB,1980,486438763949.335
Arab World,ARB,1979,358135553984.577
Arab World,ARB,1978,265416211837.584
Arab World,ARB,1977,242286792667.265
Arab World,ARB,1976,210007567495.429
Arab World,ARB,1975,168169966031.31
Arab World,ARB,1974,152199035091.115
Arab World,ARB,1973,79130725986.8478
Arab World,ARB,1972,59970718932.0004
Arab World,ARB,1971,49930151658.848
Arab World,ARB,1970,43094140248.5052
Arab World,ARB,1969,38563619624.2434
Arab World,ARB,1968,34973045350.791
Arab World,ARB,1967,30600869634.5039
Arab World,ARB,1966,28351046183.4396
Arab World,ARB,1965,26771102387.3542
Arab World,ARB,1964,24813307353.8628
Arab World,ARB,1963,22364472061.2973
Arab World,ARB,1962,20329047307.1191
Arab World,ARB,1961,19998438484.7344
Caribbean small states,CSS,2024,90344593407.0488
Caribbean small states,CSS,2023,79534673452.944
Caribbean small states,CSS,2022,78506430710.7309
Caribbean small states,CSS,2021,62687149265.4471
Caribbean small states,CSS,2020,53320869430.7059
Caribbean small states,CSS,2019,62185458482.7062
Caribbean small states,CSS,2018,61252081219.8672
Caribbean small states,CSS,2017,59690101434.3488
Caribbean small states,CSS,2016,58073168349.5106
Caribbean small states,CSS,2015,62545153672.0285
Caribbean small states,CSS,2014,64075043973.1037
Caribbean small states,CSS,2013,62064949752.4886
Caribbean small states,CSS,2012,60427163825.0841
Caribbean small states,CSS,2011,56828150706.0989
Caribbean small states,CSS,2010,53047626322.0273
Caribbean small states,CSS,2009,47913515379.1154
Caribbean small states,CSS,2008,57296315261.9305
Caribbean small states,CSS,2007,49739222993.1148
Caribbean small states,CSS,2006,44325879983.2222
Caribbean small states,CSS,2005,38224293958.7281
Caribbean small states,CSS,2004,33597817092.3498
Caribbean small states,CSS,2003,30589389405.8968
Caribbean small states,CSS,2002,27742046925.4435
Caribbean small states,CSS,2001,26504661126.1591
Caribbean small states,CSS,2000,25625542926.4456
Caribbean small states,CSS,1999,23393912390.0523
Caribbean small states,CSS,1998,21643804665.0628
Caribbean small states,CSS,1997,20074931520.308
Caribbean small states,CSS,1996,16941993239.8086
Caribbean small states,CSS,1995,15732201525.3694
Caribbean small states,CSS,1994,14788599388.7446
Caribbean small states,CSS,1993,13815833341.5092
Caribbean small states,CSS,1992,14242986936.367
Caribbean small states,CSS,1991,13946896742.2113
Caribbean small states,CSS,1990,13573367099.5127
Caribbean small states,CSS,1989,12606272526.7095
Caribbean small states,CSS,1988,12745727415.7592
Caribbean small states,CSS,1987,12334469174.3296
Caribbean small states,CSS,1986,11773697053.1201
Caribbean small states,CSS,1985,13794627075.9123
Caribbean small states,CSS,1984,13689070378.954
Caribbean small states,CSS,1983,13189051711.1814
Caribbean small states,CSS,1982,13292712867.0251
Caribbean small states,CSS,1981,11977463255.1586
Caribbean small states,CSS,1980,10876340879.3427
Caribbean small states,CSS,1979,8405785521.3914
Caribbean small states,CSS,1978,6776416498.50876
Caribbean small states,CSS,1977,5937525886.22228
Caribbean small states,CSS,1976,4937767512.99323
Caribbean small states,CSS,1975,4819825581.33935
Caribbean small states,CSS,1974,4201310614.82803
Caribbean small states,CSS,1973,3173389131.65134
Caribbean small states,CSS,1972,2734457344.6905
Caribbean small states,CSS,1971,2457968135.09375
Caribbean small states,CSS,1970,2268330542.34162
Caribbean small states,CSS,1969,2152507805.36929
Caribbean small states,CSS,1968,1980508885.71067
Caribbean small states,CSS,1967,1929997389.27725
Caribbean small states,CSS,1966,1763304085.16679
Caribbean small states,CSS,1965,1658476310.98942
Caribbean small states,CSS,1964,1546223257.5277
Caribbean small states,CSS,1963,1447988752.00055
Caribbean small states,CSS,1962,1356047349.50434
Caribbean small states,CSS,1961,1272022469.10602
Caribbean small states,CSS,1960,1165303060.28689
Central Europe and the Baltics,CEB,2024,2462005273603.48
Central Europe and the Baltics,CEB,2023,2273205742208.3
Central Europe and the Baltics,CEB,2022,1954419184114.96
Central Europe and the Baltics,CEB,2021,1926347717339.0
Central Europe and the Baltics,CEB,2020,1678294256145.3
Central Europe and the Baltics,CEB,2019,1684318282245.77
Central Europe and the Baltics,CEB,2018,1656383422202.66
Central Europe and the Baltics,CEB,2017,1467501784248.85
Central Europe and the Baltics,CEB,2016,1321561415743.83
Central Europe and the Baltics,CEB,2015,1297141271990.05
Central Europe and the Baltics,CEB,2014,1467451281263.28
Central Europe and the Baltics,CEB,2013,1420222538112.93
Central Europe and the Baltics,CEB,2012,1361899009858.4
Central Europe and the Baltics,CEB,2011,1458155270134.3
Central Europe and the Baltics,CEB,2010,1319443729249.66
Central Europe and the Baltics,CEB,2009,1289259547165.21
Central Europe and the Baltics,CEB,2008,1530264815688.71
Central Europe and the Baltics,CEB,2007,1264257753875.72
Central Europe and the Baltics,CEB,2006,1001314786967.89
Central Europe and the Baltics,CEB,2005,885715817927.209
Central Europe and the Baltics,CEB,2004,763490469817.591
Central Europe and the Baltics,CEB,2003,634291134326.277
Central Europe and the Baltics,CEB,2002,528524764911.334
Central Europe and the Baltics,CEB,2001,469501416107.35
Central Europe and the Baltics,CEB,2000,429412709571.523
Central Europe and the Baltics,CEB,1999,436027644107.052
Central Europe and the Baltics,CEB,1998,449843473353.657
Central Europe and the Baltics,CEB,1997,411143082438.382
Central Europe and the Baltics,CEB,1996,417518097817.205
Central Europe and the Baltics,CEB,1995,394762398480.378
Central Europe and the Baltics,CEB,1994,308675977161.455
Central Europe and the Baltics,CEB,1993,270374645291.362
Central Europe and the Baltics,CEB,1992,255096853829.453
Central Europe and the Baltics,CEB,1991,246710634295.862
Central Europe and the Baltics,CEB,1990,272115195628.928
Early-demographic dividend,EAR,2024,15808304487948.1
Early-demographic dividend,EAR,2023,14933453330998.3
Early-demographic dividend,EAR,2022,14034689936337.3
Early-demographic dividend,EAR,2021,12695008338487.8
Early-demographic dividend,EAR,2020,10823343545638.3
Early-demographic dividend,EAR,2019,11686574879191.1
Early-demographic dividend,EAR,2018,11478917653356.5
Early-demographic dividend,EAR,2017,11320553240043.8
Early-demographic dividend,EAR,2016,10423237803666.1
Early-demographic dividend,EAR,2015,10127250782286.2
Early-demographic dividend,EAR,2014,10533364326771.5
Early-demographic dividend,EAR,2013,10330333855700.2
Early-demographic dividend,EAR,2012,10275142735646.4
Early-demographic dividend,EAR,2011,9832704039068.24
Early-demographic dividend,EAR,2010,8719722451021.04
Early-demographic dividend,EAR,2009,7179119134034.64
Early-demographic dividend,EAR,2008,7461798613306.43
Early-demographic dividend,EAR,2007,6631053551528.64
Early-demographic dividend,EAR,2006,5600388912441.22
Early-demographic dividend,EAR,2005,4897834756101.33
Early-demographic dividend,EAR,2004,4209733389066.63
Early-demographic dividend,EAR,2003,3622513779274.76
Early-demographic dividend,EAR,2002,3255787156323.37
Early-demographic dividend,EAR,2001,3351822804548.09
Early-demographic dividend,EAR,2000,3378295866754.26
Early-demographic dividend,EAR,1999,3090855529444.24
Early-demographic dividend,EAR,1998,2921281348182.23
Early-demographic dividend,EAR,1997,3029966854142.86
Early-demographic dividend,EAR,1996,2836341459574.38
Early-demographic dividend,EAR,1995,2616825349456.6
Early-demographic dividend,EAR,1994,2502107597947.33
Early-demographic dividend,EAR,1993,2381953146975.35
Early-demographic dividend,EAR,1992,2207967005422.93
Early-demographic dividend,EAR,1991,2032104613561.74
Early-demographic dividend,EAR,1990,1915433566099.57
Early-demographic dividend,EAR,1989,1634255193569.59
Early-demographic dividend,EAR,1988,1606574808086.1
Early-demographic dividend,EAR,1987,1521911883272.76
Early-demographic dividend,EAR,1986,1498034888889.96
Early-demographic dividend,EAR,1985,1490483608577.59
Early-demographic dividend,EAR,1984,1494712751952.32
Early-demographic dividend,EAR,1983,1474006434239.97
Early-demographic dividend,EAR,1982,1460539930822.8
Early-demographic dividend,EAR,1981,1531909890330.96
Early-demographic dividend,EAR,1980,1382501835902.97
Early-demographic dividend,EAR,1979,1111836214805.12
Early-demographic dividend,EAR,1978,944725702178.608
Early-demographic dividend,EAR,1977,827431694414.616
Early-demographic dividend,EAR,1976,739999717047.563
Early-demographic dividend,EAR,1975,677326175290.985
Early-demographic dividend,EAR,1974,632677956824.657
Early-demographic dividend,EAR,1973,451330007897.131
Early-demographic dividend,EAR,1972,352709582632.978
Early-demographic dividend,EAR,1971,319666547823.284
Early-demographic dividend,EAR,1970,296902005244.168
Early-demographic dividend,EAR,1969,278946058537.51
Early-demographic dividend,EAR,1968,249635352315.78
Early-demographic dividend,EAR,1967,228982484399.536
Early-demographic dividend,EAR,1966,216877873081.118
Early-demographic dividend,EAR,1965,218951522604.693
Early-demographic dividend,EAR,1964,201822394409.762
Early-demographic dividend,EAR,1963,175994009911.133
Early-demographic dividend,EAR,1962,159435896119.118
Early-demographic dividend,EAR,1961,157593209302.864
Early-demographic dividend,EAR,1960,144721677770.045
East Asia & Pacific,EAS,2024,32017179839273.0
East Asia & Pacific,EAS,2023,31417826880875.0
East Asia & Pacific,EAS,2022,31266291368260.6
East Asia & Pacific,EAS,2021,31675719814404.9
East Asia & Pacific,EAS,2020,27578839610232.4
East Asia & Pacific,EAS,2019,27427259967363.2
East Asia & Pacific,EAS,2018,26853593303707.3
East Asia & Pacific,EAS,2017,24656162308335.2
East Asia & Pacific,EAS,2016,23089672188769.4
East Asia & Pacific,EAS,2015,22299105656919.6
East Asia & Pacific,EAS,2014,22372206647098.1
East Asia & Pacific,EAS,2013,21659293723344.2
East Asia & Pacific,EAS,2012,21382308600766.1
East Asia & Pacific,EAS,2011,19978722203920.9
East Asia & Pacific,EAS,2010,17239317220822.1
East Asia & Pacific,EAS,2009,14764315682393.8
East Asia & Pacific,EAS,2008,14343483215174.2
East Asia & Pacific,EAS,2007,12437519828885.7
East Asia & Pacific,EAS,2006,11119747675836.3
East Asia & Pacific,EAS,2005,10482706260278.9
East Asia & Pacific,EAS,2004,9819681145695.01
East Asia & Pacific,EAS,2003,8753448863353.34
East Asia & Pacific,EAS,2002,7956172633989.7
East Asia & Pacific,EAS,2001,7826463883839.79
East Asia & Pacific,EAS,2000,8412453304524.13
East Asia & Pacific,EAS,1999,7773840546154.07
East Asia & Pacific,EAS,1998,6955954583769.84
East Asia & Pacific,EAS,1997,7772693781558.03
East Asia & Pacific,EAS,1996,8130483838052.5
East Asia & Pacific,EAS,1995,8434543754117.74
East Asia & Pacific,EAS,1994,7425405636883.66
East Asia & Pacific,EAS,1993,6636847751412.68
East Asia & Pacific,EAS,1992,5932829360031.94
East Asia & Pacific,EAS,1991,5427202639061.34
East Asia & Pacific,EAS,1990,4803290180331.84
East Asia & Pacific,EAS,1989,4601033436533.33
East Asia & Pacific,EAS,1988,4417683853665.45
East Asia & Pacific,EAS,1987,3674655679101.68
East Asia & Pacific,EAS,1986,3129485037094.75
East Asia & Pacific,EAS,1985,2394790644030.34
East Asia & Pacific,EAS,1984,2270398820971.54
East Asia & Pacific,EAS,1983,2122245718331.56
East Asia & Pacific,EAS,1982,1993801305392.76
East Asia & Pacific,EAS,1981,2035238690119.8
East Asia & Pacific,EAS,1980,1847683906919.31
East Asia & Pacific,EAS,1979,1707937978688.0
East Asia & Pacific,EAS,1978,1572466264984.33
East Asia & Pacific,EAS,1977,1244835424362.48
East Asia & Pacific,EAS,1976,1044586002622.97
East Asia & Pacific,EAS,1975,949601251437.203
East Asia & Pacific,EAS,1974,867697064525.542
East Asia & Pacific,EAS,1973,751994474883.851
East Asia & Pacific,EAS,1972,570488659290.281
East Asia & Pacific,EAS,1971,458861299357.063
East Asia & Pacific,EAS,1970,412911499094.696
East Asia & Pacific,EAS,1969,358520931889.826
East Asia & Pacific,EAS,1968,310918325049.37
East Asia & Pacific,EAS,1967,281428064740.649
East Asia & Pacific,EAS,1966,258961623498.601
East Asia & Pacific,EAS,1965,231441256707.029
East Asia & Pacific,EAS,1964,207928170527.111
East Asia & Pacific,EAS,1963,181110123774.702
East Asia & Pacific,EAS,1962,162276885099.764
East Asia & Pacific,EAS,1961,158550649387.071
East Asia & Pacific,EAS,1960,157319051227.593
East Asia & Pacific (excluding high income),EAP,2024,22260810771875.1
East Asia & Pacific (excluding high income),EAP,2023,21644412635340.6
East Asia & Pacific (excluding high income),EAP,2022,21563881384135.8
East Asia & Pacific (excluding high income),EAP,2021,21231425978691.4
East Asia & Pacific (excluding high income),EAP,2020,17805166443182.2
East Asia & Pacific (excluding high income),EAP,2019,17503274977303.3
East Asia & Pacific (excluding high income),EAP,2018,16902110052652.3
East Asia & Pacific (excluding high income),EAP,2017,15115625540264.8
East Asia & Pacific (excluding high income),EAP,2016,13844122751569.4
East Asia & Pacific (excluding high income),EAP,2015,13548904084321.4
East Asia & Pacific (excluding high income),EAP,2014,13004689014662.5
East Asia & Pacific (excluding high income),EAP,2013,12047512338954.1
East Asia & Pacific (excluding high income),EAP,2012,10905337947546.2
East Asia & Pacific (excluding high income),EAP,2011,9774259220654.2
East Asia & Pacific (excluding high income),EAP,2010,8008611577123.89
East Asia & Pacific (excluding high income),EAP,2009,6581352893096.84
East Asia & Pacific (excluding high income),EAP,2008,6062017772754.35
East Asia & Pacific (excluding high income),EAP,2007,4787054921838.08
East Asia & Pacific (excluding high income),EAP,2006,3783276519033.74
East Asia & Pacific (excluding high income),EAP,2005,3140094784139.39
East Asia & Pacific (excluding high income),EAP,2004,2712364424518.89
East Asia & Pacific (excluding high income),EAP,2003,2337899791147.23
East Asia & Pacific (excluding high income),EAP,2002,2063860728539.44
East Asia & Pacific (excluding high income),EAP,2001,1862932027297.4
East Asia & Pacific (excluding high income),EAP,2000,1748618348986.43
East Asia & Pacific (excluding high income),EAP,1999,1587766769203.35
East Asia & Pacific (excluding high income),EAP,1998,1441284604894.45
East Asia & Pacific (excluding high income),EAP,1997,1576765689230.4
East Asia & Pacific (excluding high income),EAP,1996,1523108085146.29
East Asia & Pacific (excluding high income),EAP,1995,1325739943462.75
East Asia & Pacific (excluding high income),EAP,1994,1074481772219.03
East Asia & Pacific (excluding high income),EAP,1993,892446273872.149
East Asia & Pacific (excluding high income),EAP,1992,812994672964.462
East Asia & Pacific (excluding high income),EAP,1991,724654932688.966
East Asia & Pacific (excluding high income),EAP,1990,667410241508.278
East Asia & Pacific (excluding high income),EAP,1989,622836056673.595
East Asia & Pacific (excluding high income),EAP,1988,576126858481.928
East Asia & Pacific (excluding high income),EAP,1987,519033465046.499
East Asia & Pacific (excluding high income),EAP,1986,525182739596.105
East Asia & Pacific (excluding high income),EAP,1985,526600751089.372
East Asia & Pacific (excluding high income),EAP,1984,480915094642.189
East Asia & Pacific (excluding high income),EAP,1983,443839881509.845
East Asia & Pacific (excluding high income),EAP,1982,423850572150.819
East Asia & Pacific (excluding high income),EAP,1981,403551450432.948
East Asia & Pacific (excluding high income),EAP,1980,377947161288.534
East Asia & Pacific (excluding high income),EAP,1979,327589016955.703
East Asia & Pacific (excluding high income),EAP,1978,282919061354.682
East Asia & Pacific (excluding high income),EAP,1977,291532735013.151
East Asia & Pacific (excluding high income),EAP,1976,252942981187.157
East Asia & Pacific (excluding high income),EAP,1975,248772601176.036
East Asia & Pacific (excluding high income),EAP,1974,221665588687.632
East Asia & Pacific (excluding high income),EAP,1973,195616567916.784
East Asia & Pacific (excluding high income),EAP,1972,155518448869.276
East Asia & Pacific (excluding high income),EAP,1971,136580265754.987
East Asia & Pacific (excluding high income),EAP,1970,127182556289.611
East Asia & Pacific (excluding high income),EAP,1969,114217981695.758
East Asia & Pacific (excluding high income),EAP,1968,101580829248.914
East Asia & Pacific (excluding high income),EAP,1967,100474855679.916
East Asia & Pacific (excluding high income),EAP,1966,103483052014.092
East Asia & Pacific (excluding high income),EAP,1965,94594887799.9548
East Asia & Pacific (excluding high income),EAP,1964,81184317665.9229
East Asia & Pacific (excluding high income),EAP,1963,70288432260.5342
East Asia & Pacific (excluding high income),EAP,1962,64989160572.5448
East Asia & Pacific (excluding high income),EAP,1961,71247395333.073
East Asia & Pacific (excluding high income),EAP,1960,80886065110.4852
East Asia & Pacific (IDA & IBRD countries),TEA,2024,22233362919728.4
East Asia & Pacific (IDA & IBRD countries),TEA,2023,21617676926854.5
East Asia & Pacific (IDA & IBRD countries),TEA,2022,21537214774462.6
East Asia & Pacific (IDA & IBRD countries),TEA,2021,21205187136185.7
East Asia & Pacific (IDA & IBRD countries),TEA,2020,17783207218899.1
East Asia & Pacific (IDA & IBRD countries),TEA,2019,17481715455963.4
East Asia & Pacific (IDA & IBRD countries),TEA,2018,16881316789674.4
East Asia & Pacific (IDA & IBRD countries),TEA,2017,15097056837158.2
East Asia & Pacific (IDA & IBRD countries),TEA,2016,13827151057380.2
East Asia & Pacific (IDA & IBRD countries),TEA,2015,13532272043462.5
East Asia & Pacific (IDA & IBRD countries),TEA,2014,12988712786591.7
East Asia & Pacific (IDA & IBRD countries),TEA,2013,12032711129058.2
East Asia & Pacific (IDA & IBRD countries),TEA,2012,10891968350841.7
East Asia & Pacific (IDA & IBRD countries),TEA,2011,9762256276676.58
East Asia & Pacific (IDA & IBRD countries),TEA,2010,7998796323270.31
East Asia & Pacific (IDA & IBRD countries),TEA,2009,6573327283810.49
East Asia & Pacific (IDA & IBRD countries),TEA,2008,6054648571433.55
East Asia & Pacific (IDA & IBRD countries),TEA,2007,4781270693838.79
East Asia & Pacific (IDA & IBRD countries),TEA,2006,3778751294371.62
East Asia & Pacific (IDA & IBRD countries),TEA,2005,3136374977327.23
East Asia & Pacific (IDA & IBRD countries),TEA,2004,2709157341014.45
East Asia & Pacific (IDA & IBRD countries),TEA,2003,2335145056810.17
East Asia & Pacific (IDA & IBRD countries),TEA,2002,2061454246187.87
East Asia & Pacific (IDA & IBRD countries),TEA,2001,1860776095129.07
East Asia & Pacific (IDA & IBRD countries),TEA,2000,1746600304168.03
East Asia & Pacific (IDA & IBRD countries),TEA,1999,1585945646801.91
East Asia & Pacific (IDA & IBRD countries),TEA,1998,1439654527490.28
East Asia & Pacific (IDA & IBRD countries),TEA,1997,1574968030449.8
East Asia & Pacific (IDA & IBRD countries),TEA,1996,1521371528098.09
East Asia & Pacific (IDA & IBRD countries),TEA,1995,1324237119507.35
East Asia & Pacific (IDA & IBRD countries),TEA,1994,1073279171690.89
East Asia & Pacific (IDA & IBRD countries),TEA,1993,891466245843.003
East Asia & Pacific (IDA & IBRD countries),TEA,1992,812130263840.671
East Asia & Pacific (IDA & IBRD countries),TEA,1991,723904575173.197
East Asia & Pacific (IDA & IBRD countries),TEA,1990,666725912038.333
East Asia & Pacific (IDA & IBRD countries),TEA,1989,622193930069.762
East Asia & Pacific (IDA & IBRD countries),TEA,1988,575525093193.548
East Asia & Pacific (IDA & IBRD countries),TEA,1987,518488360539.102
East Asia & Pacific (IDA & IBRD countries),TEA,1986,524621676243.052
East Asia & Pacific (IDA & IBRD countries),TEA,1985,526032437680.959
East Asia & Pacific (IDA & IBRD countries),TEA,1984,480403927228.946
East Asia & Pacific (IDA & IBRD countries),TEA,1983,443371246698.137
East Asia & Pacific (IDA & IBRD countries),TEA,1982,423407966724.839
East Asia & Pacific (IDA & IBRD countries),TEA,1981,403129803803.166
East Asia & Pacific (IDA & IBRD countries),TEA,1980,377549806578.642
East Asia & Pacific (IDA & IBRD countries),TEA,1979,327249769951.168
East Asia & Pacific (IDA & IBRD countries),TEA,1978,282630837737.006
East Asia & Pacific (IDA & IBRD countries),TEA,1977,291229976122.31
East Asia & Pacific (IDA & IBRD countries),TEA,1976,252686739157.612
East Asia & Pacific (IDA & IBRD countries),TEA,1975,248519521080.329
East Asia & Pacific (IDA & IBRD countries),TEA,1974,221440713584.624
East Asia & Pacific (IDA & IBRD countries),TEA,1973,195413149940.391
East Asia & Pacific (IDA & IBRD countries),TEA,1972,155359237838.582
East Asia & Pacific (IDA & IBRD countries),TEA,1971,136440829735.232
East Asia & Pacific (IDA & IBRD countries),TEA,1970,127052297158.08
East Asia & Pacific (IDA & IBRD countries),TEA,1969,114101000754.857
East Asia & Pacific (IDA & IBRD countries),TEA,1968,101476791156.079
East Asia & Pacific (IDA & IBRD countries),TEA,1967,100371950314.405
East Asia & Pacific (IDA & IBRD countries),TEA,1966,103377065683.287
East Asia & Pacific (IDA & IBRD countries),TEA,1965,94498004640.0973
East Asia & Pacific (IDA & IBRD countries),TEA,1964,81101169480.9704
East Asia & Pacific (IDA & IBRD countries),TEA,1963,70216443534.957
East Asia & Pacific (IDA & IBRD countries),TEA,1962,64922599309.2546
East Asia & Pacific (IDA & IBRD countries),TEA,1961,71174424446.8864
East Asia & Pacific (IDA & IBRD countries),TEA,1960,80803222392.8859
Euro area,EMU,2024,16485444160371.0
Euro area,EMU,2023,15854782417877.0
Euro area,EMU,2022,14488160081806.7
Euro area,EMU,2021,14924551716260.4
Euro area,EMU,2020,13267554461613.6
Euro area,EMU,2019,13589774677631.3
Euro area,EMU,2018,13871778197583.7
Euro area,EMU,2017,12841960349280.8
Euro area,EMU,2016,12123283574466.5
Euro area,EMU,2015,11829834353286.1
Euro area,EMU,2014,13682058707498.0
Euro area,EMU,2013,13357283141903.1
Euro area,EMU,2012,12784947379630.9
Euro area,EMU,2011,13808563263632.6
Euro area,EMU,2010,12784744616370.5
Euro area,EMU,2009,13083077526585.9
Euro area,EMU,2008,14295718485782.5
Euro area,EMU,2007,13000311540976.4
Euro area,EMU,2006,11288300255552.1
Euro area,EMU,2005,10611825457675.7
Euro area,EMU,2004,10231007049211.6
Euro area,EMU,2003,8921228124667.76
Euro area,EMU,2002,7241862819845.99
Euro area,EMU,2001,6631899417554.06
Euro area,EMU,2000,6528628817962.73
Euro area,EMU,1999,7148860255013.26
Euro area,EMU,1998,7174357611624.96
Euro area,EMU,1997,6977670410602.33
Euro area,EMU,1996,7629501026055.96
Euro area,EMU,1995,7540043718350.13
Euro area,EMU,1994,6531158637825.7
Euro area,EMU,1993,6180487033219.2
Euro area,EMU,1992,6750506224912.11
Euro area,EMU,1991,6127707302712.63
Euro area,EMU,1990,5905615266811.65
Euro area,EMU,1989,4693107413339.75
Euro area,EMU,1988,4594903614804.26
Euro area,EMU,1987,4177529771751.75
Euro area,EMU,1986,3377295853623.19
Euro area,EMU,1985,2404986753295.59
Euro area,EMU,1984,2341108054746.11
Euro area,EMU,1983,2440096224414.65
Euro area,EMU,1982,2500976094855.11
Euro area,EMU,1981,2583763815177.7
Euro area,EMU,1980,2973694924193.75
Euro area,EMU,1979,2655412251166.7
Euro area,EMU,1978,2191877722237.84
Euro area,EMU,1977,1790121849729.2
Euro area,EMU,1976,1573201555133.45
Euro area,EMU,1975,1507769269988.61
Euro area,EMU,1974,1300640475270.6
Euro area,EMU,1973,1146929346320.65
Euro area,EMU,1972,883626753918.737
Euro area,EMU,1971,731657047532.379
Euro area,EMU,1970,645500835842.668
Euro area,EMU,1969,569734708021.535
Euro area,EMU,1968,509988879945.715
Euro area,EMU,1967,474428505593.993
Euro area,EMU,1966,446517615235.836
Euro area,EMU,1965,412774576471.606
Euro area,EMU,1964,377598986539.21
Euro area,EMU,1963,340786490149.599
Euro area,EMU,1962,309694923223.855
Euro area,EMU,1961,280078203910.322
Euro area,EMU,1960,251618036413.213
Europe & Central Asia,ECS,2024,29291828957768.8
Europe & Central Asia,ECS,2023,27732942821913.5
Europe & Central Asia,ECS,2022,25798700454390.6
Europe & Central Asia,ECS,2021,25572901699926.6
Europe & Central Asia,ECS,2020,22322527185686.7
Europe & Central Asia,ECS,2019,23067540030248.6
Europe & Central Asia,ECS,2018,23342642668393.2
Europe & Central Asia,ECS,2017,21791487069281.7
Europe & Central Asia,ECS,2016,20528432079127.4
Europe & Central Asia,ECS,2015,20603435735279.6
Europe & Central Asia,ECS,2014,23920533649825.0
Europe & Central Asia,ECS,2013,23574066317473.4
Europe & Central Asia,ECS,2012,22560574822089.8
Europe & Central Asia,ECS,2011,23432000301407.5
Europe & Central Asia,ECS,2010,21118677014368.3
Europe & Central Asia,ECS,2009,20648444471712.4
Europe & Central Asia,ECS,2008,23453627549028.2
Europe & Central Asia,ECS,2007,21308302318715.6
Europe & Central Asia,ECS,2006,18236819891061.4
Europe & Central Asia,ECS,2005,16835012218380.2
Europe & Central Asia,ECS,2004,15814841560656.9
Europe & Central Asia,ECS,2003,13567083586398.5
Europe & Central Asia,ECS,2002,11156577456679.8
Europe & Central Asia,ECS,2001,10189029938417.1
Europe & Central Asia,ECS,2000,10084357140368.8
Europe & Central Asia,ECS,1999,10693108477805.9
Europe & Central Asia,ECS,1998,10802596787884.9
Europe & Central Asia,ECS,1997,10606870959652.7
Europe & Central Asia,ECS,1996,11170753659602.9
Europe & Central Asia,ECS,1995,10942224071349.1
Europe & Central Asia,ECS,1994,9408650267542.72
Europe & Central Asia,ECS,1993,8995004729126.83
Europe & Central Asia,ECS,1992,9787841972924.51
Europe & Central Asia,ECS,1991,9137253599154.57
Europe & Central Asia,ECS,1990,8870877140631.39
Europe & Central Asia,ECS,1989,7257702652999.89
Europe & Central Asia,ECS,1988,7161818798652.39
Europe & Central Asia,ECS,1987,6431748582275.97
Europe & Central Asia,ECS,1986,5207541274400.02
Europe & Central Asia,ECS,1985,3817565719211.52
Europe & Central Asia,ECS,1984,3689517973067.83
Europe & Central Asia,ECS,1983,3837932762271.18
Europe & Central Asia,ECS,1982,3957248458690.98
Europe & Central Asia,ECS,1981,4105756738593.04
Europe & Central Asia,ECS,1980,4609261411538.91
Europe & Central Asia,ECS,1979,4077590131182.29
Europe & Central Asia,ECS,1978,3344297397044.39
Europe & Central Asia,ECS,1977,2728001349943.93
Europe & Central Asia,ECS,1976,2411368600960.78
Europe & Central Asia,ECS,1975,2319533111918.75
Europe & Central Asia,ECS,1974,1985792691039.95
Europe & Central Asia,ECS,1973,1757146541396.18
Europe & Central Asia,ECS,1972,1381315333741.31
Europe & Central Asia,ECS,1971,1152050722008.06
Europe & Central Asia,ECS,1970,1020812176391.15
Europe & Central Asia,ECS,1969,907972467404.46
Europe & Central Asia,ECS,1968,818734190049.157
Europe & Central Asia,ECS,1967,777321336439.052
Europe & Central Asia,ECS,1966,731699507285.095
Europe & Central Asia,ECS,1965,676603823141.806
Europe & Central Asia,ECS,1964,620449239016.733
Europe & Central Asia,ECS,1963,561372802906.338
Europe & Central Asia,ECS,1962,513405546288.519
Europe & Central Asia,ECS,1961,469524853748.684
Europe & Central Asia,ECS,1960,426666341076.386
Europe & Central Asia (excluding high income),ECA,2024,2451180144505.47
Europe & Central Asia (excluding high income),ECA,2023,2143244215113.25
Europe & Central Asia (excluding high income),ECA,2022,1820242864725.09
Europe & Central Asia (excluding high income),ECA,2021,1680958734568.53
Europe & Central Asia (excluding high income),ECA,2020,1446077189727.52
Europe & Central Asia (excluding high income),ECA,2019,1508679974755.36
Europe & Central Asia (excluding high income),ECA,2018,1477488205993.51
Europe & Central Asia (excluding high income),ECA,2017,1499595960769.3
Europe & Central Asia (excluding high income),ECA,2016,1450171284448.8
Europe & Central Asia (excluding high income),ECA,2015,1510474002479.16
Europe & Central Asia (excluding high income),ECA,2014,1735229369225.69
Europe & Central Asia (excluding high income),ECA,2013,1808692800315.95
Europe & Central Asia (excluding high income),ECA,2012,1658983451713.25
Europe & Central Asia (excluding high income),ECA,2011,1574244960285.95
Europe & Central Asia (excluding high income),ECA,2010,1385078523367.67
Europe & Central Asia (excluding high income),ECA,2009,1169814065612.09
Europe & Central Asia (excluding high income),ECA,2008,1402429749896.0
Europe & Central Asia (excluding high income),ECA,2007,1171542215920.56
Europe & Central Asia (excluding high income),ECA,2006,929637643372.55
Europe & Central Asia (excluding high income),ECA,2005,798897294908.649
Europe & Central Asia (excluding high income),ECA,2004,641341376416.645
Europe & Central Asia (excluding high income),ECA,2003,498092410579.851
Europe & Central Asia (excluding high income),ECA,2002,390532064568.536
Europe & Central Asia (excluding high income),ECA,2001,335649212545.439
Europe & Central Asia (excluding high income),ECA,2000,391259402609.02
Europe & Central Asia (excluding high income),ECA,1999,384488217104.006
Europe & Central Asia (excluding high income),ECA,1998,421386465145.892
Europe & Central Asia (excluding high income),ECA,1997,420614588838.233
Europe & Central Asia (excluding high income),ECA,1996,395413043255.679
Europe & Central Asia (excluding high income),ECA,1995,373845229870.828
Europe & Central Asia (excluding high income),ECA,1994,265716719680.272
Europe & Central Asia (excluding high income),ECA,1993,339235852060.503
Europe & Central Asia (excluding high income),ECA,1992,328451120556.593
Europe & Central Asia (excluding high income),ECA,1991,341086296065.275
Europe & Central Asia (excluding high income),ECA,1990,354156720158.529
Europe & Central Asia (excluding high income),ECA,1989,296012494754.96
Europe & Central Asia (excluding high income),ECA,1988,260714658021.753
Europe & Central Asia (excluding high income),ECA,1987,235133242045.119
Europe & Central Asia (IDA & IBRD countries),TEC,2024,6131674441421.64
Europe & Central Asia (IDA & IBRD countries),TEC,2023,5562782514647.52
Europe & Central Asia (IDA & IBRD countries),TEC,2022,5264484546456.79
Europe & Central Asia (IDA & IBRD countries),TEC,2021,4637763943320.14
Europe & Central Asia (IDA & IBRD countries),TEC,2020,3924139091384.84
Europe & Central Asia (IDA & IBRD countries),TEC,2019,4184533628660.37
Europe & Central Asia (IDA & IBRD countries),TEC,2018,4098990245510.03
Europe & Central Asia (IDA & IBRD countries),TEC,2017,3927649813354.44
Europe & Central Asia (IDA & IBRD countries),TEC,2016,3492088089759.5
Europe & Central Asia (IDA & IBRD countries),TEC,2015,3633660246044.52
Europe & Central Asia (IDA & IBRD countries),TEC,2014,4653015277488.18
Europe & Central Asia (IDA & IBRD countries),TEC,2013,4924806846375.52
Europe & Central Asia (IDA & IBRD countries),TEC,2012,4656388146308.07
Europe & Central Asia (IDA & IBRD countries),TEC,2011,4461210535265.99
Europe & Central Asia (IDA & IBRD countries),TEC,2010,3667835476746.74
Europe & Central Asia (IDA & IBRD countries),TEC,2009,3121801768478.67
Europe & Central Asia (IDA & IBRD countries),TEC,2008,3936159309738.01
Europe & Central Asia (IDA & IBRD countries),TEC,2007,3179127986623.93
Europe & Central Asia (IDA & IBRD countries),TEC,2006,2471273605657.68
Europe & Central Asia (IDA & IBRD countries),TEC,2005,2042987028459.11
Europe & Central Asia (IDA & IBRD countries),TEC,2004,1631372379671.26
Europe & Central Asia (IDA & IBRD countries),TEC,2003,1261017408610.72
Europe & Central Asia (IDA & IBRD countries),TEC,2002,1024829473187.33
Europe & Central Asia (IDA & IBRD countries),TEC,2001,911679939950.971
Europe & Central Asia (IDA & IBRD countries),TEC,2000,896291493004.493
Europe & Central Asia (IDA & IBRD countries),TEC,1999,824131383383.309
Europe & Central Asia (IDA & IBRD countries),TEC,1998,949935181537.205
Europe & Central Asia (IDA & IBRD countries),TEC,1997,1056341129246.72
Europe & Central Asia (IDA & IBRD countries),TEC,1996,1021239770710.95
Europe & Central Asia (IDA & IBRD countries),TEC,1995,991380447495.647
Europe & Central Asia (IDA & IBRD countries),TEC,1994,828927139977.533
Europe & Central Asia (IDA & IBRD countries),TEC,1993,919179489611.002
Europe & Central Asia (IDA & IBRD countries),TEC,1992,928555990308.003
Europe & Central Asia (IDA & IBRD countries),TEC,1991,1001720940076.18
Europe & Central Asia (IDA & IBRD countries),TEC,1990,1023345711170.5
Europe & Central Asia (IDA & IBRD countries),TEC,1989,964170299100.99
Europe & Central Asia (IDA & IBRD countries),TEC,1988,991141939410.738
European Union,EUU,2024,19497115588443.6
European Union,EUU,2023,18659133072074.8
European Union,EUU,2022,17023612496380.4
European Union,EUU,2021,17495226733585.2
European Union,EUU,2020,15504055464107.4
European Union,EUU,2019,15809073096211.4
European Union,EUU,2018,16092403309151.5
European Union,EUU,2017,14871313684625.8
European Union,EUU,2016,13988147697216.6
European Union,EUU,2015,13656252620703.3
European Union,EUU,2014,15763596442222.6
European Union,EUU,2013,15398507628838.6
European Union,EUU,2012,14731876146120.7
European Union,EUU,2011,15874713437636.1
European Union,EUU,2010,14641773544950.6
European Union,EUU,2009,14844813523140.0
European Union,EUU,2008,16364455236166.7
European Union,EUU,2007,14789471689508.0
European Union,EUU,2006,12768357074578.4
European Union,EUU,2005,11954349375612.0
European Union,EUU,2004,11449101966447.2
European Union,EUU,2003,9956860723577.65
European Union,EUU,2002,8100430284893.67
European Union,EUU,2001,7407615944962.45
European Union,EUU,2000,7288481048952.25
European Union,EUU,1999,7936107808460.76
European Union,EUU,1998,7970103042535.26
European Union,EUU,1997,7735885029565.07
European Union,EUU,1996,8433614719069.7
European Union,EUU,1995,8298352822403.7
European Union,EUU,1994,7157908667157.89
European Union,EUU,1993,6750807644414.01
European Union,EUU,1992,7389295673878.14
European Union,EUU,1991,6727631751634.05
European Union,EUU,1990,6505695339260.16
European Union,EUU,1989,5202884439938.86
European Union,EUU,1988,5094084472960.0
European Union,EUU,1987,4639614022608.17
European Union,EUU,1986,3753266239108.06
European Union,EUU,1985,2686730457063.81
European Union,EUU,1984,2612656839102.0
European Union,EUU,1983,2710862889681.46
European Union,EUU,1982,2787868117631.33
European Union,EUU,1981,2890050505826.48
European Union,EUU,1980,3311398072837.09
European Union,EUU,1979,2960086312677.68
European Union,EUU,1978,2449229543717.81
European Union,EUU,1977,2011021369358.25
European Union,EUU,1976,1775046705220.48
European Union,EUU,1975,1694691860215.15
European Union,EUU,1974,1455564730991.19
European Union,EUU,1973,1285760453749.93
European Union,EUU,1972,993807576357.324
European Union,EUU,1971,823997564740.857
European Union,EUU,1970,728936354558.504
European Union,EUU,1969,644490038737.548
European Union,EUU,1968,577537349543.932
European Union,EUU,1967,538186984638.651
European Union,EUU,1966,505529224628.472
European Union,EUU,1965,467012617276.635
European Union,EUU,1964,426774574129.451
European Union,EUU,1963,384746828593.342
European Union,EUU,1962,350242479710.816
European Union,EUU,1961,316957315284.249
European Union,EUU,1960,285151593517.865
Fragile and conflict affected situations,FCS,2024,1652895518697.74
Fragile and conflict affected situations,FCS,2023,1778723185468.2
Fragile and conflict affected situations,FCS,2022,1918272363969.18
Fragile and conflict affected situations,FCS,2021,1740335947472.93
Fragile and conflict affected situations,FCS,2020,1610227321244.27
Fragile and conflict affected situations,FCS,2019,1811454247630.6
Fragile and conflict affected situations,FCS,2018,1556210403398.5
Fragile and conflict affected situations,FCS,2017,1443031828638.41
Fragile and conflict affected situations,FCS,2016,1358130757341.27
Fragile and conflict affected situations,FCS,2015,1481660318787.67
Fragile and conflict affected situations,FCS,2014,1787605499773.02
Fragile and conflict affected situations,FCS,2013,1825595058878.46
Fragile and conflict affected situations,FCS,2012,1855874824709.61
Fragile and conflict affected situations,FCS,2011,1665506572724.03
Fragile and conflict affected situations,FCS,2010,1596645964256.64
Fragile and conflict affected situations,FCS,2009,1342615105225.82
Fragile and conflict affected situations,FCS,2008,1484312853576.3
Fragile and conflict affected situations,FCS,2007,1160668758510.72
Fragile and conflict affected situations,FCS,2006,947253259627.876
Fragile and conflict affected situations,FCS,2005,756354101430.868
Fragile and conflict affected situations,FCS,2004,595876444368.305
Fragile and conflict affected situations,FCS,2003,469847559925.415
Fragile and conflict affected situations,FCS,2002,446089285308.4
Fragile and conflict affected situations,FCS,2001,457048079382.208
Fragile and conflict affected situations,FCS,2000,466929248691.912
Fragile and conflict affected situations,FCS,1999,399400020821.852
Fragile and conflict affected situations,FCS,1998,535179642435.45
Fragile and conflict affected situations,FCS,1997,521200354329.853
Fragile and conflict affected situations,FCS,1996,465760648426.237
Fragile and conflict affected situations,FCS,1995,430901808099.076
Fragile and conflict affected situations,FCS,1994,352567008669.321
Fragile and conflict affected situations,FCS,1993,350711816129.835
Fragile and conflict affected situations,FCS,1992,344196008915.929
Fragile and conflict affected situations,FCS,1991,386413970742.199
Fragile and conflict affected situations,FCS,1990,546007306640.06
Fragile and conflict affected situations,FCS,1989,383035643113.567
Fragile and conflict affected situations,FCS,1988,387019746762.657
Fragile and conflict affected situations,FCS,1987,356312604369.475
Fragile and conflict affected situations,FCS,1986,354355843392.201
Fragile and conflict affected situations,FCS,1985,384377742170.645
Fragile and conflict affected situations,FCS,1984,378000797274.671
Fragile and conflict affected situations,FCS,1983,420187399132.026
Fragile and conflict affected situations,FCS,1982,486768808046.112
Fragile and conflict affected situations,FCS,1981,510372306576.133
Fragile and conflict affected situations,FCS,1980,388229877017.349
Fragile and conflict affected situations,FCS,1979,305997104049.973
Fragile and conflict affected situations,FCS,1978,242767598948.43
Fragile and conflict affected situations,FCS,1977,221370987598.479
Fragile and conflict affected situations,FCS,1976,200509609303.93
Fragile and conflict affected situations,FCS,1975,168821163378.995
Fragile and conflict affected situations,FCS,1974,153919142856.207
Fragile and conflict affected situations,FCS,1973,102251839628.799
Fragile and conflict affected situations,FCS,1972,82669328910.7713
Fragile and conflict affected situations,FCS,1971,71407461835.1812
Fragile and conflict affected situations,FCS,1970,69337148733.7804
Fragile and conflict affected situations,FCS,1969,58222824529.0649
Fragile and conflict affected situations,FCS,1968,51877513129.7901
Fragile and conflict affected situations,FCS,1967,46953517458.6862
Fragile and conflict affected situations,FCS,1966,47607568997.4705
Fragile and conflict affected situations,FCS,1965,44620716060.0225
Fragile and conflict affected situations,FCS,1964,40614223625.4864
Fragile and conflict affected situations,FCS,1963,44880094682.0907
Fragile and conflict affected situations,FCS,1962,39268957404.893
Fragile and conflict affected situations,FCS,1961,35534363196.6949
Fragile and conflict affected situations,FCS,1960,34029503593.0124
Heavily indebted poor countries (HIPC),HPC,2024,1145111349262.57
Heavily indebted poor countries (HIPC),HPC,2023,1060316071770.29
Heavily indebted poor countries (HIPC),HPC,2022,1002501492801.3
Heavily indebted poor countries (HIPC),HPC,2021,924417463438.7
Heavily indebted poor countries (HIPC),HPC,2020,816029422839.446
Heavily indebted poor countries (HIPC),HPC,2019,811372254522.342
Heavily indebted poor countries (HIPC),HPC,2018,790373898773.38
Heavily indebted poor countries (HIPC),HPC,2017,735068264238.844
Heavily indebted poor countries (HIPC),HPC,2016,677200621773.188
Heavily indebted poor countries (HIPC),HPC,2015,674606540074.897
Heavily indebted poor countries (HIPC),HPC,2014,705465847008.08
Heavily indebted poor countries (HIPC),HPC,2013,667314194885.704
Heavily indebted poor countries (HIPC),HPC,2012,595155344078.424
Heavily indebted poor countries (HIPC),HPC,2011,573517854715.366
Heavily indebted poor countries (HIPC),HPC,2010,518754130151.745
Heavily indebted poor countries (HIPC),HPC,2009,475213799056.474
Heavily indebted poor countries (HIPC),HPC,2008,481623936903.302
Heavily indebted poor countries (HIPC),HPC,2007,404372280163.214
Heavily indebted poor countries (HIPC),HPC,2006,338993250532.89
Heavily indebted poor countries (HIPC),HPC,2005,288591119560.47
Heavily indebted poor countries (HIPC),HPC,2004,249571115303.197
Heavily indebted poor countries (HIPC),HPC,2003,216610034974.425
Heavily indebted poor countries (HIPC),HPC,2002,190891346466.4
Heavily indebted poor countries (HIPC),HPC,2001,175879852361.523
Heavily indebted poor countries (HIPC),HPC,2000,181929508086.709
Heavily indebted poor countries (HIPC),HPC,1999,168431404824.197
Heavily indebted poor countries (HIPC),HPC,1998,167620980707.499
Heavily indebted poor countries (HIPC),HPC,1997,161933433655.464
Heavily indebted poor countries (HIPC),HPC,1996,154688747451.045
Heavily indebted poor countries (HIPC),HPC,1995,141395905527.677
Heavily indebted poor countries (HIPC),HPC,1994,121514084285.896
Heavily indebted poor countries (HIPC),HPC,1993,142051421908.725
Heavily indebted poor countries (HIPC),HPC,1992,136844691209.855
Heavily indebted poor countries (HIPC),HPC,1991,180013449210.469
Heavily indebted poor countries (HIPC),HPC,1990,165447183504.805
Heavily indebted poor countries (HIPC),HPC,1989,144132297739.583
Heavily indebted poor countries (HIPC),HPC,1988,141558264239.368
Heavily indebted poor countries (HIPC),HPC,1987,134509036368.907
Heavily indebted poor countries (HIPC),HPC,1986,126219299823.029
Heavily indebted poor countries (HIPC),HPC,1985,137196640367.637
Heavily indebted poor countries (HIPC),HPC,1984,130635964994.735
Heavily indebted poor countries (HIPC),HPC,1983,128221978068.544
Heavily indebted poor countries (HIPC),HPC,1982,129278372851.55
Heavily indebted poor countries (HIPC),HPC,1981,127910339912.96
Heavily indebted poor countries (HIPC),HPC,1980,127259629229.981
Heavily indebted poor countries (HIPC),HPC,1979,114929806433.132
Heavily indebted poor countries (HIPC),HPC,1978,104622112017.926
Heavily indebted poor countries (HIPC),HPC,1977,89885368488.9937
Heavily indebted poor countries (HIPC),HPC,1976,77585497906.31
Heavily indebted poor countries (HIPC),HPC,1975,72350863415.605
Heavily indebted poor countries (HIPC),HPC,1974,64257354956.9311
Heavily indebted poor countries (HIPC),HPC,1973,54553562932.0588
Heavily indebted poor countries (HIPC),HPC,1972,44564788726.1754
Heavily indebted poor countries (HIPC),HPC,1971,40099504488.5172
Heavily indebted poor countries (HIPC),HPC,1970,37181536760.1301
Heavily indebted poor countries (HIPC),HPC,1969,38503260469.205
Heavily indebted poor countries (HIPC),HPC,1968,34994461970.3175
Heavily indebted poor countries (HIPC),HPC,1967,32488675063.8719
Heavily indebted poor countries (HIPC),HPC,1966,32971073893.3353
Heavily indebted poor countries (HIPC),HPC,1965,30407034659.8231
Heavily indebted poor countries (HIPC),HPC,1964,26878565172.4836
Heavily indebted poor countries (HIPC),HPC,1963,28893534515.8878
Heavily indebted poor countries (HIPC),HPC,1962,24599541748.7032
Heavily indebted poor countries (HIPC),HPC,1961,22627709232.3966
Heavily indebted poor countries (HIPC),HPC,1960,21923722127.742
IBRD only,IBD,2024,40930410371533.4
IBRD only,IBD,2023,39248258733753.5
IBRD only,IBD,2022,37943329554311.5
IBRD only,IBD,2021,35879316080995.1
IBRD only,IBD,2020,30204027280204.5
IBRD only,IBD,2019,31377057597389.8
IBRD only,IBD,2018,30736778363828.6
IBRD only,IBD,2017,28848700119389.0
IBRD only,IBD,2016,26133021093477.3
IBRD only,IBD,2015,25937609442668.8
IBRD only,IBD,2014,27548963986382.7
IBRD only,IBD,2013,26784320183315.7
IBRD only,IBD,2012,25459767024749.6
IBRD only,IBD,2011,23952863037040.9
IBRD only,IBD,2010,20236974559592.9
IBRD only,IBD,2009,16643733351017.5
IBRD only,IBD,2008,17144385222961.7
IBRD only,IBD,2007,14287515549914.4
IBRD only,IBD,2006,11501210367684.3
IBRD only,IBD,2005,9694745482584.88
IBRD only,IBD,2004,8117388576252.83
IBRD only,IBD,2003,6814152968102.6
IBRD only,IBD,2002,6065783594228.73
IBRD only,IBD,2001,5971610298683.89
IBRD only,IBD,2000,5886134597366.63
IBRD only,IBD,1999,5408483629656.0
IBRD only,IBD,1998,5550058275544.08
IBRD only,IBD,1997,5775060777836.65
IBRD only,IBD,1996,5443873901964.14
IBRD only,IBD,1995,4987838644607.98
IBRD only,IBD,1994,4336867904120.83
IBRD only,IBD,1993,3930672941449.47
IBRD only,IBD,1992,3691700835593.46
IBRD only,IBD,1991,3533597986123.43
IBRD only,IBD,1990,3645927216629.92
IBRD only,IBD,1989,3241152169495.25
IBRD only,IBD,1988,3110722136868.06
IBRD only,IBD,1987,2909861543470.51
IBRD only,IBD,1986,2823853100366.43
IBRD only,IBD,1985,2719865250358.76
IBRD only,IBD,1984,2619007608002.49
IBRD only,IBD,1983,2529265948626.5
IBRD only,IBD,1982,2560513941781.91
IBRD only,IBD,1981,2598578073247.16
IBRD only,IBD,1980,2418911812099.9
IBRD only,IBD,1979,2037399467560.41
IBRD only,IBD,1978,1743913597446.91
IBRD only,IBD,1977,1577372875197.41
IBRD only,IBD,1976,1391936145591.35
IBRD only,IBD,1975,1282306066097.57
IBRD only,IBD,1974,1187466392277.16
IBRD only,IBD,1973,938397748328.34
IBRD only,IBD,1972,723737238264.992
IBRD only,IBD,1971,641994176451.047
IBRD only,IBD,1970,588894280439.547
IBRD only,IBD,1969,540875486626.98
IBRD only,IBD,1968,484483207487.719
IBRD only,IBD,1967,457223530082.169
IBRD only,IBD,1966,444621188183.63
IBRD only,IBD,1965,430308877039.07
IBRD only,IBD,1964,392563890164.367
IBRD only,IBD,1963,346365706999.345
IBRD only,IBD,1962,313911312589.732
IBRD only,IBD,1961,310008507775.548
IBRD only,IBD,1960,306260916224.712
IDA & IBRD total,IBT,2024,43823204664493.9
IDA & IBRD total,IBT,2023,42176516066439.0
IDA & IBRD total,IBT,2022,41018485584725.7
IDA & IBRD total,IBT,2021,38741335342414.8
IDA & IBRD total,IBT,2020,32822847991827.3
IDA & IBRD total,IBT,2019,34078219798939.1
IDA & IBRD total,IBT,2018,33147599934551.5
IDA & IBRD total,IBT,2017,31117686702333.8
IDA & IBRD total,IBT,2016,28286257999424.7
IDA & IBRD total,IBT,2015,28103757036548.0
IDA & IBRD total,IBT,2014,29778753140210.5
IDA & IBRD total,IBT,2013,28855638007106.6
IDA & IBRD total,IBT,2012,27363548308329.9
IDA & IBRD total,IBT,2011,25757259583860.6
IDA & IBRD total,IBT,2010,21835069166669.5
IDA & IBRD total,IBT,2009,18027421083675.2
IDA & IBRD total,IBT,2008,18563872439706.4
IDA & IBRD total,IBT,2007,15478384977817.9
IDA & IBRD total,IBT,2006,12515819352845.9
IDA & IBRD total,IBT,2005,10543932972658.9
IDA & IBRD total,IBT,2004,8846940320931.57
IDA & IBRD total,IBT,2003,7438042806499.1
IDA & IBRD total,IBT,2002,6618829141640.94
IDA & IBRD total,IBT,2001,6484814497363.36
IDA & IBRD total,IBT,2000,6405155340977.75
IDA & IBRD total,IBT,1999,5860973878548.43
IDA & IBRD total,IBT,1998,6153791476491.9
IDA & IBRD total,IBT,1997,6355345864750.12
IDA & IBRD total,IBT,1996,5998025558914.09
IDA & IBRD total,IBT,1995,5468651089214.27
IDA & IBRD total,IBT,1994,4732703784532.02
IDA & IBRD total,IBT,1993,4312830690301.87
IDA & IBRD total,IBT,1992,4055225988619.01
IDA & IBRD total,IBT,1991,3940581945912.38
IDA & IBRD total,IBT,1990,4023618951995.47
IDA & IBRD total,IBT,1989,3575944874123.27
IDA & IBRD total,IBT,1988,3443662446583.46
IDA & IBRD total,IBT,1987,3226370262089.06
IDA & IBRD total,IBT,1986,3129827307260.4
IDA & IBRD total,IBT,1985,3065625561562.28
IDA & IBRD total,IBT,1984,2954421504962.87
IDA & IBRD total,IBT,1983,2891343906447.49
IDA & IBRD total,IBT,1982,2987463443946.0
IDA & IBRD total,IBT,1981,3048463181129.29
IDA & IBRD total,IBT,1980,2724029176548.07
IDA & IBRD total,IBT,1979,2293033708911.62
IDA & IBRD total,IBT,1978,1967805991725.01
IDA & IBRD total,IBT,1977,1774626528580.61
IDA & IBRD total,IBT,1976,1574304877596.89
IDA & IBRD total,IBT,1975,1457921892242.5
IDA & IBRD total,IBT,1974,1334586899751.04
IDA & IBRD total,IBT,1973,1049797281267.43
IDA & IBRD total,IBT,1972,821457008938.04
IDA & IBRD total,IBT,1971,734108845764.422
IDA & IBRD total,IBT,1970,680890196523.979
IDA & IBRD total,IBT,1969,623469617380.313
IDA & IBRD total,IBT,1968,558019700222.486
IDA & IBRD total,IBT,1967,526613635749.555
IDA & IBRD total,IBT,1966,513160475036.631
IDA & IBRD total,IBT,1965,493478093673.738
IDA & IBRD total,IBT,1964,448836478412.075
IDA & IBRD total,IBT,1963,404104501315.208
IDA & IBRD total,IBT,1962,366133037974.697
IDA & IBRD total,IBT,1961,358253053925.797
IDA & IBRD total,IBT,1960,351708158290.607
IDA blend,IDB,2024,1117411942661.72
IDA blend,IDB,2023,1272526278004.68
IDA blend,IDB,2022,1456880573683.68
IDA blend,IDB,2021,1369357769886.58
IDA blend,IDB,2020,1258453633593.24
IDA blend,IDB,2019,1354444605559.25
IDA blend,IDB,2018,1125278097800.27
IDA blend,IDB,2017,1064701742324.65
IDA blend,IDB,2016,1035761112332.6
IDA blend,IDB,2015,1104888256132.44
IDA blend,IDB,2014,1164584937017.84
IDA blend,IDB,2013,1071507625598.43
IDA blend,IDB,2012,982900021354.995
IDA blend,IDB,2011,888614216908.754
IDA blend,IDB,2010,780580681565.074
IDA blend,IDB,2009,669157586112.912
IDA blend,IDB,2008,714771797908.919
IDA blend,IDB,2007,609839841078.279
IDA blend,IDB,2006,526645636948.488
IDA blend,IDB,2005,428328538081.228
IDA blend,IDB,2004,365116376580.756
IDA blend,IDB,2003,302939673645.116
IDA blend,IDB,2002,267621509349.006
IDA blend,IDB,2001,243968067343.097
IDA blend,IDB,2000,244290144682.412
IDA blend,IDB,1999,203538006166.57
IDA blend,IDB,1998,360890034244.656
IDA blend,IDB,1997,344040187982.76
IDA blend,IDB,1996,328495025650.406
IDA blend,IDB,1995,267309715975.135
IDA blend,IDB,1994,190983317299.202
IDA blend,IDB,1993,175244559141.651
IDA blend,IDB,1992,165355540081.895
IDA blend,IDB,1991,170036291239.493
IDA blend,IDB,1990,159019516930.143
IDA blend,IDB,1989,143853282362.366
IDA blend,IDB,1988,148184197593.881
IDA blend,IDB,1987,142226241236.742
IDA blend,IDB,1986,138015634707.148
IDA blend,IDB,1985,149360272178.405
IDA blend,IDB,1984,148714761041.179
IDA blend,IDB,1983,171851407628.724
IDA blend,IDB,1982,224352153458.531
IDA blend,IDB,1981,245479636362.868
IDA blend,IDB,1980,134446628565.262
IDA blend,IDB,1979,106209035625.903
IDA blend,IDB,1978,87129172584.7326
IDA blend,IDB,1977,79020486261.1326
IDA blend,IDB,1976,73441255542.52
IDA blend,IDB,1975,61046682874.9974
IDA blend,IDB,1974,52754115653.5642
IDA blend,IDB,1973,37107988872.5557
IDA blend,IDB,1972,34167082608.5479
IDA blend,IDB,1971,30392833455.942
IDA blend,IDB,1970,32356563895.3398
IDA blend,IDB,1969,23960732153.6781
IDA blend,IDB,1968,21047483665.4866
IDA blend,IDB,1967,19795254777.9829
IDA blend,IDB,1966,19605545864.4967
IDA blend,IDB,1965,17977186457.6129
IDA blend,IDB,1964,16626632979.2211
IDA blend,IDB,1963,15145197244.7816
IDA blend,IDB,1962,14222416055.5102
IDA blend,IDB,1961,13314688264.5775
IDA blend,IDB,1960,12401501561.7854
IDA only,IDX,2024,1775382350298.79
IDA only,IDX,2023,1655731054680.85
IDA only,IDX,2022,1618275456730.5
IDA only,IDX,2021,1492661491533.09
IDA only,IDX,2020,1360367078029.56
IDA only,IDX,2019,1346717595990.02
IDA only,IDX,2018,1285543472922.63
IDA only,IDX,2017,1204284840620.16
IDA only,IDX,2016,1117475793614.79
IDA only,IDX,2015,1061259337746.72
IDA only,IDX,2014,1065204216809.97
IDA only,IDX,2013,999810198192.524
IDA only,IDX,2012,920881262225.337
IDA only,IDX,2011,915782329910.959
IDA only,IDX,2010,817513925511.557
IDA only,IDX,2009,714530146544.811
IDA only,IDX,2008,704715418835.766
IDA only,IDX,2007,580840387765.958
IDA only,IDX,2006,488333978645.602
IDA only,IDX,2005,421453301119.757
IDA only,IDX,2004,365260518035.36
IDA only,IDX,2003,322063889070.297
IDA only,IDX,2002,286409984261.394
IDA only,IDX,2001,269901710172.598
IDA only,IDX,2000,275642026139.656
IDA only,IDX,1999,249682494926.962
IDA only,IDX,1998,242820470787.968
IDA only,IDX,1997,235602062646.08
IDA only,IDX,1996,225163634247.486
IDA only,IDX,1995,213387328223.742
IDA only,IDX,1994,205686474260.333
IDA only,IDX,1993,208450829814.749
IDA only,IDX,1992,199752948696.265
IDA only,IDX,1991,240280810057.856
IDA only,IDX,1990,220760378325.594
IDA only,IDX,1989,192290816880.604
IDA only,IDX,1988,185616296523.494
IDA only,IDX,1987,174071596503.779
IDA only,IDX,1986,167903128340.333
IDA only,IDX,1985,188345895349.366
IDA only,IDX,1984,178151155469.172
IDA only,IDX,1983,174261955496.062
IDA only,IDX,1982,173616270817.376
IDA only,IDX,1981,171044356297.87
IDA only,IDX,1980,163659974895.723
IDA only,IDX,1979,144547135821.029
IDA only,IDX,1978,132428153010.604
IDA only,IDX,1977,114932944280.877
IDA only,IDX,1976,104542327193.176
IDA only,IDX,1975,110394883561.534
IDA only,IDX,1974,92798583948.9447
IDA only,IDX,1973,74218080663.5455
IDA only,IDX,1972,61397002690.6439
IDA only,IDX,1971,59166992867.469
IDA only,IDX,1970,55838238708.5842
IDA only,IDX,1969,56549175848.4408
IDA only,IDX,1968,50737955947.6912
IDA only,IDX,1967,47958244720.3198
IDA only,IDX,1966,47199466537.8103
IDA only,IDX,1965,43922137299.2666
IDA only,IDX,1964,38511156900.687
IDA only,IDX,1963,41013144249.1447
IDA only,IDX,1962,36454084443.5145
IDA only,IDX,1961,33770973573.5427
IDA only,IDX,1960,32210089126.0693
IDA total,IDA,2024,2892794292960.5
IDA total,IDA,2023,2928257332685.53
IDA total,IDA,2022,3075156030414.19
IDA total,IDA,2021,2862019261419.67
IDA total,IDA,2020,2618820711622.81
IDA total,IDA,2019,2701162201549.27
IDA total,IDA,2018,2410821570722.89
IDA total,IDA,2017,2268986582944.81
IDA total,IDA,2016,2153236905947.39
IDA total,IDA,2015,2166147593879.17
IDA total,IDA,2014,2229789153827.81
IDA total,IDA,2013,2071317823790.95
IDA total,IDA,2012,1903781283580.33
IDA total,IDA,2011,1804396546819.71
IDA total,IDA,2010,1598094607076.63
IDA total,IDA,2009,1383687732657.72
IDA total,IDA,2008,1419487216744.69
IDA total,IDA,2007,1190972724268.38
IDA total,IDA,2006,1015422269205.85
IDA total,IDA,2005,849793999607.051
IDA total,IDA,2004,730301246172.363
IDA total,IDA,2003,624668567081.956
IDA total,IDA,2002,553708425098.702
IDA total,IDA,2001,513449125832.416
IDA total,IDA,2000,519433841269.805
IDA total,IDA,1999,452393909716.814
IDA total,IDA,1998,606351843937.964
IDA total,IDA,1997,582075639918.491
IDA total,IDA,1996,555977844458.205
IDA total,IDA,1995,481964529219.024
IDA total,IDA,1994,396481708931.757
IDA total,IDA,1993,383117739730.7
IDA total,IDA,1992,364500462510.175
IDA total,IDA,1991,408935889526.722
IDA total,IDA,1990,378601687959.444
IDA total,IDA,1989,335572228828.562
IDA total,IDA,1988,334041718237.196
IDA total,IDA,1987,316801281131.625
IDA total,IDA,1986,306447561121.803
IDA total,IDA,1985,338015025891.064
IDA total,IDA,1984,327545489759.251
IDA total,IDA,1983,348319967701.646
IDA total,IDA,1982,403272271570.135
IDA total,IDA,1981,423178214761.939
IDA total,IDA,1980,298604001457.119
IDA total,IDA,1979,250376887783.225
IDA total,IDA,1978,218539555256.636
IDA total,IDA,1977,193294226206.532
IDA total,IDA,1976,177485554718.228
IDA total,IDA,1975,169844078911.041
IDA total,IDA,1974,144311257153.774
IDA total,IDA,1973,109974660345.756
IDA total,IDA,1972,94690827263.5569
IDA total,IDA,1971,88539617604.3463
IDA total,IDA,1970,87493635541.9477
IDA total,IDA,1969,78701759386.486
IDA total,IDA,1968,70107106201.2938
IDA total,IDA,1967,66154805083.0784
IDA total,IDA,1966,65247708355.2412
IDA total,IDA,1965,60415096598.9344
IDA total,IDA,1964,53949854635.3435
IDA total,IDA,1963,54556943164.6908
IDA total,IDA,1962,49352987755.1789
IDA total,IDA,1961,45877820663.8057
IDA total,IDA,1960,43419063136.1966
Late-demographic dividend,LTE,2024,29979152245112.6
Late-demographic dividend,LTE,2023,28934446547714.4
Late-demographic dividend,LTE,2022,28550398557203.3
Late-demographic dividend,LTE,2021,27284231194748.9
Late-demographic dividend,LTE,2020,22869539211355.0
Late-demographic dividend,LTE,2019,23366567397285.6
Late-demographic dividend,LTE,2018,22907660419321.1
Late-demographic dividend,LTE,2017,20889290142886.5
Late-demographic dividend,LTE,2016,18841937712407.0
Late-demographic dividend,LTE,2015,18797219107172.1
Late-demographic dividend,LTE,2014,19998109576538.4
Late-demographic dividend,LTE,2013,19233518032034.2
Late-demographic dividend,LTE,2012,17836300107332.0
Late-demographic dividend,LTE,2011,16665376541950.8
Late-demographic dividend,LTE,2010,13679708028983.9
Late-demographic dividend,LTE,2009,11368232780191.9
Late-demographic dividend,LTE,2008,11750024639145.1
Late-demographic dividend,LTE,2007,9445303058887.28
Late-demographic dividend,LTE,2006,7496022909104.78
Late-demographic dividend,LTE,2005,6211017343931.31
Late-demographic dividend,LTE,2004,5151932849607.39
Late-demographic dividend,LTE,2003,4286645021053.17
Late-demographic dividend,LTE,2002,3760831882469.91
Late-demographic dividend,LTE,2001,3545543381138.98
Late-demographic dividend,LTE,2000,3427507985097.52
Late-demographic dividend,LTE,1999,3122215745185.94
Late-demographic dividend,LTE,1998,3374867404617.89
Late-demographic dividend,LTE,1997,3499555307550.27
Late-demographic dividend,LTE,1996,3341467252786.49
Late-demographic dividend,LTE,1995,3029780056867.2
Late-demographic dividend,LTE,1994,2444599209041.13
Late-demographic dividend,LTE,1993,2104911596639.27
Late-demographic dividend,LTE,1992,2021843649053.88
Late-demographic dividend,LTE,1991,1982355141885.9
Late-demographic dividend,LTE,1990,1971099528291.62
Late-demographic dividend,LTE,1989,1905240160845.64
Late-demographic dividend,LTE,1988,1787018955182.41
Late-demographic dividend,LTE,1987,1637762989831.09
Late-demographic dividend,LTE,1986,1551004683364.39
Late-demographic dividend,LTE,1985,1459397301664.15
Late-demographic dividend,LTE,1984,1350058406704.66
Late-demographic dividend,LTE,1983,1293502574114.76
Late-demographic dividend,LTE,1982,1397225179816.17
Late-demographic dividend,LTE,1981,1385129661927.59
Late-demographic dividend,LTE,1980,1321502317179.9
Late-demographic dividend,LTE,1979,1152356948339.41
Late-demographic dividend,LTE,1978,967902612778.315
Late-demographic dividend,LTE,1977,929935807412.122
Late-demographic dividend,LTE,1976,801479229230.007
Late-demographic dividend,LTE,1975,743236954063.473
Late-demographic dividend,LTE,1974,673221564295.668
Late-demographic dividend,LTE,1973,560342627217.068
Late-demographic dividend,LTE,1972,431342028444.513
Late-demographic dividend,LTE,1971,374774456804.477
Late-demographic dividend,LTE,1970,336904804054.143
Late-demographic dividend,LTE,1969,296283576150.945
Late-demographic dividend,LTE,1968,265793115767.977
Late-demographic dividend,LTE,1967,261259999430.176
Late-demographic dividend,LTE,1966,259994255595.183
Late-demographic dividend,LTE,1965,233446890704.184
Late-demographic dividend,LTE,1964,208296557346.014
Late-demographic dividend,LTE,1963,189931663020.203
Late-demographic dividend,LTE,1962,174094667934.865
Late-demographic dividend,LTE,1961,170881037955.18
Late-demographic dividend,LTE,1960,183858546617.435
Latin America & Caribbean,LCN,2024,7110323254687.35
Latin America & Caribbean,LCN,2023,6910660006084.82
Latin America & Caribbean,LCN,2022,6144995160894.64
Latin America & Caribbean,LCN,2021,5382862734265.64
Latin America & Caribbean,LCN,2020,4627348896643.87
Latin America & Caribbean,LCN,2019,5473432644126.84
Latin America & Caribbean,LCN,2018,5581100995040.84
Latin America & Caribbean,LCN,2017,5715057427671.22
Latin America & Caribbean,LCN,2016,5148746106826.83
Latin America & Caribbean,LCN,2015,5289615626446.62
Latin America & Caribbean,LCN,2014,6217846355596.35
Latin America & Caribbean,LCN,2013,6252550709058.29
Latin America & Caribbean,LCN,2012,6202552292365.06
Latin America & Caribbean,LCN,2011,6139415369063.72
Latin America & Caribbean,LCN,2010,5397900660485.76
Latin America & Caribbean,LCN,2009,4357538584711.36
Latin America & Caribbean,LCN,2008,4644093134666.99
Latin America & Caribbean,LCN,2007,3998763004207.04
Latin America & Caribbean,LCN,2006,3397326808458.12
Latin America & Caribbean,LCN,2005,2903225603459.67
Latin America & Caribbean,LCN,2004,2405470231955.35
Latin America & Caribbean,LCN,2003,2091901136740.59
Latin America & Caribbean,LCN,2002,2052785902058.93
Latin America & Caribbean,LCN,2001,2282616677666.16
Latin America & Caribbean,LCN,2000,2326960774300.02
Latin America & Caribbean,LCN,1999,2107674084250.93
Latin America & Caribbean,LCN,1998,2331974870872.78
Latin America & Caribbean,LCN,1997,2303665775071.88
Latin America & Caribbean,LCN,1996,2100954040906.87
Latin America & Caribbean,LCN,1995,1942345662514.93
Latin America & Caribbean,LCN,1994,1795767672640.37
Latin America & Caribbean,LCN,1993,1537131292681.77
Latin America & Caribbean,LCN,1992,1299088443758.27
Latin America & Caribbean,LCN,1991,1189414692505.63
Latin America & Caribbean,LCN,1990,1107441262339.26
Latin America & Caribbean,LCN,1989,994556604300.389
Latin America & Caribbean,LCN,1988,900611858814.776
Latin America & Caribbean,LCN,1987,821070824144.007
Latin America & Caribbean,LCN,1986,765106455717.53
Latin America & Caribbean,LCN,1985,755578018483.551
Latin America & Caribbean,LCN,1984,764196791084.118
Latin America & Caribbean,LCN,1983,726364223327.025
Latin America & Caribbean,LCN,1982,823242879546.784
Latin America & Caribbean,LCN,1981,894809026625.003
Latin America & Caribbean,LCN,1980,783357461518.48
Latin America & Caribbean,LCN,1979,644166219532.576
Latin America & Caribbean,LCN,1978,574059347260.853
Latin America & Caribbean,LCN,1977,479581065121.979
Latin America & Caribbean,LCN,1976,436627884665.323
Latin America & Caribbean,LCN,1975,398144710055.559
Latin America & Caribbean,LCN,1974,379786194845.66
Latin America & Caribbean,LCN,1973,293150378387.262
Latin America & Caribbean,LCN,1972,220380603348.14
Latin America & Caribbean,LCN,1971,195901356042.972
Latin America & Caribbean,LCN,1970,175637927080.04
Latin America & Caribbean,LCN,1969,160995419131.459
Latin America & Caribbean,LCN,1968,144144177278.735
Latin America & Caribbean,LCN,1967,134312213003.602
Latin America & Caribbean,LCN,1966,131678790598.877
Latin America & Caribbean,LCN,1965,119597691837.21
Latin America & Caribbean,LCN,1964,111297635699.786
Latin America & Caribbean,LCN,1963,100158104358.281
Latin America & Caribbean,LCN,1962,92148671651.0748
Latin America & Caribbean,LCN,1961,87692579907.1773
Latin America & Caribbean,LCN,1960,79218932628.4884
Latin America & Caribbean (excluding high income),LAC,2024,6168787362595.33
Latin America & Caribbean (excluding high income),LAC,2023,6014673692976.05
Latin America & Caribbean (excluding high income),LAC,2022,5336050967302.51
Latin America & Caribbean (excluding high income),LAC,2021,4637976019252.06
Latin America & Caribbean (excluding high income),LAC,2020,3991303751042.44
Latin America & Caribbean (excluding high income),LAC,2019,4748616176252.64
Latin America & Caribbean (excluding high income),LAC,2018,4816735877469.79
Latin America & Caribbean (excluding high income),LAC,2017,4960873741744.95
Latin America & Caribbean (excluding high income),LAC,2016,4438833899168.87
Latin America & Caribbean (excluding high income),LAC,2015,4578739613722.79
Latin America & Caribbean (excluding high income),LAC,2014,5405172001075.22
Latin America & Caribbean (excluding high income),LAC,2013,5385615104389.87
Latin America & Caribbean (excluding high income),LAC,2012,5250558584752.47
Latin America & Caribbean (excluding high income),LAC,2011,5277645172887.88
Latin America & Caribbean (excluding high income),LAC,2010,4518755264794.34
Latin America & Caribbean (excluding high income),LAC,2009,3612494780540.35
Latin America & Caribbean (excluding high income),LAC,2008,3900603654602.57
Latin America & Caribbean (excluding high income),LAC,2007,3374742715849.93
Latin America & Caribbean (excluding high income),LAC,2006,2858411217887.58
Latin America & Caribbean (excluding high income),LAC,2005,2450494745878.24
Latin America & Caribbean (excluding high income),LAC,2004,2025108884606.03
Latin America & Caribbean (excluding high income),LAC,2003,1776708359686.86
Latin America & Caribbean (excluding high income),LAC,2002,1740548664257.26
Latin America & Caribbean (excluding high income),LAC,2001,1935500709591.52
Latin America & Caribbean (excluding high income),LAC,2000,1986485863896.03
Latin America & Caribbean (excluding high income),LAC,1999,1795962372594.49
Latin America & Caribbean (excluding high income),LAC,1998,2024915541481.96
Latin America & Caribbean (excluding high income),LAC,1997,2009116477242.1
Latin America & Caribbean (excluding high income),LAC,1996,1840978422403.43
Latin America & Caribbean (excluding high income),LAC,1995,1685606822996.41
Latin America & Caribbean (excluding high income),LAC,1994,1581889193913.28
Latin America & Caribbean (excluding high income),LAC,1993,1337901710683.13
Latin America & Caribbean (excluding high income),LAC,1992,1109655778653.96
Latin America & Caribbean (excluding high income),LAC,1991,1022303377943.78
Latin America & Caribbean (excluding high income),LAC,1990,956359343657.392
Latin America & Caribbean (excluding high income),LAC,1989,857638656284.421
Latin America & Caribbean (excluding high income),LAC,1988,754391335526.162
Latin America & Caribbean (excluding high income),LAC,1987,693500475374.671
Latin America & Caribbean (excluding high income),LAC,1986,632751590897.888
Latin America & Caribbean (excluding high income),LAC,1985,624540105212.73
Latin America & Caribbean (excluding high income),LAC,1984,634821634926.578
Latin America & Caribbean (excluding high income),LAC,1983,591639891642.324
Latin America & Caribbean (excluding high income),LAC,1982,685784573010.258
Latin America & Caribbean (excluding high income),LAC,1981,743688523742.887
Latin America & Caribbean (excluding high income),LAC,1980,647344663393.165
Latin America & Caribbean (excluding high income),LAC,1979,535635409511.146
Latin America & Caribbean (excluding high income),LAC,1978,487096670577.821
Latin America & Caribbean (excluding high income),LAC,1977,401970427033.127
Latin America & Caribbean (excluding high income),LAC,1976,370757722087.931
Latin America & Caribbean (excluding high income),LAC,1975,340736015746.356
Latin America & Caribbean (excluding high income),LAC,1974,316078118355.068
Latin America & Caribbean (excluding high income),LAC,1973,240395906942.871
Latin America & Caribbean (excluding high income),LAC,1972,179590440279.63
Latin America & Caribbean (excluding high income),LAC,1971,157896952881.112
Latin America & Caribbean (excluding high income),LAC,1970,142596746423.907
Latin America & Caribbean (excluding high income),LAC,1969,131183741662.451
Latin America & Caribbean (excluding high income),LAC,1968,117081886865.706
Latin America & Caribbean (excluding high income),LAC,1967,108802555632.323
Latin America & Caribbean (excluding high income),LAC,1966,106986475925.36
Latin America & Caribbean (excluding high income),LAC,1965,96773648114.8792
Latin America & Caribbean (excluding high income),LAC,1964,89267114389.9873
Latin America & Caribbean (excluding high income),LAC,1963,77852261014.3715
Latin America & Caribbean (excluding high income),LAC,1962,70838147779.8747
Latin America & Caribbean (excluding high income),LAC,1961,68537433096.0179
Latin America & Caribbean (excluding high income),LAC,1960,61872048053.7582
Latin America & the Caribbean (IDA & IBRD countries),TLA,2024,6776899040059.78
Latin America & the Caribbean (IDA & IBRD countries),TLA,2023,6591336702938.76
Latin America & the Caribbean (IDA & IBRD countries),TLA,2022,5851879329574.93
Latin America & the Caribbean (IDA & IBRD countries),TLA,2021,5118940165028.38
Latin America & the Caribbean (IDA & IBRD countries),TLA,2020,4387909128654.57
Latin America & the Caribbean (IDA & IBRD countries),TLA,2019,5230554354083.41
Latin America & the Caribbean (IDA & IBRD countries),TLA,2018,5347056434773.57
Latin America & the Caribbean (IDA & IBRD countries),TLA,2017,5482764267203.12
Latin America & the Caribbean (IDA & IBRD countries),TLA,2016,4922090097003.8
Latin America & the Caribbean (IDA & IBRD countries),TLA,2015,5068610305411.75
Latin America & the Caribbean (IDA & IBRD countries),TLA,2014,6005259453417.89
Latin America & the Caribbean (IDA & IBRD countries),TLA,2013,6044625148403.94
Latin America & the Caribbean (IDA & IBRD countries),TLA,2012,5999254994806.92
Latin America & the Caribbean (IDA & IBRD countries),TLA,2011,5942223639206.5
Latin America & the Caribbean (IDA & IBRD countries),TLA,2010,5212616653053.24
Latin America & the Caribbean (IDA & IBRD countries),TLA,2009,4176789508119.57
Latin America & the Caribbean (IDA & IBRD countries),TLA,2008,4465814702669.79
Latin America & the Caribbean (IDA & IBRD countries),TLA,2007,3826959867893.09
Latin America & the Caribbean (IDA & IBRD countries),TLA,2006,3234927606207.58
Latin America & the Caribbean (IDA & IBRD countries),TLA,2005,2752003821062.2
Latin America & the Caribbean (IDA & IBRD countries),TLA,2004,2264876234901.17
Latin America & the Caribbean (IDA & IBRD countries),TLA,2003,1960517216397.37
Latin America & the Caribbean (IDA & IBRD countries),TLA,2002,1927322085240.2
Latin America & the Caribbean (IDA & IBRD countries),TLA,2001,2161359862863.86
Latin America & the Caribbean (IDA & IBRD countries),TLA,2000,2214459287709.09
Latin America & the Caribbean (IDA & IBRD countries),TLA,1999,2002746501486.27
Latin America & the Caribbean (IDA & IBRD countries),TLA,1998,2233347031889.78
Latin America & the Caribbean (IDA & IBRD countries),TLA,1997,2212067216181.87
Latin America & the Caribbean (IDA & IBRD countries),TLA,1996,2016321456675.89
Latin America & the Caribbean (IDA & IBRD countries),TLA,1995,1855934359539.88
Latin America & the Caribbean (IDA & IBRD countries),TLA,1994,1715187232056.94
Latin America & the Caribbean (IDA & IBRD countries),TLA,1993,1466872751420.96
Latin America & the Caribbean (IDA & IBRD countries),TLA,1992,1232562973418.31
Latin America & the Caribbean (IDA & IBRD countries),TLA,1991,1123571075717.19
Latin America & the Caribbean (IDA & IBRD countries),TLA,1990,1039366593866.68
Latin America & the Caribbean (IDA & IBRD countries),TLA,1989,931218807729.826
Latin America & the Caribbean (IDA & IBRD countries),TLA,1988,839372117493.825
Latin America & the Caribbean (IDA & IBRD countries),TLA,1987,765000529871.095
Latin America & the Caribbean (IDA & IBRD countries),TLA,1986,712610987834.594
Latin America & the Caribbean (IDA & IBRD countries),TLA,1985,706307698037.013
Latin America & the Caribbean (IDA & IBRD countries),TLA,1984,715171116848.308
Latin America & the Caribbean (IDA & IBRD countries),TLA,1983,681554554313.973
Latin America & the Caribbean (IDA & IBRD countries),TLA,1982,779872014723.552
Latin America & the Caribbean (IDA & IBRD countries),TLA,1981,852847482696.126
Latin America & the Caribbean (IDA & IBRD countries),TLA,1980,743795740311.93
Latin America & the Caribbean (IDA & IBRD countries),TLA,1979,607502561689.17
Latin America & the Caribbean (IDA & IBRD countries),TLA,1978,541374940142.382
Latin America & the Caribbean (IDA & IBRD countries),TLA,1977,452376511736.924
Latin America & the Caribbean (IDA & IBRD countries),TLA,1976,411065254886.087
Latin America & the Caribbean (IDA & IBRD countries),TLA,1975,374350708856.511
Latin America & the Caribbean (IDA & IBRD countries),TLA,1974,358182606143.697
Latin America & the Caribbean (IDA & IBRD countries),TLA,1973,274036287245.746
Latin America & the Caribbean (IDA & IBRD countries),TLA,1972,204232100660.441
Latin America & the Caribbean (IDA & IBRD countries),TLA,1971,181794578090.035
Latin America & the Caribbean (IDA & IBRD countries),TLA,1970,163499670766.647
Latin America & the Caribbean (IDA & IBRD countries),TLA,1969,149979264961.847
Latin America & the Caribbean (IDA & IBRD countries),TLA,1968,134361744441.374
Latin America & the Caribbean (IDA & IBRD countries),TLA,1967,125362127677.747
Latin America & the Caribbean (IDA & IBRD countries),TLA,1966,123240741042.798
Latin America & the Caribbean (IDA & IBRD countries),TLA,1965,111946641395.146
Latin America & the Caribbean (IDA & IBRD countries),TLA,1964,104302526502.261
Latin America & the Caribbean (IDA & IBRD countries),TLA,1963,93844819440.9467
Latin America & the Caribbean (IDA & IBRD countries),TLA,1962,86399815744.6584
Latin America & the Caribbean (IDA & IBRD countries),TLA,1961,82362832266.3746
Latin America & the Caribbean (IDA & IBRD countries),TLA,1960,74399051115.6208
Least developed countries: UN classification,LDC,2024,1536272727812.71
Least developed countries: UN classification,LDC,2023,1459966948607.94
Least developed countries: UN classification,LDC,2022,1474237106700.91
Least developed countries: UN classification,LDC,2021,1303898952961.36
Least developed countries: UN classification,LDC,2020,1179778077659.19
Least developed countries: UN classification,LDC,2019,1169366192253.69
Least developed countries: UN classification,LDC,2018,1116339519831.8
Least developed countries: UN classification,LDC,2017,1044504274790.04
Least developed countries: UN classification,LDC,2016,952622086763.393
Least developed countries: UN classification,LDC,2015,946044369982.555
Least developed countries: UN classification,LDC,2014,993379212416.681
Least developed countries: UN classification,LDC,2013,924685867947.027
Least developed countries: UN classification,LDC,2012,849599155573.471
Least developed countries: UN classification,LDC,2011,810122964149.02
Least developed countries: UN classification,LDC,2010,711250147781.566
Least developed countries: UN classification,LDC,2009,628162084945.035
Least developed countries: UN classification,LDC,2008,635557886673.675
Least developed countries: UN classification,LDC,2007,517254081241.053
Least developed countries: UN classification,LDC,2006,430714424840.412
Least developed countries: UN classification,LDC,2005,370633296538.889
Least developed countries: UN classification,LDC,2004,311791760903.57
Least developed countries: UN classification,LDC,2003,270939350485.977
Least developed countries: UN classification,LDC,2002,238996622513.994
Least developed countries: UN classification,LDC,2001,216585977130.125
Least developed countries: UN classification,LDC,2000,224563948593.224
Least developed countries: UN classification,LDC,1999,197805141980.577
Least developed countries: UN classification,LDC,1998,192210175844.317
Least developed countries: UN classification,LDC,1997,189339949637.891
Least developed countries: UN classification,LDC,1996,181564624034.662
Least developed countries: UN classification,LDC,1995,172090832187.699
Least developed countries: UN classification,LDC,1994,167739197113.28
Least developed countries: UN classification,LDC,1993,171010929694.39
Least developed countries: UN classification,LDC,1992,165222858380.936
Least developed countries: UN classification,LDC,1991,208817559381.57
Least developed countries: UN classification,LDC,1990,192676554736.406
Least developed countries: UN classification,LDC,1989,167638883839.735
Least developed countries: UN classification,LDC,1988,156208594276.22
Least developed countries: UN classification,LDC,1987,142313431547.147
Least developed countries: UN classification,LDC,1986,133832578080.491
Least developed countries: UN classification,LDC,1985,153684956266.846
Least developed countries: UN classification,LDC,1984,140661649667.253
Least developed countries: UN classification,LDC,1983,138441291087.962
Least developed countries: UN classification,LDC,1982,140164853789.316
Least developed countries: UN classification,LDC,1981,138755507284.492
Least developed countries: UN classification,LDC,1980,135711328907.843
Least developed countries: UN classification,LDC,1979,122428376570.848
Least developed countries: UN classification,LDC,1978,111733881980.368
Least developed countries: UN classification,LDC,1977,94941848284.4018
Least developed countries: UN classification,LDC,1976,86257896218.4446
Least developed countries: UN classification,LDC,1975,93635062502.8177
Least developed countries: UN classification,LDC,1974,77769806980.1139
Least developed countries: UN classification,LDC,1973,62437242595.5981
Least developed countries: UN classification,LDC,1972,51305821254.5498
Least developed countries: UN classification,LDC,1971,49607713412.6624
Least developed countries: UN classification,LDC,1970,47218105706.9094
Least developed countries: UN classification,LDC,1969,48788461658.1435
Least developed countries: UN classification,LDC,1968,44098255412.4447
Least developed countries: UN classification,LDC,1967,41311581927.6956
Least developed countries: UN classification,LDC,1966,40642209234.3734
Least developed countries: UN classification,LDC,1965,37295152841.752
Least developed countries: UN classification,LDC,1964,33150184766.7468
Least developed countries: UN classification,LDC,1963,36519313157.8956
Least developed countries: UN classification,LDC,1962,31794976804.8325
Least developed countries: UN classification,LDC,1961,29364630537.1701
Least developed countries: UN classification,LDC,1960,28083812111.3864
Low & middle income,LMY,2024,39397098753614.4
Low & middle income,LMY,2023,38059330027173.0
Low & middle income,LMY,2022,36965295357847.5
Low & middle income,LMY,2021,35235417682028.0
Low & middle income,LMY,2020,29882663470187.9
Low & middle income,LMY,2019,30863484502772.9
Low & middle income,LMY,2018,29945950603040.9
Low & middle income,LMY,2017,28123682410171.3
Low & middle income,LMY,2016,25722739836843.3
Low & middle income,LMY,2015,25457289049147.5
Low & middle income,LMY,2014,26234553744932.2
Low & middle income,LMY,2013,25060996541842.1
Low & middle income,LMY,2012,23600257695748.4
Low & middle income,LMY,2011,22198034859579.4
Low & middle income,LMY,2010,18849216312613.7
Low & middle income,LMY,2009,15495760307663.9
Low & middle income,LMY,2008,15453988213684.3
Low & middle income,LMY,2007,13011853510452.5
Low & middle income,LMY,2006,10593347613572.9
Low & middle income,LMY,2005,8995715621844.56
Low & middle income,LMY,2004,7615565811852.92
Low & middle income,LMY,2003,6490136867597.51
Low & middle income,LMY,2002,5796572765879.18
Low & middle income,LMY,2001,5681863488447.16
Low & middle income,LMY,2000,5671239614656.75
Low & middle income,LMY,1999,5213581699462.51
Low & middle income,LMY,1998,5415602499519.29
Low & middle income,LMY,1997,5514476962092.24
Low & middle income,LMY,1996,5194254625956.01
Low & middle income,LMY,1995,4678566130116.0
Low & middle income,LMY,1994,4036347707441.04
Low & middle income,LMY,1993,3598961041743.57
Low & middle income,LMY,1992,3325666270038.26
Low & middle income,LMY,1991,3169382414487.01
Low & middle income,LMY,1990,3263494792021.68
Low & middle income,LMY,1989,2839487150072.39
Low & middle income,LMY,1988,2648573640088.11
Low & middle income,LMY,1987,2482143781544.16
Low & middle income,LMY,1986,2404562901474.37
Low & middle income,LMY,1985,2354530879715.06
Low & middle income,LMY,1984,2267460248865.09
Low & middle income,LMY,1983,2206821650115.95
Low & middle income,LMY,1982,2277766381213.81
Low & middle income,LMY,1981,2310481365169.78
Low & middle income,LMY,1980,2063168719320.92
Low & middle income,LMY,1979,1746166507113.12
Low & middle income,LMY,1978,1506201220791.09
Low & middle income,LMY,1977,1356510872563.03
Low & middle income,LMY,1976,1208279928792.57
Low & middle income,LMY,1975,1123004704927.99
Low & middle income,LMY,1974,1015201398786.56
Low & middle income,LMY,1973,797478916024.531
Low & middle income,LMY,1972,625484658981.056
Low & middle income,LMY,1971,556845652683.818
Low & middle income,LMY,1970,517798557827.839
Low & middle income,LMY,1969,474510876551.698
Low & middle income,LMY,1968,424043720695.814
Low & middle income,LMY,1967,399982283509.462
Low & middle income,LMY,1966,389671309317.083
Low & middle income,LMY,1965,375605759539.849
Low & middle income,LMY,1964,340150418908.555
Low & middle income,LMY,1963,303550507362.765
Low & middle income,LMY,1962,273695782536.948
Low & middle income,LMY,1961,269458553802.492
Low & middle income,LMY,1960,266021244949.629
"Middle East, North Africa, Afghanistan & Pakistan",MEA,2024,5094721946852.29
"Middle East, North Africa, Afghanistan & Pakistan",MEA,2023,4905729965245.33
"Middle East, North Africa, Afghanistan & Pakistan",MEA,2022,5030925398736.26
"Middle East, North Africa, Afghanistan & Pakistan",MEA,2021,4310652927209.13
"Middle East, North Africa, Afghanistan & Pakistan",MEA,2020,3587451756047.23
"Middle East, North Africa, Afghanistan & Pakistan",MEA,2019,4019889117584.4
"Middle East, North Africa, Afghanistan & Pakistan",MEA,2018,4050508431278.92
"Middle East, North Africa, Afghanistan & Pakistan",MEA,2017,3795353115732.68
"Middle East, North Africa, Afghanistan & Pakistan",MEA,2016,3624240285092.23
"Middle East, North Africa, Afghanistan & Pakistan",MEA,2015,3558416509933.66
"Middle East, North Africa, Afghanistan & Pakistan",MEA,2014,3955125832586.57
"Middle East, North Africa, Afghanistan & Pakistan",MEA,2013,3915741985695.48
"Middle East, North Africa, Afghanistan & Pakistan",MEA,2012,3951058204949.1
"Middle East, North Africa, Afghanistan & Pakistan",MEA,2011,3662713826837.54
"Middle East, North Africa, Afghanistan & Pakistan",MEA,2010,3041621845298.68
"Middle East, North Africa, Afghanistan & Pakistan",MEA,2009,2605610958503.18
"Middle East, North Africa, Afghanistan & Pakistan",MEA,2008,2889953352465.81
"Middle East, North Africa, Afghanistan & Pakistan",MEA,2007,2340843268764.84
"Middle East, North Africa, Afghanistan & Pakistan",MEA,2006,1984658175210.17
"Middle East, North Africa, Afghanistan & Pakistan",MEA,2005,1696919964189.2
"Middle East, North Africa, Afghanistan & Pakistan",MEA,2004,1425161843634.64
"Middle East, North Africa, Afghanistan & Pakistan",MEA,2003,1208917725723.26
"Middle East, North Africa, Afghanistan & Pakistan",MEA,2002,1084279807640.54
"Middle East, North Africa, Afghanistan & Pakistan",MEA,2001,1090545600290.9
"Middle East, North Africa, Afghanistan & Pakistan",MEA,2000,1098757920690.97
"Middle East, North Africa, Afghanistan & Pakistan",MEA,1999,954730386631.289
"Middle East, North Africa, Afghanistan & Pakistan",MEA,1998,882028072740.284
"Middle East, North Africa, Afghanistan & Pakistan",MEA,1997,900773851360.493
"Middle East, North Africa, Afghanistan & Pakistan",MEA,1996,863000127660.966
"Middle East, North Africa, Afghanistan & Pakistan",MEA,1995,779385146780.055
"Middle East, North Africa, Afghanistan & Pakistan",MEA,1994,703469153116.363
"Middle East, North Africa, Afghanistan & Pakistan",MEA,1993,666711698357.688
"Middle East, North Africa, Afghanistan & Pakistan",MEA,1992,711056428594.9
"Middle East, North Africa, Afghanistan & Pakistan",MEA,1991,673738601159.404
"Middle East, North Africa, Afghanistan & Pakistan",MEA,1990,836905738017.188
"Middle East, North Africa, Afghanistan & Pakistan",MEA,1989,651160308645.27
"Middle East, North Africa, Afghanistan & Pakistan",MEA,1988,631604979804.191
"Middle East, North Africa, Afghanistan & Pakistan",MEA,1987,631785127853.375
"Middle East, North Africa, Afghanistan & Pakistan",MEA,1986,676559260256.53
"Middle East, North Africa, Afghanistan & Pakistan",MEA,1985,668194186438.674
"Middle East, North Africa, Afghanistan & Pakistan",MEA,1984,656414744180.422
"Middle East, North Africa, Afghanistan & Pakistan",MEA,1983,649495126896.608
"Middle East, North Africa, Afghanistan & Pakistan",MEA,1982,641806002410.863
"Middle East, North Africa, Afghanistan & Pakistan",MEA,1981,640118605672.844
"Middle East, North Africa, Afghanistan & Pakistan",MEA,1980,621242313345.802
"Middle East, North Africa, Afghanistan & Pakistan",MEA,1979,483140591969.338
"Middle East, North Africa, Afghanistan & Pakistan",MEA,1978,371543137662.643
"Middle East, North Africa, Afghanistan & Pakistan",MEA,1977,349601963146.586
"Middle East, North Africa, Afghanistan & Pakistan",MEA,1976,301309936336.041
"Middle East, North Africa, Afghanistan & Pakistan",MEA,1975,242549831549.763
"Middle East, North Africa, Afghanistan & Pakistan",MEA,1974,220685922800.518
"Middle East, North Africa, Afghanistan & Pakistan",MEA,1973,121486691403.818
"Middle East, North Africa, Afghanistan & Pakistan",MEA,1972,93296927794.6584
"Middle East, North Africa, Afghanistan & Pakistan",MEA,1971,79185015019.2146
"Middle East, North Africa, Afghanistan & Pakistan",MEA,1970,69470512932.9908
"Middle East, North Africa, Afghanistan & Pakistan",MEA,1969,61449134768.6854
"Middle East, North Africa, Afghanistan & Pakistan",MEA,1968,55355053152.9923
"Middle East, North Africa, Afghanistan & Pakistan",MEA,1967,48702681113.6242
"Middle East, North Africa, Afghanistan & Pakistan",MEA,1966,44827741482.1355
"Middle East, North Africa, Afghanistan & Pakistan",MEA,1965,41652574542.0041
"Middle East, North Africa, Afghanistan & Pakistan",MEA,1964,37876511285.1314
"Middle East, North Africa, Afghanistan & Pakistan",MEA,1963,33981027251.5901
"Middle East, North Africa, Afghanistan & Pakistan",MEA,1962,30832534298.4043
"Middle East, North Africa, Afghanistan & Pakistan",MEA,1961,30987037284.52
"Middle East, North Africa, Afghanistan & Pakistan",MEA,1960,29024394854.6979
"Middle East, North Africa, Afghanistan & Pakistan (excluding high income)",MNA,2024,2203604227426.38
"Middle East, North Africa, Afghanistan & Pakistan (excluding high income)",MNA,2023,2094668147144.99
"Middle East, North Africa, Afghanistan & Pakistan (excluding high income)",MNA,2022,2160815136190.98
"Middle East, North Africa, Afghanistan & Pakistan (excluding high income)",MNA,2021,1939712222007.44
"Middle East, North Africa, Afghanistan & Pakistan (excluding high income)",MNA,2020,1667961526440.19
"Middle East, North Africa, Afghanistan & Pakistan (excluding high income)",MNA,2019,1834354275856.43
"Middle East, North Africa, Afghanistan & Pakistan (excluding high income)",MNA,2018,1877875348076.98
"Middle East, North Africa, Afghanistan & Pakistan (excluding high income)",MNA,2017,1878260539942.56
"Middle East, North Africa, Afghanistan & Pakistan (excluding high income)",MNA,2016,1849124741125.58
"Middle East, North Africa, Afghanistan & Pakistan (excluding high income)",MNA,2015,1780659355969.3
"Middle East, North Africa, Afghanistan & Pakistan (excluding high income)",MNA,2014,1919784977902.52
"Middle East, North Africa, Afghanistan & Pakistan (excluding high income)",MNA,2013,1930423514701.75
"Middle East, North Africa, Afghanistan & Pakistan (excluding high income)",MNA,2012,2052891275800.41
"Middle East, North Africa, Afghanistan & Pakistan (excluding high income)",MNA,2011,1906060807193.34
"Middle East, North Africa, Afghanistan & Pakistan (excluding high income)",MNA,2010,1626058953369.58
"Middle East, North Africa, Afghanistan & Pakistan (excluding high income)",MNA,2009,1418668447670.53
"Middle East, North Africa, Afghanistan & Pakistan (excluding high income)",MNA,2008,1466149480564.83
"Middle East, North Africa, Afghanistan & Pakistan (excluding high income)",MNA,2007,1209996477297.73
"Middle East, North Africa, Afghanistan & Pakistan (excluding high income)",MNA,2006,996469245693.858
"Middle East, North Africa, Afghanistan & Pakistan (excluding high income)",MNA,2005,857124990344.532
"Middle East, North Africa, Afghanistan & Pakistan (excluding high income)",MNA,2004,739740964066.946
"Middle East, North Africa, Afghanistan & Pakistan (excluding high income)",MNA,2003,624719536900.607
"Middle East, North Africa, Afghanistan & Pakistan (excluding high income)",MNA,2002,564911705200.042
"Middle East, North Africa, Afghanistan & Pakistan (excluding high income)",MNA,2001,580413513039.634
"Middle East, North Africa, Afghanistan & Pakistan (excluding high income)",MNA,2000,577555414244.499
"Middle East, North Africa, Afghanistan & Pakistan (excluding high income)",MNA,1999,515243741248.183
"Middle East, North Africa, Afghanistan & Pakistan (excluding high income)",MNA,1998,475820335108.722
"Middle East, North Africa, Afghanistan & Pakistan (excluding high income)",MNA,1997,465770068822.278
"Middle East, North Africa, Afghanistan & Pakistan (excluding high income)",MNA,1996,446894233172.398
"Middle East, North Africa, Afghanistan & Pakistan (excluding high income)",MNA,1995,403354671308.578
"Middle East, North Africa, Afghanistan & Pakistan (excluding high income)",MNA,1994,361933969697.601
"Middle East, North Africa, Afghanistan & Pakistan (excluding high income)",MNA,1993,344284389247.258
"Middle East, North Africa, Afghanistan & Pakistan (excluding high income)",MNA,1992,390454378977.408
"Middle East, North Africa, Afghanistan & Pakistan (excluding high income)",MNA,1991,380581307726.01
"Middle East, North Africa, Afghanistan & Pakistan (excluding high income)",MNA,1990,561877076910.386
"Middle East, North Africa, Afghanistan & Pakistan (excluding high income)",MNA,1989,415824495351.473
"Middle East, North Africa, Afghanistan & Pakistan (excluding high income)",MNA,1988,414053622106.052
"Middle East, North Africa, Afghanistan & Pakistan (excluding high income)",MNA,1987,426964720173.306
"Middle East, North Africa, Afghanistan & Pakistan (excluding high income)",MNA,1986,487666576858.246
"Middle East, North Africa, Afghanistan & Pakistan (excluding high income)",MNA,1985,453639097759.672
"Middle East, North Africa, Afghanistan & Pakistan (excluding high income)",MNA,1984,422201894049.531
"Middle East, North Africa, Afghanistan & Pakistan (excluding high income)",MNA,1983,404172364784.849
"Middle East, North Africa, Afghanistan & Pakistan (excluding high income)",MNA,1982,369223568200.683
"Middle East, North Africa, Afghanistan & Pakistan (excluding high income)",MNA,1981,330377717262.531
"Middle East, North Africa, Afghanistan & Pakistan (excluding high income)",MNA,1980,338338373850.255
"Middle East, North Africa, Afghanistan & Pakistan (excluding high income)",MNA,1979,278630477033.722
"Middle East, North Africa, Afghanistan & Pakistan (excluding high income)",MNA,1978,224123730455.507
"Middle East, North Africa, Afghanistan & Pakistan (excluding high income)",MNA,1977,208782139666.985
"Middle East, North Africa, Afghanistan & Pakistan (excluding high income)",MNA,1976,180747740964.066
"Middle East, North Africa, Afghanistan & Pakistan (excluding high income)",MNA,1975,146512034375.343
"Middle East, North Africa, Afghanistan & Pakistan (excluding high income)",MNA,1974,127536402529.717
"Middle East, North Africa, Afghanistan & Pakistan (excluding high income)",MNA,1973,82948300158.0316
"Middle East, North Africa, Afghanistan & Pakistan (excluding high income)",MNA,1972,67256893586.3657
"Middle East, North Africa, Afghanistan & Pakistan (excluding high income)",MNA,1971,59203404913.3117
"Middle East, North Africa, Afghanistan & Pakistan (excluding high income)",MNA,1970,52340685827.5424
"Middle East, North Africa, Afghanistan & Pakistan (excluding high income)",MNA,1969,46594338113.9912
"Middle East, North Africa, Afghanistan & Pakistan (excluding high income)",MNA,1968,41897056400.5636
"Middle East, North Africa, Afghanistan & Pakistan (excluding high income)",MNA,1967,37310104873.7448
"Middle East, North Africa, Afghanistan & Pakistan (excluding high income)",MNA,1966,33969222899.0789
"Middle East, North Africa, Afghanistan & Pakistan (excluding high income)",MNA,1965,31805270075.2254
"Middle East, North Africa, Afghanistan & Pakistan (excluding high income)",MNA,1964,28686249644.311
"Middle East, North Africa, Afghanistan & Pakistan (excluding high income)",MNA,1963,25680699750.2399
"Middle East, North Africa, Afghanistan & Pakistan (excluding high income)",MNA,1962,23311084904.6969
"Middle East, North Africa, Afghanistan & Pakistan (excluding high income)",MNA,1961,22897686861.8653
"Middle East, North Africa, Afghanistan & Pakistan (excluding high income)",MNA,1960,21951472905.7683
"Middle East, North Africa, Afghanistan & Pakistan (IDA & IBRD)",TMN,2024,2189893127426.38
"Middle East, North Africa, Afghanistan & Pakistan (IDA & IBRD)",TMN,2023,2076820247144.99
"Middle East, North Africa, Afghanistan & Pakistan (IDA & IBRD)",TMN,2022,2141649636190.98
"Middle East, North Africa, Afghanistan & Pakistan (IDA & IBRD)",TMN,2021,1921603222007.44
"Middle East, North Africa, Afghanistan & Pakistan (IDA & IBRD)",TMN,2020,1652429826440.19
"Middle East, North Africa, Afghanistan & Pakistan (IDA & IBRD)",TMN,2019,1817220775856.44
"Middle East, North Africa, Afghanistan & Pakistan (IDA & IBRD)",TMN,2018,1861598748076.98
"Middle East, North Africa, Afghanistan & Pakistan (IDA & IBRD)",TMN,2017,1862132539942.56
"Middle East, North Africa, Afghanistan & Pakistan (IDA & IBRD)",TMN,2016,1833719341125.58
"Middle East, North Africa, Afghanistan & Pakistan (IDA & IBRD)",TMN,2015,1766686955969.3
"Middle East, North Africa, Afghanistan & Pakistan (IDA & IBRD)",TMN,2014,1905795277902.52
"Middle East, North Africa, Afghanistan & Pakistan (IDA & IBRD)",TMN,2013,1916908014701.75
"Middle East, North Africa, Afghanistan & Pakistan (IDA & IBRD)",TMN,2012,2040682875800.41
"Middle East, North Africa, Afghanistan & Pakistan (IDA & IBRD)",TMN,2011,1894874707193.34
"Middle East, North Africa, Afghanistan & Pakistan (IDA & IBRD)",TMN,2010,1616377453369.58
"Middle East, North Africa, Afghanistan & Pakistan (IDA & IBRD)",TMN,2009,1410582747670.53
"Middle East, North Africa, Afghanistan & Pakistan (IDA & IBRD)",TMN,2008,1458839080564.83
"Middle East, North Africa, Afghanistan & Pakistan (IDA & IBRD)",TMN,2007,1204180777297.73
"Middle East, North Africa, Afghanistan & Pakistan (IDA & IBRD)",TMN,2006,991120945693.858
"Middle East, North Africa, Afghanistan & Pakistan (IDA & IBRD)",TMN,2005,851999290344.532
"Middle East, North Africa, Afghanistan & Pakistan (IDA & IBRD)",TMN,2004,735137864066.946
"Middle East, North Africa, Afghanistan & Pakistan (IDA & IBRD)",TMN,2003,620751536900.607
"Middle East, North Africa, Afghanistan & Pakistan (IDA & IBRD)",TMN,2002,561355905200.042
"Middle East, North Africa, Afghanistan & Pakistan (IDA & IBRD)",TMN,2001,576409813039.634
"Middle East, North Africa, Afghanistan & Pakistan (IDA & IBRD)",TMN,2000,573241814244.499
"Middle East, North Africa, Afghanistan & Pakistan (IDA & IBRD)",TMN,1999,510969926774.03
"Middle East, North Africa, Afghanistan & Pakistan (IDA & IBRD)",TMN,1998,471749357905.258
"Middle East, North Africa, Afghanistan & Pakistan (IDA & IBRD)",TMN,1997,462008531395.001
"Middle East, North Africa, Afghanistan & Pakistan (IDA & IBRD)",TMN,1996,443484188935.483
"Middle East, North Africa, Afghanistan & Pakistan (IDA & IBRD)",TMN,1995,400070200863.339
"Middle East, North Africa, Afghanistan & Pakistan (IDA & IBRD)",TMN,1994,359089803644.475
"Middle East, North Africa, Afghanistan & Pakistan (IDA & IBRD)",TMN,1993,341578917933.426
"Middle East, North Africa, Afghanistan & Pakistan (IDA & IBRD)",TMN,1992,387386092541.322
"Middle East, North Africa, Afghanistan & Pakistan (IDA & IBRD)",TMN,1991,377590606309.415
"Middle East, North Africa, Afghanistan & Pakistan (IDA & IBRD)",TMN,1990,557461708799.144
"Middle East, North Africa, Afghanistan & Pakistan (IDA & IBRD)",TMN,1989,412556844308.039
"Middle East, North Africa, Afghanistan & Pakistan (IDA & IBRD)",TMN,1988,410799887019.644
"Middle East, North Africa, Afghanistan & Pakistan (IDA & IBRD)",TMN,1987,423609526506.312
"Middle East, North Africa, Afghanistan & Pakistan (IDA & IBRD)",TMN,1986,483834373088.306
"Middle East, North Africa, Afghanistan & Pakistan (IDA & IBRD)",TMN,1985,450074290280.295
"Middle East, North Africa, Afghanistan & Pakistan (IDA & IBRD)",TMN,1984,418884127840.34
"Middle East, North Africa, Afghanistan & Pakistan (IDA & IBRD)",TMN,1983,400996279046.08
"Middle East, North Africa, Afghanistan & Pakistan (IDA & IBRD)",TMN,1982,366322118691.626
"Middle East, North Africa, Afghanistan & Pakistan (IDA & IBRD)",TMN,1981,327781527993.719
"Middle East, North Africa, Afghanistan & Pakistan (IDA & IBRD)",TMN,1980,335679627786.219
"Middle East, North Africa, Afghanistan & Pakistan (IDA & IBRD)",TMN,1979,276440930291.791
"Middle East, North Africa, Afghanistan & Pakistan (IDA & IBRD)",TMN,1978,222362511119.301
"Middle East, North Africa, Afghanistan & Pakistan (IDA & IBRD)",TMN,1977,207141478320.287
"Middle East, North Africa, Afghanistan & Pakistan (IDA & IBRD)",TMN,1976,179327380809.813
"Middle East, North Africa, Afghanistan & Pakistan (IDA & IBRD)",TMN,1975,145360706814.426
"Middle East, North Africa, Afghanistan & Pakistan (IDA & IBRD)",TMN,1974,126534190145.741
"Middle East, North Africa, Afghanistan & Pakistan (IDA & IBRD)",TMN,1973,82296472036.8109
"Middle East, North Africa, Afghanistan & Pakistan (IDA & IBRD)",TMN,1972,66728372393.0197
"Middle East, North Africa, Afghanistan & Pakistan (IDA & IBRD)",TMN,1971,58738170012.5242
"Middle East, North Africa, Afghanistan & Pakistan (IDA & IBRD)",TMN,1970,51929379859.3506
"Middle East, North Africa, Afghanistan & Pakistan (IDA & IBRD)",TMN,1969,46228188357.884
"Middle East, North Africa, Afghanistan & Pakistan (IDA & IBRD)",TMN,1968,41567819038.1797
"Middle East, North Africa, Afghanistan & Pakistan (IDA & IBRD)",TMN,1967,37016912903.3721
"Middle East, North Africa, Afghanistan & Pakistan (IDA & IBRD)",TMN,1966,33702284400.0446
"Middle East, North Africa, Afghanistan & Pakistan (IDA & IBRD)",TMN,1965,31555336449.1167
"Middle East, North Africa, Afghanistan & Pakistan (IDA & IBRD)",TMN,1964,28460826047.0234
"Middle East, North Africa, Afghanistan & Pakistan (IDA & IBRD)",TMN,1963,25478894502.4176
"Middle East, North Africa, Afghanistan & Pakistan (IDA & IBRD)",TMN,1962,23127900672.4932
"Middle East, North Africa, Afghanistan & Pakistan (IDA & IBRD)",TMN,1961,22717751213.0451
"Middle East, North Africa, Afghanistan & Pakistan (IDA & IBRD)",TMN,1960,21778972838.6791
Middle income,MIC,2024,38925709373017.6
Middle income,MIC,2023,37622349618946.3
Middle income,MIC,2022,36528767758177.8
Middle income,MIC,2021,34855974285498.7
Middle income,MIC,2020,29540859400642.8
Middle income,MIC,2019,30509054766961.0
Middle income,MIC,2018,29601678469854.1
Middle income,MIC,2017,27795014626627.4
Middle income,MIC,2016,25404351578541.5
Middle income,MIC,2015,25097130636126.9
Middle income,MIC,2014,25857736813684.7
Middle income,MIC,2013,24703471814277.2
Middle income,MIC,2012,23251473713360.3
Middle income,MIC,2011,21818776039542.3
Middle income,MIC,2010,18500106536863.6
Middle income,MIC,2009,15187183923617.2
Middle income,MIC,2008,15135753455448.7
Middle income,MIC,2007,12745162554495.1
Middle income,MIC,2006,10373325425938.6
Middle income,MIC,2005,8806342066459.55
Middle income,MIC,2004,7458787938489.6
Middle income,MIC,2003,6355971327725.67
Middle income,MIC,2002,5676642577370.01
Middle income,MIC,2001,5573293851565.57
Middle income,MIC,2000,5556546271414.66
Middle income,MIC,1999,5120006885011.03
Middle income,MIC,1998,5322192219238.78
Middle income,MIC,1997,5422776104608.38
Middle income,MIC,1996,5108551494540.32
Middle income,MIC,1995,4590529240161.89
Middle income,MIC,1994,3942384848752.35
Middle income,MIC,1993,3501345257040.16
Middle income,MIC,1992,3237107286358.01
Middle income,MIC,1991,3044708628353.4
Middle income,MIC,1990,3150623904402.62
Middle income,MIC,1989,2747806444501.3
Middle income,MIC,1988,2563703586650.78
Middle income,MIC,1987,2403584804619.8
Middle income,MIC,1986,2329597450033.4
Middle income,MIC,1985,2282956356062.72
Middle income,MIC,1984,2192549478802.4
Middle income,MIC,1983,2131216215695.98
Middle income,MIC,1982,2198750357109.46
Middle income,MIC,1981,2231371215509.13
Middle income,MIC,1980,1986493674210.98
Middle income,MIC,1979,1678362101290.79
Middle income,MIC,1978,1443031406577.86
Middle income,MIC,1977,1301917067253.38
Middle income,MIC,1976,1160904820760.72
Middle income,MIC,1975,1078098104980.05
Middle income,MIC,1974,976815722583.873
Middle income,MIC,1973,766886718376.922
Middle income,MIC,1972,600161045167.551
Middle income,MIC,1971,534228369111.708
Middle income,MIC,1970,497394778758.199
Middle income,MIC,1969,454719632225.34
Middle income,MIC,1968,406933448658.391
Middle income,MIC,1967,384168439192.973
Middle income,MIC,1966,373234480844.198
Middle income,MIC,1965,359974228362.054
Middle income,MIC,1964,326748563780.278
Middle income,MIC,1963,287120112863.835
Middle income,MIC,1962,260604632869.29
Middle income,MIC,1961,257716293344.372
Middle income,MIC,1960,254380808746.112
North America,NAC,2024,31003826557365.0
North America,NAC,2023,29474089705278.7
North America,NAC,2022,27803134368745.3
North America,NAC,2021,25344749345423.2
North America,NAC,2020,22723045707000.2
North America,NAC,2019,23132124767672.5
North America,NAC,2018,22265612481783.0
North America,NAC,2017,21133744509244.1
North America,NAC,2016,20230005494907.4
North America,NAC,2015,19769184098217.1
North America,NAC,2014,19362844040439.9
North America,NAC,2013,18696254170835.0
North America,NAC,2012,18088716899521.6
North America,NAC,2011,17399367444174.5
North America,NAC,2010,16672942337486.3
North America,NAC,2009,15859346076157.3
North America,NAC,2008,16329827601721.7
North America,NAC,2007,15949814312783.3
North America,NAC,2006,15140995757591.0
North America,NAC,2005,14217175927778.7
North America,NAC,2004,13248368139278.2
North America,NAC,2003,12356169212634.8
North America,NAC,2002,11693699517098.0
North America,NAC,2001,11324592049355.4
North America,NAC,2000,10999201631931.6
North America,NAC,1999,10312911118271.1
North America,NAC,1998,9699948950000.0
North America,NAC,1997,9235474283855.55
North America,NAC,1996,8706425384132.75
North America,NAC,1995,8247740840061.21
North America,NAC,1994,7869047506907.26
North America,NAC,1993,7439432921639.4
North America,NAC,1992,7116394258318.85
North America,NAC,1991,6772291612315.62
North America,NAC,1990,6560811991360.99
North America,NAC,1989,6210293493275.24
North America,NAC,1988,5747233127658.55
North America,NAC,1987,5289645738278.71
North America,NAC,1986,4959811337023.72
North America,NAC,1985,4706204512481.65
North America,NAC,1984,4395317100091.54
North America,NAC,1983,3976793677182.73
North America,NAC,1982,3659222307440.61
North America,NAC,1981,3515026742787.86
North America,NAC,1980,3132696865996.05
North America,NAC,1979,2871741324295.71
North America,NAC,1978,2571444342386.25
North America,NAC,1977,2294598176304.65
North America,NAC,1976,2081069912576.07
North America,NAC,1975,1859668757176.56
North America,NAC,1974,1706504788139.06
North America,NAC,1973,1557409843565.64
North America,NAC,1972,1392809248873.62
North America,NAC,1971,1264667554743.51
North America,NAC,1970,1161681557632.31
North America,NAC,1969,1097008083538.61
North America,NAC,1968,1012423833006.16
North America,NAC,1967,925611758906.731
North America,NAC,1966,874400174025.376
North America,NAC,1965,796652272547.488
North America,NAC,1964,733740484526.022
North America,NAC,1963,682281489551.125
North America,NAC,1962,646056325348.93
North America,NAC,1961,603055003182.732
North America,NAC,1960,582624755153.847
OECD members,OED,2024,67500141717526.4
OECD members,OED,2023,64648892594414.4
OECD members,OED,2022,60588200976081.3
OECD members,OED,2021,59024824389525.6
OECD members,OED,2020,52851603026620.4
OECD members,OED,2019,54168727321922.0
OECD members,OED,2018,53652083661573.0
OECD members,OED,2017,50696690374014.3
OECD members,OED,2016,48552474323847.7
OECD members,OED,2015,47647221796959.1
OECD members,OED,2014,50544319752323.1
OECD members,OED,2013,49513745558643.5
OECD members,OED,2012,48848423144456.1
OECD members,OED,2011,48907463676194.2
OECD members,OED,2010,45454235949425.1
OECD members,OED,2009,43330741173451.5
OECD members,OED,2008,46310285113488.4
OECD members,OED,2007,43614701103479.8
OECD members,OED,2006,39831449904961.4
OECD members,OED,2005,37741346324531.8
OECD members,OED,2004,35679871689452.9
OECD members,OED,2003,32044541404358.8
OECD members,OED,2002,28647750264306.8
OECD members,OED,2001,27457252150822.0
OECD members,OED,2000,27710878931912.8
OECD members,OED,1999,27106690974475.9
OECD members,OED,1998,25797604159261.0
OECD members,OED,1997,25612994056118.2
OECD members,OED,1996,25998480809047.6
OECD members,OED,1995,25775313382970.9
OECD members,OED,1994,23317201872963.6
OECD members,OED,1993,21810120242132.0
OECD members,OED,1992,21476777564065.6
OECD members,OED,1991,19962310501302.5
OECD members,OED,1990,18852771505915.8
OECD members,OED,1989,16740901991842.8
OECD members,OED,1988,16001599667479.6
OECD members,OED,1987,14192048913694.0
OECD members,OED,1986,12253426374959.4
OECD members,OED,1985,10110195128167.8
OECD members,OED,1984,9603996059992.17
OECD members,OED,1983,9188516945715.17
OECD members,OED,1982,8888513303369.21
OECD members,OED,1981,9028194538270.78
OECD members,OED,1980,8865947967454.06
OECD members,OED,1979,7982841628892.19
OECD members,OED,1978,6914445143890.5
OECD members,OED,1977,5744062081858.06
OECD members,OED,1976,5093104008181.73
OECD members,OED,1975,4700213593995.64
OECD members,OED,1974,4194195712763.06
OECD members,OED,1973,3739083527748.63
OECD members,OED,1972,3088987028519.77
OECD members,OED,1971,2659381214254.36
OECD members,OED,1970,2400426381002.29
OECD members,OED,1969,2190828362375.71
OECD members,OED,1968,1988017146245.21
OECD members,OED,1967,1832895163805.07
OECD members,OED,1966,1714939911148.91
OECD members,OED,1965,1566490842668.13
OECD members,OED,1964,1441848721878.44
OECD members,OED,1963,1317605393450.63
OECD members,OED,1962,1224162735686.56
OECD members,OED,1961,1132125347763.2
OECD members,OED,1960,1061504516553.67
Other small states,OSS,2024,208127281931.64
Other small states,OSS,2023,196615944595.18
Other small states,OSS,2022,181859538439.061
Other small states,OSS,2021,172038213758.242
Other small states,OSS,2020,146157676838.952
Other small states,OSS,2019,158530142448.216
Other small states,OSS,2018,158073876709.73
Other small states,OSS,2017,143284613956.474
Other small states,OSS,2016,128159325016.122
Other small states,OSS,2015,121433707011.691
Other small states,OSS,2014,135415545370.949
Other small states,OSS,2013,130969039548.284
Other small states,OSS,2012,125761130889.038
Other small states,OSS,2011,128764134519.088
Other small states,OSS,2010,112786676665.285
Other small states,OSS,2009,107800935552.035
Other small states,OSS,2008,125084843511.023
Other small states,OSS,2007,115441290811.04
Other small states,OSS,2006,95906051121.5049
Other small states,OSS,2005,86284116802.3353
Other small states,OSS,2004,76946971607.8942
Other small states,OSS,2003,64819023763.2045
Other small states,OSS,2002,52120882271.4143
Other small states,OSS,2001,47626338324.033
Other small states,OSS,2000,47447997552.7001
Other small states,OSS,1999,47126365701.0324
Other small states,OSS,1998,45175657737.8871
Other small states,OSS,1997,45001855690.8166
Other small states,OSS,1996,44988678305.9346
Other small states,OSS,1995,43750838197.8851
Other small states,OSS,1994,36855488520.0577
Other small states,OSS,1993,34799288268.8486
Other small states,OSS,1992,36340445474.8692
Other small states,OSS,1991,33550913338.5787
Other small states,OSS,1990,31954015146.0863
Other small states,OSS,1989,26569541981.2962
Other small states,OSS,1988,25998041841.1562
Other small states,OSS,1987,24115018695.3425
Other small states,OSS,1986,19271096441.8764
Other small states,OSS,1985,19321547628.0782
Other small states,OSS,1984,19829824799.8379
Other small states,OSS,1983,20072665045.9298
Other small states,OSS,1982,21876317950.6725
Other small states,OSS,1981,22822814056.8921
Other small states,OSS,1980,24469509824.1164
Other small states,OSS,1979,16393627218.6452
Other small states,OSS,1978,12466371860.6462
Other small states,OSS,1977,10751088165.8708
Other small states,OSS,1976,8756552568.56476
Other small states,OSS,1975,7536675203.89725
Pacific island small states,PSS,2024,12124739862.5303
Pacific island small states,PSS,2023,11224282183.2085
Pacific island small states,PSS,2022,10350119919.8256
Pacific island small states,PSS,2021,9453908127.9322
Pacific island small states,PSS,2020,9323221713.12119
Pacific island small states,PSS,2019,10624838178.1263
Pacific island small states,PSS,2018,10796141328.2336
Pacific island small states,PSS,2017,10290493043.4688
Pacific island small states,PSS,2016,9556119494.38469
Pacific island small states,PSS,2015,9105865614.90318
Pacific island small states,PSS,2014,9287744622.48688
Pacific island small states,PSS,2013,8541905877.81349
Pacific island small states,PSS,2012,8215475282.96577
Pacific island small states,PSS,2011,7750253720.19441
Pacific island small states,PSS,2010,6641384396.17265
Pacific island small states,PSS,2009,6037139996.77033
Pacific island small states,PSS,2008,6698070453.1824
Pacific island small states,PSS,2007,6254737579.62755
Pacific island small states,PSS,2006,5676286530.76555
Pacific island small states,PSS,2005,5408552591.61551
Pacific island small states,PSS,2004,4871855227.66746
Pacific island small states,PSS,2003,4235417103.89125
Pacific island small states,PSS,2002,3551511825.22848
Pacific island small states,PSS,2001,3387243161.85647
Pacific island small states,PSS,2000,3444510978.45745
Pacific island small states,PSS,1999,3741318814.04879
Pacific island small states,PSS,1998,3430045708.53207
Pacific island small states,PSS,1997,3979427587.98908
Pacific island small states,PSS,1996,3969814413.00006
Pacific island small states,PSS,1995,3704482553.04378
Pacific island small states,PSS,1994,3414639447.83478
Pacific island small states,PSS,1993,2916179026.94266
Pacific island small states,PSS,1992,2776997611.93854
Pacific island small states,PSS,1991,2529727432.96099
Pacific island small states,PSS,1990,2385132399.14983
Pacific island small states,PSS,1989,2132424514.70178
Pacific island small states,PSS,1988,2046486236.29193
Pacific island small states,PSS,1987,1986467977.58922
Pacific island small states,PSS,1986,2030345446.65008
Pacific island small states,PSS,1985,1862560930.08934
Pacific island small states,PSS,1984,1938376709.25212
Pacific island small states,PSS,1983,1843535002.96169
Pacific island small states,PSS,1982,1925494376.45517
Pacific island small states,PSS,1981,1955541041.41009
Pacific island small states,PSS,1980,1890599862.17306
Pacific island small states,PSS,1979,1652934748.58291
Pacific island small states,PSS,1978,1371556833.26728
Pacific island small states,PSS,1977,1196696800.8061
Pacific island small states,PSS,1976,1137538860.09831
Pacific island small states,PSS,1975,1136928461.97446
Pacific island small states,PSS,1974,1027747649.55854
Pacific island small states,PSS,1973,757316230.701195
Pacific island small states,PSS,1972,565885771.690898
Pacific island small states,PSS,1971,477298982.38294
Pacific island small states,PSS,1970,423802353.214943
Post-demographic dividend,PST,2024,62787810951925.4
Post-demographic dividend,PST,2023,60342185357196.2
Post-demographic dividend,PST,2022,56953387691844.6
Post-demographic dividend,PST,2021,55667487544829.4
Post-demographic dividend,PST,2020,49979090891717.7
Post-demographic dividend,PST,2019,51107356012296.7
Post-demographic dividend,PST,2018,50607464286251.2
Post-demographic dividend,PST,2017,47734461117479.6
Post-demographic dividend,PST,2016,45775578499373.8
Post-demographic dividend,PST,2015,44767511150189.7
Post-demographic dividend,PST,2014,47352271526907.4
Post-demographic dividend,PST,2013,46413780180350.6
Post-demographic dividend,PST,2012,45942497522572.9
Post-demographic dividend,PST,2011,46024007727818.3
Post-demographic dividend,PST,2010,42835110366846.5
Post-demographic dividend,PST,2009,41066034459934.1
Post-demographic dividend,PST,2008,43606905463177.5
Post-demographic dividend,PST,2007,41169440746383.3
Post-demographic dividend,PST,2006,37714121018548.2
Post-demographic dividend,PST,2005,35832108742171.1
Post-demographic dividend,PST,2004,34039699724658.1
Post-demographic dividend,PST,2003,30628727069752.9
Post-demographic dividend,PST,2002,27313364825215.3
Post-demographic dividend,PST,2001,26184037125663.6
Post-demographic dividend,PST,2000,26438505722462.0
Post-demographic dividend,PST,1999,25979732809251.5
Post-demographic dividend,PST,1998,24729604929999.5
Post-demographic dividend,PST,1997,24632009706644.9
Post-demographic dividend,PST,1996,25123705138852.3
Post-demographic dividend,PST,1995,25003710577480.3
Post-demographic dividend,PST,1994,22531939069611.8
Post-demographic dividend,PST,1993,21035284641458.5
Post-demographic dividend,PST,1992,20883380153099.0
Post-demographic dividend,PST,1991,19463679791716.6
Post-demographic dividend,PST,1990,18452271061071.4
Post-demographic dividend,PST,1989,16446952584907.3
Post-demographic dividend,PST,1988,15749021455055.1
Post-demographic dividend,PST,1987,13979579930866.8
Post-demographic dividend,PST,1986,12057445738906.0
Post-demographic dividend,PST,1985,9862682650638.41
Post-demographic dividend,PST,1984,9367677548893.54
Post-demographic dividend,PST,1983,8965479265577.29
Post-demographic dividend,PST,1982,8639011117249.76
Post-demographic dividend,PST,1981,8678485277522.67
Post-demographic dividend,PST,1980,8579077346423.67
Post-demographic dividend,PST,1979,7752803275148.3
Post-demographic dividend,PST,1978,6747119823317.64
Post-demographic dividend,PST,1977,5600985628552.04
Post-demographic dividend,PST,1976,4956423785910.19
Post-demographic dividend,PST,1975,4568901659447.27
Post-demographic dividend,PST,1974,4076836031233.59
Post-demographic dividend,PST,1973,3649031565778.63
Post-demographic dividend,PST,1972,3017210744666.43
Post-demographic dividend,PST,1971,2598629201643.57
Post-demographic dividend,PST,1970,2340980541390.25
Post-demographic dividend,PST,1969,2133714911578.01
Post-demographic dividend,PST,1968,1936814609946.54
Post-demographic dividend,PST,1967,1785813539500.6
Post-demographic dividend,PST,1966,1671049000687.52
Post-demographic dividend,PST,1965,1527388165094.78
Post-demographic dividend,PST,1964,1404569277544.68
Post-demographic dividend,PST,1963,1285602367385.2
Post-demographic dividend,PST,1962,1194893901950.17
Post-demographic dividend,PST,1961,1104529743893.63
Post-demographic dividend,PST,1960,1036846404629.66
Pre-demographic dividend,PRE,2024,1510802883684.15
Pre-demographic dividend,PRE,2023,1680243373294.08
Pre-demographic dividend,PRE,2022,1860790512304.23
Pre-demographic dividend,PRE,2021,1633932588860.86
Pre-demographic dividend,PRE,2020,1494279104787.47
Pre-demographic dividend,PRE,2019,1634625884352.83
Pre-demographic dividend,PRE,2018,1372023278046.38
Pre-demographic dividend,PRE,2017,1232604777297.1
Pre-demographic dividend,PRE,2016,1178803226989.3
Pre-demographic dividend,PRE,2015,1327634282632.04
Pre-demographic dividend,PRE,2014,1564245572947.51
Pre-demographic dividend,PRE,2013,1476563371928.86
Pre-demographic dividend,PRE,2012,1346198740218.36
Pre-demographic dividend,PRE,2011,1236913791144.92
Pre-demographic dividend,PRE,2010,1069026110406.58
Pre-demographic dividend,PRE,2009,914568494564.064
Pre-demographic dividend,PRE,2008,1008759607190.09
Pre-demographic dividend,PRE,2007,808147234929.241
Pre-demographic dividend,PRE,2006,668501035363.556
Pre-demographic dividend,PRE,2005,531122307123.826
Pre-demographic dividend,PRE,2004,424234077207.758
Pre-demographic dividend,PRE,2003,340468658786.46
Pre-demographic dividend,PRE,2002,312135025038.798
Pre-demographic dividend,PRE,2001,269595630716.128
Pre-demographic dividend,PRE,2000,283217741794.775
Pre-demographic dividend,PRE,1999,245465540938.205
Pre-demographic dividend,PRE,1998,394007939421.585
Pre-demographic dividend,PRE,1997,372342820435.895
Pre-demographic dividend,PRE,1996,339779202888.647
Pre-demographic dividend,PRE,1995,280321612128.049
Pre-demographic dividend,PRE,1994,190512119843.584
Pre-demographic dividend,PRE,1993,182710500408.317
Pre-demographic dividend,PRE,1992,174864985460.978
Pre-demographic dividend,PRE,1991,224731322067.623
Pre-demographic dividend,PRE,1990,397040693432.334
Pre-demographic dividend,PRE,1989,244959218939.251
Pre-demographic dividend,PRE,1988,242238712774.19
Pre-demographic dividend,PRE,1987,231283902157.624
Pre-demographic dividend,PRE,1986,214950800439.871
Pre-demographic dividend,PRE,1985,247847811937.892
Pre-demographic dividend,PRE,1984,238957760966.535
Pre-demographic dividend,PRE,1983,255682160761.94
Pre-demographic dividend,PRE,1982,308202776425.61
Pre-demographic dividend,PRE,1981,325165387007.184
Pre-demographic dividend,PRE,1980,238216835061.511
Pre-demographic dividend,PRE,1979,192716721393.739
Pre-demographic dividend,PRE,1978,156118418497.117
Pre-demographic dividend,PRE,1977,137554858322.704
Pre-demographic dividend,PRE,1976,124631310797.181
Pre-demographic dividend,PRE,1975,106608000583.933
Pre-demographic dividend,PRE,1974,93597653615.5403
Pre-demographic dividend,PRE,1973,67902484335.6976
Pre-demographic dividend,PRE,1972,55102867455.9048
Pre-demographic dividend,PRE,1971,46895053548.2553
Pre-demographic dividend,PRE,1970,47414033706.8637
Pre-demographic dividend,PRE,1969,42086630830.7288
Pre-demographic dividend,PRE,1968,37417938617.9708
Pre-demographic dividend,PRE,1967,34694458407.6408
Pre-demographic dividend,PRE,1966,36463686475.7909
Pre-demographic dividend,PRE,1965,33350877902.1596
Pre-demographic dividend,PRE,1964,30268695831.8966
Pre-demographic dividend,PRE,1963,31983402735.2397
Pre-demographic dividend,PRE,1962,27666238152.2476
Pre-demographic dividend,PRE,1961,25256725916.296
Pre-demographic dividend,PRE,1960,24364156193.7113
Small states,SST,2024,310642066645.913
Small states,SST,2023,287374900231.333
Small states,SST,2022,270716089069.618
Small states,SST,2021,244179271151.622
Small states,SST,2020,208801767982.779
Small states,SST,2019,231340439109.049
Small states,SST,2018,230122099257.831
Small states,SST,2017,213265208434.292
Small states,SST,2016,195788612860.018
Small states,SST,2015,193084726298.623
Small states,SST,2014,208778333966.54
Small states,SST,2013,201575895178.586
Small states,SST,2012,194403769997.088
Small states,SST,2011,193342538945.381
Small states,SST,2010,172475687383.485
Small states,SST,2009,161751590927.921
Small states,SST,2008,189079229226.136
Small states,SST,2007,171435251383.783
Small states,SST,2006,145908217635.493
Small states,SST,2005,129916963352.679
Small states,SST,2004,115416643927.911
Small states,SST,2003,99643830272.9925
Small states,SST,2002,83414441022.0863
Small states,SST,2001,77518242612.0485
Small states,SST,2000,76518051457.6032
Small states,SST,1999,74261596905.1335
Small states,SST,1998,70249508111.482
Small states,SST,1997,69056214799.1136
Small states,SST,1996,65815856152.0208
Small states,SST,1995,63080936166.0932
Small states,SST,1994,55018329444.2458
Small states,SST,1993,51480858164.92
Small states,SST,1992,53255036349.1124
Small states,SST,1991,50019032461.1219
Small states,SST,1990,47935378887.4125
Small states,SST,1989,41503137701.7546
Small states,SST,1988,41025318187.7448
Small states,SST,1987,38725831003.4827
Small states,SST,1986,33618097085.1792
Small states,SST,1985,35762826951.8669
Small states,SST,1984,36203727886.2459
Small states,SST,1983,35757123310.337
Small states,SST,1982,37651257006.2404
Small states,SST,1981,37080220827.7547
Small states,SST,1980,37297800330.139
Small states,SST,1979,26701110584.4908
Small states,SST,1978,20865461498.7849
Small states,SST,1977,18115910570.48
Small states,SST,1976,15045613015.0093
Small states,SST,1975,13756779384.6945
Small states,SST,1974,12697499906.2905
Small states,SST,1973,7975691955.17513
Small states,SST,1972,6351288900.72299
Small states,SST,1971,5468619820.37255
Small states,SST,1970,4890889496.96034
South Asia,SAS,2024,4512296631866.32
South Asia,SAS,2023,4210302249458.65
South Asia,SAS,2022,3930640287773.46
South Asia,SAS,2021,3717045071833.11
South Asia,SAS,2020,3172770463749.49
South Asia,SAS,2019,3318484576527.33
South Asia,SAS,2018,3159841615195.07
South Asia,SAS,2017,3075955432871.73
South Asia,SAS,2016,2679313169377.96
South Asia,SAS,2015,2414503392484.38
South Asia,SAS,2014,2323062261530.8
South Asia,SAS,2013,2111097579998.97
South Asia,SAS,2012,2057958207279.98
South Asia,SAS,2011,2045738549420.96
South Asia,SAS,2010,1869826822189.78
South Asia,SAS,2009,1502961023415.75
South Asia,SAS,2008,1347380565219.4
South Asia,SAS,2007,1342148092012.26
South Asia,SAS,2006,1051884831127.45
South Asia,SAS,2005,924419567611.272
South Asia,SAS,2004,804159915389.764
South Asia,SAS,2003,694775911444.331
South Asia,SAS,2002,593707009776.721
South Asia,SAS,2001,562554379798.02
South Asia,SAS,2000,544940514563.357
South Asia,SAS,1999,531825749349.825
South Asia,SAS,1998,492856423475.407
South Asia,SAS,1997,484982931205.649
South Asia,SAS,1996,458508459742.388
South Asia,SAS,1995,416341940329.578
South Asia,SAS,1994,377442853701.433
South Asia,SAS,1993,327009281232.946
South Asia,SAS,1992,333546277429.535
South Asia,SAS,1991,314469355543.217
South Asia,SAS,1990,364740287587.943
South Asia,SAS,1989,335790574664.33
South Asia,SAS,1988,334074870363.848
South Asia,SAS,1987,313355004645.126
South Asia,SAS,1986,280349120351.568
South Asia,SAS,1985,263678832418.149
South Asia,SAS,1984,239973094448.251
South Asia,SAS,1983,243700817417.399
South Asia,SAS,1982,226594563448.698
South Asia,SAS,1981,220616445555.575
South Asia,SAS,1980,210608299657.661
South Asia,SAS,1979,173920685619.916
South Asia,SAS,1978,155039888662.564
South Asia,SAS,1977,136743438548.561
South Asia,SAS,1976,117988534885.073
South Asia,SAS,1975,123400629130.854
South Asia,SAS,1974,116963620422.229
South Asia,SAS,1973,97561887957.8079
South Asia,SAS,1972,81426298286.7553
South Asia,SAS,1971,79443177465.6173
South Asia,SAS,1970,74658791269.593
South Asia,SAS,1969,69748993757.947
South Asia,SAS,1968,63211416560.9717
South Asia,SAS,1967,60155334542.3489
South Asia,SAS,1966,54738691616.6907
South Asia,SAS,1965,67970199332.8318
South Asia,SAS,1964,63741466508.7531
South Asia,SAS,1963,55539363101.615
South Asia,SAS,1962,49304727903.0606
South Asia,SAS,1961,46076379864.3708
South Asia,SAS,1960,43270012739.1649
South Asia (IDA & IBRD),TSA,2024,4512296631866.31
South Asia (IDA & IBRD),TSA,2023,4210302249458.65
South Asia (IDA & IBRD),TSA,2022,3930640287773.46
South Asia (IDA & IBRD),TSA,2021,3717045071833.11
South Asia (IDA & IBRD),TSA,2020,3172770463749.49
South Asia (IDA & IBRD),TSA,2019,3318484576527.33
South Asia (IDA & IBRD),TSA,2018,3159841615195.07
South Asia (IDA & IBRD),TSA,2017,3075955432871.73
South Asia (IDA & IBRD),TSA,2016,2679313169377.96
South Asia (IDA & IBRD),TSA,2015,2414503392484.38
South Asia (IDA & IBRD),TSA,2014,2323062261530.8
South Asia (IDA & IBRD),TSA,2013,2111097579998.97
South Asia (IDA & IBRD),TSA,2012,2057958207279.98
South Asia (IDA & IBRD),TSA,2011,2045738549420.96
South Asia (IDA & IBRD),TSA,2010,1869826822189.78
South Asia (IDA & IBRD),TSA,2009,1502961023415.75
South Asia (IDA & IBRD),TSA,2008,1347380565219.4
South Asia (IDA & IBRD),TSA,2007,1342148092012.26
South Asia (IDA & IBRD),TSA,2006,1051884831127.45
South Asia (IDA & IBRD),TSA,2005,924419567611.272
South Asia (IDA & IBRD),TSA,2004,804159915389.764
South Asia (IDA & IBRD),TSA,2003,694775911444.331
South Asia (IDA & IBRD),TSA,2002,593707009776.721
South Asia (IDA & IBRD),TSA,2001,562554379798.02
South Asia (IDA & IBRD),TSA,2000,544940514563.357
South Asia (IDA & IBRD),TSA,1999,531825749349.825
South Asia (IDA & IBRD),TSA,1998,492856423475.407
South Asia (IDA & IBRD),TSA,1997,484982931205.649
South Asia (IDA & IBRD),TSA,1996,458508459742.388
South Asia (IDA & IBRD),TSA,1995,416341940329.578
South Asia (IDA & IBRD),TSA,1994,377442853701.433
South Asia (IDA & IBRD),TSA,1993,327009281232.946
South Asia (IDA & IBRD),TSA,1992,333546277429.535
South Asia (IDA & IBRD),TSA,1991,314469355543.217
South Asia (IDA & IBRD),TSA,1990,364740287587.944
South Asia (IDA & IBRD),TSA,1989,335790574664.33
South Asia (IDA & IBRD),TSA,1988,334074870363.848
South Asia (IDA & IBRD),TSA,1987,313355004645.126
South Asia (IDA & IBRD),TSA,1986,280349120351.568
South Asia (IDA & IBRD),TSA,1985,263678832418.149
South Asia (IDA & IBRD),TSA,1984,239973094448.251
South Asia (IDA & IBRD),TSA,1983,243700817417.399
South Asia (IDA & IBRD),TSA,1982,226594563448.698
South Asia (IDA & IBRD),TSA,1981,220616445555.575
South Asia (IDA & IBRD),TSA,1980,210608299657.661
South Asia (IDA & IBRD),TSA,1979,173920685619.916
South Asia (IDA & IBRD),TSA,1978,155039888662.564
South Asia (IDA & IBRD),TSA,1977,136743438548.561
South Asia (IDA & IBRD),TSA,1976,117988534885.073
South Asia (IDA & IBRD),TSA,1975,123400629130.854
South Asia (IDA & IBRD),TSA,1974,116963620422.229
South Asia (IDA & IBRD),TSA,1973,97561887957.808
South Asia (IDA & IBRD),TSA,1972,81426298286.7554
South Asia (IDA & IBRD),TSA,1971,79443177465.6174
South Asia (IDA & IBRD),TSA,1970,74658791269.593
South Asia (IDA & IBRD),TSA,1969,69748993757.947
South Asia (IDA & IBRD),TSA,1968,63211416560.9717
South Asia (IDA & IBRD),TSA,1967,60155334542.349
South Asia (IDA & IBRD),TSA,1966,54738691616.6907
South Asia (IDA & IBRD),TSA,1965,67970199332.8318
South Asia (IDA & IBRD),TSA,1964,63741466508.7532
South Asia (IDA & IBRD),TSA,1963,55539363101.615
South Asia (IDA & IBRD),TSA,1962,49304727903.0606
South Asia (IDA & IBRD),TSA,1961,46076379864.3708
South Asia (IDA & IBRD),TSA,1960,43270012739.1649
Sub-Saharan Africa,SSF,2024,1979078503991.37
Sub-Saharan Africa,SSF,2023,2117597425394.64
Sub-Saharan Africa,SSF,2022,2292617010267.0
Sub-Saharan Africa,SSF,2021,2140795804040.0
Sub-Saharan Africa,SSF,2020,1902392262699.06
Sub-Saharan Africa,SSF,2019,2045711007848.14
Sub-Saharan Africa,SSF,2018,1798796101321.48
Sub-Saharan Africa,SSF,2017,1672127811803.69
Sub-Saharan Africa,SSF,2016,1531896244777.68
Sub-Saharan Africa,SSF,2015,1688024093175.49
Sub-Saharan Africa,SSF,2014,1902908083279.38
Sub-Saharan Africa,SSF,2013,1825489288568.26
Sub-Saharan Africa,SSF,2012,1717295733292.83
Sub-Saharan Africa,SSF,2011,1650955876097.19
Sub-Saharan Africa,SSF,2010,1469616438039.84
Sub-Saharan Africa,SSF,2009,1241958752180.26
Sub-Saharan Africa,SSF,2008,1301030210080.85
Sub-Saharan Africa,SSF,2007,1145239979455.74
Sub-Saharan Africa,SSF,2006,988873289522.059
Sub-Saharan Africa,SSF,2005,836993712579.377
Sub-Saharan Africa,SSF,2004,702843204651.659
Sub-Saharan Africa,SSF,2003,565919936760.318
Sub-Saharan Africa,SSF,2002,449500894158.767
Sub-Saharan Africa,SSF,2001,410936270042.78
Sub-Saharan Africa,SSF,2000,428788505804.802
Sub-Saharan Africa,SSF,1999,404651773356.155
Sub-Saharan Africa,SSF,1998,566816017701.65
Sub-Saharan Africa,SSF,1997,565282701495.442
Sub-Saharan Africa,SSF,1996,537529901697.435
Sub-Saharan Africa,SSF,1995,481078758906.208
Sub-Saharan Africa,SSF,1994,378181617912.501
Sub-Saharan Africa,SSF,1993,369858486527.505
Sub-Saharan Africa,SSF,1992,365899311503.049
Sub-Saharan Africa,SSF,1991,406697201565.697
Sub-Saharan Africa,SSF,1990,379792150457.814
Sub-Saharan Africa,SSF,1989,324390129475.55
Sub-Saharan Africa,SSF,1988,318689570071.268
Sub-Saharan Africa,SSF,1987,302632023546.226
Sub-Saharan Africa,SSF,1986,270239968939.1
Sub-Saharan Africa,SSF,1985,288309829782.491
Sub-Saharan Africa,SSF,1984,301936206027.115
Sub-Saharan Africa,SSF,1983,337927843621.059
Sub-Saharan Africa,SSF,1982,376485492802.867
Sub-Saharan Africa,SSF,1981,404964037903.535
Sub-Saharan Africa,SSF,1980,300099132923.764
Sub-Saharan Africa,SSF,1979,238924186293.265
Sub-Saharan Africa,SSF,1978,202653018739.213
Sub-Saharan Africa,SSF,1977,180959309200.527
Sub-Saharan Africa,SSF,1976,164674481161.533
Sub-Saharan Africa,SSF,1975,152220676931.201
Sub-Saharan Africa,SSF,1974,138641757472.571
Sub-Saharan Africa,SSF,1973,109279758227.601
Sub-Saharan Africa,SSF,1972,85727757471.5518
Sub-Saharan Africa,SSF,1971,76078810558.0095
Sub-Saharan Africa,SSF,1970,73998855803.616
Sub-Saharan Africa,SSF,1969,66258274672.141
Sub-Saharan Africa,SSF,1968,58686298467.8433
Sub-Saharan Africa,SSF,1967,54842900794.1516
Sub-Saharan Africa,SSF,1966,54780137858.9382
Sub-Saharan Africa,SSF,1965,50543636348.1424
Sub-Saharan Africa,SSF,1964,45891005945.7252
Sub-Saharan Africa,SSF,1963,46127211026.221
Sub-Saharan Africa,SSF,1962,40553510689.9697
Sub-Saharan Africa,SSF,1961,37521652879.6641
Sub-Saharan Africa,SSF,1960,35992821734.5306
Sub-Saharan Africa (excluding high income),SSA,2024,1827170966475.93
Sub-Saharan Africa (excluding high income),SSA,2023,1979535952437.49
Sub-Saharan Africa (excluding high income),SSA,2022,2167458359012.26
Sub-Saharan Africa (excluding high income),SSA,2021,2030237669873.33
Sub-Saharan Africa (excluding high income),SSA,2020,1802332899886.09
Sub-Saharan Africa (excluding high income),SSA,2019,1952007800638.78
Sub-Saharan Africa (excluding high income),SSA,2018,1713673886322.74
Sub-Saharan Africa (excluding high income),SSA,2017,1594086359396.0
Sub-Saharan Africa (excluding high income),SSA,2016,1461851860219.92
Sub-Saharan Africa (excluding high income),SSA,2015,1624488271641.54
Sub-Saharan Africa (excluding high income),SSA,2014,1845908277175.78
Sub-Saharan Africa (excluding high income),SSA,2013,1776507851555.87
Sub-Saharan Africa (excluding high income),SSA,2012,1672895604039.55
Sub-Saharan Africa (excluding high income),SSA,2011,1617944194300.6
Sub-Saharan Africa (excluding high income),SSA,2010,1438701031163.17
Sub-Saharan Africa (excluding high income),SSA,2009,1208670461443.79
Sub-Saharan Africa (excluding high income),SSA,2008,1272983700051.33
Sub-Saharan Africa (excluding high income),SSA,2007,1124500296270.51
Sub-Saharan Africa (excluding high income),SSA,2006,972568420377.406
Sub-Saharan Africa (excluding high income),SSA,2005,823668736698.489
Sub-Saharan Africa (excluding high income),SSA,2004,691866842946.747
Sub-Saharan Africa (excluding high income),SSA,2003,556578144172.593
Sub-Saharan Africa (excluding high income),SSA,2002,440920665484.333
Sub-Saharan Africa (excluding high income),SSA,2001,402042476808.84
Sub-Saharan Africa (excluding high income),SSA,2000,419895964737.483
Sub-Saharan Africa (excluding high income),SSA,1999,396097900741.092
Sub-Saharan Africa (excluding high income),SSA,1998,558196701845.345
Sub-Saharan Africa (excluding high income),SSA,1997,555912457054.065
Sub-Saharan Africa (excluding high income),SSA,1996,528259992823.415
Sub-Saharan Africa (excluding high income),SSA,1995,472705710256.859
Sub-Saharan Africa (excluding high income),SSA,1994,370569432423.275
Sub-Saharan Africa (excluding high income),SSA,1993,360284872802.794
Sub-Saharan Africa (excluding high income),SSA,1992,354644522439.248
Sub-Saharan Africa (excluding high income),SSA,1991,392433758461.8
Sub-Saharan Africa (excluding high income),SSA,1990,366869004676.562
Sub-Saharan Africa (excluding high income),SSA,1989,312233096692.86
Sub-Saharan Africa (excluding high income),SSA,1988,307146992487.513
Sub-Saharan Africa (excluding high income),SSA,1987,291516844626.973
Sub-Saharan Africa (excluding high income),SSA,1986,259860678475.735
Sub-Saharan Africa (excluding high income),SSA,1985,278370318090.919
Sub-Saharan Africa (excluding high income),SSA,1984,293476584886.74
Sub-Saharan Africa (excluding high income),SSA,1983,329001992004.17
Sub-Saharan Africa (excluding high income),SSA,1982,368485556389.439
Sub-Saharan Africa (excluding high income),SSA,1981,397377260074.553
Sub-Saharan Africa (excluding high income),SSA,1980,292958117852.207
Sub-Saharan Africa (excluding high income),SSA,1979,232170668171.039
Sub-Saharan Africa (excluding high income),SSA,1978,196493025593.933
Sub-Saharan Africa (excluding high income),SSA,1977,175173038310.069
Sub-Saharan Africa (excluding high income),SSA,1976,159630685143.871
Sub-Saharan Africa (excluding high income),SSA,1975,147548370828.576
Sub-Saharan Africa (excluding high income),SSA,1974,133952983378.261
Sub-Saharan Africa (excluding high income),SSA,1973,105089589307.762
Sub-Saharan Africa (excluding high income),SSA,1972,82091677366.1531
Sub-Saharan Africa (excluding high income),SSA,1971,72751099713.715
Sub-Saharan Africa (excluding high income),SSA,1970,70861621389.9776
Sub-Saharan Africa (excluding high income),SSA,1969,63402019319.4766
Sub-Saharan Africa (excluding high income),SSA,1968,55967306233.5137
Sub-Saharan Africa (excluding high income),SSA,1967,52285172402.5817
Sub-Saharan Africa (excluding high income),SSA,1966,52377020048.4816
Sub-Saharan Africa (excluding high income),SSA,1965,48308630395.089
Sub-Saharan Africa (excluding high income),SSA,1964,43834461490.6896
Sub-Saharan Africa (excluding high income),SSA,1963,44252709650.7442
Sub-Saharan Africa (excluding high income),SSA,1962,38743773907.0813
Sub-Saharan Africa (excluding high income),SSA,1961,35775152382.1852
Sub-Saharan Africa (excluding high income),SSA,1960,34318581554.5825
Sub-Saharan Africa (IDA & IBRD countries),TSS,2024,1979078503991.37
Sub-Saharan Africa (IDA & IBRD countries),TSS,2023,2117597425394.65
Sub-Saharan Africa (IDA & IBRD countries),TSS,2022,2292617010267.0
Sub-Saharan Africa (IDA & IBRD countries),TSS,2021,2140795804040.0
Sub-Saharan Africa (IDA & IBRD countries),TSS,2020,1902392262699.06
Sub-Saharan Africa (IDA & IBRD countries),TSS,2019,2045711007848.14
Sub-Saharan Africa (IDA & IBRD countries),TSS,2018,1798796101321.48
Sub-Saharan Africa (IDA & IBRD countries),TSS,2017,1672127811803.69
Sub-Saharan Africa (IDA & IBRD countries),TSS,2016,1531896244777.67
Sub-Saharan Africa (IDA & IBRD countries),TSS,2015,1688024093175.49
Sub-Saharan Africa (IDA & IBRD countries),TSS,2014,1902908083279.38
Sub-Saharan Africa (IDA & IBRD countries),TSS,2013,1825489288568.26
Sub-Saharan Africa (IDA & IBRD countries),TSS,2012,1717295733292.83
Sub-Saharan Africa (IDA & IBRD countries),TSS,2011,1650955876097.19
Sub-Saharan Africa (IDA & IBRD countries),TSS,2010,1469616438039.84
Sub-Saharan Africa (IDA & IBRD countries),TSS,2009,1241958752180.26
Sub-Saharan Africa (IDA & IBRD countries),TSS,2008,1301030210080.85
Sub-Saharan Africa (IDA & IBRD countries),TSS,2007,1145239979455.74
Sub-Saharan Africa (IDA & IBRD countries),TSS,2006,988873289522.059
Sub-Saharan Africa (IDA & IBRD countries),TSS,2005,836993712579.377
Sub-Saharan Africa (IDA & IBRD countries),TSS,2004,702843204651.659
Sub-Saharan Africa (IDA & IBRD countries),TSS,2003,565919936760.318
Sub-Saharan Africa (IDA & IBRD countries),TSS,2002,449500894158.767
Sub-Saharan Africa (IDA & IBRD countries),TSS,2001,410936270042.78
Sub-Saharan Africa (IDA & IBRD countries),TSS,2000,428788505804.802
Sub-Saharan Africa (IDA & IBRD countries),TSS,1999,404651773356.154
Sub-Saharan Africa (IDA & IBRD countries),TSS,1998,566816017701.65
Sub-Saharan Africa (IDA & IBRD countries),TSS,1997,565282701495.443
Sub-Saharan Africa (IDA & IBRD countries),TSS,1996,537529901697.435
Sub-Saharan Africa (IDA & IBRD countries),TSS,1995,481078758906.208
Sub-Saharan Africa (IDA & IBRD countries),TSS,1994,378181617912.501
Sub-Saharan Africa (IDA & IBRD countries),TSS,1993,369858486527.505
Sub-Saharan Africa (IDA & IBRD countries),TSS,1992,365899311503.049
Sub-Saharan Africa (IDA & IBRD countries),TSS,1991,406697201565.697
Sub-Saharan Africa (IDA & IBRD countries),TSS,1990,379792150457.814
Sub-Saharan Africa (IDA & IBRD countries),TSS,1989,324390129475.55
Sub-Saharan Africa (IDA & IBRD countries),TSS,1988,318689570071.268
Sub-Saharan Africa (IDA & IBRD countries),TSS,1987,302632023546.226
Sub-Saharan Africa (IDA & IBRD countries),TSS,1986,270239968939.1
Sub-Saharan Africa (IDA & IBRD countries),TSS,1985,288309829782.491
Sub-Saharan Africa (IDA & IBRD countries),TSS,1984,301936206027.115
Sub-Saharan Africa (IDA & IBRD countries),TSS,1983,337927843621.059
Sub-Saharan Africa (IDA & IBRD countries),TSS,1982,376485492802.867
Sub-Saharan Africa (IDA & IBRD countries),TSS,1981,404964037903.535
Sub-Saharan Africa (IDA & IBRD countries),TSS,1980,300099132923.764
Sub-Saharan Africa (IDA & IBRD countries),TSS,1979,238924186293.265
Sub-Saharan Africa (IDA & IBRD countries),TSS,1978,202653018739.213
Sub-Saharan Africa (IDA & IBRD countries),TSS,1977,180959309200.527
Sub-Saharan Africa (IDA & IBRD countries),TSS,1976,164674481161.533
Sub-Saharan Africa (IDA & IBRD countries),TSS,1975,152220676931.201
Sub-Saharan Africa (IDA & IBRD countries),TSS,1974,138641757472.571
Sub-Saharan Africa (IDA & IBRD countries),TSS,1973,109279758227.601
Sub-Saharan Africa (IDA & IBRD countries),TSS,1972,85727757471.5517
Sub-Saharan Africa (IDA & IBRD countries),TSS,1971,76078810558.0094
Sub-Saharan Africa (IDA & IBRD countries),TSS,1970,73998855803.6158
Sub-Saharan Africa (IDA & IBRD countries),TSS,1969,66258274672.1409
Sub-Saharan Africa (IDA & IBRD countries),TSS,1968,58686298467.8432
Sub-Saharan Africa (IDA & IBRD countries),TSS,1967,54842900794.1515
Sub-Saharan Africa (IDA & IBRD countries),TSS,1966,54780137858.9381
Sub-Saharan Africa (IDA & IBRD countries),TSS,1965,50543636348.1423
Sub-Saharan Africa (IDA & IBRD countries),TSS,1964,45891005945.7252
Sub-Saharan Africa (IDA & IBRD countries),TSS,1963,46127211026.2209
Sub-Saharan Africa (IDA & IBRD countries),TSS,1962,40553510689.9696
Sub-Saharan Africa (IDA & IBRD countries),TSS,1961,37521652879.664
Sub-Saharan Africa (IDA & IBRD countries),TSS,1960,35992821734.5305
World,WLD,2024,110982661180013.0
World,WLD,2023,106741647821064.0
World,WLD,2022,102251524725531.0
World,WLD,2021,98140475264975.8
World,WLD,2020,85912761035231.2
World,WLD,2019,88483262418196.7
World,WLD,2018,87050964956078.4
World,WLD,2017,81839102917044.7
World,WLD,2016,76831684012526.2
World,WLD,2015,75621913961646.1
World,WLD,2014,80054888775431.1
World,WLD,2013,78034892841179.1
World,WLD,2012,75960594595757.0
World,WLD,2011,74309709353789.3
World,WLD,2010,66811191491614.9
World,WLD,2009,60982255960004.4
World,WLD,2008,64311729364641.3
World,WLD,2007,58525785801185.8
World,WLD,2006,51923507284496.0
World,WLD,2005,47900489808168.8
World,WLD,2004,44225384449869.7
World,WLD,2003,39243276986261.9
World,WLD,2002,34991525564916.9
World,WLD,2001,33690417699612.7
World,WLD,2000,33898156427205.9
World,WLD,1999,32782827769545.3
World,WLD,1998,31733749169046.7
World,WLD,1997,31870560107975.7
World,WLD,1996,31968950237590.7
World,WLD,1995,31245419629026.0
World,WLD,1994,27961448359307.6
World,WLD,1993,25974923485795.5
World,WLD,1992,25546959069356.8
World,WLD,1991,23920903881560.9
World,WLD,1990,22922751084575.0
World,WLD,1989,20395813960211.0
World,WLD,1988,19524821807843.9
World,WLD,1987,17472239624529.0
World,WLD,1986,15348439146362.6
World,WLD,1985,13016982447733.2
World,WLD,1984,12427957579028.0
World,WLD,1983,11962974794875.1
World,WLD,1982,11719276657617.9
World,WLD,1981,11843441094928.6
World,WLD,1980,11452768541637.6
World,WLD,1979,10155462903237.9
World,WLD,1978,8779661745036.97
World,WLD,1977,7416442857108.43
World,WLD,1976,6560173647274.54
World,WLD,1975,6035142144928.11
World,WLD,1974,5419514194142.37
World,WLD,1973,4688557691603.01
World,WLD,1972,3834213544152.23
World,WLD,1971,3319897075453.74
World,WLD,1970,3004258440770.47
World,WLD,1969,2739123953755.11
World,WLD,1968,2479815244885.12
World,WLD,1967,2294873084337.79
World,WLD,1966,2162707523801.04
World,WLD,1965,1995234672640.12
World,WLD,1964,1831030283046.23
World,WLD,1963,1670354539896.74
World,WLD,1962,1544903390848.07
World,WLD,1961,1443968549479.04
World,WLD,1960,1366488391354.06
Afghanistan,AFG,2023,17152234636.8715
Afghanistan,AFG,2022,14497243872.1337
Afghanistan,AFG,2021,14259995441.0759
Afghanistan,AFG,2020,19955929052.1496
Afghanistan,AFG,2019,18799444490.1128
Afghanistan,AFG,2018,18053222687.4126
Afghanistan,AFG,2017,18753456497.8159
Afghanistan,AFG,2016,18116572395.0772
Afghanistan,AFG,2015,19134221644.7325
Afghanistan,AFG,2014,20497128555.6972
Afghanistan,AFG,2013,20146416757.5987
Afghanistan,AFG,2012,19907329777.5872
Afghanistan,AFG,2011,17805098206.3141
Afghanistan,AFG,2010,15856668555.8336
Afghanistan,AFG,2009,12416152732.0567
Afghanistan,AFG,2008,10109297047.5432
Afghanistan,AFG,2007,9747886187.39393
Afghanistan,AFG,2006,6971758282.29351
Afghanistan,AFG,2005,6203256538.70967
Afghanistan,AFG,2004,5224896718.67782
Afghanistan,AFG,2003,4520946818.54581
Afghanistan,AFG,2002,3825701438.99963
Afghanistan,AFG,2001,2813571753.87253
Afghanistan,AFG,2000,3521418059.92345
Albania,ALB,2024,27046429296.6673
Albania,ALB,2023,23491242727.4082
Albania,ALB,2022,19017247013.8821
Albania,ALB,2021,18031989573.0294
Albania,ALB,2020,15241458744.5927
Albania,ALB,2019,15585111614.0376
Albania,ALB,2018,15379508329.7568
Albania,ALB,2017,13258268435.6048
Albania,ALB,2016,11988668784.6628
Albania,ALB,2015,11470171826.9575
Albania,ALB,2014,13296322588.1684
Albania,ALB,2013,12796985886.1478
Albania,ALB,2012,12246499747.9714
Albania,ALB,2011,12973755874.5365
Albania,ALB,2010,12086545641.299
Albania,ALB,2009,12335540656.1006
Albania,ALB,2008,13258506375.4518
Albania,ALB,2007,11116937869.8568
Albania,ALB,2006,9150528132.17633
Albania,ALB,2005,8256658249.8128
Albania,ALB,2004,7406645793.44038
Albania,ALB,2003,5801712040.48463
Albania,ALB,2002,4515003116.68036
Albania,ALB,2001,4059064033.13379
Albania,ALB,2000,3584570164.85195
Albania,ALB,1999,3283941510.49964
Albania,ALB,1998,2600356999.20614
Albania,ALB,1997,2293666029.99318
Albania,ALB,1996,3234486232.04392
Albania,ALB,1995,2905092798.61916
Albania,ALB,1994,1880950864.41311
Albania,ALB,1993,1185315468.46295
Albania,ALB,1992,652174990.837304
Albania,ALB,1991,1099559027.77778
Albania,ALB,1990,2028553750.0
Albania,ALB,1989,2253090000.0
Albania,ALB,1988,2051236250.0
Albania,ALB,1987,2080796250.0
Albania,ALB,1986,2097326250.0
Albania,ALB,1985,1897050116.55012
Albania,ALB,1984,1857337995.338
Albania,ALB,1983,1881412587.41259
Albania,ALB,1982,1861163170.16317
Albania,ALB,1981,1808177156.17716
Albania,ALB,1980,1578102105.26316
Algeria,DZA,2024,269322281664.773
Algeria,DZA,2023,247923887214.655
Algeria,DZA,2022,225581644702.568
Algeria,DZA,2021,186231205262.082
Algeria,DZA,2020,164873415325.201
Algeria,DZA,2019,193459662090.677
Algeria,DZA,2018,194554483655.528
Algeria,DZA,2017,189880896903.073
Algeria,DZA,2016,180763839522.151
Algeria,DZA,2015,187493855609.345
Algeria,DZA,2014,238942664192.59
Algeria,DZA,2013,229701430292.157
Algeria,DZA,2012,227143746075.934
Algeria,DZA,2011,218331946925.304
Algeria,DZA,2010,177785053939.531
Algeria,DZA,2009,150317292079.359
Algeria,DZA,2008,180383848331.135
Algeria,DZA,2007,142482739809.849
Algeria,DZA,2006,123084258693.01
Algeria,DZA,2005,107046618669.707
Algeria,DZA,2004,91913680985.1708
Algeria,DZA,2003,73482264190.9245
Algeria,DZA,2002,61516103406.1688
Algeria,DZA,2001,59413400923.6364
Algeria,DZA,2000,54790398570.3282
Algeria,DZA,1999,48640671734.9711
Algeria,DZA,1998,48187781984.4881
Algeria,DZA,1997,48177612042.1507
Algeria,DZA,1996,46941554225.3581
Algeria,DZA,1995,41764291671.7711
Algeria,DZA,1994,42543176828.9237
Algeria,DZA,1993,49945584452.6506
Algeria,DZA,1992,48003133346.9957
Algeria,DZA,1991,45715676428.2766
Algeria,DZA,1990,62048507531.3357
Algeria,DZA,1989,55634721572.7343
Algeria,DZA,1988,59089396860.4342
Algeria,DZA,1987,66745818375.493
Algeria,DZA,1986,63692007897.3834
Algeria,DZA,1985,57937868670.1937
Algeria,DZA,1984,53698548293.0745
Algeria,DZA,1983,48801369800.3675
Algeria,DZA,1982,45207167470.3497
Algeria,DZA,1981,44348590460.9288
Algeria,DZA,1980,42345829079.2062
Algeria,DZA,1979,33243706859.6596
Algeria,DZA,1978,26364491313.4471
Algeria,DZA,1977,20972113684.9558
Algeria,DZA,1976,17728240932.3158
Algeria,DZA,1975,15557902754.033
Algeria,DZA,1974,13209871625.9044
Algeria,DZA,1973,8707858912.12481
Algeria,DZA,1972,6766743956.88889
Algeria,DZA,1971,5077183093.88968
Algeria,DZA,1970,4863526896.57407
Algeria,DZA,1969,4257253264.08834
Algeria,DZA,1968,3852147026.77302
Algeria,DZA,1967,3370870376.29682
Algeria,DZA,1966,3039859187.45164
Algeria,DZA,1965,3136284306.85469
Algeria,DZA,1964,2909316435.2874
Algeria,DZA,1963,2702982017.63803
Algeria,DZA,1962,2001444543.91885
Algeria,DZA,1961,2434747055.94018
Algeria,DZA,1960,2723615451.30098
American Samoa,ASM,2022,871000000.0
American Samoa,ASM,2021,750000000.0
American Samoa,ASM,2020,721000000.0
American Samoa,ASM,2019,647000000.0
American Samoa,ASM,2018,639000000.0
American Samoa,ASM,2017,612000000.0
American Samoa,ASM,2016,671000000.0
American Samoa,ASM,2015,673000000.0
American Samoa,ASM,2014,643000000.0
American Samoa,ASM,2013,638000000.0
American Samoa,ASM,2012,640000000.0
American Samoa,ASM,2011,570000000.0
American Samoa,ASM,2010,573000000.0
American Samoa,ASM,2009,675000000.0
American Samoa,ASM,2008,560000000.0
American Samoa,ASM,2007,518000000.0
American Samoa,ASM,2006,493000000.0
American Samoa,ASM,2005,500000000.0
American Samoa,ASM,2004,509000000.0
American Samoa,ASM,2003,524000000.0
American Samoa,ASM,2002,512000000.0
Andorra,AND,2024,4039842405.48117
Andorra,AND,2023,3785065524.84754
Andorra,AND,2022,3380611694.73392
Andorra,AND,2021,3324648075.56293
Andorra,AND,2020,2891002460.29153
Andorra,AND,2019,3155150255.91195
Andorra,AND,2018,3218418631.67579
Andorra,AND,2017,3000160414.63795
Andorra,AND,2016,2896611878.6258
Andorra,AND,2015,2789882569.1005
Andorra,AND,2014,3271686452.47686
Andorra,AND,2013,3193513470.43941
Andorra,AND,2012,3188653258.61001
Andorra,AND,2011,3629133062.55168
Andorra,AND,2010,3449925693.58181
Andorra,AND,2009,3688974807.45037
Andorra,AND,2008,4102317468.30156
Andorra,AND,2007,3957627536.75624
Andorra,AND,2006,3459336818.03742
Andorra,AND,2005,3161084846.97686
Andorra,AND,2004,2900244053.52758
Andorra,AND,2003,2366941614.03001
Andorra,AND,2002,1764279817.95815
Andorra,AND,2001,1548265926.7572
Andorra,AND,2000,1432606296.26722
Andorra,AND,1999,1240295198.78331
Andorra,AND,1998,1211953994.05714
Andorra,AND,1997,1180645571.8643
Andorra,AND,1996,1224024139.21295
Andorra,AND,1995,1178745282.8678
Andorra,AND,1994,1017544068.8408
Andorra,AND,1993,1007090269.86956
Andorra,AND,1992,1209992020.29543
Andorra,AND,1991,1106891361.53948
Andorra,AND,1990,1028989692.06787
Andorra,AND,1989,795489582.04491
Andorra,AND,1988,721425939.15155
Andorra,AND,1987,611299924.540506
Andorra,AND,1986,481996012.869071
Andorra,AND,1985,346742714.675152
Andorra,AND,1984,330073080.637098
Andorra,AND,1983,327850042.515872
Andorra,AND,1982,375914743.581006
Andorra,AND,1981,388983266.199886
Andorra,AND,1980,446377776.798001
Andorra,AND,1979,411548748.354729
Andorra,AND,1978,308020261.164149
Andorra,AND,1977,253997897.226968
Andorra,AND,1976,227283850.831271
Andorra,AND,1975,220112572.205331
Andorra,AND,1974,186557081.998137
Andorra,AND,1973,150841639.297444
Andorra,AND,1972,113414397.365635
Andorra,AND,1971,89406608.1458151
Andorra,AND,1970,78617711.0965325
Angola,AGO,2024,100998916781.079
Angola,AGO,2023,107167747140.127
Angola,AGO,2022,131212208930.344
Angola,AGO,2021,79559543805.2963
Angola,AGO,2020,58852456453.8769
Angola,AGO,2019,80734428592.5368
Angola,AGO,2018,89512794227.495
Angola,AGO,2017,84376935689.3366
Angola,AGO,2016,59878249719.3279
Angola,AGO,2015,102543067840.732
Angola,AGO,2014,153449860496.402
Angola,AGO,2013,148845200696.792
Angola,AGO,2012,143572907527.976
Angola,AGO,2011,125551634704.473
Angola,AGO,2010,95546919754.7633
Angola,AGO,2009,81705175408.3893
Angola,AGO,2008,98790432989.4067
Angola,AGO,2007,73037821926.6813
Angola,AGO,2006,58653659979.711
Angola,AGO,2005,41396636383.3725
Angola,AGO,2004,26997977896.5924
Angola,AGO,2003,20342128111.9753
Angola,AGO,2002,17311512432.451
Angola,AGO,2001,8936079117.73136
Angola,AGO,2000,9129594970.15301
Angola,AGO,1999,6152923310.44546
Angola,AGO,1998,6506221615.78722
Angola,AGO,1997,7648380195.59902
Angola,AGO,1996,7526421519.16979
Angola,AGO,1995,5538749259.94714
Angola,AGO,1994,4438321017.39068
Angola,AGO,1993,5768720421.61367
Angola,AGO,1992,8307810973.58848
Angola,AGO,1991,10603784541.197
Angola,AGO,1990,11229515599.3048
Angola,AGO,1989,10201780976.6696
Angola,AGO,1988,8769836768.83482
Angola,AGO,1987,8084412414.26566
Angola,AGO,1986,7072536108.69711
Angola,AGO,1985,7554065410.121
Angola,AGO,1984,6131475065.17815
Angola,AGO,1983,5784341596.36339
Angola,AGO,1982,5550483035.96497
Angola,AGO,1981,5550483035.96497
Angola,AGO,1980,5930503400.96263
Antigua and Barbuda,ATG,2024,2207622874.07407
Antigua and Barbuda,ATG,2023,2005785185.18518
Antigua and Barbuda,ATG,2022,1866566666.66667
Antigua and Barbuda,ATG,2021,1602125925.92593
Antigua and Barbuda,ATG,2020,1411637037.03704
Antigua and Barbuda,ATG,2019,1726448148.14815
Antigua and Barbuda,ATG,2018,1661529629.62963
Antigua and Barbuda,ATG,2017,1534855555.55556
Antigua and Barbuda,ATG,2016,1489603703.7037
Antigua and Barbuda,ATG,2015,1437485185.18519
Antigua and Barbuda,ATG,2014,1378707407.40741
Antigua and Barbuda,ATG,2013,1325496296.2963
Antigua and Barbuda,ATG,2012,1364729629.62963
Antigua and Barbuda,ATG,2011,1287359259.25926
Antigua and Barbuda,ATG,2010,1298348148.14815
Antigua and Barbuda,ATG,2009,1386518518.51852
Antigua and Barbuda,ATG,2008,1557640740.74074
Antigua and Barbuda,ATG,2007,1487381481.48148
Antigua and Barbuda,ATG,2006,1303674074.07407
Antigua and Barbuda,ATG,2005,1143896296.2963
Antigua and Barbuda,ATG,2004,1026329629.62963
Antigua and Barbuda,ATG,2003,948100000.0
Antigua and Barbuda,ATG,2002,898092592.592592
Antigua and Barbuda,ATG,2001,877774074.074074
Antigua and Barbuda,ATG,2000,901003703.703704
Antigua and Barbuda,ATG,1999,835544444.444444
Antigua and Barbuda,ATG,1998,789788888.888889
Antigua and Barbuda,ATG,1997,734422222.222222
Antigua and Barbuda,ATG,1996,679140740.740741
Antigua and Barbuda,ATG,1995,616051851.851852
Antigua and Barbuda,ATG,1994,625081481.481481
Antigua and Barbuda,ATG,1993,565662962.962963
Antigua and Barbuda,ATG,1992,525133333.333333
Antigua and Barbuda,ATG,1991,504337037.037037
Antigua and Barbuda,ATG,1990,478718518.518519
Antigua and Barbuda,ATG,1989,455174074.074074
Antigua and Barbuda,ATG,1988,411396296.296296
Antigua and Barbuda,ATG,1987,346866666.666667
Antigua and Barbuda,ATG,1986,297562962.962963
Antigua and Barbuda,ATG,1985,246370370.37037
Antigua and Barbuda,ATG,1984,212214814.814815
Antigua and Barbuda,ATG,1983,184866666.666667
Antigua and Barbuda,ATG,1982,166444444.444444
Antigua and Barbuda,ATG,1981,149388888.888889
Antigua and Barbuda,ATG,1980,132451851.851852
Antigua and Barbuda,ATG,1979,109596296.296296
Antigua and Barbuda,ATG,1978,88040740.7407407
Antigua and Barbuda,ATG,1977,77507407.4074074
Argentina,ARG,2024,638365455340.04
Argentina,ARG,2023,649461687959.174
Argentina,ARG,2022,633993756301.08
Argentina,ARG,2021,486564085480.036
Argentina,ARG,2020,385740508436.965
Argentina,ARG,2019,447754683615.225
Argentina,ARG,2018,524819892360.176
Argentina,ARG,2017,643628393281.364
Argentina,ARG,2016,557532320662.955
Argentina,ARG,2015,594749285413.212
Argentina,ARG,2014,526319673731.638
Argentina,ARG,2013,552025140252.246
Argentina,ARG,2012,545982375701.128
Argentina,ARG,2011,530158122010.442
Argentina,ARG,2010,423627422092.49
Argentina,ARG,2009,332976484577.619
Argentina,ARG,2008,361558037110.419
Argentina,ARG,2007,287530508430.568
Argentina,ARG,2006,232557260817.308
Argentina,ARG,2005,198737095012.282
Argentina,ARG,2004,164657930452.787
Argentina,ARG,2003,127586973492.177
Argentina,ARG,2002,97724004251.8602
Argentina,ARG,2001,268696750000.0
Argentina,ARG,2000,284203750000.0
Argentina,ARG,1999,283523000000.0
Argentina,ARG,1998,298948250000.0
Argentina,ARG,1997,292859000000.0
Argentina,ARG,1996,272149750000.0
Argentina,ARG,1995,258031750000.0
Argentina,ARG,1994,257440000000.0
Argentina,ARG,1993,236741715015.015
Argentina,ARG,1992,228778917308.17
Argentina,ARG,1991,189719984268.485
Argentina,ARG,1990,141352654305.163
Argentina,ARG,1989,76629728760.123
Argentina,ARG,1988,126890235049.092
Argentina,ARG,1987,108810885301.253
Argentina,ARG,1986,105872372613.857
Argentina,ARG,1985,88150891728.1064
Argentina,ARG,1984,116915052107.031
Argentina,ARG,1983,103979106777.911
Argentina,ARG,1982,84307486836.724
Argentina,ARG,1981,78676842366.5529
Argentina,ARG,1980,76961923741.0701
Argentina,ARG,1979,69252328951.6441
Argentina,ARG,1978,89049453088.3282
Argentina,ARG,1977,56781000101.0848
Argentina,ARG,1976,51169499892.1722
Argentina,ARG,1975,52438647921.9226
Argentina,ARG,1974,72436777342.4554
Argentina,ARG,1973,52544000116.9037
Argentina,ARG,1972,34733000536.2862
Argentina,ARG,1971,33293199095.4881
Argentina,ARG,1970,31584210365.5447
Argentina,ARG,1969,31256284543.6155
Argentina,ARG,1968,26436857247.4982
Argentina,ARG,1967,24256667553.2569
Argentina,ARG,1966,28630474727.9023
Argentina,ARG,1965,28344705966.6389
Argentina,ARG,1964,25605249381.7597
Argentina,ARG,1963,18272123664.4715
Argentina,ARG,1962,18337691145.3688
Argentina,ARG,1961,20132220374.9093
Argentina,ARG,1960,15865474315.4056
Armenia,ARM,2024,25955275380.0321
Armenia,ARM,2023,24185982215.6543
Armenia,ARM,2022,19513506553.1251
Armenia,ARM,2021,13878908628.9378
Armenia,ARM,2020,12641698583.2152
Armenia,ARM,2019,13619290539.2116
Armenia,ARM,2018,12457940694.7395
Armenia,ARM,2017,11527458709.0158
Armenia,ARM,2016,10546136235.5219
Armenia,ARM,2015,10553337518.414
Armenia,ARM,2014,11609513246.7958
Armenia,ARM,2013,11121464437.0415
Armenia,ARM,2012,10619320682.9474
Armenia,ARM,2011,10142111824.5835
Armenia,ARM,2010,9260285755.62424
Armenia,ARM,2009,8647937081.2562
Armenia,ARM,2008,11662040713.8753
Armenia,ARM,2007,9206301269.79164
Armenia,ARM,2006,6384452066.5146
Armenia,ARM,2005,4900469511.10191
Armenia,ARM,2004,3576615240.41616
Armenia,ARM,2003,2807061008.69084
Armenia,ARM,2002,2376335048.39976
Armenia,ARM,2001,2118467913.37873
Armenia,ARM,2000,1911563668.85006
Armenia,ARM,1999,1845482173.02732
Armenia,ARM,1998,1893726437.26462
Armenia,ARM,1997,1639492444.76152
Armenia,ARM,1996,1596968946.23708
Armenia,ARM,1995,1468317435.20148
Armenia,ARM,1994,1315158636.67553
Armenia,ARM,1993,1201312829.27524
Armenia,ARM,1992,1272835453.42634
Armenia,ARM,1991,2069870129.87013
Armenia,ARM,1990,2256863448.77086
Aruba,ABW,2024,4265650673.00236
Aruba,ABW,2023,3834729616.12027
Aruba,ABW,2022,3324034443.26581
Aruba,ABW,2021,2880902798.92288
Aruba,ABW,2020,2471419181.71957
Aruba,ABW,2019,3346623191.45988
Aruba,ABW,2018,3276187709.49721
Aruba,ABW,2017,3092427932.96089
Aruba,ABW,2016,2983637430.1676
Aruba,ABW,2015,2962906703.91061
Aruba,ABW,2014,2790849720.67039
Aruba,ABW,2013,2727849162.01117
Aruba,ABW,2012,2615208379.88827
Aruba,ABW,2011,2637859217.87709
Aruba,ABW,2010,2453597206.70391
Aruba,ABW,2009,2553793296.08939
Aruba,ABW,2008,2843024581.00559
Aruba,ABW,2007,2677641340.78212
Aruba,ABW,2006,2469782681.56425
Aruba,ABW,2005,2360017318.43575
Aruba,ABW,2004,2254830726.25698
Aruba,ABW,2003,2044111731.84358
Aruba,ABW,2002,1961843575.41899
Aruba,ABW,2001,1896456983.24022
Aruba,ABW,2000,1873452513.96648
Aruba,ABW,1999,1722905027.93296
Aruba,ABW,1998,1665363128.49162
Aruba,ABW,1997,1531843575.41899
Aruba,ABW,1996,1379888268.15642
Aruba,ABW,1995,1320670391.06145
Aruba,ABW,1994,1245810055.86592
Aruba,ABW,1993,1083240223.46369
Aruba,ABW,1992,958659217.877095
Aruba,ABW,1991,872067039.106145
Aruba,ABW,1990,764804469.273743
Aruba,ABW,1989,695530726.256983
Aruba,ABW,1988,596648044.692737
Aruba,ABW,1987,487709497.206704
Aruba,ABW,1986,405586592.178771
Australia,AUS,2024,1757022451652.83
Australia,AUS,2023,1734451264655.6
Australia,AUS,2022,1695627535475.8
Australia,AUS,2021,1560617493202.69
Australia,AUS,2020,1333336461648.09
Australia,AUS,2019,1398349602956.35
Australia,AUS,2018,1433144978761.67
Australia,AUS,2017,1330890554614.09
Australia,AUS,2016,1211588128417.61
Australia,AUS,2015,1356805839935.9
Australia,AUS,2014,1474677007565.64
Australia,AUS,2013,1583737461925.39
Australia,AUS,2012,1552728401401.58
Australia,AUS,2011,1402939868653.4
Australia,AUS,2010,1152566632022.13
Australia,AUS,2009,931761689770.843
Australia,AUS,2008,1058448244063.77
Australia,AUS,2007,856603595823.192
Australia,AUS,2006,749708370332.989
Australia,AUS,2005,696811489612.816
Australia,AUS,2004,615643050220.515
Australia,AUS,2003,468517181129.878
Australia,AUS,2002,396436967262.563
Australia,AUS,2001,380360222861.197
Australia,AUS,2000,416901962163.479
Australia,AUS,1999,390347787943.351
Australia,AUS,1998,400361527504.578
Australia,AUS,1997,436321902767.408
Australia,AUS,1996,401962517479.122
Australia,AUS,1995,368725126225.126
Australia,AUS,1994,323269456935.317
Australia,AUS,1993,312568858909.5
Australia,AUS,1992,325982966981.415
Australia,AUS,1991,326416407860.792
Australia,AUS,1990,311840666465.053
Australia,AUS,1989,300264309002.14
Australia,AUS,1988,236461079970.431
Australia,AUS,1987,189726707252.515
Australia,AUS,1986,182707050923.335
Australia,AUS,1985,180861108959.102
Australia,AUS,1984,193749932078.26
Australia,AUS,1983,177523719680.081
Australia,AUS,1982,194323071830.52
Australia,AUS,1981,177151979565.773
Australia,AUS,1980,150200557103.064
Australia,AUS,1979,135093718050.665
Australia,AUS,1978,118660813779.849
Australia,AUS,1977,110504702913.512
Australia,AUS,1976,105209354855.787
Australia,AUS,1975,97440939505.6671
Australia,AUS,1974,89086219602.0634
Australia,AUS,1973,63923126201.1531
Australia,AUS,1972,52117990654.2056
Australia,AUS,1971,45283847245.4156
Australia,AUS,1970,41395206623.2331
Australia,AUS,1969,36738245878.1193
Australia,AUS,1968,32763365242.1384
Australia,AUS,1967,30487524878.004
Australia,AUS,1966,27349284375.8855
Australia,AUS,1965,26014244162.2791
Australia,AUS,1964,23835843813.735
Australia,AUS,1963,21573443451.751
Australia,AUS,1962,19953923192.6277
Australia,AUS,1961,19713123154.0997
Australia,AUS,1960,18635682981.7093
Austria,AUT,2024,534790720466.822
Austria,AUT,2023,516670509628.876
Austria,AUT,2022,473221298968.216
Austria,AUT,2021,480466363176.806
Austria,AUT,2020,434397601557.696
Austria,AUT,2019,442983642371.842
Austria,AUT,2018,452582294972.775
Austria,AUT,2017,414926138132.691
Austria,AUT,2016,393687359770.273
Austria,AUT,2015,379546097300.633
Austria,AUT,2014,438556021078.034
Austria,AUT,2013,426580502769.417
Austria,AUT,2012,406750487603.59
Austria,AUT,2011,428954737064.057
Austria,AUT,2010,389827789217.634
Austria,AUT,2009,399290118782.429
Austria,AUT,2008,429234399096.173
Austria,AUT,2007,386760177589.497
Austria,AUT,2006,333905979332.481
Austria,AUT,2005,313952317330.776
Austria,AUT,2004,299210411454.823
Austria,AUT,2003,260779834340.097
Austria,AUT,2002,212837224022.813
Austria,AUT,2001,196477206829.33
Austria,AUT,2000,196181599831.287
Austria,AUT,1999,216421809125.916
Austria,AUT,1998,217068085815.918
Austria,AUT,1997,211724812267.448
Austria,AUT,1996,235952581232.129
Austria,AUT,1995,240094169510.031
Austria,AUT,1994,202738023129.743
Austria,AUT,1993,189634029338.696
Austria,AUT,1992,194314032056.098
Austria,AUT,1991,173113449616.971
Austria,AUT,1990,165811372382.912
Austria,AUT,1989,132584448257.93
Austria,AUT,1988,132817124707.456
Austria,AUT,1987,123682091858.946
Austria,AUT,1986,98648254168.5444
Austria,AUT,1985,69114996009.577
Austria,AUT,1984,67719055773.3306
Austria,AUT,1983,71838528420.4075
Austria,AUT,1982,70996111962.5716
Austria,AUT,1981,70755997062.3812
Austria,AUT,1980,81737498404.5948
Austria,AUT,1979,73647694287.1848
Austria,AUT,1978,61809208755.804
Austria,AUT,1977,51343861460.328
Austria,AUT,1976,42791707448.0325
Austria,AUT,1975,39902300703.1682
Austria,AUT,1974,35051468639.576
Austria,AUT,1973,29399860144.7748
Austria,AUT,1972,21973207929.0434
Austria,AUT,1971,17788536733.1204
Austria,AUT,1970,15312791743.8476
Austria,AUT,1969,13647475854.0287
Austria,AUT,1968,12499863917.1003
Austria,AUT,1967,11634569521.9273
Austria,AUT,1966,10939526218.6393
Austria,AUT,1965,10041659445.118
Austria,AUT,1964,9213648655.97511
Austria,AUT,1963,8414050621.01716
Austria,AUT,1962,7793042529.15992
Austria,AUT,1961,7346566037.83392
Austria,AUT,1960,6624086313.14334
Azerbaijan,AZE,2024,74315882352.9412
Azerbaijan,AZE,2023,72428470588.2353
Azerbaijan,AZE,2022,78807470588.2353
Azerbaijan,AZE,2021,54825411764.7059
Azerbaijan,AZE,2020,42693000000.0
Azerbaijan,AZE,2019,48174235294.1176
Azerbaijan,AZE,2018,47112470051.7701
Azerbaijan,AZE,2017,40866627351.9817
Azerbaijan,AZE,2016,37866996882.9157
Azerbaijan,AZE,2015,53076235354.746
Azerbaijan,AZE,2014,75239785452.1022
Azerbaijan,AZE,2013,74160560123.6902
Azerbaijan,AZE,2012,69679944504.1972
Azerbaijan,AZE,2011,65952796427.9473
Azerbaijan,AZE,2010,52909294791.9262
Azerbaijan,AZE,2009,44292427184.9492
Azerbaijan,AZE,2008,48851293785.4483
Azerbaijan,AZE,2007,33049419431.2244
Azerbaijan,AZE,2006,20981929497.6188
Azerbaijan,AZE,2005,13245421880.834
Azerbaijan,AZE,2004,8680405740.94125
Azerbaijan,AZE,2003,7276413079.11451
Azerbaijan,AZE,2002,6236087738.28284
Azerbaijan,AZE,2001,5707616203.72011
Azerbaijan,AZE,2000,5272615722.96892
Azerbaijan,AZE,1999,4581248566.50158
Azerbaijan,AZE,1998,4446368570.6901
Azerbaijan,AZE,1997,3962362387.47922
Azerbaijan,AZE,1996,3176507376.31836
Azerbaijan,AZE,1995,2417331192.9526
Azerbaijan,AZE,1994,1193141110.35043
Azerbaijan,AZE,1993,1570392598.14954
Azerbaijan,AZE,1992,444658671.586716
Azerbaijan,AZE,1991,5344000000.0
Azerbaijan,AZE,1990,8884848484.84848
"Bahamas, The",BHS,2024,15832800000.0
"Bahamas, The",BHS,2023,15271300000.0
"Bahamas, The",BHS,2022,13896800000.0
"Bahamas, The",BHS,2021,12037000000.0
"Bahamas, The",BHS,2020,10363200000.0
"Bahamas, The",BHS,2019,13277000000.0
"Bahamas, The",BHS,2018,12819200000.0
"Bahamas, The",BHS,2017,12446900000.0
"Bahamas, The",BHS,2016,11880900000.0
"Bahamas, The",BHS,2015,11837600000.0
"Bahamas, The",BHS,2014,11139100000.0
"Bahamas, The",BHS,2013,10475300000.0
"Bahamas, The",BHS,2012,10720400000.0
"Bahamas, The",BHS,2011,10070450000.0
"Bahamas, The",BHS,2010,10095760000.0
"Bahamas, The",BHS,2009,9981960000.0
"Bahamas, The",BHS,2008,10526000000.0
"Bahamas, The",BHS,2007,10618340000.0
"Bahamas, The",BHS,2006,10167250000.0
"Bahamas, The",BHS,2005,9836200000.0
"Bahamas, The",BHS,2004,9055290000.0
"Bahamas, The",BHS,2003,8870090000.0
"Bahamas, The",BHS,2002,8881160000.0
"Bahamas, The",BHS,2001,8317830000.0
"Bahamas, The",BHS,2000,8076470000.0
"Bahamas, The",BHS,1999,7683870000.0
"Bahamas, The",BHS,1998,6833220000.0
"Bahamas, The",BHS,1997,6332360000.0
"Bahamas, The",BHS,1996,3609000000.0
"Bahamas, The",BHS,1995,3429000000.0
"Bahamas, The",BHS,1994,3259000000.0
"Bahamas, The",BHS,1993,3092000000.0
"Bahamas, The",BHS,1992,3109000000.0
"Bahamas, The",BHS,1991,3111160000.0
"Bahamas, The",BHS,1990,3166000000.0
"Bahamas, The",BHS,1989,3062000000.0
"Bahamas, The",BHS,1988,2817900000.0
"Bahamas, The",BHS,1987,2713999900.0
"Bahamas, The",BHS,1986,2472500000.0
"Bahamas, The",BHS,1985,2320699900.0
"Bahamas, The",BHS,1984,2041100000.0
"Bahamas, The",BHS,1983,1732800000.0
"Bahamas, The",BHS,1982,1578300000.0
"Bahamas, The",BHS,1981,1426500000.0
"Bahamas, The",BHS,1980,1335300000.0
"Bahamas, The",BHS,1979,1139800100.0
"Bahamas, The",BHS,1978,832400000.0
"Bahamas, The",BHS,1977,713000000.0
"Bahamas, The",BHS,1976,642100000.0
"Bahamas, The",BHS,1975,596200000.0
"Bahamas, The",BHS,1974,632400000.0
"Bahamas, The",BHS,1973,670900000.0
"Bahamas, The",BHS,1972,590900000.0
"Bahamas, The",BHS,1971,573400000.0
"Bahamas, The",BHS,1970,539500000.0
"Bahamas, The",BHS,1969,538700000.0
"Bahamas, The",BHS,1968,453800000.0
"Bahamas, The",BHS,1967,398000000.0
"Bahamas, The",BHS,1966,346800000.0
"Bahamas, The",BHS,1965,300272048.043528
"Bahamas, The",BHS,1964,266560042.649607
"Bahamas, The",BHS,1963,237650038.024006
"Bahamas, The",BHS,1962,212170033.947205
"Bahamas, The",BHS,1961,190022030.403525
"Bahamas, The",BHS,1960,169736027.157764
Bahrain,BHR,2024,47109734308.5106
Bahrain,BHR,2023,46192260638.2979
Bahrain,BHR,2022,46458191489.3617
Bahrain,BHR,2021,40840212765.9574
Bahrain,BHR,2020,35837632978.7234
Bahrain,BHR,2019,40446808510.6383
Bahrain,BHR,2018,39567978723.4043
Bahrain,BHR,2017,37204813829.7872
Bahrain,BHR,2016,33884680851.0638
Bahrain,BHR,2015,32523297872.3404
Bahrain,BHR,2014,34772526595.7447
Bahrain,BHR,2013,33823324468.0851
Bahrain,BHR,2012,31963404255.3191
Bahrain,BHR,2011,29914680851.0638
Bahrain,BHR,2010,26805984042.5532
Bahrain,BHR,2009,22938218085.1064
Bahrain,BHR,2008,25710904255.3191
Bahrain,BHR,2007,21730000000.0
Bahrain,BHR,2006,18504760638.2979
Bahrain,BHR,2005,15968723404.2553
Bahrain,BHR,2004,13150159574.4681
Bahrain,BHR,2003,11074813829.7872
Bahrain,BHR,2002,9593510638.29787
Bahrain,BHR,2001,8976196808.51064
Bahrain,BHR,2000,9062898936.17021
Bahrain,BHR,1999,7528469148.93617
Bahrain,BHR,1998,7031309042.55319
Bahrain,BHR,1997,7219407712.76596
Bahrain,BHR,1996,6938166755.31915
Bahrain,BHR,1995,6651180851.06383
Bahrain,BHR,1994,6330627925.53191
Bahrain,BHR,1993,5913001063.82979
Bahrain,BHR,1992,5402232446.80851
Bahrain,BHR,1991,5248911170.21277
Bahrain,BHR,1990,4809511005.31915
Bahrain,BHR,1989,4393093962.76596
Bahrain,BHR,1988,4209834172.87234
Bahrain,BHR,1987,3856922694.14894
Bahrain,BHR,1986,3470746843.08511
Bahrain,BHR,1985,4152376484.04255
Bahrain,BHR,1984,4440874566.48936
Bahrain,BHR,1983,4247030468.08511
Bahrain,BHR,1982,4145421079.78723
Bahrain,BHR,1981,3943109531.91489
Bahrain,BHR,1980,3493834468.02865
Bahrain,BHR,1979,2710160739.18742
Bahrain,BHR,1978,2272042965.21126
Bahrain,BHR,1977,1989060283.04271
Bahrain,BHR,1976,1581709518.98261
Bahrain,BHR,1975,1099107600.50569
Bahrain,BHR,1974,1042176883.51827
Bahrain,BHR,1973,761132545.104221
Bahrain,BHR,1972,534081183.680728
Bahrain,BHR,1971,422181562.186708
Bahrain,BHR,1970,391577364.077364
Bangladesh,BGD,2024,450119432068.852
Bangladesh,BGD,2023,437415333018.291
Bangladesh,BGD,2022,460131689083.083
Bangladesh,BGD,2021,416271647911.014
Bangladesh,BGD,2020,373979442362.193
Bangladesh,BGD,2019,351231654603.692
Bangladesh,BGD,2018,321362752441.78
Bangladesh,BGD,2017,293732446624.596
Bangladesh,BGD,2016,265224515675.034
Bangladesh,BGD,2015,195146608978.131
Bangladesh,BGD,2014,172886611653.786
Bangladesh,BGD,2013,149998957434.186
Bangladesh,BGD,2012,133310747603.483
Bangladesh,BGD,2011,128607482310.357
Bangladesh,BGD,2010,115275540051.262
Bangladesh,BGD,2009,102475158190.998
Bangladesh,BGD,2008,91636997370.9772
Bangladesh,BGD,2007,79611644974.5571
Bangladesh,BGD,2006,71795736172.1561
Bangladesh,BGD,2005,69476001239.419
Bangladesh,BGD,2004,65108544250.0425
Bangladesh,BGD,2003,60158929188.2556
Bangladesh,BGD,2002,54724081490.5102
Bangladesh,BGD,2001,53991289844.3291
Bangladesh,BGD,2000,53369787318.6245
Bangladesh,BGD,1999,51270569883.5275
Bangladesh,BGD,1998,49984559471.3656
Bangladesh,BGD,1997,48244309133.4895
Bangladesh,BGD,1996,46438484107.5795
Bangladesh,BGD,1995,37939748768.6567
Bangladesh,BGD,1994,33768660882.793
Bangladesh,BGD,1993,33166519417.9894
Bangladesh,BGD,1992,31708874594.1645
Bangladesh,BGD,1991,30957483949.5798
Bangladesh,BGD,1990,31598340778.2164
Bangladesh,BGD,1989,28781715188.8919
Bangladesh,BGD,1988,26579005558.3652
Bangladesh,BGD,1987,24298032258.0645
Bangladesh,BGD,1986,21774033333.3333
Bangladesh,BGD,1985,22278423076.9231
Bangladesh,BGD,1984,18920840000.0
Bangladesh,BGD,1983,17609048821.5488
Bangladesh,BGD,1982,18525399201.5968
Bangladesh,BGD,1981,20249694002.448
Bangladesh,BGD,1980,18138049095.6072
Bangladesh,BGD,1979,15565480321.9448
Bangladesh,BGD,1978,13281767142.8571
Bangladesh,BGD,1977,9651149301.8746
Bangladesh,BGD,1976,10117113333.3333
Bangladesh,BGD,1975,19448348073.4565
Bangladesh,BGD,1974,12512460519.7088
Bangladesh,BGD,1973,8086725729.3407
Bangladesh,BGD,1972,6288245866.66667
Bangladesh,BGD,1971,8751843187.5
Bangladesh,BGD,1970,8992722166.66667
Bangladesh,BGD,1969,8471006437.5
Bangladesh,BGD,1968,7483685770.83333
Bangladesh,BGD,1967,7253575687.5
Bangladesh,BGD,1966,6439687854.16667
Bangladesh,BGD,1965,5906636791.66667
Bangladesh,BGD,1964,5386054833.33333
Bangladesh,BGD,1963,5319458562.5
Bangladesh,BGD,1962,5081413541.66667
Bangladesh,BGD,1961,4817580375.0
Bangladesh,BGD,1960,4274894083.33333
Barbados,BRB,2024,7498050000.0
Barbados,BRB,2023,7223250000.0
Barbados,BRB,2022,6884900000.0
Barbados,BRB,2021,5947550000.0
Barbados,BRB,2020,5407050000.0
Barbados,BRB,2019,6161850000.0
Barbados,BRB,2018,6001950000.0
Barbados,BRB,2017,5683150000.0
Barbados,BRB,2016,5674600000.0
Barbados,BRB,2015,5698150000.0
Barbados,BRB,2014,5620600000.0
Barbados,BRB,2013,5667200000.0
Barbados,BRB,2012,5761450000.0
Barbados,BRB,2011,5663100000.0
Barbados,BRB,2010,5672900000.0
Barbados,BRB,2009,4466809600.0
Barbados,BRB,2008,4790410400.0
Barbados,BRB,2007,4675767950.0
Barbados,BRB,2006,4217323400.0
Barbados,BRB,2005,3819500000.0
Barbados,BRB,2004,3444500000.0
Barbados,BRB,2003,3209500000.0
Barbados,BRB,2002,3106500000.0
Barbados,BRB,2001,3054500000.0
Barbados,BRB,2000,3059500000.0
Barbados,BRB,1999,2951822204.54432
Barbados,BRB,1998,2817083478.34734
Barbados,BRB,1997,2498384129.66738
Barbados,BRB,1996,2363645403.47039
Barbados,BRB,1995,2216974096.35559
Barbados,BRB,1994,2151344901.30761
Barbados,BRB,1993,2063342117.03873
Barbados,BRB,1992,1957000000.0
Barbados,BRB,1991,2020583702.08323
Barbados,BRB,1990,2012131457.26644
Barbados,BRB,1989,2006165166.80754
Barbados,BRB,1988,1812757917.76463
Barbados,BRB,1987,1704370307.76115
Barbados,BRB,1986,1547755183.21484
Barbados,BRB,1985,1409536120.91682
Barbados,BRB,1984,1346890071.09829
Barbados,BRB,1983,1236016506.73694
Barbados,BRB,1982,1163923830.35847
Barbados,BRB,1981,1114204743.20091
Barbados,BRB,1980,1012280614.52792
Barbados,BRB,1979,670362452.145379
Barbados,BRB,1978,552883707.055138
Barbados,BRB,1977,495097667.929041
Barbados,BRB,1976,435911268.58968
Barbados,BRB,1975,402178605.019554
Barbados,BRB,1974,311804629.873599
Barbados,BRB,1973,260767827.621284
Barbados,BRB,1972,213725216.665339
Barbados,BRB,1971,186826503.031076
Barbados,BRB,1970,166210203.0
Barbados,BRB,1969,141393142.0
Barbados,BRB,1968,125733668.5
Barbados,BRB,1967,125554008.718721
Barbados,BRB,1966,113195122.762193
Barbados,BRB,1965,105021996.861675
Barbados,BRB,1964,99252731.4515047
Barbados,BRB,1963,99893761.2655968
Barbados,BRB,1962,88782583.460208
Barbados,BRB,1961,85363759.3406016
Barbados,BRB,1960,80021846.9453826
Belarus,BLR,2024,75961865471.9129
Belarus,BLR,2023,72478760370.4258
Belarus,BLR,2022,73775179924.603
Belarus,BLR,2021,69673747131.87
Belarus,BLR,2020,61371673344.7424
Belarus,BLR,2019,64410170653.4569
Belarus,BLR,2018,60031026576.26
Belarus,BLR,2017,54725405751.1559
Belarus,BLR,2016,47723545321.259
Belarus,BLR,2015,56454769844.7632
Belarus,BLR,2014,78813069120.9984
Belarus,BLR,2013,75527558966.4473
Belarus,BLR,2012,65685890438.8922
Belarus,BLR,2011,61762382327.9319
Belarus,BLR,2010,57231904542.8755
Belarus,BLR,2009,50873167326.0414
Belarus,BLR,2008,60752106347.126
Belarus,BLR,2007,45275711995.825
Belarus,BLR,2006,36961894281.3444
Belarus,BLR,2005,30210091836.8294
Belarus,BLR,2004,23141566292.9462
Belarus,BLR,2003,17825444724.4878
Belarus,BLR,2002,14594900944.7658
Belarus,BLR,2001,12354820143.8849
Belarus,BLR,2000,12736856827.9847
Belarus,BLR,1999,12138486532.0203
Belarus,BLR,1998,15222012660.4232
Belarus,BLR,1997,14128408565.7064
Belarus,BLR,1996,14500437519.8258
Belarus,BLR,1995,13972683273.5692
Belarus,BLR,1994,14931435232.078
Belarus,BLR,1993,16275073526.9819
Belarus,BLR,1992,16939790093.9054
Belarus,BLR,1991,18404907975.4601
Belarus,BLR,1990,17389558232.9317
Belgium,BEL,2024,671370081636.406
Belgium,BEL,2023,651330595110.011
Belgium,BEL,2022,591085783326.267
Belgium,BEL,2021,598522422241.851
Belgium,BEL,2020,529694473501.791
Belgium,BEL,2019,536726344405.489
Belgium,BEL,2018,542638913427.921
Belgium,BEL,2017,500908767351.53
Belgium,BEL,2016,474271566739.729
Belgium,BEL,2015,461044767544.531
Belgium,BEL,2014,537987419164.351
Belgium,BEL,2013,524097026598.55
Belgium,BEL,2012,498414364944.961
Belgium,BEL,2011,527196649048.639
Belgium,BEL,2010,481556503720.001
Belgium,BEL,2009,485014525992.461
Belgium,BEL,2008,517328087920.078
Belgium,BEL,2007,470922156309.453
Belgium,BEL,2006,408259840868.823
Belgium,BEL,2005,385714762230.039
Belgium,BEL,2004,369214712443.206
Belgium,BEL,2003,318082528506.588
Belgium,BEL,2002,258383599375.177
Belgium,BEL,2001,236746141604.37
Belgium,BEL,2000,236792460312.471
Belgium,BEL,1999,258245733221.468
Belgium,BEL,1998,258528339631.029
Belgium,BEL,1997,252708051420.839
Belgium,BEL,1996,279201433224.756
Belgium,BEL,1995,288025588396.278
Belgium,BEL,1994,244884129491.198
Belgium,BEL,1993,224721795708.955
Belgium,BEL,1992,234781652446.675
Belgium,BEL,1991,210510999409.333
Belgium,BEL,1990,205331747947.851
Belgium,BEL,1989,164221056511.057
Belgium,BEL,1988,162299103675.261
Belgium,BEL,1987,149394404105.889
Belgium,BEL,1986,120018787249.413
Belgium,BEL,1985,86268264148.3796
Belgium,BEL,1984,83349530159.1734
Belgium,BEL,1983,87184239053.2544
Belgium,BEL,1982,92095926187.5331
Belgium,BEL,1981,104730018470.23
Belgium,BEL,1980,126829314388.191
Belgium,BEL,1979,116315456796.918
Belgium,BEL,1978,101246526194.441
Belgium,BEL,1977,82839905458.6382
Belgium,BEL,1976,71113882967.6071
Belgium,BEL,1975,65678189097.2908
Belgium,BEL,1974,56033077879.0389
Belgium,BEL,1973,47743801490.3747
Belgium,BEL,1972,37209418018.5134
Belgium,BEL,1971,29821661869.912
Belgium,BEL,1970,26706196046.7931
Belgium,BEL,1969,24019653474.9959
Belgium,BEL,1968,21654856965.4281
Belgium,BEL,1967,20252508995.4745
Belgium,BEL,1966,18894891312.2977
Belgium,BEL,1965,17597783297.4583
Belgium,BEL,1964,16168044450.2523
Belgium,BEL,1963,14445805381.3872
Belgium,BEL,1962,13436827166.5187
Belgium,BEL,1961,12561701694.3319
Belgium,BEL,1960,11810619368.3874
Belize,BLZ,2024,3203631800.0
Belize,BLZ,2023,3052362650.0
Belize,BLZ,2022,2846604350.0
Belize,BLZ,2021,2428606250.0
Belize,BLZ,2020,2047284600.0
Belize,BLZ,2019,2381187850.0
Belize,BLZ,2018,2285915050.0
Belize,BLZ,2017,2266028250.0
Belize,BLZ,2016,2239604950.0
Belize,BLZ,2015,2193095150.0
Belize,BLZ,2014,2138242200.0
Belize,BLZ,2013,2035191450.0
Belize,BLZ,2012,1917083500.0
Belize,BLZ,2011,1831576700.0
Belize,BLZ,2010,1748988400.0
Belize,BLZ,2009,1688012750.0
Belize,BLZ,2008,1738453600.0
Belize,BLZ,2007,1706190450.0
Belize,BLZ,2006,1590463100.0
Belize,BLZ,2005,1474298400.0
Belize,BLZ,2004,1400202000.0
Belize,BLZ,2003,1308280250.0
Belize,BLZ,2002,1243912050.0
Belize,BLZ,2001,1172045150.0
Belize,BLZ,2000,1138138100.0
Belize,BLZ,1999,999713050.0
Belize,BLZ,1998,929047000.0
Belize,BLZ,1997,872916050.0
Belize,BLZ,1996,850339100.0
Belize,BLZ,1995,818590250.0
Belize,BLZ,1994,771838000.0
Belize,BLZ,1993,752255150.0
Belize,BLZ,1992,695741150.0
Belize,BLZ,1991,596682100.0
Belize,BLZ,1990,546750912.28848
Belize,BLZ,1989,491100000.0
Belize,BLZ,1988,421450000.0
Belize,BLZ,1987,371100000.0
Belize,BLZ,1986,311500000.0
Belize,BLZ,1985,287300000.0
Belize,BLZ,1984,290350000.0
Belize,BLZ,1983,262150000.0
Belize,BLZ,1982,248550000.0
Belize,BLZ,1981,260750000.0
Belize,BLZ,1980,257400000.0
Belize,BLZ,1979,151800000.0
Belize,BLZ,1978,136300000.0
Belize,BLZ,1977,117650000.0
Belize,BLZ,1976,97094227.2292471
Belize,BLZ,1975,118194026.251574
Belize,BLZ,1974,103160450.445869
Belize,BLZ,1973,78214767.8301496
Belize,BLZ,1972,65998069.3847631
Belize,BLZ,1971,59074687.1961851
Belize,BLZ,1970,53339893.3202134
Belize,BLZ,1969,47399905.2001896
Belize,BLZ,1968,44999910.00018
Belize,BLZ,1967,47431255.747674
Belize,BLZ,1966,44450044.4500445
Belize,BLZ,1965,40110040.1100401
Belize,BLZ,1964,36194586.1945862
Belize,BLZ,1963,33750113.7501138
Belize,BLZ,1962,31857591.8575919
Belize,BLZ,1961,29964999.965
Belize,BLZ,1960,28072478.0724781
Benin,BEN,2024,21482643706.4249
Benin,BEN,2023,19673291004.1444
Benin,BEN,2022,17425405090.862
Benin,BEN,2021,17687623530.3355
Benin,BEN,2020,15686741883.934
Benin,BEN,2019,14391686313.4641
Benin,BEN,2018,14262408089.9261
Benin,BEN,2017,12701655836.9467
Benin,BEN,2016,11821065853.3838
Benin,BEN,2015,11388160996.7738
Benin,BEN,2014,13284527846.9081
Benin,BEN,2013,12517845123.9315
Benin,BEN,2012,11141358115.8991
Benin,BEN,2011,10693321363.6574
Benin,BEN,2010,9535345015.78355
Benin,BEN,2009,9738626517.00319
Benin,BEN,2008,9787734526.23965
Benin,BEN,2007,8169048382.83875
Benin,BEN,2006,7034111314.88812
Benin,BEN,2005,6567654954.38903
Benin,BEN,2004,6190270380.49856
Benin,BEN,2003,5349258094.48239
Benin,BEN,2002,4194342686.2178
Benin,BEN,2001,3666222635.13875
Benin,BEN,2000,3519991440.47913
Benin,BEN,1999,3677393998.74486
Benin,BEN,1998,2455092686.34712
Benin,BEN,1997,2268301646.46707
Benin,BEN,1996,2361116449.39308
Benin,BEN,1995,2169627137.9207
Benin,BEN,1994,1598075943.86774
Benin,BEN,1993,2274558082.76135
Benin,BEN,1992,1695315305.70308
Benin,BEN,1991,1986437796.53053
Benin,BEN,1990,1959965330.14765
Benin,BEN,1989,1502294416.17129
Benin,BEN,1988,1620246083.79478
Benin,BEN,1987,1562412227.90058
Benin,BEN,1986,1336102025.27763
Benin,BEN,1985,1045712789.14884
Benin,BEN,1984,1051134008.78979
Benin,BEN,1983,1095348199.43911
Benin,BEN,1982,1267778670.35902
Benin,BEN,1981,1291120188.43104
Benin,BEN,1980,1405251846.54048
Benin,BEN,1979,1186231019.82044
Benin,BEN,1978,928843469.431727
Benin,BEN,1977,750049778.84069
Benin,BEN,1976,698408261.922237
Benin,BEN,1975,676870140.341529
Benin,BEN,1974,554654860.702577
Benin,BEN,1973,504376074.185709
Benin,BEN,1972,410331856.991218
Benin,BEN,1971,335073027.54117
Benin,BEN,1970,333627713.494438
Benin,BEN,1969,330748244.539574
Benin,BEN,1968,326323105.26476
Benin,BEN,1967,306221953.104911
Benin,BEN,1966,302925235.151997
Benin,BEN,1965,289908680.426395
Benin,BEN,1964,269819005.87814
Benin,BEN,1963,253927697.25805
Benin,BEN,1962,236434954.038578
Benin,BEN,1961,235668220.508202
Benin,BEN,1960,226195578.434497
Bermuda,BMU,2024,9233600000.0
Bermuda,BMU,2023,8579242000.0
Bermuda,BMU,2022,7874381000.0
Bermuda,BMU,2021,7290037000.0
Bermuda,BMU,2020,6887364000.0
Bermuda,BMU,2019,7423465000.0
Bermuda,BMU,2018,7225977000.0
Bermuda,BMU,2017,7142316000.0
Bermuda,BMU,2016,6899911000.0
Bermuda,BMU,2015,6654541000.0
Bermuda,BMU,2014,6413988000.0
Bermuda,BMU,2013,6465756000.0
Bermuda,BMU,2012,6378188000.0
Bermuda,BMU,2011,6312691000.0
Bermuda,BMU,2010,6634526000.0
Bermuda,BMU,2009,6656000000.0
Bermuda,BMU,2008,6980000000.0
Bermuda,BMU,2007,6767000000.0
Bermuda,BMU,2006,6144000000.0
Bermuda,BMU,2005,4868136000.0
Bermuda,BMU,2004,4484703000.0
Bermuda,BMU,2003,4186525000.0
Bermuda,BMU,2002,3937228000.0
Bermuda,BMU,2001,3680483000.0
Bermuda,BMU,2000,3480219000.0
Bermuda,BMU,1999,3324433000.0
Bermuda,BMU,1998,3130748000.0
Bermuda,BMU,1997,2932827000.0
Bermuda,BMU,1996,2695390000.0
Bermuda,BMU,1995,2030750000.0
Bermuda,BMU,1994,1867160100.0
Bermuda,BMU,1993,1820359900.0
Bermuda,BMU,1992,1679900000.0
Bermuda,BMU,1991,1634900000.0
Bermuda,BMU,1990,1592400000.0
Bermuda,BMU,1989,1501500032.0
Bermuda,BMU,1988,1415100032.0
Bermuda,BMU,1987,1296499968.0
Bermuda,BMU,1986,1173500032.0
Bermuda,BMU,1985,1039500032.0
Bermuda,BMU,1984,985699968.0
Bermuda,BMU,1983,889400000.0
Bermuda,BMU,1982,785500032.0
Bermuda,BMU,1981,739100032.0
Bermuda,BMU,1980,613299968.0
Bermuda,BMU,1979,517200000.0
Bermuda,BMU,1978,475800000.0
Bermuda,BMU,1977,447000000.0
Bermuda,BMU,1976,386300000.0
Bermuda,BMU,1975,345000000.0
Bermuda,BMU,1974,312600000.0
Bermuda,BMU,1973,269500000.0
Bermuda,BMU,1972,235400000.0
Bermuda,BMU,1971,211100000.0
Bermuda,BMU,1970,186300000.0
Bermuda,BMU,1969,164900000.0
Bermuda,BMU,1968,150000000.0
Bermuda,BMU,1967,134800000.0
Bermuda,BMU,1966,115000000.0
Bermuda,BMU,1965,98000000.0
Bermuda,BMU,1964,92200000.0
Bermuda,BMU,1963,82600000.0
Bermuda,BMU,1962,80700000.0
Bermuda,BMU,1961,76500000.0
Bermuda,BMU,1960,72400000.0
Bhutan,BTN,2023,3012896789.24928
Bhutan,BTN,2022,2898227743.75576
Bhutan,BTN,2021,2768802960.11204
Bhutan,BTN,2020,2457604333.90927
Bhutan,BTN,2019,2735683570.46155
Bhutan,BTN,2018,2583335721.85904
Bhutan,BTN,2017,2591358009.20276
Bhutan,BTN,2016,2357504760.78592
Bhutan,BTN,2015,2187815803.36833
Bhutan,BTN,2014,2089079570.58285
Bhutan,BTN,2013,1943696951.65411
Bhutan,BTN,2012,1973387227.96519
Bhutan,BTN,2011,1977728658.68259
Bhutan,BTN,2010,1708880730.20989
Bhutan,BTN,2009,1331343797.77308
Bhutan,BTN,2008,1317517834.59916
Bhutan,BTN,2007,1255767964.00491
Bhutan,BTN,2006,942879878.538879
Bhutan,BTN,2005,860391000.221655
Bhutan,BTN,2004,735348490.428435
Bhutan,BTN,2003,651935430.314445
Bhutan,BTN,2002,559345263.708309
Bhutan,BTN,2001,496110225.710307
Bhutan,BTN,2000,460733418.399276
Bhutan,BTN,1999,399311199.50776
Bhutan,BTN,1998,363458380.903342
Bhutan,BTN,1997,352229076.707627
Bhutan,BTN,1996,303408345.620078
Bhutan,BTN,1995,290490983.815778
Bhutan,BTN,1994,258954708.048533
Bhutan,BTN,1993,225973692.8371
Bhutan,BTN,1992,240233531.160464
Bhutan,BTN,1991,240294286.015925
Bhutan,BTN,1990,287765007.112863
Bhutan,BTN,1989,264798626.174848
Bhutan,BTN,1988,272298066.556045
Bhutan,BTN,1987,242742766.346488
Bhutan,BTN,1986,191218115.488485
Bhutan,BTN,1985,163288815.361294
Bhutan,BTN,1984,160423493.936194
Bhutan,BTN,1983,156704289.913612
Bhutan,BTN,1982,141439317.399271
Bhutan,BTN,1981,139174178.090189
Bhutan,BTN,1980,128669200.916451
Bhutan,BTN,1979,105377995.200713
Bhutan,BTN,1978,94086227.6084972
Bhutan,BTN,1977,97884433.8024868
Bhutan,BTN,1976,88461262.7788474
Bhutan,BTN,1975,86820762.4931172
Bhutan,BTN,1974,92901784.4986973
Bhutan,BTN,1973,78900289.3165483
Bhutan,BTN,1972,70139866.8083136
Bhutan,BTN,1971,66289450.3252986
Bhutan,BTN,1970,61812113.0666667
Bolivia,BOL,2024,54881327452.9667
Bolivia,BOL,2023,52340206946.4544
Bolivia,BOL,2022,50959081953.6903
Bolivia,BOL,2021,47877892402.3155
Bolivia,BOL,2020,42313784081.042
Bolivia,BOL,2019,49056643589.0014
Bolivia,BOL,2018,48414038842.2576
Bolivia,BOL,2017,45927439594.7902
Bolivia,BOL,2016,33941126193.9219
Bolivia,BOL,2015,33000198248.9146
Bolivia,BOL,2014,32996188017.3661
Bolivia,BOL,2013,30659338885.6729
Bolivia,BOL,2012,27084497481.9103
Bolivia,BOL,2011,23963164696.592
Bolivia,BOL,2010,19649723722.1034
Bolivia,BOL,2009,17339992193.7322
Bolivia,BOL,2008,16674276285.8956
Bolivia,BOL,2007,13120108008.3477
Bolivia,BOL,2006,11451844902.2214
Bolivia,BOL,2005,9549122905.32852
Bolivia,BOL,2004,8773451751.5121
Bolivia,BOL,2003,8082399639.54305
Bolivia,BOL,2002,7905485146.44351
Bolivia,BOL,2001,8141516928.39489
Bolivia,BOL,2000,8397855484.76908
Bolivia,BOL,1999,8285064434.56826
Bolivia,BOL,1998,8497494652.12546
Bolivia,BOL,1997,7925736821.45034
Bolivia,BOL,1996,7396949126.35685
Bolivia,BOL,1995,6715161732.22658
Bolivia,BOL,1994,5981222858.82727
Bolivia,BOL,1993,5734699488.84934
Bolivia,BOL,1992,5643868748.68126
Bolivia,BOL,1991,5343262457.10226
Bolivia,BOL,1990,4867582597.51312
Bolivia,BOL,1989,4715973437.43673
Bolivia,BOL,1988,4597612362.2748
Bolivia,BOL,1987,4347956337.93221
Bolivia,BOL,1986,3959382833.13461
Bolivia,BOL,1985,5377276554.93016
Bolivia,BOL,1984,6169483225.35915
Bolivia,BOL,1983,5422656823.38212
Bolivia,BOL,1982,5594126368.90981
Bolivia,BOL,1981,5891598694.9429
Bolivia,BOL,1980,4537479608.48287
Bolivia,BOL,1979,4421336382.94397
Bolivia,BOL,1978,3758220889.55522
Bolivia,BOL,1977,3227436281.85907
Bolivia,BOL,1976,2731984007.996
Bolivia,BOL,1975,2404697651.17441
Bolivia,BOL,1974,2100249875.06247
Bolivia,BOL,1973,1262968515.74213
Bolivia,BOL,1972,1257615644.97932
Bolivia,BOL,1971,1095622895.6229
Bolivia,BOL,1970,1017003367.00337
Bolivia,BOL,1969,929629629.62963
Bolivia,BOL,1968,857912457.912458
Bolivia,BOL,1967,755808080.808081
Bolivia,BOL,1966,669191919.191919
Bolivia,BOL,1965,604377104.377104
Bolivia,BOL,1964,544023569.023569
Bolivia,BOL,1963,482828282.828283
Bolivia,BOL,1962,448400673.400673
Bolivia,BOL,1961,410101010.10101
Bolivia,BOL,1960,377020202.020202
Bosnia and Herzegovina,BIH,2024,29613572022.8993
Bosnia and Herzegovina,BIH,2023,27592361498.4057
Bosnia and Herzegovina,BIH,2022,24534663636.1778
Bosnia and Herzegovina,BIH,2021,23672712121.2671
Bosnia and Herzegovina,BIH,2020,20226038369.9191
Bosnia and Herzegovina,BIH,2019,20482608984.3316
Bosnia and Herzegovina,BIH,2018,20484058033.1144
Bosnia and Herzegovina,BIH,2017,18326373135.6099
Bosnia and Herzegovina,BIH,2016,17116926553.8513
Bosnia and Herzegovina,BIH,2015,16404348361.0926
Bosnia and Herzegovina,BIH,2014,18558734107.1478
Bosnia and Herzegovina,BIH,2013,18179109209.3892
Bosnia and Herzegovina,BIH,2012,17226735995.6905
Bosnia and Herzegovina,BIH,2011,18644233537.1093
Bosnia and Herzegovina,BIH,2010,17176315803.7298
Bosnia and Herzegovina,BIH,2009,17613949091.2294
Bosnia and Herzegovina,BIH,2008,19112796623.1175
Bosnia and Herzegovina,BIH,2007,15778734264.3787
Bosnia and Herzegovina,BIH,2006,12864841905.9543
Bosnia and Herzegovina,BIH,2005,11222796336.5426
Bosnia and Herzegovina,BIH,2004,10156541220.9704
Bosnia and Herzegovina,BIH,2003,8498894359.38629
Bosnia and Herzegovina,BIH,2002,6728220982.88398
Bosnia and Herzegovina,BIH,2001,5800615374.76094
Bosnia and Herzegovina,BIH,2000,5567772768.81188
Bosnia and Herzegovina,BIH,1999,4686256363.04707
Bosnia and Herzegovina,BIH,1998,4116774300.60671
Bosnia and Herzegovina,BIH,1997,3671909673.04401
Bosnia and Herzegovina,BIH,1996,2786045321.63743
Bosnia and Herzegovina,BIH,1995,1866572953.73665
Bosnia and Herzegovina,BIH,1994,1255802469.1358
Bosnia and Herzegovina,BIH,1993,3630668949.83246
Bosnia and Herzegovina,BIH,1992,4735044707.23969
Bosnia and Herzegovina,BIH,1991,6122959183.67347
Bosnia and Herzegovina,BIH,1990,7753478260.86957
Botswana,BWA,2024,19402063512.9066
Botswana,BWA,2023,19411266967.1044
Botswana,BWA,2022,20321150599.1523
Botswana,BWA,2021,18750182236.2211
Botswana,BWA,2020,14960251607.8135
Botswana,BWA,2019,16725908148.5481
Botswana,BWA,2018,17031943186.1353
Botswana,BWA,2017,16105155856.7708
Botswana,BWA,2016,15082637184.0496
Botswana,BWA,2015,13530748844.505
Botswana,BWA,2014,15470088500.7414
Botswana,BWA,2013,14271738933.2042
Botswana,BWA,2012,13907464500.1489
Botswana,BWA,2011,15110643612.1729
Botswana,BWA,2010,12637273429.1339
Botswana,BWA,2009,10118459242.3183
Botswana,BWA,2008,10730829116.4105
Botswana,BWA,2007,10567270655.5027
Botswana,BWA,2006,9919158482.41085
Botswana,BWA,2005,9918907108.09702
Botswana,BWA,2004,8957467706.5354
Botswana,BWA,2003,7511582173.37724
Botswana,BWA,2002,5438863982.88692
Botswana,BWA,2001,5489608299.66445
Botswana,BWA,2000,5788329609.15755
Botswana,BWA,1999,5484263346.88105
Botswana,BWA,1998,4790481509.17679
Botswana,BWA,1997,5020265626.66489
Botswana,BWA,1996,4847757217.75815
Botswana,BWA,1995,4730599121.92704
Botswana,BWA,1994,4259259604.15623
Botswana,BWA,1993,4160129174.70569
Botswana,BWA,1992,4146464586.61674
Botswana,BWA,1991,3942876703.45184
Botswana,BWA,1990,3790636324.44775
Botswana,BWA,1989,3083822112.02023
Botswana,BWA,1988,2644554158.72794
Botswana,BWA,1987,1965226890.04557
Botswana,BWA,1986,1392602163.53829
Botswana,BWA,1985,1114783342.71539
Botswana,BWA,1984,1240822167.43571
Botswana,BWA,1983,1172230396.58099
Botswana,BWA,1982,1014945695.71927
Botswana,BWA,1981,1073812830.30052
Botswana,BWA,1980,1060889703.75374
Botswana,BWA,1979,819870258.783053
Botswana,BWA,1978,590407374.447116
Botswana,BWA,1977,451624780.274597
Botswana,BWA,1976,372025093.006273
Botswana,BWA,1975,355168571.536751
Botswana,BWA,1974,306044207.530203
Botswana,BWA,1973,244124164.042218
Botswana,BWA,1972,164460914.977201
Botswana,BWA,1971,127448613.505061
Botswana,BWA,1970,96243233.6609837
Botswana,BWA,1969,77361546.5067537
Botswana,BWA,1968,66248441.4182466
Botswana,BWA,1967,58642354.089673
Botswana,BWA,1966,51465655.3921083
Botswana,BWA,1965,45788696.3343915
Botswana,BWA,1964,41616347.7906865
Botswana,BWA,1963,38091842.8546863
Botswana,BWA,1962,35644956.6430429
Botswana,BWA,1961,32902612.8664855
Botswana,BWA,1960,30411413.6552828
Brazil,BRA,2024,2185821648943.86
Brazil,BRA,2023,2191131869706.02
Brazil,BRA,2022,1951923832083.87
Brazil,BRA,2021,1670647464062.96
Brazil,BRA,2020,1476107292151.95
Brazil,BRA,2019,1873288158838.63
Brazil,BRA,2018,1916933708352.71
Brazil,BRA,2017,2063514688805.78
Brazil,BRA,2016,1795693265999.04
Brazil,BRA,2015,1802211999456.42
Brazil,BRA,2014,2456043766032.38
Brazil,BRA,2013,2472819362043.74
Brazil,BRA,2012,2465228293706.86
Brazil,BRA,2011,2616156606579.21
Brazil,BRA,2010,2208838108484.35
Brazil,BRA,2009,1666996294252.12
Brazil,BRA,2008,1695855391757.96
Brazil,BRA,2007,1397114247188.89
Brazil,BRA,2006,1107626711163.23
Brazil,BRA,2005,891633826625.407
Brazil,BRA,2004,669289321944.512
Brazil,BRA,2003,558233724164.711
Brazil,BRA,2002,509795270685.19
Brazil,BRA,2001,559983704094.17
Brazil,BRA,2000,655448188259.351
Brazil,BRA,1999,599642075004.471
Brazil,BRA,1998,863711007325.493
Brazil,BRA,1997,883206452795.124
Brazil,BRA,1996,850426433004.077
Brazil,BRA,1995,769333330411.575
Brazil,BRA,1994,525369851353.742
Brazil,BRA,1993,368295778245.09
Brazil,BRA,1992,328187960871.951
Brazil,BRA,1991,342609231342.783
Brazil,BRA,1990,390725626002.866
Brazil,BRA,1989,412990820287.42
Brazil,BRA,1988,307881930752.268
Brazil,BRA,1987,283056836893.838
Brazil,BRA,1986,256480852471.129
Brazil,BRA,1985,210879844638.877
Brazil,BRA,1984,188339974086.58
Brazil,BRA,1983,189656506321.431
Brazil,BRA,1982,271314113768.417
Brazil,BRA,1981,258015174748.648
Brazil,BRA,1980,237393489892.637
Brazil,BRA,1979,221338204480.222
Brazil,BRA,1978,200278646123.581
Brazil,BRA,1977,176344101401.941
Brazil,BRA,1976,153168949208.207
Brazil,BRA,1975,129203555238.827
Brazil,BRA,1974,109794519727.538
Brazil,BRA,1973,83592275862.9982
Brazil,BRA,1972,58434858374.8696
Brazil,BRA,1971,48869830901.7878
Brazil,BRA,1970,42327664793.6934
Brazil,BRA,1969,37171640818.5863
Brazil,BRA,1968,33930457425.2613
Brazil,BRA,1967,31086389194.961
Brazil,BRA,1966,28283323733.1114
Brazil,BRA,1965,22465522884.0988
Brazil,BRA,1964,20963733694.9749
Brazil,BRA,1963,23287712878.2002
Brazil,BRA,1962,19231747851.5332
Brazil,BRA,1961,17275940449.3837
Brazil,BRA,1960,17030465539.3906
Brunei Darussalam,BRN,2024,15340808592.48
Brunei Darussalam,BRN,2023,15095084656.1634
Brunei Darussalam,BRN,2022,16681536466.7183
Brunei Darussalam,BRN,2021,14006496617.4458
Brunei Darussalam,BRN,2020,12005799653.9835
Brunei Darussalam,BRN,2019,13469235364.7032
Brunei Darussalam,BRN,2018,13566908391.0895
Brunei Darussalam,BRN,2017,12128168045.1245
Brunei Darussalam,BRN,2016,11400266044.6651
Brunei Darussalam,BRN,2015,12930296870.1247
Brunei Darussalam,BRN,2014,17097797386.0336
Brunei Darussalam,BRN,2013,18094148098.6536
Brunei Darussalam,BRN,2012,19048443340.7732
Brunei Darussalam,BRN,2011,18524791062.657
Brunei Darussalam,BRN,2010,13707121038.4383
Brunei Darussalam,BRN,2009,11912904509.8582
Brunei Darussalam,BRN,2008,15926456515.0049
Brunei Darussalam,BRN,2007,13432029484.4012
Brunei Darussalam,BRN,2006,12644616418.691
Brunei Darussalam,BRN,2005,10547202620.5286
Brunei Darussalam,BRN,2004,8619178773.51458
Brunei Darussalam,BRN,2003,7167725261.92713
Brunei Darussalam,BRN,2002,6333082875.56937
Brunei Darussalam,BRN,2001,6096155767.38145
Brunei Darussalam,BRN,2000,6570999087.56742
Brunei Darussalam,BRN,1999,6309070377.5966
Brunei Darussalam,BRN,1998,5550846019.54348
Brunei Darussalam,BRN,1997,7793034376.20807
Brunei Darussalam,BRN,1996,7663377306.04996
Brunei Darussalam,BRN,1995,7700144069.1419
Brunei Darussalam,BRN,1994,6467782517.72242
Brunei Darussalam,BRN,1993,6203339912.15448
Brunei Darussalam,BRN,1992,6327966435.17026
Brunei Darussalam,BRN,1991,6284497293.85546
Brunei Darussalam,BRN,1990,6039881086.68157
Brunei Darussalam,BRN,1989,4983622880.99938
Brunei Darussalam,BRN,1988,4535130304.71096
Brunei Darussalam,BRN,1987,4918010080.03047
Brunei Darussalam,BRN,1986,4190280002.67381
Brunei Darussalam,BRN,1985,6967623884.42343
Brunei Darussalam,BRN,1984,7632788075.1621
Brunei Darussalam,BRN,1983,7927590750.39502
Brunei Darussalam,BRN,1982,8932198185.72876
Brunei Darussalam,BRN,1981,9367218664.31094
Brunei Darussalam,BRN,1980,10795432293.6119
Brunei Darussalam,BRN,1979,6044367628.28515
Brunei Darussalam,BRN,1978,4100423673.58759
Brunei Darussalam,BRN,1977,3681242528.32494
Brunei Darussalam,BRN,1976,3054765590.29214
Brunei Darussalam,BRN,1975,2496420257.54042
Brunei Darussalam,BRN,1974,2319576214.21329
Brunei Darussalam,BRN,1973,433095526.686136
Brunei Darussalam,BRN,1972,270822782.026674
Brunei Darussalam,BRN,1971,197525767.791735
Brunei Darussalam,BRN,1970,179078929.315763
Brunei Darussalam,BRN,1969,161210236.44168
Brunei Darussalam,BRN,1968,160818235.866746
Brunei Darussalam,BRN,1967,139029537.243321
Brunei Darussalam,BRN,1966,132757528.044374
Brunei Darussalam,BRN,1965,114039500.591268
Bulgaria,BGR,2024,113343355779.985
Bulgaria,BGR,2023,102199231384.542
Bulgaria,BGR,2022,90506153293.6733
Bulgaria,BGR,2021,84374613233.36
Bulgaria,BGR,2020,70486877546.4901
Bulgaria,BGR,2019,68507731353.9114
Bulgaria,BGR,2018,66097226262.2191
Bulgaria,BGR,2017,59167647387.606
Bulgaria,BGR,2016,53929397039.2106
Bulgaria,BGR,2015,50765918159.1476
Bulgaria,BGR,2014,57080897012.1077
Bulgaria,BGR,2013,55819262374.9039
Bulgaria,BGR,2012,54297052002.2338
Bulgaria,BGR,2011,57681293006.9721
Bulgaria,BGR,2010,50689051382.4361
Bulgaria,BGR,2009,52023801230.12
Bulgaria,BGR,2008,54480684188.4442
Bulgaria,BGR,2007,44431257128.8618
Bulgaria,BGR,2006,34380536495.6739
Bulgaria,BGR,2005,29868657858.0082
Bulgaria,BGR,2004,26157743368.8716
Bulgaria,BGR,2003,21144957990.4681
Bulgaria,BGR,2002,16403043849.8297
Bulgaria,BGR,2001,14183446025.7389
Bulgaria,BGR,2000,13245990274.4581
Bulgaria,BGR,1999,13637098579.109
Bulgaria,BGR,1998,15031055046.7575
Bulgaria,BGR,1997,11316127378.9613
Bulgaria,BGR,1996,12294964837.6235
Bulgaria,BGR,1995,18991484420.36
Bulgaria,BGR,1994,9709240033.98973
Bulgaria,BGR,1993,10832064941.654
Bulgaria,BGR,1992,8602887622.63828
Bulgaria,BGR,1991,7628738475.37666
Bulgaria,BGR,1990,20632090909.0909
Bulgaria,BGR,1989,21988444444.4444
Bulgaria,BGR,1988,22555941176.4706
Bulgaria,BGR,1987,28101000000.0
Bulgaria,BGR,1986,20249294117.6471
Bulgaria,BGR,1985,17155421052.6316
Bulgaria,BGR,1984,17594944444.4444
Bulgaria,BGR,1983,16563666666.6667
Bulgaria,BGR,1982,19342000000.0
Bulgaria,BGR,1981,19870000000.0
Bulgaria,BGR,1980,19839230769.2308
Burkina Faso,BFA,2024,23124729853.0218
Burkina Faso,BFA,2023,20112614449.2039
Burkina Faso,BFA,2022,18622421394.6133
Burkina Faso,BFA,2021,19697516284.3787
Burkina Faso,BFA,2020,17725010532.5268
Burkina Faso,BFA,2019,16032813503.3707
Burkina Faso,BFA,2018,15890066221.2882
Burkina Faso,BFA,2017,14106955615.3442
Burkina Faso,BFA,2016,12833363045.3367
Burkina Faso,BFA,2015,11832159315.6298
Burkina Faso,BFA,2014,13943016076.7436
Burkina Faso,BFA,2013,13444300485.8412
Burkina Faso,BFA,2012,12561015156.5683
Burkina Faso,BFA,2011,12080295977.5632
Burkina Faso,BFA,2010,10109619740.6994
Burkina Faso,BFA,2009,9450696873.34326
Burkina Faso,BFA,2008,9451435490.11467
Burkina Faso,BFA,2007,7625722836.76847
Burkina Faso,BFA,2006,6547419820.38113
Burkina Faso,BFA,2005,6146353173.34929
Burkina Faso,BFA,2004,5451688537.60959
Burkina Faso,BFA,2003,4740768142.67494
Burkina Faso,BFA,2002,3622350062.96053
Burkina Faso,BFA,2001,3190371080.94768
Burkina Faso,BFA,2000,2968370087.59759
Burkina Faso,BFA,1999,3389566712.66037
Burkina Faso,BFA,1998,2804902367.14687
Burkina Faso,BFA,1997,2447669101.95178
Burkina Faso,BFA,1996,2586550595.41013
Burkina Faso,BFA,1995,2379517975.28056
Burkina Faso,BFA,1994,1895290637.09504
Burkina Faso,BFA,1993,3199536465.23328
Burkina Faso,BFA,1992,3356692505.18266
Burkina Faso,BFA,1991,3135045584.08387
Burkina Faso,BFA,1990,3101300778.56414
Burkina Faso,BFA,1989,2615587733.97303
Burkina Faso,BFA,1988,2616040478.99309
Burkina Faso,BFA,1987,2369834949.73234
Burkina Faso,BFA,1986,2036303357.68113
Burkina Faso,BFA,1985,1552493196.28424
Burkina Faso,BFA,1984,1459880132.14107
Burkina Faso,BFA,1983,1600278605.25465
Burkina Faso,BFA,1982,1754450096.23721
Burkina Faso,BFA,1981,1775842333.57042
Burkina Faso,BFA,1980,1928719888.20688
Burkina Faso,BFA,1979,1748480620.52397
Burkina Faso,BFA,1978,1475583644.93614
Burkina Faso,BFA,1977,1131224878.18865
Burkina Faso,BFA,1976,976547188.054778
Burkina Faso,BFA,1975,939972703.463021
Burkina Faso,BFA,1974,751133430.449301
Burkina Faso,BFA,1973,674773569.877548
Burkina Faso,BFA,1972,578595521.990135
Burkina Faso,BFA,1971,482411179.121178
Burkina Faso,BFA,1970,458404268.761971
Burkina Faso,BFA,1969,478298645.39382
Burkina Faso,BFA,1968,460442689.376378
Burkina Faso,BFA,1967,450753923.548048
Burkina Faso,BFA,1966,433889766.239436
Burkina Faso,BFA,1965,422916789.7483
Burkina Faso,BFA,1964,410321644.964911
Burkina Faso,BFA,1963,394040667.106335
Burkina Faso,BFA,1962,379567099.249422
Burkina Faso,BFA,1961,350247234.260712
Burkina Faso,BFA,1960,330442815.821186
Burundi,BDI,2024,3082433067.32634
Burundi,BDI,2023,3430949249.91221
Burundi,BDI,2022,4036192552.88879
Burundi,BDI,2021,3435598072.7935
Burundi,BDI,2020,3227847281.31544
Burundi,BDI,2019,2871555326.31029
Burundi,BDI,2018,2913411408.44783
Burundi,BDI,2017,2831362208.34039
Burundi,BDI,2016,2618093125.14687
Burundi,BDI,2015,2810532912.49975
Burundi,BDI,2014,2705826648.21019
Burundi,BDI,2013,2451624637.67157
Burundi,BDI,2012,2327402362.81574
Burundi,BDI,2011,2235812879.56709
Burundi,BDI,2010,2032135192.01248
Burundi,BDI,2009,1775495032.424
Burundi,BDI,2008,1611835857.04588
Burundi,BDI,2007,1356199387.42308
Burundi,BDI,2006,1273375078.44844
Burundi,BDI,2005,1117113079.73645
Burundi,BDI,2004,915257323.3961
Burundi,BDI,2003,784654423.620476
Burundi,BDI,2002,825394519.423728
Burundi,BDI,2001,876794723.068586
Burundi,BDI,2000,870486065.883137
Burundi,BDI,1999,808077223.365746
Burundi,BDI,1998,893770740.207416
Burundi,BDI,1997,972896267.915425
Burundi,BDI,1996,869033856.317093
Burundi,BDI,1995,1000428393.88528
Burundi,BDI,1994,925030590.153683
Burundi,BDI,1993,938632612.026359
Burundi,BDI,1992,1083037670.60484
Burundi,BDI,1991,1167398478.3459
Burundi,BDI,1990,1132101252.51817
Burundi,BDI,1989,1113924130.41149
Burundi,BDI,1988,1082403219.48787
Burundi,BDI,1987,1131466494.01101
Burundi,BDI,1986,1201725497.06578
Burundi,BDI,1985,1149979285.77347
Burundi,BDI,1984,987143931.166987
Burundi,BDI,1983,1082926304.46477
Burundi,BDI,1982,1013222222.22222
Burundi,BDI,1981,969046666.666667
Burundi,BDI,1980,919726666.666667
Burundi,BDI,1979,782496666.666667
Burundi,BDI,1978,610225555.555556
Burundi,BDI,1977,547535555.555556
Burundi,BDI,1976,448412753.623188
Burundi,BDI,1975,420986666.666667
Burundi,BDI,1974,345263492.063492
Burundi,BDI,1973,304339523.902476
Burundi,BDI,1972,246804571.428571
Burundi,BDI,1971,252842285.714286
Burundi,BDI,1970,242732571.428571
Burundi,BDI,1969,190205714.285714
Burundi,BDI,1968,183200000.0
Burundi,BDI,1967,178297142.857143
Burundi,BDI,1966,165444571.428571
Burundi,BDI,1965,158994962.962963
Burundi,BDI,1964,260750008.0
Burundi,BDI,1963,232749998.0
Burundi,BDI,1962,213500006.0
Burundi,BDI,1961,202999992.0
Burundi,BDI,1960,195999990.0
Cabo Verde,CPV,2024,2725414150.72735
Cabo Verde,CPV,2023,2504525548.71164
Cabo Verde,CPV,2022,2247003344.34242
Cabo Verde,CPV,2021,2051842618.70539
Cabo Verde,CPV,2020,1821565613.68613
Cabo Verde,CPV,2019,2252177124.32402
Cabo Verde,CPV,2018,2205099506.99994
Cabo Verde,CPV,2017,1996741539.95088
Cabo Verde,CPV,2016,1849789985.99572
Cabo Verde,CPV,2015,1749857620.35329
Cabo Verde,CPV,2014,2041930125.42979
Cabo Verde,CPV,2013,2028910915.16446
Cabo Verde,CPV,2012,1913081210.41411
Cabo Verde,CPV,2011,2046817987.20109
Cabo Verde,CPV,2010,1824751467.92957
Cabo Verde,CPV,2009,1852334575.17521
Cabo Verde,CPV,2008,1959620648.31578
Cabo Verde,CPV,2007,1649621738.63689
Cabo Verde,CPV,2006,1107571457.90614
Cabo Verde,CPV,2005,972241676.907662
Cabo Verde,CPV,2004,924940011.836897
Cabo Verde,CPV,2003,813260468.873834
Cabo Verde,CPV,2002,620507387.466174
Cabo Verde,CPV,2001,563090490.377368
Cabo Verde,CPV,2000,539227277.626411
Cabo Verde,CPV,1999,592416703.058878
Cabo Verde,CPV,1998,521910560.524868
Cabo Verde,CPV,1997,490608657.924976
Cabo Verde,CPV,1996,501979269.843942
Cabo Verde,CPV,1995,487148993.533109
Cabo Verde,CPV,1994,406580652.330537
Cabo Verde,CPV,1993,490417389.682569
Cabo Verde,CPV,1992,357160985.327413
Cabo Verde,CPV,1991,319827058.592875
Cabo Verde,CPV,1990,306890962.649533
Cabo Verde,CPV,1989,267448571.414611
Cabo Verde,CPV,1988,264308140.285149
Cabo Verde,CPV,1987,235253064.70982
Cabo Verde,CPV,1986,190651167.559385
Cabo Verde,CPV,1985,137728204.813735
Cabo Verde,CPV,1984,132019038.591628
Cabo Verde,CPV,1983,138476175.620363
Cabo Verde,CPV,1982,140630678.983478
Cabo Verde,CPV,1981,139468209.116206
Cabo Verde,CPV,1980,142246815.345007
Cambodia,KHM,2024,46352647037.2406
Cambodia,KHM,2023,42335646895.7984
Cambodia,KHM,2022,39994532959.6074
Cambodia,KHM,2021,36790163687.4421
Cambodia,KHM,2020,34818073901.4851
Cambodia,KHM,2019,36685356407.7206
Cambodia,KHM,2018,33145892168.8958
Cambodia,KHM,2017,29355665909.7905
Cambodia,KHM,2016,26556545153.3573
Cambodia,KHM,2015,24174170369.0738
Cambodia,KHM,2014,22041463967.9009
Cambodia,KHM,2013,19807135252.8649
Cambodia,KHM,2012,17826536699.8016
Cambodia,KHM,2011,16032622023.8265
Cambodia,KHM,2010,13808673288.0696
Cambodia,KHM,2009,12502901169.7377
Cambodia,KHM,2008,12174303999.0812
Cambodia,KHM,2007,10127916459.8983
Cambodia,KHM,2006,8350531016.65753
Cambodia,KHM,2005,7066296463.3598
Cambodia,KHM,2004,5883297159.87352
Cambodia,KHM,2003,5046693484.31767
Cambodia,KHM,2002,4501227626.62752
Cambodia,KHM,2001,4145665969.92864
Cambodia,KHM,2000,3694168979.32019
Cambodia,KHM,1999,3517242477.2548
Cambodia,KHM,1998,3120425502.66241
Cambodia,KHM,1997,3443413388.65696
Cambodia,KHM,1996,3506695719.57259
Cambodia,KHM,1995,3441205692.9166
Cambodia,KHM,1994,2791435272.26653
Cambodia,KHM,1993,2533727592.04165
Cambodia,KHM,1992,2491486594.18917
Cambodia,KHM,1991,2054974089.3643
Cambodia,KHM,1990,1402541176.5121
Cambodia,KHM,1989,1353137647.68304
Cambodia,KHM,1988,1662877859.22297
Cambodia,KHM,1987,1036974910.45
Cambodia,KHM,1986,1167630317.8411
Cambodia,KHM,1985,1102669184.43812
Cambodia,KHM,1984,1021176058.63327
Cambodia,KHM,1983,939291262.100055
Cambodia,KHM,1982,865516039.800558
Cambodia,KHM,1981,815153652.415596
Cambodia,KHM,1980,744384129.707563
Cambodia,KHM,1979,723738502.67823
Cambodia,KHM,1978,766642356.138135
Cambodia,KHM,1977,716261764.498093
Cambodia,KHM,1976,790357254.540309
Cambodia,KHM,1975,749129748.150633
Cameroon,CMR,2024,53296694320.2057
Cameroon,CMR,2023,48814501547.4313
Cameroon,CMR,2022,44347206072.5513
Cameroon,CMR,2021,45011937346.8384
Cameroon,CMR,2020,40773241177.0505
Cameroon,CMR,2019,39667757527.6578
Cameroon,CMR,2018,39955552189.795
Cameroon,CMR,2017,36098547033.1655
Cameroon,CMR,2016,33814337044.3765
Cameroon,CMR,2015,32210233020.4569
Cameroon,CMR,2014,36386544706.0806
Cameroon,CMR,2013,33728621180.3231
Cameroon,CMR,2012,30155062329.2821
Cameroon,CMR,2011,30630910495.217
Cameroon,CMR,2010,27507501821.0296
Cameroon,CMR,2009,27932970317.129
Cameroon,CMR,2008,27715142032.913
Cameroon,CMR,2007,23928250433.0378
Cameroon,CMR,2006,20910512974.933
Cameroon,CMR,2005,19509852206.9341
Cameroon,CMR,2004,18826214135.6419
Cameroon,CMR,2003,15970315034.9903
Cameroon,CMR,2002,12417251350.4882
Cameroon,CMR,2001,10953485349.1135
Cameroon,CMR,2000,10566579294.9831
Cameroon,CMR,1999,11565826464.8921
Cameroon,CMR,1998,11298144990.4104
Cameroon,CMR,1997,10789458432.6416
Cameroon,CMR,1996,11093538846.4483
Cameroon,CMR,1995,10864772470.9043
Cameroon,CMR,1994,8902446252.18372
Cameroon,CMR,1993,16181814712.5295
Cameroon,CMR,1992,12071775335.0433
Cameroon,CMR,1991,11840192296.3893
Cameroon,CMR,1990,12314482627.8454
Cameroon,CMR,1989,11012566195.0255
Cameroon,CMR,1988,12236057362.4917
Cameroon,CMR,1987,13049659981.1373
Cameroon,CMR,1986,11857056199.0765
Cameroon,CMR,1985,8544810497.9889
Cameroon,CMR,1984,7311938026.36713
Cameroon,CMR,1983,6870200009.90065
Cameroon,CMR,1982,6611255963.83584
Cameroon,CMR,1981,6610938616.6643
Cameroon,CMR,1980,6674569046.6832
Cameroon,CMR,1979,5919002982.602
Cameroon,CMR,1978,4662852583.13256
Cameroon,CMR,1977,3394664024.05503
Cameroon,CMR,1976,2898090001.8562
Cameroon,CMR,1975,2857037371.05886
Cameroon,CMR,1974,2157415532.54796
Cameroon,CMR,1973,1901393361.02282
Cameroon,CMR,1972,1498251889.66287
Cameroon,CMR,1971,1236941394.11447
Cameroon,CMR,1970,1151216992.88095
Cameroon,CMR,1969,1100551488.62689
Cameroon,CMR,1968,1046191217.79942
Cameroon,CMR,1967,936175260.030919
Cameroon,CMR,1966,851112534.552636
Cameroon,CMR,1965,814083265.511426
Cameroon,CMR,1964,776650176.904453
Cameroon,CMR,1963,718320845.044338
Cameroon,CMR,1962,694247864.3789
Cameroon,CMR,1961,652777608.320492
Cameroon,CMR,1960,614206068.497266
Canada,CAN,2024,2243636826633.76
Canada,CAN,2023,2173339670064.33
Canada,CAN,2022,2190411080134.32
Canada,CAN,2021,2022378748423.23
Canada,CAN,2020,1655684730000.19
Canada,CAN,2019,1743725183672.52
Canada,CAN,2018,1725329192783.02
Canada,CAN,2017,1649265644244.09
Canada,CAN,2016,1527994741907.43
Canada,CAN,2015,1556508816217.14
Canada,CAN,2014,1805749878439.94
Canada,CAN,2013,1846597421834.98
Canada,CAN,2012,1828366481521.6
Canada,CAN,2011,1793326630174.52
Canada,CAN,2010,1617343367486.26
Canada,CAN,2009,1374625142157.29
Canada,CAN,2008,1552989690721.65
Canada,CAN,2007,1468820407783.26
Canada,CAN,2006,1319264809590.97
Canada,CAN,2005,1173108598778.68
Canada,CAN,2004,1026690238278.25
Canada,CAN,2003,895540646634.787
Canada,CAN,2002,760649334098.005
Canada,CAN,2001,738981792355.372
Canada,CAN,2000,744773415931.587
Canada,CAN,1999,678412196271.118
Canada,CAN,1998,634000000000.0
Canada,CAN,1997,654986999855.554
Canada,CAN,1996,630607994132.747
Canada,CAN,1995,605961090061.207
Canada,CAN,1994,579944346807.264
Canada,CAN,1993,579053561739.4
Canada,CAN,1992,594387358318.855
Canada,CAN,1991,612527712315.615
Canada,CAN,1990,596075591360.987
Canada,CAN,1989,567211993243.243
Canada,CAN,1988,509380027626.554
Canada,CAN,1987,433134238310.709
Canada,CAN,1986,379006836991.724
Canada,CAN,1985,366186012449.652
Canada,CAN,1984,356718400123.543
Canada,CAN,1983,341866277182.733
Canada,CAN,1982,314647807408.608
Canada,CAN,1981,307246642755.859
Canada,CAN,1980,274776566028.053
Canada,CAN,1979,243891124295.715
Canada,CAN,1978,219369542386.254
Canada,CAN,1977,212325176304.654
Canada,CAN,1976,207271612576.065
Canada,CAN,1975,174419757176.563
Canada,CAN,1974,160949188139.059
Canada,CAN,1973,131764343565.643
Canada,CAN,1972,113463848873.624
Canada,CAN,1971,99606454743.5136
Canada,CAN,1970,88192257632.3093
Canada,CAN,1969,79405011124.8208
Canada,CAN,1968,72048833006.1602
Canada,CAN,1967,65856924423.9721
Canada,CAN,1966,61252415404.686
Canada,CAN,1965,54649410478.5226
Canada,CAN,1964,49503663836.3665
Canada,CAN,1963,45140337826.9869
Canada,CAN,1962,42336211555.8268
Canada,CAN,1961,41038192837.9035
Canada,CAN,1960,40563768946.9503
Cayman Islands,CYM,2023,7241244269.45972
Cayman Islands,CYM,2022,6660161212.01997
Cayman Islands,CYM,2021,6060813808.15072
Cayman Islands,CYM,2020,5655357984.24218
Cayman Islands,CYM,2019,5941896599.57333
Cayman Islands,CYM,2018,5530178498.90783
Cayman Islands,CYM,2017,5166281293.18715
Cayman Islands,CYM,2016,4909322200.00212
Cayman Islands,CYM,2015,4708167255.28727
Cayman Islands,CYM,2014,4562853582.32463
Cayman Islands,CYM,2013,4405796081.15984
Cayman Islands,CYM,2012,4291004485.56803
Cayman Islands,CYM,2011,4186073160.18254
Cayman Islands,CYM,2010,4156841163.77763
Cayman Islands,CYM,2009,4281714618.03238
Cayman Islands,CYM,2008,4585948969.33223
Cayman Islands,CYM,2007,4466278030.59167
Cayman Islands,CYM,2006,4200288282.10157
Central African Republic,CAF,2024,2751494281.06887
Central African Republic,CAF,2023,2555492085.94725
Central African Republic,CAF,2022,2382618615.01694
Central African Republic,CAF,2021,2516498412.46384
Central African Republic,CAF,2020,2326720900.38047
Central African Republic,CAF,2019,2221301351.43918
Central African Republic,CAF,2018,2220979146.11241
Central African Republic,CAF,2017,2072349972.6818
Central African Republic,CAF,2016,1825018144.65595
Central African Republic,CAF,2015,1695825714.19282
Central African Republic,CAF,2014,1894813389.40325
Central African Republic,CAF,2013,1691544110.18543
Central African Republic,CAF,2012,2510126512.22831
Central African Republic,CAF,2011,2437982705.12093
Central African Republic,CAF,2010,2142591540.40068
Central African Republic,CAF,2009,2067381665.25454
Central African Republic,CAF,2008,1993407888.49838
Central African Republic,CAF,2007,1699811294.94935
Central African Republic,CAF,2006,1461859762.33459
Central African Republic,CAF,2005,1337894378.73743
Central African Republic,CAF,2004,1272360517.32373
Central African Republic,CAF,2003,1142315522.53864
Central African Republic,CAF,2002,996068144.884889
Central African Republic,CAF,2001,932648604.751954
Central African Republic,CAF,2000,916777282.691659
Central African Republic,CAF,1999,999477510.686632
Central African Republic,CAF,1998,967338389.650578
Central African Republic,CAF,1997,937741513.015352
Central African Republic,CAF,1996,1007791127.09913
Central African Republic,CAF,1995,1115389673.69197
Central African Republic,CAF,1994,851174356.781737
Central African Republic,CAF,1993,1278781261.55928
Central African Republic,CAF,1992,1411917553.12436
Central African Republic,CAF,1991,1377374986.58709
Central African Republic,CAF,1990,1440711459.16967
Central African Republic,CAF,1989,1233930280.91724
Central African Republic,CAF,1988,1264899287.51261
Central African Republic,CAF,1987,1200991977.80801
Central African Republic,CAF,1986,1122265013.42004
Central African Republic,CAF,1985,864849836.286193
Central African Republic,CAF,1984,637820670.299604
Central African Republic,CAF,1983,658679332.681331
Central African Republic,CAF,1982,748312390.756606
Central African Republic,CAF,1981,694803622.898966
Central African Republic,CAF,1980,797048198.534875
Central African Republic,CAF,1979,700764747.756462
Central African Republic,CAF,1978,610578631.992983
Central African Republic,CAF,1977,507298147.526539
Central African Republic,CAF,1976,451152461.31276
Central African Republic,CAF,1975,378660016.265936
Central African Republic,CAF,1974,281398705.570596
Central African Republic,CAF,1973,271183082.043062
Central African Republic,CAF,1972,230317883.36443
Central African Republic,CAF,1971,201450799.82635
Central African Republic,CAF,1970,189106529.207011
Central African Republic,CAF,1969,188039210.130379
Central African Republic,CAF,1968,191767441.604577
Central African Republic,CAF,1967,163820513.562432
Central African Republic,CAF,1966,157930018.091087
Central African Republic,CAF,1965,150574795.409863
Central African Republic,CAF,1964,142025078.735754
Central African Republic,CAF,1963,129379123.76305
Central African Republic,CAF,1962,124482773.83306
Central African Republic,CAF,1961,123134583.463559
Central African Republic,CAF,1960,112155598.492157
Chad,TCD,2024,19518819751.283
Chad,TCD,2023,18340233748.8805
Chad,TCD,2022,17828508289.6049
Chad,TCD,2021,16871937697.5854
Chad,TCD,2020,14932897821.2387
Chad,TCD,2019,14905517742.8454
Chad,TCD,2018,15327000248.8701
Chad,TCD,2017,13349041408.7152
Chad,TCD,2016,13026289835.7789
Chad,TCD,2015,14559599499.5011
Chad,TCD,2014,18144336903.7175
Chad,TCD,2013,17865316886.3315
Chad,TCD,2012,17892228569.8861
Chad,TCD,2011,16685349673.9957
Chad,TCD,2010,14058506663.7252
Chad,TCD,2009,12317614053.6841
Chad,TCD,2008,13385593990.3378
Chad,TCD,2007,10865385131.5172
Chad,TCD,2006,9709626596.13031
Chad,TCD,2005,8655892392.92919
Chad,TCD,2004,4422855660.82592
Chad,TCD,2003,2742815071.5744
Chad,TCD,2002,1997005708.81576
Chad,TCD,2001,1710843377.00119
Chad,TCD,2000,1388506771.58756
Chad,TCD,1999,1534673583.2487
Chad,TCD,1998,1744794531.21401
Chad,TCD,1997,1544689576.92712
Chad,TCD,1996,1607345355.78298
Chad,TCD,1995,1445919894.57661
Chad,TCD,1994,1179837963.22213
Chad,TCD,1993,1463251163.9188
Chad,TCD,1992,1881847669.69794
Chad,TCD,1991,1877137981.75712
Chad,TCD,1990,1738605557.76313
Chad,TCD,1989,1433686312.02914
Chad,TCD,1988,1482597297.98821
Chad,TCD,1987,1163426852.20442
Chad,TCD,1986,1067828245.86207
Chad,TCD,1985,1033069709.3319
Chad,TCD,1984,919103734.876996
Chad,TCD,1983,832415806.010064
Chad,TCD,1982,834369859.663018
Chad,TCD,1981,876937558.273757
Chad,TCD,1980,1033002403.85304
Chad,TCD,1979,1004316496.35051
Chad,TCD,1978,1113920123.76723
Chad,TCD,1977,935360464.701341
Chad,TCD,1976,866044962.016274
Chad,TCD,1975,864602104.679653
Chad,TCD,1974,652532795.084805
Chad,TCD,1973,647199482.982537
Chad,TCD,1972,585427546.798272
Chad,TCD,1971,501866730.148987
Chad,TCD,1970,469266736.650677
Chad,TCD,1969,471635621.561599
Chad,TCD,1968,453980096.208711
Chad,TCD,1967,449826322.613453
Chad,TCD,1966,432794921.680489
Chad,TCD,1965,416926303.316872
Chad,TCD,1964,392247517.728482
Chad,TCD,1963,371767002.194886
Chad,TCD,1962,357635713.41932
Chad,TCD,1961,333975336.110722
Chad,TCD,1960,313582728.147574
Channel Islands,CHI,2023,12507320838.3932
Channel Islands,CHI,2022,11308272505.183
Channel Islands,CHI,2021,11157540109.8939
Channel Islands,CHI,2020,9439810769.23077
Channel Islands,CHI,2019,10031864649.0819
Channel Islands,CHI,2018,10026394043.6136
Channel Islands,CHI,2017,9170044517.20264
Channel Islands,CHI,2016,9168857222.32574
Channel Islands,CHI,2015,10109273770.329
Channel Islands,CHI,2014,10527973277.6068
Channel Islands,CHI,2013,9594745810.67159
Channel Islands,CHI,2012,9454638123.23572
Channel Islands,CHI,2011,9648680025.8275
Channel Islands,CHI,2010,8902359316.35606
Channel Islands,CHI,2009,9100755725.19084
Channel Islands,CHI,2007,11514605842.3369
Channel Islands,CHI,2006,9676172953.08188
Channel Islands,CHI,2005,8827272727.27273
Channel Islands,CHI,2004,8553643354.08275
Channel Islands,CHI,2003,7332244897.95918
Channel Islands,CHI,2002,6663669064.7482
Channel Islands,CHI,2001,6232906290.4851
Channel Islands,CHI,2000,6439703434.71024
Channel Islands,CHI,1999,6262740656.85164
Channel Islands,CHI,1998,5945677376.61477
Chile,CHL,2024,330267137371.592
Chile,CHL,2023,335518054097.637
Chile,CHL,2022,301226575540.242
Chile,CHL,2021,315325547162.072
Chile,CHL,2020,254042159309.311
Chile,CHL,2019,278285058719.466
Chile,CHL,2018,295857562991.709
Chile,CHL,2017,276154259981.097
Chile,CHL,2016,249344863928.438
Chile,CHL,2015,242450355830.884
Chile,CHL,2014,259560978224.359
Chile,CHL,2013,277395018842.417
Chile,CHL,2012,267024782486.855
Chile,CHL,2011,251382573893.87
Chile,CHL,2010,217051209238.534
Chile,CHL,2009,171777900623.892
Chile,CHL,2008,179894594475.405
Chile,CHL,2007,172491076033.863
Chile,CHL,2006,153843518170.864
Chile,CHL,2005,122294145163.192
Chile,CHL,2004,99075985773.6682
Chile,CHL,2003,76492579644.0605
Chile,CHL,2002,70264045939.2773
Chile,CHL,2001,71574739561.4329
Chile,CHL,2000,78339750721.364
Chile,CHL,1999,75578685735.5219
Chile,CHL,1998,81990010704.0602
Chile,CHL,1997,85741415285.165
Chile,CHL,1996,78584098983.6374
Chile,CHL,1995,73820425701.6603
Chile,CHL,1994,57438273591.0521
Chile,CHL,1993,49934943320.8828
Chile,CHL,1992,46538895685.8088
Chile,CHL,1991,38232330917.2011
Chile,CHL,1990,33428580448.2715
Chile,CHL,1989,30101767991.1135
Chile,CHL,1988,26174858613.8456
Chile,CHL,1987,22605488850.8981
Chile,CHL,1986,19197818084.6757
Chile,CHL,1985,17933557359.8036
Chile,CHL,1984,19974595028.1582
Chile,CHL,1983,20629678694.0684
Chile,CHL,1982,19710229067.2864
Chile,CHL,1981,35180322211.2903
Chile,CHL,1980,29586676576.0951
Chile,CHL,1979,22249574627.6911
Chile,CHL,1978,16373093553.7155
Chile,CHL,1977,14272711436.7475
Chile,CHL,1976,10523479088.8075
Chile,CHL,1975,7812161793.11971
Chile,CHL,1974,16584311220.1384
Chile,CHL,1973,17237336172.7878
Chile,CHL,1972,12057501634.979
Chile,CHL,1971,10999807567.1235
Chile,CHL,1970,9261006540.15907
Chile,CHL,1969,8456519044.38223
Chile,CHL,1968,7286820526.02462
Chile,CHL,1967,7145068067.64138
Chile,CHL,1966,7256882086.19585
Chile,CHL,1965,6183988944.34606
Chile,CHL,1964,6065708668.32735
Chile,CHL,1963,5702520146.03167
Chile,CHL,1962,5765971144.47142
Chile,CHL,1961,4948564550.91046
Chile,CHL,1960,4211103676.74027
China,CHN,2024,18743803170827.2
China,CHN,2023,18270356654533.2
China,CHN,2022,18316765021690.2
China,CHN,2021,18201698719564.0
China,CHN,2020,14996414166715.1
China,CHN,2019,14560167101283.4
China,CHN,2018,14147765772963.8
China,CHN,2017,12537559062282.9
China,CHN,2016,11456024084962.0
China,CHN,2015,11280814787468.9
China,CHN,2014,10674533168257.4
China,CHN,2013,9743124247267.24
China,CHN,2012,8673664713189.24
China,CHN,2011,7671757207851.29
China,CHN,2010,6192564874453.29
China,CHN,2009,5189577094997.58
China,CHN,2008,4667346414521.95
China,CHN,2007,3604055822571.63
China,CHN,2006,2791498472804.33
China,CHN,2005,2317551298052.05
China,CHN,2004,1984196551300.44
China,CHN,2003,1683903309843.85
China,CHN,2002,1489821682050.54
China,CHN,2001,1355036590251.52
China,CHN,2000,1223754919971.05
China,CHN,1999,1103843203575.64
China,CHN,1998,1037134141760.35
China,CHN,1997,967753570434.667
China,CHN,1996,868523936530.083
China,CHN,1995,738190896227.55
China,CHN,1994,566929539493.172
China,CHN,1993,446557291212.148
China,CHN,1992,428502354788.069
China,CHN,1991,384510452961.672
China,CHN,1990,361560229445.507
China,CHN,1989,348380566801.619
China,CHN,1988,312888888888.889
China,CHN,1987,273455156950.673
China,CHN,1986,301310144927.536
China,CHN,1985,310064625850.34
China,CHN,1984,260442857142.857
China,CHN,1983,231130268199.234
China,CHN,1982,205480916030.534
China,CHN,1981,196218253968.254
China,CHN,1980,191487500000.0
China,CHN,1979,178573913043.478
China,CHN,1978,149788617886.179
China,CHN,1977,175226595859.778
China,CHN,1976,154196810058.643
China,CHN,1975,163687619735.857
China,CHN,1974,144418433058.472
China,CHN,1973,138764340892.0
China,CHN,1972,113871930713.841
China,CHN,1971,99959013879.6308
China,CHN,1970,92752930873.1912
China,CHN,1969,79847786729.1898
China,CHN,1968,70980323818.7853
China,CHN,1967,73011350596.2485
China,CHN,1966,76854053259.209
China,CHN,1965,70565994356.1828
China,CHN,1964,59821862703.4023
China,CHN,1963,50812227918.5753
China,CHN,1962,47310737754.2287
China,CHN,1961,50162299349.7871
China,CHN,1960,59846235024.7318
Colombia,COL,2024,418818154879.271
Colombia,COL,2023,366291836137.916
Colombia,COL,2022,345632492851.448
Colombia,COL,2021,318524633225.395
Colombia,COL,2020,270348342541.465
Colombia,COL,2019,323031701192.84
Colombia,COL,2018,334198218098.276
Colombia,COL,2017,311866875156.879
Colombia,COL,2016,282720100286.228
Colombia,COL,2015,293492370193.166
Colombia,COL,2014,381240864422.407
Colombia,COL,2013,382093697077.685
Colombia,COL,2012,370691143018.039
Colombia,COL,2011,334966134804.887
Colombia,COL,2010,286498534094.963
Colombia,COL,2009,232468663109.595
Colombia,COL,2008,242504150472.931
Colombia,COL,2007,206229540926.312
Colombia,COL,2006,161792958904.864
Colombia,COL,2005,145600529605.803
Colombia,COL,2004,117092416666.245
Colombia,COL,2003,94644969157.0987
Colombia,COL,2002,97945812802.8882
Colombia,COL,2001,98200641203.3892
Colombia,COL,2000,99875074951.0278
Colombia,COL,1999,86186158684.7685
Colombia,COL,1998,98443739941.1664
Colombia,COL,1997,106659508271.255
Colombia,COL,1996,97160109277.8087
Colombia,COL,1995,92507279383.0387
Colombia,COL,1994,81703500846.0364
Colombia,COL,1993,66446804802.5747
Colombia,COL,1992,58418985443.3172
Colombia,COL,1991,49175565911.0655
Colombia,COL,1990,47844090709.9908
Colombia,COL,1989,39540080200.3938
Colombia,COL,1988,39212550050.4223
Colombia,COL,1987,36373307085.0887
Colombia,COL,1986,34942489683.9712
Colombia,COL,1985,34894411351.983
Colombia,COL,1984,38253120737.9671
Colombia,COL,1983,38729822781.5997
Colombia,COL,1982,38968039721.748
Colombia,COL,1981,36388366869.0309
Colombia,COL,1980,33400735644.0481
Colombia,COL,1979,27940411250.2732
Colombia,COL,1978,23263511958.0509
Colombia,COL,1977,19470960619.1297
Colombia,COL,1976,15341403660.4698
Colombia,COL,1975,13098633901.8673
Colombia,COL,1974,12370029583.6419
Colombia,COL,1973,10315760000.3394
Colombia,COL,1972,8671358732.68486
Colombia,COL,1971,7820380970.53674
Colombia,COL,1970,7198360460.19887
Colombia,COL,1969,6450175213.74923
Colombia,COL,1968,5960212869.12968
Colombia,COL,1967,5825170438.48704
Colombia,COL,1966,5428518518.51852
Colombia,COL,1965,5760761904.7619
Colombia,COL,1964,5973366666.66667
Colombia,COL,1963,4836166666.66667
Colombia,COL,1962,4955543963.36869
Colombia,COL,1961,4540447761.19403
Colombia,COL,1960,4031152976.63904
Comoros,COM,2024,1440991455.45188
Comoros,COM,2023,1326836543.00797
Comoros,COM,2022,1222485532.31976
Comoros,COM,2021,1272238390.85864
Comoros,COM,2020,1218763671.26563
Comoros,COM,2019,1187915408.87243
Comoros,COM,2018,1178530633.24599
Comoros,COM,2017,1077439756.59451
Comoros,COM,2016,1012835493.19325
Comoros,COM,2015,966029600.862227
Comoros,COM,2014,1149587661.00693
Comoros,COM,2013,1116224106.83728
Comoros,COM,2012,1015843490.82374
Comoros,COM,2011,1023086273.53336
Comoros,COM,2010,907978730.887844
Comoros,COM,2009,905341172.70583
Comoros,COM,2008,915659107.965823
Comoros,COM,2007,795673152.867077
Comoros,COM,2006,688498641.512529
Comoros,COM,2005,655375095.906176
Comoros,COM,2004,622679660.37137
Comoros,COM,2003,546830040.540273
Comoros,COM,2002,427360070.324544
Comoros,COM,2001,372746486.166796
Comoros,COM,2000,339504306.290689
Comoros,COM,1999,371921712.454518
Comoros,COM,1998,363932160.233771
Comoros,COM,1997,362816806.134452
Comoros,COM,1996,392488148.725187
Comoros,COM,1995,392774713.634182
Comoros,COM,1994,314789556.044396
Comoros,COM,1993,427750822.87347
Comoros,COM,1992,436552922.121696
Comoros,COM,1991,400592662.610246
Comoros,COM,1990,401561021.549642
Comoros,COM,1989,328665080.847046
Comoros,COM,1988,336422522.407114
Comoros,COM,1987,313292322.956214
Comoros,COM,1986,258143902.889842
Comoros,COM,1985,191944891.602832
Comoros,COM,1984,189102734.154019
Comoros,COM,1983,196193379.743828
Comoros,COM,1982,202152461.76282
Comoros,COM,1981,212958381.535437
Comoros,COM,1980,243390495.918962
"Congo, Dem. Rep.",COD,2024,70962185790.7094
"Congo, Dem. Rep.",COD,2023,69843655425.2929
"Congo, Dem. Rep.",COD,2022,70422346142.2023
"Congo, Dem. Rep.",COD,2021,59067289573.5102
"Congo, Dem. Rep.",COD,2020,46691989748.9186
"Congo, Dem. Rep.",COD,2019,46845900350.0332
"Congo, Dem. Rep.",COD,2018,46659954092.4862
"Congo, Dem. Rep.",COD,2017,37537521565.5308
"Congo, Dem. Rep.",COD,2016,38600224214.4728
"Congo, Dem. Rep.",COD,2015,40179574490.3032
"Congo, Dem. Rep.",COD,2014,38352980552.8665
"Congo, Dem. Rep.",COD,2013,34891189160.3002
"Congo, Dem. Rep.",COD,2012,30029369928.7318
"Congo, Dem. Rep.",COD,2011,26392379641.765
"Congo, Dem. Rep.",COD,2010,24161641931.0331
"Congo, Dem. Rep.",COD,2009,18607259480.5447
"Congo, Dem. Rep.",COD,2008,22723488723.3641
"Congo, Dem. Rep.",COD,2007,18374807772.5429
"Congo, Dem. Rep.",COD,2006,15484044534.5783
"Congo, Dem. Rep.",COD,2005,12609728573.1032
"Congo, Dem. Rep.",COD,2004,10297483481.223
"Congo, Dem. Rep.",COD,2003,8937567059.87754
"Congo, Dem. Rep.",COD,2002,8728038525.14034
"Congo, Dem. Rep.",COD,2001,7438189100.33333
"Congo, Dem. Rep.",COD,2000,19088046305.7971
"Congo, Dem. Rep.",COD,1999,4711259427.27273
"Congo, Dem. Rep.",COD,1998,6217805820.77104
"Congo, Dem. Rep.",COD,1997,6090838693.27145
"Congo, Dem. Rep.",COD,1996,5771456952.1908
"Congo, Dem. Rep.",COD,1995,5643439376.10491
"Congo, Dem. Rep.",COD,1994,5820382248.28202
"Congo, Dem. Rep.",COD,1993,10706259936.7425
"Congo, Dem. Rep.",COD,1992,8227343907.26679
"Congo, Dem. Rep.",COD,1991,9625436872.51075
"Congo, Dem. Rep.",COD,1990,9349764580.41173
"Congo, Dem. Rep.",COD,1989,9021862775.18112
"Congo, Dem. Rep.",COD,1988,8861299976.74158
"Congo, Dem. Rep.",COD,1987,7661625472.57705
"Congo, Dem. Rep.",COD,1986,8095367168.21769
"Congo, Dem. Rep.",COD,1985,7195042616.0071
"Congo, Dem. Rep.",COD,1984,7857729193.20343
"Congo, Dem. Rep.",COD,1983,11006712650.4481
"Congo, Dem. Rep.",COD,1982,13651667371.1676
"Congo, Dem. Rep.",COD,1981,12537821038.2202
"Congo, Dem. Rep.",COD,1980,14394927494.8647
"Congo, Dem. Rep.",COD,1979,15068422236.3663
"Congo, Dem. Rep.",COD,1978,15372608002.3923
"Congo, Dem. Rep.",COD,1977,12344424763.5727
"Congo, Dem. Rep.",COD,1976,9648583224.99212
"Congo, Dem. Rep.",COD,1975,10237343173.6527
"Congo, Dem. Rep.",COD,1974,9596960179.64072
"Congo, Dem. Rep.",COD,1973,7870239461.07784
"Congo, Dem. Rep.",COD,1972,6173712814.37126
"Congo, Dem. Rep.",COD,1971,5594770359.28144
"Congo, Dem. Rep.",COD,1970,4877684910.17964
"Congo, Dem. Rep.",COD,1969,5032434970.05988
"Congo, Dem. Rep.",COD,1968,3909780538.92216
"Congo, Dem. Rep.",COD,1967,3384063371.75792
"Congo, Dem. Rep.",COD,1966,4532660181.81818
"Congo, Dem. Rep.",COD,1965,4043901818.18182
"Congo, Dem. Rep.",COD,1964,2881545272.72727
"Congo, Dem. Rep.",COD,1963,6213185742.57426
"Congo, Dem. Rep.",COD,1962,3779841428.57143
"Congo, Dem. Rep.",COD,1961,3086746857.14286
"Congo, Dem. Rep.",COD,1960,3359404117.64706
"Congo, Rep.",COG,2024,15719986076.6464
"Congo, Rep.",COG,2023,15321055822.5167
"Congo, Rep.",COG,2022,15817030154.6941
"Congo, Rep.",COG,2021,14825690210.9157
"Congo, Rep.",COG,2020,11468687464.0046
"Congo, Rep.",COG,2019,13976637779.9763
"Congo, Rep.",COG,2018,14773900288.5135
"Congo, Rep.",COG,2017,11834473039.3645
"Congo, Rep.",COG,2016,10931328150.8478
"Congo, Rep.",COG,2015,12434793867.3568
"Congo, Rep.",COG,2014,17919321078.0284
"Congo, Rep.",COG,2013,17958720699.0868
"Congo, Rep.",COG,2012,17692911296.3044
"Congo, Rep.",COG,2011,15655383576.6515
"Congo, Rep.",COG,2010,13148396211.5955
"Congo, Rep.",COG,2009,9723299915.25312
"Congo, Rep.",COG,2008,11649857673.4436
"Congo, Rep.",COG,2007,8782703436.70188
"Congo, Rep.",COG,2006,8072305029.06514
"Congo, Rep.",COG,2005,6650001680.48544
"Congo, Rep.",COG,2004,4656974940.12721
"Congo, Rep.",COG,2003,3503723087.74483
"Congo, Rep.",COG,2002,3034250923.97726
"Congo, Rep.",COG,2001,2796704604.03812
"Congo, Rep.",COG,2000,3227927697.57921
"Congo, Rep.",COG,1999,2354772960.28296
"Congo, Rep.",COG,1998,1949481379.21951
"Congo, Rep.",COG,1997,2322719102.6909
"Congo, Rep.",COG,1996,2540697539.05773
"Congo, Rep.",COG,1995,2116003867.75536
"Congo, Rep.",COG,1994,1769365437.78801
"Congo, Rep.",COG,1993,2684323623.14372
"Congo, Rep.",COG,1992,2933222703.0334
"Congo, Rep.",COG,1991,2724853505.80336
"Congo, Rep.",COG,1990,2798746050.11354
"Congo, Rep.",COG,1989,2389593025.60339
"Congo, Rep.",COG,1988,2212536311.99319
"Congo, Rep.",COG,1987,2297753652.34929
"Congo, Rep.",COG,1986,1849268212.30284
"Congo, Rep.",COG,1985,2160872540.03175
"Congo, Rep.",COG,1984,2193581365.34299
"Congo, Rep.",COG,1983,2097274289.75066
"Congo, Rep.",COG,1982,2160640564.56041
"Congo, Rep.",COG,1981,1993512322.62391
"Congo, Rep.",COG,1980,1705796852.89473
"Congo, Rep.",COG,1979,1198749667.42923
"Congo, Rep.",COG,1978,878771772.202149
"Congo, Rep.",COG,1977,765224029.286556
"Congo, Rep.",COG,1976,754549601.391492
"Congo, Rep.",COG,1975,767102680.239967
"Congo, Rep.",COG,1974,585364634.473977
"Congo, Rep.",COG,1973,541973362.610423
"Congo, Rep.",COG,1972,410669263.651798
"Congo, Rep.",COG,1971,322128018.955444
"Congo, Rep.",COG,1970,274960699.885255
"Congo, Rep.",COG,1969,265040036.417215
"Congo, Rep.",COG,1968,251247457.765525
"Congo, Rep.",COG,1967,237397428.13501
"Congo, Rep.",COG,1966,220613581.972601
"Congo, Rep.",COG,1965,198318064.028924
"Congo, Rep.",COG,1964,185693724.905233
"Congo, Rep.",COG,1963,172233430.657858
"Congo, Rep.",COG,1962,166521239.650243
"Congo, Rep.",COG,1961,151675738.926342
"Congo, Rep.",COG,1960,131731862.783017
Costa Rica,CRI,2024,95350423176.5962
Costa Rica,CRI,2023,86497941439.0174
Costa Rica,CRI,2022,69243626028.5936
Costa Rica,CRI,2021,64960725734.1965
Costa Rica,CRI,2020,62395610760.0492
Costa Rica,CRI,2019,64417670521.3545
Costa Rica,CRI,2018,62420164991.5374
Costa Rica,CRI,2017,60516044656.5206
Costa Rica,CRI,2016,58847019609.6549
Costa Rica,CRI,2015,56441920820.5194
Costa Rica,CRI,2014,52016408854.2658
Costa Rica,CRI,2013,50949668841.6696
Costa Rica,CRI,2012,47231655431.7355
Costa Rica,CRI,2011,42762613698.9636
Costa Rica,CRI,2010,37658616951.8038
Costa Rica,CRI,2009,30745714312.6417
Costa Rica,CRI,2008,30801745700.4514
Costa Rica,CRI,2007,26884700709.3146
Costa Rica,CRI,2006,22715540324.3032
Costa Rica,CRI,2005,20040642476.9817
Costa Rica,CRI,2004,18610594846.2083
Costa Rica,CRI,2003,17271760506.9483
Costa Rica,CRI,2002,16578820687.2881
Costa Rica,CRI,2001,15976174336.9721
Costa Rica,CRI,2000,15013629661.8969
Costa Rica,CRI,1999,14254866284.6542
Costa Rica,CRI,1998,13684255946.5765
Costa Rica,CRI,1997,12614602382.2012
Costa Rica,CRI,1996,11678424507.2457
Costa Rica,CRI,1995,11578594259.8675
Costa Rica,CRI,1994,10489903725.0032
Costa Rica,CRI,1993,9564815975.14743
Costa Rica,CRI,1992,8579754757.93237
Costa Rica,CRI,1991,7215725487.30549
Costa Rica,CRI,1990,5711687786.75989
Costa Rica,CRI,1989,5251025767.47627
Costa Rica,CRI,1988,4614629898.40348
Costa Rica,CRI,1987,4532952047.15628
Costa Rica,CRI,1986,4418983870.96774
Costa Rica,CRI,1985,3919203960.39604
Costa Rica,CRI,1984,3660477856.22977
Costa Rica,CRI,1983,3146772630.77263
Costa Rica,CRI,1982,2606623554.56582
Costa Rica,CRI,1981,2623803095.78501
Costa Rica,CRI,1980,4831447001.16686
Costa Rica,CRI,1979,4035519323.22054
Costa Rica,CRI,1978,3523208809.80163
Costa Rica,CRI,1977,3072427012.83547
Costa Rica,CRI,1976,2412555425.90432
Costa Rica,CRI,1975,1960863465.5776
Costa Rica,CRI,1974,1666544754.09836
Costa Rica,CRI,1973,1528925846.25467
Costa Rica,CRI,1972,1238251695.55388
Costa Rica,CRI,1971,1077147537.52472
Costa Rica,CRI,1970,984830158.490566
Costa Rica,CRI,1969,853630203.773585
Costa Rica,CRI,1968,773841494.339623
Costa Rica,CRI,1967,699456618.867925
Costa Rica,CRI,1966,647305630.188679
Costa Rica,CRI,1965,592981162.264151
Costa Rica,CRI,1964,542578367.242598
Costa Rica,CRI,1963,511902136.809973
Costa Rica,CRI,1962,479180824.348506
Costa Rica,CRI,1961,490325181.614275
Costa Rica,CRI,1960,507513829.994855
Cote d'Ivoire,CIV,2024,87113179149.284
Cote d'Ivoire,CIV,2023,80780312569.1646
Cote d'Ivoire,CIV,2022,70922824813.9102
Cote d'Ivoire,CIV,2021,72794636653.7793
Cote d'Ivoire,CIV,2020,63027852805.4204
Cote d'Ivoire,CIV,2019,60382894697.3557
Cote d'Ivoire,CIV,2018,58522477786.6889
Cote d'Ivoire,CIV,2017,52512343996.69
Cote d'Ivoire,CIV,2016,48407761036.8238
Cote d'Ivoire,CIV,2015,45815005169.2651
Cote d'Ivoire,CIV,2014,48843005613.7091
Cote d'Ivoire,CIV,2013,42760235484.6093
Cote d'Ivoire,CIV,2012,36302302877.2977
Cote d'Ivoire,CIV,2011,36693710801.3976
Cote d'Ivoire,CIV,2010,34936307980.063
Cote d'Ivoire,CIV,2009,33886813250.2036
Cote d'Ivoire,CIV,2008,34078240293.2559
Cote d'Ivoire,CIV,2007,28760090953.3081
Cote d'Ivoire,CIV,2006,25281413263.3712
Cote d'Ivoire,CIV,2005,24036918703.1747
Cote d'Ivoire,CIV,2004,23510575681.3686
Cote d'Ivoire,CIV,2003,21251754340.4305
Cote d'Ivoire,CIV,2002,18054383320.8474
Cote d'Ivoire,CIV,2001,16810537043.8407
Cote d'Ivoire,CIV,2000,16577533891.8785
Cote d'Ivoire,CIV,1999,18870992455.568
Cote d'Ivoire,CIV,1998,19619654755.679
Cote d'Ivoire,CIV,1997,18047558037.7036
Cote d'Ivoire,CIV,1996,18071152830.6101
Cote d'Ivoire,CIV,1995,11000146266.5135
Cote d'Ivoire,CIV,1994,8313557510.14757
Cote d'Ivoire,CIV,1993,11045760288.1206
Cote d'Ivoire,CIV,1992,11152971273.9383
Cote d'Ivoire,CIV,1991,10492628580.7484
Cote d'Ivoire,CIV,1990,10795850582.779
Cote d'Ivoire,CIV,1989,9757410644.6679
Cote d'Ivoire,CIV,1988,10255169805.7996
Cote d'Ivoire,CIV,1987,10087654464.8168
Cote d'Ivoire,CIV,1986,9158302099.57957
Cote d'Ivoire,CIV,1985,6977650643.99488
Cote d'Ivoire,CIV,1984,6841639246.8996
Cote d'Ivoire,CIV,1983,6838184772.52063
Cote d'Ivoire,CIV,1982,7567110848.92228
Cote d'Ivoire,CIV,1981,8432589942.39434
Cote d'Ivoire,CIV,1980,10175617609.0962
Cote d'Ivoire,CIV,1979,9142933966.79465
Cote d'Ivoire,CIV,1978,7900526298.31993
Cote d'Ivoire,CIV,1977,6265068189.37782
Cote d'Ivoire,CIV,1976,4662053824.83955
Cote d'Ivoire,CIV,1975,3893839190.26806
Cote d'Ivoire,CIV,1974,3070152309.21903
Cote d'Ivoire,CIV,1973,2508421426.17572
Cote d'Ivoire,CIV,1972,1849400401.64724
Cote d'Ivoire,CIV,1971,1584128509.46873
Cote d'Ivoire,CIV,1970,1455482795.40691
Cote d'Ivoire,CIV,1969,1361360293.42665
Cote d'Ivoire,CIV,1968,1281281276.72357
Cote d'Ivoire,CIV,1967,1082922724.87189
Cote d'Ivoire,CIV,1966,1024102880.05862
Cote d'Ivoire,CIV,1965,919771228.816095
Cote d'Ivoire,CIV,1964,921063326.589918
Cote d'Ivoire,CIV,1963,761047198.029653
Cote d'Ivoire,CIV,1962,645284473.733691
Cote d'Ivoire,CIV,1961,618245634.179831
Cote d'Ivoire,CIV,1960,546203559.344361
Croatia,HRV,2024,92983810328.9088
Croatia,HRV,2023,85624153964.0987
Croatia,HRV,2022,71196498671.1145
Croatia,HRV,2021,69002365163.3368
Croatia,HRV,2020,57959843541.3699
Croatia,HRV,2019,61466721186.3116
Croatia,HRV,2018,61667925219.0755
Croatia,HRV,2017,56182782585.9052
Croatia,HRV,2016,52650714171.8617
Croatia,HRV,2015,50998893384.8289
Croatia,HRV,2014,59606934500.9957
Croatia,HRV,2013,59846265181.8502
Croatia,HRV,2012,57548115904.416
Croatia,HRV,2011,62889007657.3899
Croatia,HRV,2010,58975205417.3439
Croatia,HRV,2009,62315996674.7984
Croatia,HRV,2008,68472854617.2831
Croatia,HRV,2007,59290621398.1561
Croatia,HRV,2006,49583544860.0759
Croatia,HRV,2005,45013119281.806
Croatia,HRV,2004,41836292157.3335
Croatia,HRV,2003,35245317001.8224
Croatia,HRV,2002,26757722428.6781
Croatia,HRV,2001,23066883849.6467
Croatia,HRV,2000,22134411297.473
Croatia,HRV,1999,23777026779.3004
Croatia,HRV,1998,25890228429.7214
Croatia,HRV,1997,24175764812.1218
Croatia,HRV,1996,24150978346.5253
Croatia,HRV,1995,22772394546.6058
Croatia,HRV,1994,15062911616.8222
Croatia,HRV,1993,11259647874.4986
Croatia,HRV,1992,10621169290.9986
Croatia,HRV,1991,18760386774.7973
Croatia,HRV,1990,25650213279.6781
Cuba,CUB,2020,107352000000.0
Cuba,CUB,2019,103427600000.0
Cuba,CUB,2018,100050036100.0
Cuba,CUB,2017,96850649700.0
Cuba,CUB,2016,91370407900.0
Cuba,CUB,2015,87132800000.0
Cuba,CUB,2014,80656100000.0
Cuba,CUB,2013,77148000000.0
Cuba,CUB,2012,73141000000.0
Cuba,CUB,2011,68990000000.0
Cuba,CUB,2010,59562962962.963
Cuba,CUB,2009,57481481481.4815
Cuba,CUB,2008,56302129629.6296
Cuba,CUB,2007,54262870370.3704
Cuba,CUB,2006,48835925925.9259
Cuba,CUB,2005,42643836100.0
Cuba,CUB,2004,38203000000.0
Cuba,CUB,2003,35901200000.0
Cuba,CUB,2002,33590500000.0
Cuba,CUB,2001,31682400000.0
Cuba,CUB,2000,30565400000.0
Cuba,CUB,1999,28364615200.0
Cuba,CUB,1998,25736331200.0
Cuba,CUB,1997,25365908100.0
Cuba,CUB,1996,25017368700.0
Cuba,CUB,1995,30429803651.2192
Cuba,CUB,1994,28448326756.7568
Cuba,CUB,1993,22367254864.8649
Cuba,CUB,1992,22085858243.2432
Cuba,CUB,1991,24316556025.6585
Cuba,CUB,1990,28645436569.1489
Cuba,CUB,1989,27023468665.8977
Cuba,CUB,1988,27458999472.2955
Cuba,CUB,1987,25213935012.0819
Cuba,CUB,1986,24226574634.0293
Cuba,CUB,1985,22920490774.102
Cuba,CUB,1984,24039383608.4235
Cuba,CUB,1983,22204940512.2235
Cuba,CUB,1982,20953510235.2941
Cuba,CUB,1981,20150254096.3855
Cuba,CUB,1980,19912889861.1111
Cuba,CUB,1979,19584443287.6712
Cuba,CUB,1978,17844705324.6753
Cuba,CUB,1977,14206158674.6988
Cuba,CUB,1976,13789579902.5579
Cuba,CUB,1975,13027415243.9024
Cuba,CUB,1974,11405957317.0732
Cuba,CUB,1973,9987709650.18094
Cuba,CUB,1972,8135150891.92025
Cuba,CUB,1971,6914658400.0
Cuba,CUB,1970,5693005200.0
Curacao,CUW,2024,3561178196.20713
Curacao,CUW,2023,3281419347.37053
Curacao,CUW,2022,3075180834.72417
Curacao,CUW,2021,2739594359.5908
Curacao,CUW,2020,2534327592.49914
Curacao,CUW,2019,3026124115.73275
Curacao,CUW,2018,3046364819.53197
Curacao,CUW,2017,3033433248.15988
Curacao,CUW,2016,3024690188.01683
Curacao,CUW,2015,3058779211.89831
Curacao,CUW,2014,3059406995.39666
Curacao,CUW,2013,3033568606.16651
Curacao,CUW,2012,3012836256.55523
Curacao,CUW,2011,2930092237.27161
Curacao,CUW,2010,2951342793.29609
Curacao,CUW,2009,2869153184.35754
Curacao,CUW,2008,2833476145.2514
Curacao,CUW,2007,2593831508.37989
Curacao,CUW,2006,2457581731.84358
Curacao,CUW,2005,2344637262.56983
Curacao,CUW,2004,2237160502.7933
Curacao,CUW,2003,2202117374.30168
Curacao,CUW,2002,2160784692.73743
Curacao,CUW,2001,2143450726.25698
Curacao,CUW,2000,2120511229.05028
Cyprus,CYP,2024,37634533331.8902
Cyprus,CYP,2023,35075423857.0996
Cyprus,CYP,2022,31218038929.0919
Cyprus,CYP,2021,30372642502.4897
Cyprus,CYP,2020,25555093854.2968
Cyprus,CYP,2019,26196667099.5303
Cyprus,CYP,2018,25754001367.5448
Cyprus,CYP,2017,22946570628.7576
Cyprus,CYP,2016,21046462280.5979
Cyprus,CYP,2015,19909278416.8575
Cyprus,CYP,2014,23225918259.9824
Cyprus,CYP,2013,23959712860.8331
Cyprus,CYP,2012,25047436974.6819
Cyprus,CYP,2011,27641549301.6561
Cyprus,CYP,2010,25799940077.6075
Cyprus,CYP,2009,26048179949.1741
Cyprus,CYP,2008,27844646257.507
Cyprus,CYP,2007,23968727073.6381
Cyprus,CYP,2006,20072754986.8272
Cyprus,CYP,2005,18433412510.8817
Cyprus,CYP,2004,17320551250.0
Cyprus,CYP,2003,14547329558.3239
Cyprus,CYP,2002,11420228846.1538
Cyprus,CYP,2001,10397898907.1038
Cyprus,CYP,2000,9985847313.85485
Cyprus,CYP,1999,10497907227.616
Cyprus,CYP,1998,10248618778.2805
Cyprus,CYP,1997,9547816419.61231
Cyprus,CYP,1996,10011914680.0502
Cyprus,CYP,1995,9933137128.07244
Cyprus,CYP,1994,7425703928.57143
Cyprus,CYP,1993,6590291048.29211
Cyprus,CYP,1992,6912150456.32334
Cyprus,CYP,1991,5770197348.48485
Cyprus,CYP,1990,5591130217.66965
Cyprus,CYP,1989,4563482603.5503
Cyprus,CYP,1988,4278792597.23965
Cyprus,CYP,1987,3704813885.50548
Cyprus,CYP,1986,3090734463.27684
Cyprus,CYP,1985,2430411900.19194
Cyprus,CYP,1984,2278248953.14058
Cyprus,CYP,1983,2160364071.19021
Cyprus,CYP,1982,2159242416.76942
Cyprus,CYP,1981,2087496373.77964
Cyprus,CYP,1980,2154311276.94859
Cyprus,CYP,1979,1288699776.05059
Cyprus,CYP,1978,964024364.43274
Cyprus,CYP,1977,734876021.128049
Cyprus,CYP,1976,576090073.715036
Cyprus,CYP,1975,489912574.305146
Czechia,CZE,2024,347034062928.479
Czechia,CZE,2023,345059295659.911
Czechia,CZE,2022,301831228325.556
Czechia,CZE,2021,290972714482.313
Czechia,CZE,2020,251109660602.536
Czechia,CZE,2019,256794209028.77
Czechia,CZE,2018,251992360762.236
Czechia,CZE,2017,221563575696.217
Czechia,CZE,2016,198160659303.939
Czechia,CZE,2015,189107698561.919
Czechia,CZE,2014,210911285077.683
Czechia,CZE,2013,213024360541.119
Czechia,CZE,2012,210363223087.728
Czechia,CZE,2011,231429378717.312
Czechia,CZE,2010,211168667286.27
Czechia,CZE,2009,206971882704.716
Czechia,CZE,2008,236506264753.95
Czechia,CZE,2007,190040702286.917
Czechia,CZE,2006,156236258386.589
Czechia,CZE,2005,137264185596.1
Czechia,CZE,2004,120147899983.657
Czechia,CZE,2003,100435924704.881
Czechia,CZE,2002,82607869609.574
Czechia,CZE,2001,68135304463.9641
Czechia,CZE,2000,62175642238.0847
Czechia,CZE,1999,65586562604.8621
Czechia,CZE,1998,67187217327.7326
Czechia,CZE,1997,62539765163.1302
Czechia,CZE,1996,67804105329.8557
Czechia,CZE,1995,60572381311.2283
Czechia,CZE,1994,48188478339.4129
Czechia,CZE,1993,41155654032.1751
Czechia,CZE,1992,35051065440.3962
Czechia,CZE,1991,30071014282.3218
Czechia,CZE,1990,41016881802.4843
Denmark,DNK,2024,424524722037.047
Denmark,DNK,2023,404651706117.557
Denmark,DNK,2022,400114306337.077
Denmark,DNK,2021,406110162088.054
Denmark,DNK,2020,355631021931.621
Denmark,DNK,2019,345401473012.615
Denmark,DNK,2018,355293374912.393
Denmark,DNK,2017,331610593961.988
Denmark,DNK,2016,312181849372.233
Denmark,DNK,2015,301758922337.637
Denmark,DNK,2014,352832602064.452
Denmark,DNK,2013,344631016965.12
Denmark,DNK,2012,326792574244.963
Denmark,DNK,2011,344315595263.175
Denmark,DNK,2010,322345594075.47
Denmark,DNK,2009,322619152194.594
Denmark,DNK,2008,354979471960.142
Denmark,DNK,2007,320213157595.018
Denmark,DNK,2006,283386151543.687
Denmark,DNK,2005,265150087711.985
Denmark,DNK,2004,251986155630.852
Denmark,DNK,2003,218421193436.252
Denmark,DNK,2002,178788209558.311
Denmark,DNK,2001,164881594415.341
Denmark,DNK,2000,164043817223.59
Denmark,DNK,1999,177887720535.535
Denmark,DNK,1998,176877077513.133
Denmark,DNK,1997,173241365735.483
Denmark,DNK,1996,187481157845.724
Denmark,DNK,1995,184848481008.139
Denmark,DNK,1994,156017919221.457
Denmark,DNK,1993,143111306004.102
Denmark,DNK,1992,152966494259.538
Denmark,DNK,1991,139180507777.691
Denmark,DNK,1990,138217740684.484
Denmark,DNK,1989,112312200760.581
Denmark,DNK,1988,115540189705.118
Denmark,DNK,1987,109183446340.073
Denmark,DNK,1986,87748695216.9077
Denmark,DNK,1985,62452421010.9094
Denmark,DNK,1984,58868891334.9941
Denmark,DNK,1983,60331158447.2389
Denmark,DNK,1982,60084214872.0657
Denmark,DNK,1981,61459941460.5385
Denmark,DNK,1980,70811287815.6106
Denmark,DNK,1979,70393030602.547
Denmark,DNK,1978,60320089217.713
Denmark,DNK,1977,49711709588.2196
Denmark,DNK,1976,44503607444.1687
Denmark,DNK,1975,40418967665.5877
Denmark,DNK,1974,34125712480.9267
Denmark,DNK,1973,30718181337.3006
Denmark,DNK,1972,23230667549.2496
Denmark,DNK,1971,19086192720.4664
Denmark,DNK,1970,17075457733.3333
Denmark,DNK,1969,15414902666.6667
Denmark,DNK,1968,13505574133.3333
Denmark,DNK,1967,13059064805.8774
Denmark,DNK,1966,11931740293.0378
Denmark,DNK,1965,10870670865.3211
Denmark,DNK,1964,9677401337.17309
Denmark,DNK,1963,8466044979.87996
Denmark,DNK,1962,7953274741.29303
Denmark,DNK,1961,7058361229.35415
Denmark,DNK,1960,6361166544.50349
Djibouti,DJI,2024,4152145939.98458
Djibouti,DJI,2023,3898447007.38798
Djibouti,DJI,2022,3562814908.76149
Djibouti,DJI,2021,3392796953.08939
Djibouti,DJI,2020,3144136196.6228
Djibouti,DJI,2019,3088851450.30694
Djibouti,DJI,2018,2913464658.08768
Djibouti,DJI,2017,2762581334.22612
Djibouti,DJI,2016,2604955228.70117
Djibouti,DJI,2015,2424391785.43897
Djibouti,DJI,2014,2220637966.25047
Djibouti,DJI,2013,2044440443.16654
Djibouti,DJI,2012,1353632941.5207
Djibouti,DJI,2011,1239144501.77525
Djibouti,DJI,2010,1128611700.3618
Djibouti,DJI,2009,1049110684.72493
Djibouti,DJI,2008,999105339.267729
Djibouti,DJI,2007,847918929.107984
Djibouti,DJI,2006,768873684.032838
Djibouti,DJI,2005,708633194.726566
Djibouti,DJI,2004,666072101.777505
Djibouti,DJI,2003,622044665.515049
Djibouti,DJI,2002,591122039.601398
Djibouti,DJI,2001,572417440.820162
Djibouti,DJI,2000,551230861.856505
Djibouti,DJI,1999,536080148.097299
Djibouti,DJI,1998,514267869.300758
Djibouti,DJI,1997,502675542.001227
Djibouti,DJI,1996,494004647.73437
Djibouti,DJI,1995,497723960.589913
Djibouti,DJI,1994,491689220.744875
Djibouti,DJI,1993,466048469.22986
Djibouti,DJI,1992,478058304.871118
Djibouti,DJI,1991,462421998.525779
Djibouti,DJI,1990,452328087.282876
Djibouti,DJI,1989,409220087.102818
Djibouti,DJI,1988,395794538.630775
Djibouti,DJI,1987,373371738.286415
Djibouti,DJI,1985,340989527.967995
Dominica,DMA,2024,688881481.481481
Dominica,DMA,2023,659311111.111111
Dominica,DMA,2022,623062962.962963
Dominica,DMA,2021,562911111.111111
Dominica,DMA,2020,528944444.444444
Dominica,DMA,2019,644259259.259259
Dominica,DMA,2018,628244444.444444
Dominica,DMA,2017,563355555.555555
Dominica,DMA,2016,612711111.111111
Dominica,DMA,2015,583177777.777778
Dominica,DMA,2014,572255555.555555
Dominica,DMA,2013,545325925.925926
Dominica,DMA,2012,520355555.555556
Dominica,DMA,2011,532081481.481481
Dominica,DMA,2010,519859259.259259
Dominica,DMA,2009,515618518.518519
Dominica,DMA,2008,480003703.703704
Dominica,DMA,2007,444685185.185185
Dominica,DMA,2006,416674074.074074
Dominica,DMA,2005,391455555.555556
Dominica,DMA,2004,396711111.111111
Dominica,DMA,2003,373318518.518519
Dominica,DMA,2002,375200000.0
Dominica,DMA,2001,377462962.962963
Dominica,DMA,2000,333470370.37037
Dominica,DMA,1999,331759259.259259
Dominica,DMA,1998,322411111.111111
Dominica,DMA,1997,302988888.888889
Dominica,DMA,1996,292285185.185185
Dominica,DMA,1995,274522222.222222
Dominica,DMA,1994,264374074.074074
Dominica,DMA,1993,245525925.925926
Dominica,DMA,1992,234059259.259259
Dominica,DMA,1991,219762962.962963
Dominica,DMA,1990,201429629.62963
Dominica,DMA,1989,185137242.962963
Dominica,DMA,1988,171106184.074074
Dominica,DMA,1987,151868754.444444
Dominica,DMA,1986,135161958.518519
Dominica,DMA,1985,119491932.962963
Dominica,DMA,1984,109157070.740741
Dominica,DMA,1983,98665191.4814815
Dominica,DMA,1982,89527576.6666667
Dominica,DMA,1981,82107391.1111111
Dominica,DMA,1980,72804653.3333333
Dominica,DMA,1979,55017758.8888889
Dominica,DMA,1978,57130215.5555556
Dominica,DMA,1977,45872947.4074074
Dominican Republic,DOM,2024,124282245638.568
Dominican Republic,DOM,2023,120456239153.739
Dominican Republic,DOM,2022,113478087134.8
Dominican Republic,DOM,2021,94850719516.7127
Dominican Republic,DOM,2020,78546672406.8291
Dominican Republic,DOM,2019,89146130744.723
Dominican Republic,DOM,2018,84994732049.3461
Dominican Republic,DOM,2017,79070274743.1658
Dominican Republic,DOM,2016,75552902635.7075
Dominican Republic,DOM,2015,70966782572.4386
Dominican Republic,DOM,2014,67014329099.5549
Dominican Republic,DOM,2013,62555417414.582
Dominican Republic,DOM,2012,60561635555.6383
Dominican Republic,DOM,2011,57948261615.957
Dominican Republic,DOM,2010,53801053352.5005
Dominican Republic,DOM,2009,48223781476.8909
Dominican Republic,DOM,2008,48091433554.186
Dominican Republic,DOM,2007,43965458508.5056
Dominican Republic,DOM,2006,37879830084.2627
Dominican Republic,DOM,2005,35777560683.9366
Dominican Republic,DOM,2004,22322387382.494
Dominican Republic,DOM,2003,21403167848.1444
Dominican Republic,DOM,2002,27137440786.2562
Dominican Republic,DOM,2001,25601823687.5742
Dominican Republic,DOM,2000,24305780628.6677
Dominican Republic,DOM,1999,22136579396.9218
Dominican Republic,DOM,1998,21672215546.7642
Dominican Republic,DOM,1997,20017450041.3075
Dominican Republic,DOM,1996,18241622547.5908
Dominican Republic,DOM,1995,16637370839.1608
Dominican Republic,DOM,1994,14644734599.4778
Dominican Republic,DOM,1993,13081042400.0
Dominican Republic,DOM,1992,11605382504.0
Dominican Republic,DOM,1991,9824483339.94518
Dominican Republic,DOM,1990,7073675544.79021
Dominican Republic,DOM,1989,6686593059.93691
Dominican Republic,DOM,1988,5374299981.49698
Dominican Republic,DOM,1987,5827050753.25937
Dominican Republic,DOM,1986,6122128557.57243
Dominican Republic,DOM,1985,5044579979.23285
Dominican Republic,DOM,1984,11594000000.0
Dominican Republic,DOM,1983,9220600000.0
Dominican Republic,DOM,1982,8267400000.0
Dominican Republic,DOM,1981,7561300000.0
Dominican Republic,DOM,1980,6761300000.0
Dominican Republic,DOM,1979,5498800000.0
Dominican Republic,DOM,1978,4734400000.0
Dominican Republic,DOM,1977,4587100000.0
Dominican Republic,DOM,1976,3951500000.0
Dominican Republic,DOM,1975,3599200000.0
Dominican Republic,DOM,1974,2925700000.0
Dominican Republic,DOM,1973,2344800000.0
Dominican Republic,DOM,1972,1987400000.0
Dominican Republic,DOM,1971,1666500000.0
Dominican Republic,DOM,1970,1485500000.0
Dominican Republic,DOM,1969,1230500000.0
Dominican Republic,DOM,1968,1079100000.0
Dominican Republic,DOM,1967,1034800000.0
Dominican Republic,DOM,1966,983900000.0
Dominican Republic,DOM,1965,888100000.0
Dominican Republic,DOM,1964,1025599900.0
Dominican Republic,DOM,1963,940799900.0
Dominican Republic,DOM,1962,824100000.0
Dominican Republic,DOM,1961,654100200.0
Dominican Republic,DOM,1960,672399700.0
Ecuador,ECU,2024,124676074700.0
Ecuador,ECU,2023,121147057000.0
Ecuador,ECU,2022,116133121000.0
Ecuador,ECU,2021,107179074000.0
Ecuador,ECU,2020,95865473000.0
Ecuador,ECU,2019,107595830000.0
Ecuador,ECU,2018,107478961000.0
Ecuador,ECU,2017,104467486000.0
Ecuador,ECU,2016,97671433000.0
Ecuador,ECU,2015,97209558000.0
Ecuador,ECU,2014,102717794000.0
Ecuador,ECU,2013,96570334000.0
Ecuador,ECU,2012,87735048000.0
Ecuador,ECU,2011,78986648000.0
Ecuador,ECU,2010,68151329000.0
Ecuador,ECU,2009,60094978000.0
Ecuador,ECU,2008,61139438000.0
Ecuador,ECU,2007,49848725000.0
Ecuador,ECU,2006,45690762000.0
Ecuador,ECU,2005,40278849000.0
Ecuador,ECU,2004,35194947000.0
Ecuador,ECU,2003,30965208000.0
Ecuador,ECU,2002,27054197000.0
Ecuador,ECU,2001,23127055000.0
Ecuador,ECU,2000,17539454727.3637
Ecuador,ECU,1999,19645272636.3182
Ecuador,ECU,1998,27981896948.4742
Ecuador,ECU,1997,28162053026.5133
Ecuador,ECU,1996,25226393196.5983
Ecuador,ECU,1995,24432884442.2211
Ecuador,ECU,1994,22708673336.6683
Ecuador,ECU,1993,18938717358.6793
Ecuador,ECU,1992,18094238119.0595
Ecuador,ECU,1991,16988535267.6338
Ecuador,ECU,1990,15239272611.5809
Ecuador,ECU,1989,13890823704.5545
Ecuador,ECU,1988,13051881851.4068
Ecuador,ECU,1987,13945426859.4657
Ecuador,ECU,1986,15314138472.3282
Ecuador,ECU,1985,17149088413.35
Ecuador,ECU,1984,16912509091.855
Ecuador,ECU,1983,17152477036.5005
Ecuador,ECU,1982,19929846396.4239
Ecuador,ECU,1981,21810759353.7304
Ecuador,ECU,1980,17881508242.4481
Ecuador,ECU,1979,14175160902.0721
Ecuador,ECU,1978,11922497876.4828
Ecuador,ECU,1977,11026342618.1141
Ecuador,ECU,1976,9091921030.17345
Ecuador,ECU,1975,7731674472.07212
Ecuador,ECU,1974,6599257044.12414
Ecuador,ECU,1973,3891754150.23796
Ecuador,ECU,1972,3185986087.33583
Ecuador,ECU,1971,2754219271.03082
Ecuador,ECU,1970,2862503139.00358
Ecuador,ECU,1969,3112165727.38342
Ecuador,ECU,1968,2582179864.15493
Ecuador,ECU,1967,2553595172.08743
Ecuador,ECU,1966,2429308638.838
Ecuador,ECU,1965,2387047395.70254
Ecuador,ECU,1964,2244146102.98333
Ecuador,ECU,1963,1824343870.71407
Ecuador,ECU,1962,1518207703.48997
Ecuador,ECU,1961,1753850955.05808
Ecuador,ECU,1960,2069464937.19791
"Egypt, Arab Rep.",EGY,2024,389059911003.566
"Egypt, Arab Rep.",EGY,2023,395926075163.006
"Egypt, Arab Rep.",EGY,2022,476747720364.742
"Egypt, Arab Rep.",EGY,2021,424671765455.704
"Egypt, Arab Rep.",EGY,2020,383817841547.099
"Egypt, Arab Rep.",EGY,2019,318678815489.749
"Egypt, Arab Rep.",EGY,2018,262588632526.73
"Egypt, Arab Rep.",EGY,2017,248362771739.13
"Egypt, Arab Rep.",EGY,2016,332441717791.411
"Egypt, Arab Rep.",EGY,2015,329366576819.407
"Egypt, Arab Rep.",EGY,2014,305595408895.265
"Egypt, Arab Rep.",EGY,2013,288434108527.132
"Egypt, Arab Rep.",EGY,2012,279116666666.667
"Egypt, Arab Rep.",EGY,2011,235989672977.625
"Egypt, Arab Rep.",EGY,2010,218983666061.706
"Egypt, Arab Rep.",EGY,2009,189147005444.646
"Egypt, Arab Rep.",EGY,2008,162818181818.182
"Egypt, Arab Rep.",EGY,2007,130437828371.278
"Egypt, Arab Rep.",EGY,2006,107426086956.522
"Egypt, Arab Rep.",EGY,2005,89660339660.3397
"Egypt, Arab Rep.",EGY,2004,78782467532.4675
"Egypt, Arab Rep.",EGY,2003,80288461538.4615
"Egypt, Arab Rep.",EGY,2002,85146067415.7303
"Egypt, Arab Rep.",EGY,2001,96684636118.5984
"Egypt, Arab Rep.",EGY,2000,99838543960.0763
"Egypt, Arab Rep.",EGY,1999,90710704806.8416
"Egypt, Arab Rep.",EGY,1998,84828807556.0803
"Egypt, Arab Rep.",EGY,1997,78436578171.0914
"Egypt, Arab Rep.",EGY,1996,67629716981.1321
"Egypt, Arab Rep.",EGY,1995,60159245060.4541
"Egypt, Arab Rep.",EGY,1994,51897983392.6453
"Egypt, Arab Rep.",EGY,1993,46578631452.581
"Egypt, Arab Rep.",EGY,1992,41855986519.4235
"Egypt, Arab Rep.",EGY,1991,37387836490.5284
"Egypt, Arab Rep.",EGY,1990,42978914311.3504
"Egypt, Arab Rep.",EGY,1989,39756299049.9793
"Egypt, Arab Rep.",EGY,1988,34980124929.0176
"Egypt, Arab Rep.",EGY,1987,40455616653.5742
"Egypt, Arab Rep.",EGY,1986,41253507951.3564
"Egypt, Arab Rep.",EGY,1985,39053502251.0732
"Egypt, Arab Rep.",EGY,1984,33971188991.6147
"Egypt, Arab Rep.",EGY,1983,30966239813.7369
"Egypt, Arab Rep.",EGY,1982,27655172413.7931
"Egypt, Arab Rep.",EGY,1981,22136081081.0811
"Egypt, Arab Rep.",EGY,1980,21669908176.3889
"Egypt, Arab Rep.",EGY,1979,18020571428.5714
"Egypt, Arab Rep.",EGY,1978,14811704063.0685
"Egypt, Arab Rep.",EGY,1977,14400806875.9867
"Egypt, Arab Rep.",EGY,1976,13315988083.4161
"Egypt, Arab Rep.",EGY,1975,11632178868.9171
"Egypt, Arab Rep.",EGY,1974,9228963224.60004
"Egypt, Arab Rep.",EGY,1973,10098534613.4411
"Egypt, Arab Rep.",EGY,1972,9299638055.84281
"Egypt, Arab Rep.",EGY,1971,8609283346.08518
"Egypt, Arab Rep.",EGY,1970,8042200452.1477
"Egypt, Arab Rep.",EGY,1969,6524455205.81114
"Egypt, Arab Rep.",EGY,1968,5932242990.65421
"Egypt, Arab Rep.",EGY,1967,5605484298.98275
"Egypt, Arab Rep.",EGY,1966,5278005611.91453
"Egypt, Arab Rep.",EGY,1965,4948667540.41066
"Egypt, Arab Rep.",EGY,1964,4709245761.67881
"Egypt, Arab Rep.",EGY,1963,4187146231.56839
"Egypt, Arab Rep.",EGY,1962,4035462027.39753
"Egypt, Arab Rep.",EGY,1961,4494575611.21289
"Egypt, Arab Rep.",EGY,1960,4206270352.22633
El Salvador,SLV,2024,35364960000.0
El Salvador,SLV,2023,33853940000.0
El Salvador,SLV,2022,31870120000.0
El Salvador,SLV,2021,29043140000.0
El Salvador,SLV,2020,24921190000.0
El Salvador,SLV,2019,26881140000.0
El Salvador,SLV,2018,26020850000.0
El Salvador,SLV,2017,24979190000.0
El Salvador,SLV,2016,24191430000.0
El Salvador,SLV,2015,23438240000.0
El Salvador,SLV,2014,22593470000.0
El Salvador,SLV,2013,21990960000.0
El Salvador,SLV,2012,21386150000.0
El Salvador,SLV,2011,20283780000.0
El Salvador,SLV,2010,18447920000.0
El Salvador,SLV,2009,17601620000.0
El Salvador,SLV,2008,17986890000.0
El Salvador,SLV,2007,17011750000.0
El Salvador,SLV,2006,15999890000.0
El Salvador,SLV,2005,14698000000.0
El Salvador,SLV,2004,13724810900.0
El Salvador,SLV,2003,13243892200.0
El Salvador,SLV,2002,12664190300.0
El Salvador,SLV,2001,12282533600.0
El Salvador,SLV,2000,11784927700.0
El Salvador,SLV,1999,11284197000.0
El Salvador,SLV,1998,10936669900.0
El Salvador,SLV,1997,10221705900.0
El Salvador,SLV,1996,9586327800.0
El Salvador,SLV,1995,8921947100.0
El Salvador,SLV,1994,7679384000.0
El Salvador,SLV,1993,6680269200.0
El Salvador,SLV,1992,5813399300.0
El Salvador,SLV,1991,5252342400.0
El Salvador,SLV,1990,4817542204.0
El Salvador,SLV,1989,4372215300.0
El Salvador,SLV,1988,4189880000.0
El Salvador,SLV,1987,3958045800.0
El Salvador,SLV,1986,3771663200.0
El Salvador,SLV,1985,3800368600.0
El Salvador,SLV,1984,3661683400.0
El Salvador,SLV,1983,3506347800.0
El Salvador,SLV,1982,3399189100.0
El Salvador,SLV,1981,3437200200.0
El Salvador,SLV,1980,3573959900.0
El Salvador,SLV,1979,3463639900.0
El Salvador,SLV,1978,3127960000.0
El Salvador,SLV,1977,2941640100.0
El Salvador,SLV,1976,2328280100.0
El Salvador,SLV,1975,1884120100.0
El Salvador,SLV,1974,1665880000.0
El Salvador,SLV,1973,1442320000.0
El Salvador,SLV,1972,1263720000.0
El Salvador,SLV,1971,1186120000.0
El Salvador,SLV,1970,1132920000.0
El Salvador,SLV,1969,1049400000.0
El Salvador,SLV,1968,1009760100.0
El Salvador,SLV,1967,976200000.0
El Salvador,SLV,1966,929520000.0
El Salvador,SLV,1965,877720000.0
Equatorial Guinea,GNQ,2024,12765777677.0622
Equatorial Guinea,GNQ,2023,12337550583.754
Equatorial Guinea,GNQ,2022,13687643435.6249
Equatorial Guinea,GNQ,2021,12215878032.7166
Equatorial Guinea,GNQ,2020,9893816007.7398
Equatorial Guinea,GNQ,2019,11364133549.7478
Equatorial Guinea,GNQ,2018,13097012133.6159
Equatorial Guinea,GNQ,2017,12200913878.9827
Equatorial Guinea,GNQ,2016,11240808847.8878
Equatorial Guinea,GNQ,2015,13185496881.0174
Equatorial Guinea,GNQ,2014,21765453081.9826
Equatorial Guinea,GNQ,2013,21948834283.7856
Equatorial Guinea,GNQ,2012,22388344143.9131
Equatorial Guinea,GNQ,2011,21357343668.9447
Equatorial Guinea,GNQ,2010,16314443436.2903
Equatorial Guinea,GNQ,2009,15027795173.2187
Equatorial Guinea,GNQ,2008,19749893536.3204
Equatorial Guinea,GNQ,2007,13071718758.7373
Equatorial Guinea,GNQ,2006,10086528698.8604
Equatorial Guinea,GNQ,2005,8217369092.65224
Equatorial Guinea,GNQ,2004,4410764338.66733
Equatorial Guinea,GNQ,2003,2484745935.09329
Equatorial Guinea,GNQ,2002,1806742742.27311
Equatorial Guinea,GNQ,2001,1461139022.02954
Equatorial Guinea,GNQ,2000,1045998496.43872
Equatorial Guinea,GNQ,1999,621117885.668503
Equatorial Guinea,GNQ,1998,370687634.425712
Equatorial Guinea,GNQ,1997,442337870.69437
Equatorial Guinea,GNQ,1996,232463022.802961
Equatorial Guinea,GNQ,1995,141853360.867855
Equatorial Guinea,GNQ,1994,100807002.540195
Equatorial Guinea,GNQ,1993,136047906.245408
Equatorial Guinea,GNQ,1992,134707183.84662
Equatorial Guinea,GNQ,1991,110906028.536862
Equatorial Guinea,GNQ,1990,112119411.489965
Equatorial Guinea,GNQ,1989,88265974.861049
Equatorial Guinea,GNQ,1988,100534656.881732
Equatorial Guinea,GNQ,1987,93345859.52973
Equatorial Guinea,GNQ,1986,76407395.8727542
Equatorial Guinea,GNQ,1985,62118569.9654481
Equatorial Guinea,GNQ,1984,50320914.4065688
Equatorial Guinea,GNQ,1983,44442456.94764
Equatorial Guinea,GNQ,1982,44294647.733479
Equatorial Guinea,GNQ,1981,36731422.8456914
Equatorial Guinea,GNQ,1980,50642880.7737503
Equatorial Guinea,GNQ,1977,103987520.075827
Equatorial Guinea,GNQ,1976,103653049.93797
Equatorial Guinea,GNQ,1975,104295643.388437
Equatorial Guinea,GNQ,1974,94159862.7073691
Equatorial Guinea,GNQ,1973,81203226.9138345
Equatorial Guinea,GNQ,1972,65429198.238708
Equatorial Guinea,GNQ,1971,64946954.756798
Equatorial Guinea,GNQ,1970,66331428.5714286
Equatorial Guinea,GNQ,1969,67225714.2857143
Equatorial Guinea,GNQ,1968,67514285.7142857
Equatorial Guinea,GNQ,1967,72317446.9327193
Equatorial Guinea,GNQ,1966,69110000.0
Equatorial Guinea,GNQ,1965,64748333.3333333
Equatorial Guinea,GNQ,1964,51915000.0
Equatorial Guinea,GNQ,1963,44266666.6666667
Equatorial Guinea,GNQ,1962,37253333.3333333
Eritrea,ERI,2011,2065001626.01626
Eritrea,ERI,2010,1589515447.15447
Eritrea,ERI,2009,1856695551.21951
Eritrea,ERI,2008,1380188800.0
Eritrea,ERI,2007,1317974491.05691
Eritrea,ERI,2006,1211161879.6748
Eritrea,ERI,2005,1098424685.66169
Eritrea,ERI,2004,1109054005.43971
Eritrea,ERI,2003,870248267.550163
Eritrea,ERI,2002,729321680.154324
Eritrea,ERI,2001,752371688.743186
Eritrea,ERI,2000,706370815.584416
Eritrea,ERI,1999,688918537.115555
Eritrea,ERI,1998,745523116.900052
Eritrea,ERI,1997,686490090.140141
Eritrea,ERI,1996,693535954.190067
Eritrea,ERI,1995,578015625.0
Eritrea,ERI,1994,531688311.688312
Eritrea,ERI,1993,467872714.755603
Eritrea,ERI,1992,477101651.648376
Estonia,EST,2024,43130419829.35
Estonia,EST,2023,41470344395.1086
Estonia,EST,2022,38226641740.29
Estonia,EST,2021,37201101170.5847
Estonia,EST,2020,31820771493.8974
Estonia,EST,2019,31873748770.0313
Estonia,EST,2018,31222632740.7247
Estonia,EST,2017,27469461919.1189
Estonia,EST,2016,24561027787.7896
Estonia,EST,2015,23311847750.9394
Estonia,EST,2014,27055689003.0038
Estonia,EST,2013,25451032780.7573
Estonia,EST,2012,23237406116.3988
Estonia,EST,2011,23303915794.7569
Estonia,EST,2010,19524355419.038
Estonia,EST,2009,19633984440.1223
Estonia,EST,2008,24342935403.5447
Estonia,EST,2007,22450264166.4385
Estonia,EST,2006,17025671810.3124
Estonia,EST,2005,14109491356.7964
Estonia,EST,2004,12148595031.0559
Estonia,EST,2003,9876595528.45528
Estonia,EST,2002,7370119619.4782
Estonia,EST,2001,6250218422.70164
Estonia,EST,2000,5686579747.53524
Estonia,EST,1999,5756912265.75809
Estonia,EST,1998,5674080542.88575
Estonia,EST,1997,5154420649.23354
Estonia,EST,1996,4786018988.16491
Estonia,EST,1995,4502970889.06373
Estonia,EST,1994,4123011419.74174
Estonia,EST,1993,4013091682.2914
Eswatini,SWZ,2024,4858885840.77236
Eswatini,SWZ,2023,4621191261.84214
Eswatini,SWZ,2022,4746660273.50829
Eswatini,SWZ,2021,4807069277.20114
Eswatini,SWZ,2020,4134677809.50096
Eswatini,SWZ,2019,4617018958.69086
Eswatini,SWZ,2018,4643751059.28203
Eswatini,SWZ,2017,4462640651.49219
Eswatini,SWZ,2016,3722306116.72872
Eswatini,SWZ,2015,3908217914.21824
Eswatini,SWZ,2014,4285065665.03168
Eswatini,SWZ,2013,4463396204.01995
Eswatini,SWZ,2012,4747813067.26006
Eswatini,SWZ,2011,4722912047.32265
Eswatini,SWZ,2010,4360714358.88708
Eswatini,SWZ,2009,3525213502.43118
Eswatini,SWZ,2008,3235921170.5095
Eswatini,SWZ,2007,3391122887.17476
Eswatini,SWZ,2006,3215307900.74767
Eswatini,SWZ,2005,3097946371.06311
Eswatini,SWZ,2004,2710331785.24986
Eswatini,SWZ,2003,2149632433.27703
Eswatini,SWZ,2002,1393945030.65105
Eswatini,SWZ,2001,1502870485.88122
Eswatini,SWZ,2000,1697161557.89452
Eswatini,SWZ,1999,1547888495.98428
Eswatini,SWZ,1998,1576908856.34674
Eswatini,SWZ,1997,1716714070.12471
Eswatini,SWZ,1996,1602741833.70552
Eswatini,SWZ,1995,1698989463.99106
Eswatini,SWZ,1994,1419294254.4183
Eswatini,SWZ,1993,1357189551.68431
Eswatini,SWZ,1992,1284759927.54594
Eswatini,SWZ,1991,1156135717.94598
Eswatini,SWZ,1990,1114694040.66987
Eswatini,SWZ,1989,696921542.378265
Eswatini,SWZ,1988,692026454.737872
Eswatini,SWZ,1987,584126092.258819
Eswatini,SWZ,1986,449140318.385038
Eswatini,SWZ,1985,360079419.385958
Eswatini,SWZ,1984,494483408.878468
Eswatini,SWZ,1983,555336145.767884
Eswatini,SWZ,1982,537568059.413381
Eswatini,SWZ,1981,570774824.830585
Eswatini,SWZ,1980,541976852.577057
Eswatini,SWZ,1979,412093133.760988
Eswatini,SWZ,1978,340630085.157521
Eswatini,SWZ,1977,304060076.015019
Eswatini,SWZ,1976,272550068.137517
Eswatini,SWZ,1975,288299788.508035
Eswatini,SWZ,1974,264320940.959002
Eswatini,SWZ,1973,221915127.550763
Eswatini,SWZ,1972,146736479.235097
Eswatini,SWZ,1971,136462080.739132
Eswatini,SWZ,1970,112139955.144018
Eswatini,SWZ,1969,105419957.832017
Eswatini,SWZ,1968,79799968.0800128
Eswatini,SWZ,1967,74759970.096012
Eswatini,SWZ,1966,76859969.2560123
Eswatini,SWZ,1965,70279971.8880112
Eswatini,SWZ,1964,64980554.0077784
Eswatini,SWZ,1963,54129438.3482247
Eswatini,SWZ,1962,45927961.6288154
Eswatini,SWZ,1961,43026042.7895829
Eswatini,SWZ,1960,35076845.9692616
Ethiopia,ETH,2024,149740297952.986
Ethiopia,ETH,2023,135874093202.492
Ethiopia,ETH,2022,123140304666.0
Ethiopia,ETH,2021,109070960371.859
Ethiopia,ETH,2020,98676811061.4035
Ethiopia,ETH,2019,91834517112.628
Ethiopia,ETH,2018,83337901071.9697
Ethiopia,ETH,2017,76366081766.6667
Ethiopia,ETH,2016,68475871209.607
Ethiopia,ETH,2015,62103418181.8182
Ethiopia,ETH,2014,55612228233.5179
Ethiopia,ETH,2013,47648276605.0123
Ethiopia,ETH,2012,43310721414.0829
Ethiopia,ETH,2011,31952763089.33
Ethiopia,ETH,2010,29933790334.3418
Ethiopia,ETH,2009,32437389116.038
Ethiopia,ETH,2008,27066912635.2228
Ethiopia,ETH,2007,19707616772.7996
Ethiopia,ETH,2006,15280861834.6024
Ethiopia,ETH,2005,12401139453.9738
Ethiopia,ETH,2004,10131187261.4421
Ethiopia,ETH,2003,8623691300.04079
Ethiopia,ETH,2002,7850809498.16803
Ethiopia,ETH,2001,8231326016.47494
Ethiopia,ETH,2000,8242349617.8638
Ethiopia,ETH,1999,7892973531.80045
Ethiopia,ETH,1998,8013274131.69715
Ethiopia,ETH,1997,8803539988.33248
Ethiopia,ETH,1996,8761215548.48614
Ethiopia,ETH,1995,7855205206.93405
Ethiopia,ETH,1994,7100806753.92942
Ethiopia,ETH,1993,9051043870.12197
Ethiopia,ETH,1992,10754799036.5745
Ethiopia,ETH,1991,13799799323.6715
Ethiopia,ETH,1990,12478943895.1691
Ethiopia,ETH,1989,11762932007.2464
Ethiopia,ETH,1988,11181119717.8744
Ethiopia,ETH,1987,10790001557.971
Ethiopia,ETH,1986,10094328898.0676
Ethiopia,ETH,1985,9717392686.95652
Ethiopia,ETH,1984,8298309580.67633
Ethiopia,ETH,1983,8781664427.05314
Ethiopia,ETH,1982,7899988840.57971
Ethiopia,ETH,1981,7507663566.66667
Ethiopia,ETH,1980,7012585454.10628
Ethiopia,ETH,1979,6586048398.06763
Ethiopia,ETH,1978,6014961434.78261
Ethiopia,ETH,1977,5651840584.54106
Ethiopia,ETH,1976,4943806093.23672
Ethiopia,ETH,1975,4577047854.10628
Ethiopia,ETH,1974,4577209966.18358
Ethiopia,ETH,1973,4070570549.8642
Ethiopia,ETH,1972,3520252938.26087
Ethiopia,ETH,1971,3224280834.97092
Ethiopia,ETH,1970,3045354454.8
Ethiopia,ETH,1969,2768987372.0
Ethiopia,ETH,1968,2619948864.8
Ethiopia,ETH,1967,2461762002.8
Ethiopia,ETH,1966,2324466416.0
Ethiopia,ETH,1965,2159998591.2
Ethiopia,ETH,1964,1984129185.6
Ethiopia,ETH,1963,1825058827.83853
Ethiopia,ETH,1962,1747566307.0997
Ethiopia,ETH,1961,1680859514.1016
Ethiopia,ETH,1960,1610511693.84215
Faroe Islands,FRO,2024,4052937169.76536
Faroe Islands,FRO,2023,3943131022.2291
Faroe Islands,FRO,2022,3615241800.50058
Faroe Islands,FRO,2021,3699551717.10561
Faroe Islands,FRO,2020,3271813311.5831
Faroe Islands,FRO,2019,3266432734.22819
Faroe Islands,FRO,2018,3188600927.46688
Faroe Islands,FRO,2017,2980057377.87967
Faroe Islands,FRO,2016,2813278868.78208
Faroe Islands,FRO,2015,2573905971.05459
Faroe Islands,FRO,2014,2914012679.27277
Faroe Islands,FRO,2013,2690110520.92548
Faroe Islands,FRO,2012,2427200388.91831
Faroe Islands,FRO,2011,2505740669.27039
Faroe Islands,FRO,2010,2331796784.36009
Faroe Islands,FRO,2009,2296065170.05552
Faroe Islands,FRO,2008,2489873249.62815
Faroe Islands,FRO,2007,2339015313.29513
Faroe Islands,FRO,2006,2017680834.89917
Faroe Islands,FRO,2005,1759739599.22694
Faroe Islands,FRO,2004,1724770770.83393
Faroe Islands,FRO,2003,1501941580.88903
Faroe Islands,FRO,2002,1275093689.27107
Faroe Islands,FRO,2001,1160268212.07291
Faroe Islands,FRO,2000,1067109530.64798
Faroe Islands,FRO,1999,1127684827.35686
Faroe Islands,FRO,1998,1104744235.30111
Faroe Islands,FRO,1997,933763083.395627
Faroe Islands,FRO,1996,989536914.659081
Faroe Islands,FRO,1995,901404709.830684
Faroe Islands,FRO,1994,758739178.612171
Faroe Islands,FRO,1993,760957189.757646
Faroe Islands,FRO,1992,912670413.325883
Faroe Islands,FRO,1991,909253214.82608
Faroe Islands,FRO,1990,960805408.949872
Faroe Islands,FRO,1989,871935350.384909
Faroe Islands,FRO,1988,968576956.930265
Faroe Islands,FRO,1987,886508622.334316
Faroe Islands,FRO,1986,688914288.878298
Faroe Islands,FRO,1985,459307281.195335
Faroe Islands,FRO,1984,426008864.692169
Faroe Islands,FRO,1983,486605127.702681
Faroe Islands,FRO,1982,444047495.320099
Faroe Islands,FRO,1981,456244919.010912
Faroe Islands,FRO,1980,493014300.005217
Faroe Islands,FRO,1979,448568492.658561
Faroe Islands,FRO,1978,397833034.884512
Faroe Islands,FRO,1977,347798304.635267
Faroe Islands,FRO,1976,270470345.449357
Faroe Islands,FRO,1975,227404436.013679
Faroe Islands,FRO,1974,196771070.895339
Faroe Islands,FRO,1973,161236465.823622
Faroe Islands,FRO,1972,119335897.815202
Faroe Islands,FRO,1971,99219082.8537991
Faroe Islands,FRO,1970,84933333.3333333
Faroe Islands,FRO,1969,70106666.6666667
Faroe Islands,FRO,1968,65186666.6666667
Faroe Islands,FRO,1967,66225403.5588069
Faroe Islands,FRO,1966,64397131.0846457
Faroe Islands,FRO,1965,57954522.4217259
Fiji,FJI,2024,5968125909.27126
Fiji,FJI,2023,5476673518.13788
Fiji,FJI,2022,4977861885.60316
Fiji,FJI,2021,4158873156.17978
Fiji,FJI,2020,4227719873.3865
Fiji,FJI,2019,5344907153.46698
Fiji,FJI,2018,5581425327.44397
Fiji,FJI,2017,5353469174.47838
Fiji,FJI,2016,4930213644.36653
Fiji,FJI,2015,4682479893.97558
Fiji,FJI,2014,4857104768.86844
Fiji,FJI,2013,4189967998.51424
Fiji,FJI,2012,3972028104.47328
Fiji,FJI,2011,3779411899.37483
Fiji,FJI,2010,3140166712.79624
Fiji,FJI,2009,2870624635.68032
Fiji,FJI,2008,3523185919.55826
Fiji,FJI,2007,3378314599.76402
Fiji,FJI,2006,3076305452.86506
Fiji,FJI,2005,2980403844.72096
Fiji,FJI,2004,2708078476.63012
Fiji,FJI,2003,2300492465.32276
Fiji,FJI,2002,1833279985.36741
Fiji,FJI,2001,1652462023.46215
Fiji,FJI,2000,1678219507.89829
Fiji,FJI,1999,1936459986.03795
Fiji,FJI,1998,1653146716.58235
Fiji,FJI,1997,2090221137.02876
Fiji,FJI,1996,2128696643.62574
Fiji,FJI,1995,1970301486.20561
Fiji,FJI,1994,1825732092.54674
Fiji,FJI,1993,1636101246.9394
Fiji,FJI,1992,1532411039.05479
Fiji,FJI,1991,1383883249.591
Fiji,FJI,1990,1337017559.49728
Fiji,FJI,1989,1182660265.76635
Fiji,FJI,1988,1110009522.75743
Fiji,FJI,1987,1177947965.12142
Fiji,FJI,1986,1290267339.65006
Fiji,FJI,1985,1141168943.97661
Fiji,FJI,1984,1178000677.99929
Fiji,FJI,1983,1123085190.06509
Fiji,FJI,1982,1194059943.22478
Fiji,FJI,1981,1235626770.50924
Fiji,FJI,1980,1202618816.20852
Fiji,FJI,1979,1019691460.17376
Fiji,FJI,1978,829267889.429373
Fiji,FJI,1977,719501765.783049
Fiji,FJI,1976,694540806.380644
Fiji,FJI,1975,684282434.361095
Fiji,FJI,1974,558587097.382833
Fiji,FJI,1973,425950487.519894
Fiji,FJI,1972,316656648.698957
Fiji,FJI,1971,247749327.721267
Fiji,FJI,1970,219878482.173564
Fiji,FJI,1969,182182067.703568
Fiji,FJI,1968,166952937.135005
Fiji,FJI,1967,162625885.863484
Fiji,FJI,1966,150603925.515853
Fiji,FJI,1965,147084750.031482
Fiji,FJI,1964,140032741.468329
Fiji,FJI,1963,129454728.623599
Fiji,FJI,1962,122906434.957814
Fiji,FJI,1961,116987784.913739
Fiji,FJI,1960,112328422.113084
Finland,FIN,2024,298696961297.656
Finland,FIN,2023,295021982462.75
Finland,FIN,2022,280253099309.34
Finland,FIN,2021,294223210496.119
Finland,FIN,2020,270000311606.226
Finland,FIN,2019,267014821129.411
Finland,FIN,2018,273869255596.078
Finland,FIN,2017,253846138440.0
Finland,FIN,2016,238777818792.608
Finland,FIN,2015,233210733506.25
Finland,FIN,2014,273478528954.901
Finland,FIN,2013,270268036626.275
Finland,FIN,2012,257443384492.969
Finland,FIN,2011,275126915515.565
Finland,FIN,2010,249429613683.334
Finland,FIN,2009,253480783439.453
Finland,FIN,2008,285698662071.094
Finland,FIN,2007,256360251537.648
Finland,FIN,2006,217044068234.117
Finland,FIN,2005,204859368790.661
Finland,FIN,2004,197458297639.769
Finland,FIN,2003,171612867735.686
Finland,FIN,2002,140360963811.765
Finland,FIN,2001,129519672868.898
Finland,FIN,2000,125967821110.589
Finland,FIN,1999,135234241918.147
Finland,FIN,1998,133990876724.522
Finland,FIN,1997,126862902302.142
Finland,FIN,1996,131991975148.848
Finland,FIN,1995,134060457516.34
Finland,FIN,1994,103182697780.307
Finland,FIN,1993,89112105756.2194
Finland,FIN,1992,112537828510.751
Finland,FIN,1991,127794441993.824
Finland,FIN,1990,141446120354.533
Finland,FIN,1989,118991270611.057
Finland,FIN,1988,109039090262.971
Finland,FIN,1987,91564993913.1611
Finland,FIN,1986,73511611541.1682
Finland,FIN,1985,55856676899.4628
Finland,FIN,1984,52870993272.6553
Finland,FIN,1983,50956447480.7857
Finland,FIN,1982,52784013815.2214
Finland,FIN,1981,52440066133.9212
Finland,FIN,1980,53649984061.205
Finland,FIN,1979,44469218439.9328
Finland,FIN,1978,36259392057.7617
Finland,FIN,1977,33502784417.884
Finland,FIN,1976,31852352669.6415
Finland,FIN,1975,29475251333.4411
Finland,FIN,1974,24851036710.2568
Finland,FIN,1973,19474098335.1486
Finland,FIN,1972,14744499569.8308
Finland,FIN,1971,12528522307.4737
Finland,FIN,1970,11358529161.9479
Finland,FIN,1969,10177524838.9004
Finland,FIN,1968,8916565040.54632
Finland,FIN,1967,9468272357.09549
Finland,FIN,1966,9306142171.60056
Finland,FIN,1965,8680393838.88018
Finland,FIN,1964,7848987792.54261
Finland,FIN,1963,6958916548.12933
Finland,FIN,1962,6407796042.70357
Finland,FIN,1961,5984433774.41601
Finland,FIN,1960,5279481824.12983
France,FRA,2024,3160442622465.08
France,FRA,2023,3056250648138.29
France,FRA,2022,2794788137066.94
France,FRA,2021,2966433692008.09
France,FRA,2020,2647926055110.05
France,FRA,2019,2722793515171.76
France,FRA,2018,2781576320884.39
France,FRA,2017,2588868323334.71
France,FRA,2016,2470407619777.13
France,FRA,2015,2442483452642.5
France,FRA,2014,2861236112552.42
France,FRA,2013,2816077607875.26
France,FRA,2012,2683007095787.23
France,FRA,2011,2870408553990.28
France,FRA,2010,2646230027988.34
France,FRA,2009,2700075882518.98
France,FRA,2008,2926802941585.86
France,FRA,2007,2655816911866.56
France,FRA,2006,2317861544690.82
France,FRA,2005,2192146403028.17
France,FRA,2004,2109792297237.03
France,FRA,2003,1835095983049.09
France,FRA,2002,1492427756382.43
France,FRA,2001,1370376677298.86
France,FRA,2000,1360959069477.49
France,FRA,1999,1486915879701.93
France,FRA,1998,1496906382032.47
France,FRA,1997,1449392222971.45
France,FRA,1996,1598889216566.23
France,FRA,1995,1595219345511.89
France,FRA,1994,1385822778827.98
France,FRA,1993,1314383368079.69
France,FRA,1992,1389663073110.28
France,FRA,1991,1258961748633.88
France,FRA,1990,1257649439826.53
France,FRA,1989,1016742237302.08
France,FRA,1988,1010827662151.75
France,FRA,1987,926320855614.973
France,FRA,1986,764946585850.933
France,FRA,1985,547220981165.134
France,FRA,1984,525033325827.516
France,FRA,1983,553356312935.709
France,FRA,1982,578152310609.841
France,FRA,1981,609184791792.396
France,FRA,1980,694529183483.39
France,FRA,1979,608218624730.188
France,FRA,1978,501724418604.651
France,FRA,1977,406401711687.617
France,FRA,1976,368363152144.223
France,FRA,1975,357324307786.446
France,FRA,1974,282739225313.693
France,FRA,1973,261970536240.424
France,FRA,1972,201738881664.499
France,FRA,1971,164694210962.472
France,FRA,1970,147312861698.358
France,FRA,1969,140660914840.59
France,FRA,1968,128710572572.436
France,FRA,1967,118088635380.954
France,FRA,1966,109306730313.216
France,FRA,1965,100927668584.29
France,FRA,1964,93424179943.3453
France,FRA,1963,84227606649.8725
France,FRA,1962,75196980365.0325
France,FRA,1961,67158050215.0488
France,FRA,1960,61959085885.3427
French Polynesia,PYF,2024,6323716355.05009
French Polynesia,PYF,2023,6137447782.87066
French Polynesia,PYF,2022,5622688338.06317
French Polynesia,PYF,2021,5994931236.42282
French Polynesia,PYF,2020,5574821989.38239
French Polynesia,PYF,2019,6022276196.13871
French Polynesia,PYF,2018,6135116253.33452
French Polynesia,PYF,2017,5833352692.7995
French Polynesia,PYF,2016,5497036476.8031
French Polynesia,PYF,2015,5325846361.81186
French Polynesia,PYF,2014,6151996560.84289
French Polynesia,PYF,2013,6031827122.60663
French Polynesia,PYF,2012,5692858099.00217
French Polynesia,PYF,2011,6203940036.91982
French Polynesia,PYF,2010,6086644798.55982
French Polynesia,PYF,2009,6584557973.9375
French Polynesia,PYF,2008,7136741421.95908
French Polynesia,PYF,2007,6631156405.59637
French Polynesia,PYF,2006,5877997979.62266
French Polynesia,PYF,2005,5705052134.54253
French Polynesia,PYF,2004,5564109981.9138
French Polynesia,PYF,2003,4927780606.7707
French Polynesia,PYF,2002,3965405552.5203
French Polynesia,PYF,2001,3573808556.31268
French Polynesia,PYF,2000,3599845480.34359
French Polynesia,PYF,1999,3911602004.14205
French Polynesia,PYF,1998,3903186592.82431
French Polynesia,PYF,1997,3762859093.26192
French Polynesia,PYF,1996,4166072829.60099
French Polynesia,PYF,1995,4186994249.08861
French Polynesia,PYF,1994,3676123788.0323
French Polynesia,PYF,1993,3544608548.41734
French Polynesia,PYF,1992,3713785765.42205
French Polynesia,PYF,1991,3410078967.89823
French Polynesia,PYF,1990,3320159522.36546
French Polynesia,PYF,1989,2731683484.45369
French Polynesia,PYF,1988,2723496362.0482
French Polynesia,PYF,1987,2677977163.2095
French Polynesia,PYF,1986,2212028299.56001
French Polynesia,PYF,1985,1448281228.15738
French Polynesia,PYF,1984,1325515445.08362
French Polynesia,PYF,1983,1284180701.00787
French Polynesia,PYF,1982,1235897957.88874
French Polynesia,PYF,1981,1234743073.00034
French Polynesia,PYF,1980,1320416024.95218
French Polynesia,PYF,1979,1215032463.67336
French Polynesia,PYF,1978,1005569835.39664
French Polynesia,PYF,1977,793196378.708826
French Polynesia,PYF,1976,732288906.273954
French Polynesia,PYF,1975,690323388.529907
French Polynesia,PYF,1974,555340842.860311
French Polynesia,PYF,1973,431252938.061046
French Polynesia,PYF,1972,326433558.076079
French Polynesia,PYF,1971,296865513.746817
French Polynesia,PYF,1970,254036000.752587
French Polynesia,PYF,1969,242943783.142736
French Polynesia,PYF,1968,259590074.527934
French Polynesia,PYF,1967,220984367.626581
French Polynesia,PYF,1966,215659453.550939
French Polynesia,PYF,1965,176534588.403052
Gabon,GAB,2024,20895684425.6752
Gabon,GAB,2023,19388372070.9778
Gabon,GAB,2022,20440655695.1804
Gabon,GAB,2021,19444935097.2395
Gabon,GAB,2020,15342236163.9864
Gabon,GAB,2019,16874405465.391
Gabon,GAB,2018,16867326401.9626
Gabon,GAB,2017,14929487485.1623
Gabon,GAB,2016,14023890265.3665
Gabon,GAB,2015,14383107762.6952
Gabon,GAB,2014,18203966895.8433
Gabon,GAB,2013,17595744798.3398
Gabon,GAB,2012,17170464016.0593
Gabon,GAB,2011,18210307743.5816
Gabon,GAB,2010,14372593020.2885
Gabon,GAB,2009,12113699068.2517
Gabon,GAB,2008,15571348344.3379
Gabon,GAB,2007,12455409587.3371
Gabon,GAB,2006,10327598306.4575
Gabon,GAB,2005,9582783990.85345
Gabon,GAB,2004,7770219008.21293
Gabon,GAB,2003,6511903365.47554
Gabon,GAB,2002,5335451099.88223
Gabon,GAB,2001,5023265413.2623
Gabon,GAB,2000,5080483628.53013
Gabon,GAB,1999,4662992036.2073
Gabon,GAB,1998,4483417309.83011
Gabon,GAB,1997,5326817114.53586
Gabon,GAB,1996,5694040002.89863
Gabon,GAB,1995,4958845648.04778
Gabon,GAB,1994,4190819344.22255
Gabon,GAB,1993,4378645081.01769
Gabon,GAB,1992,5592390827.39854
Gabon,GAB,1991,5402919784.57004
Gabon,GAB,1990,5952293764.84777
Gabon,GAB,1989,4186411463.85975
Gabon,GAB,1988,3834503376.02992
Gabon,GAB,1987,3281797043.04996
Gabon,GAB,1986,3403638189.20049
Gabon,GAB,1985,3339914757.22872
Gabon,GAB,1984,3561451560.50783
Gabon,GAB,1983,3391275731.53751
Gabon,GAB,1982,3618007841.13503
Gabon,GAB,1981,3862269120.53497
Gabon,GAB,1980,4279637942.25144
Gabon,GAB,1979,3030251120.09759
Gabon,GAB,1978,2389479271.66616
Gabon,GAB,1977,2809349069.22118
Gabon,GAB,1976,3009409974.26856
Gabon,GAB,1975,2157592940.04234
Gabon,GAB,1974,1544216001.66059
Gabon,GAB,1973,722780701.295854
Gabon,GAB,1972,430508358.514204
Gabon,GAB,1971,381687072.622379
Gabon,GAB,1970,323802475.512425
Gabon,GAB,1969,318124701.478771
Gabon,GAB,1968,294468564.245272
Gabon,GAB,1967,271543680.048895
Gabon,GAB,1966,245849781.273234
Gabon,GAB,1965,226474285.779063
Gabon,GAB,1964,215679855.342091
Gabon,GAB,1963,154480244.055222
Gabon,GAB,1962,182796536.266025
Gabon,GAB,1961,167637907.122782
Gabon,GAB,1960,141468977.799846
"Gambia, The",GMB,2024,2404888749.21907
"Gambia, The",GMB,2023,2382262184.68273
"Gambia, The",GMB,2022,2204734527.88096
"Gambia, The",GMB,2021,2014158842.14596
"Gambia, The",GMB,2020,1812170891.19069
"Gambia, The",GMB,2019,1813609692.49994
"Gambia, The",GMB,2018,1670671327.81651
"Gambia, The",GMB,2017,1504909462.69521
"Gambia, The",GMB,2016,1484578885.97132
"Gambia, The",GMB,2015,1378176608.93204
"Gambia, The",GMB,2014,1229461721.40861
"Gambia, The",GMB,2013,1375609453.43746
"Gambia, The",GMB,2012,1415004738.26621
"Gambia, The",GMB,2011,1409693596.93594
"Gambia, The",GMB,2010,1543294926.87301
"Gambia, The",GMB,2009,1450142508.57808
"Gambia, The",GMB,2008,1561766955.73024
"Gambia, The",GMB,2007,1279703047.0221
"Gambia, The",GMB,2006,1054112487.74083
"Gambia, The",GMB,2005,1027701067.55688
"Gambia, The",GMB,2004,961900651.423441
"Gambia, The",GMB,2003,487038685.045496
"Gambia, The",GMB,2002,578235309.327198
"Gambia, The",GMB,2001,687410645.063943
"Gambia, The",GMB,2000,782913871.80966
"Gambia, The",GMB,1999,814724032.065735
"Gambia, The",GMB,1998,840285264.631545
"Gambia, The",GMB,1997,803633342.473706
"Gambia, The",GMB,1996,848239446.21576
"Gambia, The",GMB,1995,785999864.840299
"Gambia, The",GMB,1994,746493951.900959
"Gambia, The",GMB,1993,755040974.087322
"Gambia, The",GMB,1992,714254256.122189
"Gambia, The",GMB,1991,690311080.515018
"Gambia, The",GMB,1990,317083695.477797
"Gambia, The",GMB,1989,284120329.401023
"Gambia, The",GMB,1988,266672211.934161
"Gambia, The",GMB,1987,220626484.224811
"Gambia, The",GMB,1986,185646986.824927
"Gambia, The",GMB,1985,225726358.890914
"Gambia, The",GMB,1984,177340880.086204
"Gambia, The",GMB,1983,213448584.936945
"Gambia, The",GMB,1982,216050552.301584
"Gambia, The",GMB,1981,218767743.459101
"Gambia, The",GMB,1980,241083090.303623
"Gambia, The",GMB,1979,207112627.726094
"Gambia, The",GMB,1978,171833086.019624
"Gambia, The",GMB,1977,138093099.09774
"Gambia, The",GMB,1976,112190829.470457
"Gambia, The",GMB,1975,115179719.077633
"Gambia, The",GMB,1974,95796021.6888272
"Gambia, The",GMB,1973,75187749.0961317
"Gambia, The",GMB,1972,59160569.4804413
"Gambia, The",GMB,1971,55728663.222684
"Gambia, The",GMB,1970,52296083.6737339
"Gambia, The",GMB,1969,45168072.2689156
"Gambia, The",GMB,1968,41160065.8561054
"Gambia, The",GMB,1967,46695006.9579374
"Gambia, The",GMB,1966,44212081.3502297
Georgia,GEO,2024,34189423544.9955
Georgia,GEO,2023,30777833600.6515
Georgia,GEO,2022,24984568959.605
Georgia,GEO,2021,18853115588.8106
Georgia,GEO,2020,16010869215.68
Georgia,GEO,2019,17638337116.9126
Georgia,GEO,2018,17902544880.6471
Georgia,GEO,2017,16473125375.0684
Georgia,GEO,2016,15444548901.9637
Georgia,GEO,2015,15223796148.8396
Georgia,GEO,2014,17966015109.3043
Georgia,GEO,2013,17517660143.6859
Georgia,GEO,2012,16894392033.2256
Georgia,GEO,2011,15475290469.2869
Georgia,GEO,2010,12426907967.1578
Georgia,GEO,2009,10766920065.8251
Georgia,GEO,2008,12795145130.9103
Georgia,GEO,2007,10172931088.5655
Georgia,GEO,2006,7745250733.95067
Georgia,GEO,2005,6410912049.87105
Georgia,GEO,2004,5125365191.98664
Georgia,GEO,2003,3991377904.13162
Georgia,GEO,2002,3395766677.67315
Georgia,GEO,2001,3219462262.0075
Georgia,GEO,2000,3057475335.18846
Georgia,GEO,1999,2800025882.71672
Georgia,GEO,1998,3613497316.55319
Georgia,GEO,1997,3510520231.21387
Georgia,GEO,1996,3094936177.1918
Georgia,GEO,1995,2693732611.81599
Georgia,GEO,1994,2513867645.13316
Georgia,GEO,1993,2701181331.30816
Georgia,GEO,1992,3690328963.64086
Georgia,GEO,1991,6324503311.25828
Georgia,GEO,1990,7735927263.59261
Georgia,GEO,1989,8902632715.25406
Georgia,GEO,1988,8833588173.40023
Georgia,GEO,1987,7321981333.6772
Germany,DEU,2024,4685592577804.69
Germany,DEU,2023,4562207532490.28
Germany,DEU,2022,4201021706478.62
Germany,DEU,2021,4355251953410.78
Germany,DEU,2020,3941398957073.94
Germany,DEU,2019,3959894794039.21
Germany,DEU,2018,4055433215301.96
Germany,DEU,2017,3765351626105.89
Germany,DEU,2016,3536787895179.0
Germany,DEU,2015,3425099578746.09
Germany,DEU,2014,3964870735760.77
Germany,DEU,2013,3807023797050.99
Germany,DEU,2012,3596483233406.25
Germany,DEU,2011,3823575803793.78
Germany,DEU,2010,3467093769666.67
Germany,DEU,2009,3478545516683.59
Germany,DEU,2008,3808197720125.0
Germany,DEU,2007,3484056680854.91
Germany,DEU,2006,3046308753670.58
Germany,DEU,2005,2893393187361.87
Germany,DEU,2004,2852317768061.78
Germany,DEU,2003,2534715518349.01
Germany,DEU,2002,2102350798305.89
Germany,DEU,2001,1966381496641.73
Germany,DEU,2000,1966980701145.1
Germany,DEU,1999,2213873468586.88
Germany,DEU,1998,2247760364565.97
Germany,DEU,1997,2218790886532.82
Germany,DEU,1996,2506576553158.31
Germany,DEU,1995,2593053091306.13
Germany,DEU,1994,2215282632276.73
Germany,DEU,1993,2078954217437.6
Germany,DEU,1992,2141377582968.07
Germany,DEU,1991,1875792575132.59
Germany,DEU,1990,1778162195860.07
Germany,DEU,1989,1404092925205.45
Germany,DEU,1988,1406367016371.53
Germany,DEU,1987,1302932318824.81
Germany,DEU,1986,1050092624515.9
Germany,DEU,1985,735218723093.277
Germany,DEU,1984,727767760978.627
Germany,DEU,1983,773507930294.906
Germany,DEU,1982,779421633755.138
Germany,DEU,1981,803404797057.551
Germany,DEU,1980,953772499462.019
Germany,DEU,1979,884574218333.155
Germany,DEU,1978,743182891918.208
Germany,DEU,1977,602698323085.993
Germany,DEU,1976,521658712132.981
Germany,DEU,1975,492434094920.105
Germany,DEU,1974,446934971657.471
Germany,DEU,1973,399833571167.215
Germany,DEU,1972,300899944795.436
Germany,DEU,1971,250900942396.699
Germany,DEU,1970,216629229947.096
Germany,DEU,1969,177733486326.06
Germany,DEU,1968,156527292653.157
Germany,DEU,1967,145100667772.69
Germany,DEU,1966,143304275683.979
Germany,DEU,1965,134774688191.161
Germany,DEU,1964,123330404665.086
Germany,DEU,1963,112232503744.1
Germany,DEU,1962,105895435234.343
Germany,DEU,1961,96558204043.1028
Germany,DEU,1960,84619845881.2608
Ghana,GHA,2024,82308110386.4641
Ghana,GHA,2023,80547146878.3843
Ghana,GHA,2022,73919003209.9866
Ghana,GHA,2021,79514204730.3979
Ghana,GHA,2020,70008243859.8666
Ghana,GHA,2019,68352629246.1555
Ghana,GHA,2018,67259353965.6087
Ghana,GHA,2017,60385409434.8567
Ghana,GHA,2016,56144179397.8516
Ghana,GHA,2015,49436806230.4839
Ghana,GHA,2014,54678533805.9064
Ghana,GHA,2013,62845721959.827
Ghana,GHA,2012,41271701060.954
Ghana,GHA,2011,39336668080.559
Ghana,GHA,2010,32197655566.5347
Ghana,GHA,2009,26048720005.5233
Ghana,GHA,2008,28679383241.0729
Ghana,GHA,2007,24827339138.4906
Ghana,GHA,2006,20885037596.6963
Ghana,GHA,2005,10744568381.4456
Ghana,GHA,2004,8881417906.71432
Ghana,GHA,2003,7632723555.66221
Ghana,GHA,2002,6166197847.85031
Ghana,GHA,2001,5314872854.4405
Ghana,GHA,2000,4982850662.20851
Ghana,GHA,1999,7718109982.26093
Ghana,GHA,1998,7482069162.42008
Ghana,GHA,1997,6891443192.24985
Ghana,GHA,1996,6932991739.37767
Ghana,GHA,1995,6464382807.67884
Ghana,GHA,1994,5446383726.77047
Ghana,GHA,1993,5968922939.37198
Ghana,GHA,1992,6416103925.83267
Ghana,GHA,1991,6603185267.79643
Ghana,GHA,1990,5889106573.46088
Ghana,GHA,1989,5251858439.874
Ghana,GHA,1988,5197765031.64557
Ghana,GHA,1987,5074829931.97279
Ghana,GHA,1986,5735677433.82683
Ghana,GHA,1985,4504306722.68908
Ghana,GHA,1984,4412279843.44423
Ghana,GHA,1983,4057275132.27513
Ghana,GHA,1982,4035994397.7591
Ghana,GHA,1981,4222441860.46512
Ghana,GHA,1980,4445228215.76763
Ghana,GHA,1979,4020227920.22792
Ghana,GHA,1978,3662478184.99127
Ghana,GHA,1977,3189428571.42857
Ghana,GHA,1976,2765254237.28814
Ghana,GHA,1975,2810106382.97872
Ghana,GHA,1974,2894409937.8882
Ghana,GHA,1973,3006766758.43977
Ghana,GHA,1972,2112293279.98507
Ghana,GHA,1971,2417108577.52739
Ghana,GHA,1970,2215028588.45646
Ghana,GHA,1969,1962050555.7775
Ghana,GHA,1968,1666909517.65205
Ghana,GHA,1967,1747187644.9031
Ghana,GHA,1966,2126300672.22965
Ghana,GHA,1965,2053462968.0426
Ghana,GHA,1964,1731296199.52296
Ghana,GHA,1963,1540797588.57221
Ghana,GHA,1962,1382515654.47343
Ghana,GHA,1961,1302674324.88378
Ghana,GHA,1960,1217230094.97205
Greece,GRC,2024,256238371778.118
Greece,GRC,2023,242946187738.269
Greece,GRC,2022,217990189600.69
Greece,GRC,2021,218303801895.326
Greece,GRC,2020,191362985554.861
Greece,GRC,2019,207305649887.019
Greece,GRC,2018,213298873494.394
Greece,GRC,2017,200381103984.298
Greece,GRC,2016,193097239005.87
Greece,GRC,2015,194567373678.099
Greece,GRC,2014,233911581521.062
Greece,GRC,2013,236556279640.705
Greece,GRC,2012,238841140018.233
Greece,GRC,2011,283228079776.041
Greece,GRC,2010,296417644404.034
Greece,GRC,2009,326829054686.306
Greece,GRC,2008,351121399546.485
Greece,GRC,2007,314226996944.108
Greece,GRC,2006,269073415333.676
Greece,GRC,2005,242315668619.405
Greece,GRC,2004,234979615898.225
Greece,GRC,2003,196930509813.384
Greece,GRC,2002,150253800085.865
Greece,GRC,2001,132050474720.03
Greece,GRC,2000,125760166224.805
Greece,GRC,1999,137131371955.307
Greece,GRC,1998,139612812175.718
Greece,GRC,1997,138766067640.085
Greece,GRC,1996,142502984144.96
Greece,GRC,1995,134974613913.811
Greece,GRC,1994,114980063202.247
Greece,GRC,1993,107295704518.43
Greece,GRC,1992,114608178405.434
Greece,GRC,1991,103680863712.844
Greece,GRC,1990,96529587274.2906
Greece,GRC,1989,78067933277.3815
Greece,GRC,1988,75200610136.9205
Greece,GRC,1987,64739630095.6215
Greece,GRC,1986,55595445472.2493
Greece,GRC,1985,47155741426.1041
Greece,GRC,1984,47352146311.971
Greece,GRC,1983,48741397058.8235
Greece,GRC,1982,53858346938.7755
Greece,GRC,1981,51618456334.5633
Greece,GRC,1980,56039256594.7242
Greece,GRC,1979,53724121435.1426
Greece,GRC,1978,43654480519.4805
Greece,GRC,1977,35673080481.0361
Greece,GRC,1976,30719552238.806
Greece,GRC,1975,28129128586.61
Greece,GRC,1974,24998715909.0909
Greece,GRC,1973,22037019562.7158
Greece,GRC,1972,16650659090.9091
Greece,GRC,1971,14388806818.1818
Greece,GRC,1970,12957113636.3636
Greece,GRC,1969,11454106327.0756
Greece,GRC,1968,9950331205.83108
Greece,GRC,1967,9146592855.683
Greece,GRC,1966,8472021466.86847
Greece,GRC,1965,7582209670.27425
Greece,GRC,1964,6576906345.11518
Greece,GRC,1963,5813285626.64404
Greece,GRC,1962,5140542929.42067
Greece,GRC,1961,4892397431.33292
Greece,GRC,1960,4274890306.82895
Greenland,GRL,2023,3326543974.39193
Greenland,GRL,2022,3152334771.77992
Greenland,GRL,2021,3293578467.57327
Greenland,GRL,2020,3089625554.40473
Greenland,GRL,2019,2997309971.87623
Greenland,GRL,2018,3055782146.15957
Greenland,GRL,2017,2851613679.03433
Greenland,GRL,2016,2707139544.46695
Greenland,GRL,2015,2499113022.81675
Greenland,GRL,2014,2842065708.35962
Greenland,GRL,2013,2684946990.12448
Greenland,GRL,2012,2609678486.36749
Greenland,GRL,2011,2684461375.46585
Greenland,GRL,2010,2503167187.49305
Greenland,GRL,2009,2529963903.22685
Greenland,GRL,2008,2499092314.41875
Greenland,GRL,2007,2249811295.6608
Greenland,GRL,2006,2013106929.50031
Greenland,GRL,2005,1849802648.36391
Greenland,GRL,2004,1822499769.23938
Greenland,GRL,2003,1558759823.08169
Greenland,GRL,2002,1169136716.03557
Greenland,GRL,2001,1086170703.9816
Greenland,GRL,2000,1068025016.00862
Greenland,GRL,1999,1131555107.04907
Greenland,GRL,1998,1149858069.75766
Greenland,GRL,1997,1072154433.84538
Greenland,GRL,1996,1197515569.08202
Greenland,GRL,1995,1208953287.06598
Greenland,GRL,1994,1005887539.32049
Greenland,GRL,1993,927214151.76793
Greenland,GRL,1992,1037916162.54976
Greenland,GRL,1991,1016500069.25708
Greenland,GRL,1990,1018977280.32928
Greenland,GRL,1989,929799902.191124
Greenland,GRL,1988,898607670.624413
Greenland,GRL,1987,787390408.953269
Greenland,GRL,1986,603016292.686978
Greenland,GRL,1985,412876382.829174
Greenland,GRL,1984,379371901.490374
Greenland,GRL,1983,416184071.019417
Greenland,GRL,1982,402403041.029269
Greenland,GRL,1981,435748993.418421
Greenland,GRL,1980,476051740.773769
Greenland,GRL,1979,420645821.540488
Greenland,GRL,1978,355987433.41569
Greenland,GRL,1977,282269749.160113
Greenland,GRL,1976,240779417.7857
Greenland,GRL,1975,211190630.329609
Greenland,GRL,1974,169918948.629182
Greenland,GRL,1973,140153748.243656
Greenland,GRL,1972,106101297.801272
Greenland,GRL,1971,88466738.2497268
Greenland,GRL,1970,69520026.6666667
Grenada,GRD,2024,1371918518.51852
Grenada,GRD,2023,1336418518.51852
Grenada,GRD,2022,1224007407.40741
Grenada,GRD,2021,1122222222.22222
Grenada,GRD,2020,1043411111.11111
Grenada,GRD,2019,1213485185.18519
Grenada,GRD,2018,1166514814.81481
Grenada,GRD,2017,1125685185.18519
Grenada,GRD,2016,1061640740.74074
Grenada,GRD,2015,997007407.407407
Grenada,GRD,2014,911496296.296296
Grenada,GRD,2013,842618518.518518
Grenada,GRD,2012,799881481.481481
Grenada,GRD,2011,778655555.555555
Grenada,GRD,2010,771014814.814815
Grenada,GRD,2009,771275555.555555
Grenada,GRD,2008,825976037.037037
Grenada,GRD,2007,758683592.592593
Grenada,GRD,2006,698700666.666667
Grenada,GRD,2005,695555555.555555
Grenada,GRD,2004,599118592.592593
Grenada,GRD,2003,591018407.407407
Grenada,GRD,2002,540336925.925926
Grenada,GRD,2001,520444185.185185
Grenada,GRD,2000,520044370.37037
Grenada,GRD,1999,482009370.37037
Grenada,GRD,1998,445903592.592593
Grenada,GRD,1997,392190592.592593
Grenada,GRD,1996,366911444.444444
Grenada,GRD,1995,342172518.518519
Grenada,GRD,1994,325111814.814815
Grenada,GRD,1993,309812185.185185
Grenada,GRD,1992,310160444.444444
Grenada,GRD,1991,300757888.888889
Grenada,GRD,1990,278098762.962963
Grenada,GRD,1989,267327642.222222
Grenada,GRD,1988,236357523.703704
Grenada,GRD,1987,215009569.62963
Grenada,GRD,1986,187589522.592593
Grenada,GRD,1985,167728455.185185
Grenada,GRD,1984,145533310.740741
Grenada,GRD,1983,131803552.222222
Grenada,GRD,1982,125435590.0
Grenada,GRD,1981,115651918.888889
Grenada,GRD,1980,110900457.037037
Grenada,GRD,1979,102244362.222222
Grenada,GRD,1978,88322386.2962963
Grenada,GRD,1977,71494495.1851852
Guam,GUM,2022,6910000000.0
Guam,GUM,2021,6234000000.0
Guam,GUM,2020,5916000000.0
Guam,GUM,2019,6355000000.0
Guam,GUM,2018,6051000000.0
Guam,GUM,2017,6013000000.0
Guam,GUM,2016,5901000000.0
Guam,GUM,2015,5799000000.0
Guam,GUM,2014,5610000000.0
Guam,GUM,2013,5399000000.0
Guam,GUM,2012,5265000000.0
Guam,GUM,2011,4984000000.0
Guam,GUM,2010,4949000000.0
Guam,GUM,2009,4828000000.0
Guam,GUM,2008,4658000000.0
Guam,GUM,2007,4397000000.0
Guam,GUM,2006,4238000000.0
Guam,GUM,2005,4213000000.0
Guam,GUM,2004,3869000000.0
Guam,GUM,2003,3569000000.0
Guam,GUM,2002,3394000000.0
Guatemala,GTM,2024,113199581158.203
Guatemala,GTM,2023,104368755054.601
Guatemala,GTM,2022,95641446500.6523
Guatemala,GTM,2021,86455522272.7383
Guatemala,GTM,2020,77719468248.3666
Guatemala,GTM,2019,77172331693.4093
Guatemala,GTM,2018,73328356007.6152
Guatemala,GTM,2017,71653780740.4226
Guatemala,GTM,2016,66053408205.8838
Guatemala,GTM,2015,62186066547.6566
Guatemala,GTM,2014,57852159007.6243
Guatemala,GTM,2013,52996420177.4409
Guatemala,GTM,2012,49593929487.1263
Guatemala,GTM,2011,46876006272.2387
Guatemala,GTM,2010,40676578423.4871
Guatemala,GTM,2009,37126148264.6383
Guatemala,GTM,2008,38503720224.3166
Guatemala,GTM,2007,33567850824.1039
Guatemala,GTM,2006,29744246827.1839
Guatemala,GTM,2005,26783389293.922
Guatemala,GTM,2004,23577298094.6571
Guatemala,GTM,2003,21576351798.9145
Guatemala,GTM,2002,20444205991.025
Guatemala,GTM,2001,18405220247.4412
Guatemala,GTM,2000,19288929030.0508
Guatemala,GTM,1999,18318412251.3642
Guatemala,GTM,1998,19395491992.9939
Guatemala,GTM,1997,17790026221.6139
Guatemala,GTM,1996,15674835615.3139
Guatemala,GTM,1995,14655404433.2771
Guatemala,GTM,1994,12983233310.7467
Guatemala,GTM,1993,11400017301.4587
Guatemala,GTM,1992,10440781587.5435
Guatemala,GTM,1991,9406135143.41165
Guatemala,GTM,1990,7650196845.21546
Guatemala,GTM,1989,8410724360.79545
Guatemala,GTM,1988,7841602824.42748
Guatemala,GTM,1987,7084399840.0
Guatemala,GTM,1986,7231963515.98174
Guatemala,GTM,1985,9721652086.95652
Guatemala,GTM,1984,9470000100.0
Guatemala,GTM,1983,9050000400.0
Guatemala,GTM,1982,8716999700.0
Guatemala,GTM,1981,8607500300.0
Guatemala,GTM,1980,7878700000.0
Guatemala,GTM,1979,6902600200.0
Guatemala,GTM,1978,6070600200.0
Guatemala,GTM,1977,5480500200.0
Guatemala,GTM,1976,4365300200.0
Guatemala,GTM,1975,3645900000.0
Guatemala,GTM,1974,3161499900.0
Guatemala,GTM,1973,2569200100.0
Guatemala,GTM,1972,2101300000.0
Guatemala,GTM,1971,1984800000.0
Guatemala,GTM,1970,1904000000.0
Guatemala,GTM,1969,1715399900.0
Guatemala,GTM,1968,1610500000.0
Guatemala,GTM,1967,1453500000.0
Guatemala,GTM,1966,1390700000.0
Guatemala,GTM,1965,1331399900.0
Guatemala,GTM,1964,1299099900.0
Guatemala,GTM,1963,1262800000.0
Guatemala,GTM,1962,1143600000.0
Guatemala,GTM,1961,1076699900.0
Guatemala,GTM,1960,1043599900.0
Guinea,GIN,2024,25008678293.4084
Guinea,GIN,2023,22407615556.0571
Guinea,GIN,2022,19910452541.9219
Guinea,GIN,2021,17069115737.8259
Guinea,GIN,2020,14088693742.9464
Guinea,GIN,2019,13442861496.4454
Guinea,GIN,2018,11857030366.7891
Guinea,GIN,2017,10324668271.1362
Guinea,GIN,2016,8595955222.49719
Guinea,GIN,2015,8794201742.84609
Guinea,GIN,2014,8778473372.82124
Guinea,GIN,2013,8376613539.28278
Guinea,GIN,2012,7638044556.84656
Guinea,GIN,2011,6785137203.33153
Guinea,GIN,2010,6853467145.53089
Guinea,GIN,2009,6716905339.73136
Guinea,GIN,2008,6964179983.17212
Guinea,GIN,2007,6281918226.34408
Guinea,GIN,2006,4220019845.26341
Guinea,GIN,2005,4282468636.90501
Guinea,GIN,2004,5300767960.51572
Guinea,GIN,2003,5025167975.26363
Guinea,GIN,2002,4301608752.51396
Guinea,GIN,2001,4125527603.22908
Guinea,GIN,2000,4367458866.71537
Guinea,GIN,1999,5046806782.54761
Guinea,GIN,1998,5232118046.3713
Guinea,GIN,1997,5516916163.0949
Guinea,GIN,1996,5641243099.76661
Guinea,GIN,1995,5385704166.43341
Guinea,GIN,1994,4932800406.92974
Guinea,GIN,1993,4781166116.51789
Guinea,GIN,1992,4789220416.70641
Guinea,GIN,1991,4396178694.1535
Guinea,GIN,1990,3888320665.52218
Guinea,GIN,1989,3546079262.94987
Guinea,GIN,1988,3476480303.12273
Guinea,GIN,1987,2976714019.06852
Guinea,GIN,1986,2909130355.238
Guinea,GIN,1985,22787644565.9059
Guinea,GIN,1984,18421497251.1767
Guinea,GIN,1983,15129893722.3449
Guinea,GIN,1982,11926032493.4301
Guinea,GIN,1981,9646440666.52864
Guinea,GIN,1980,9746524915.08071
Guinea,GIN,1979,8877094497.44971
Guinea,GIN,1978,8087305999.0597
Guinea,GIN,1977,6914381290.57116
Guinea,GIN,1976,6762781870.6211
Guinea,GIN,1975,6102769605.43001
Guinea,GIN,1974,5691417541.33871
Guinea,GIN,1973,5152080387.55572
Guinea,GIN,1972,4203069035.01427
Guinea,GIN,1971,3594302908.06164
Guinea,GIN,1970,3220224607.81851
Guinea-Bissau,GNB,2024,2218393804.54798
Guinea-Bissau,GNB,2023,2127688181.12014
Guinea-Bissau,GNB,2022,1859601384.05928
Guinea-Bissau,GNB,2021,1908094558.33981
Guinea-Bissau,GNB,2020,1705057581.09946
Guinea-Bissau,GNB,2019,1596227316.34846
Guinea-Bissau,GNB,2018,1554133593.91699
Guinea-Bissau,GNB,2017,1469978606.12143
Guinea-Bissau,GNB,2016,1245074264.10396
Guinea-Bissau,GNB,2015,1152384166.79638
Guinea-Bissau,GNB,2014,1135250721.0374
Guinea-Bissau,GNB,2013,1109682824.13594
Guinea-Bissau,GNB,2012,1049412177.11413
Guinea-Bissau,GNB,2011,1157074319.19388
Guinea-Bissau,GNB,2010,940112538.936436
Guinea-Bissau,GNB,2009,890167833.369849
Guinea-Bissau,GNB,2008,952667544.037289
Guinea-Bissau,GNB,2007,753162998.015113
Guinea-Bissau,GNB,2006,634781901.251494
Guinea-Bissau,GNB,2005,639776040.688424
Guinea-Bissau,GNB,2004,582169841.298304
Guinea-Bissau,GNB,2003,553614800.145707
Guinea-Bissau,GNB,2002,466773711.235579
Guinea-Bissau,GNB,2001,412610871.509121
Guinea-Bissau,GNB,2000,391345597.488269
Guinea-Bissau,GNB,1999,579365780.135134
Guinea-Bissau,GNB,1998,591034143.426384
Guinea-Bissau,GNB,1997,698107222.422492
Guinea-Bissau,GNB,1996,702965147.568054
Guinea-Bissau,GNB,1995,660195402.013602
Guinea-Bissau,GNB,1994,612502084.797565
Guinea-Bissau,GNB,1993,615779518.807114
Guinea-Bissau,GNB,1992,588309271.28603
Guinea-Bissau,GNB,1991,668470890.785147
Guinea-Bissau,GNB,1990,634187269.235013
Guinea-Bissau,GNB,1989,554072302.828333
Guinea-Bissau,GNB,1988,427514321.528126
Guinea-Bissau,GNB,1987,451893374.95907
Guinea-Bissau,GNB,1986,338524232.567315
Guinea-Bissau,GNB,1985,373959151.148591
Guinea-Bissau,GNB,1984,359980490.728569
Guinea-Bissau,GNB,1983,425225176.812165
Guinea-Bissau,GNB,1982,430284021.883771
Guinea-Bissau,GNB,1981,402230865.151515
Guinea-Bissau,GNB,1980,287648258.258297
Guinea-Bissau,GNB,1979,308143183.311819
Guinea-Bissau,GNB,1978,318876550.432277
Guinea-Bissau,GNB,1977,298871674.860041
Guinea-Bissau,GNB,1976,292152321.493146
Guinea-Bissau,GNB,1975,283311996.82299
Guinea-Bissau,GNB,1974,256769730.263158
Guinea-Bissau,GNB,1973,232331281.355932
Guinea-Bissau,GNB,1972,227986203.29754
Guinea-Bissau,GNB,1971,204167296.856603
Guinea-Bissau,GNB,1970,204670550.76064
Guyana,GUY,2024,24662709832.1343
Guyana,GUY,2023,16918503597.1223
Guyana,GUY,2022,14718388489.2086
Guyana,GUY,2021,8041362110.31175
Guyana,GUY,2020,5471256594.72422
Guyana,GUY,2019,5173760191.84652
Guyana,GUY,2018,4787636997.85343
Guyana,GUY,2017,4748174334.14044
Guyana,GUY,2016,4482697336.56174
Guyana,GUY,2015,4279840193.7046
Guyana,GUY,2014,4127660151.8087
Guyana,GUY,2013,4167800928.83553
Guyana,GUY,2012,4063088535.76331
Guyana,GUY,2011,3691384317.52178
Guyana,GUY,2010,3432912516.92427
Guyana,GUY,2009,3165663152.73351
Guyana,GUY,2008,3025187433.33637
Guyana,GUY,2007,2730971595.39574
Guyana,GUY,2006,2379817990.6918
Guyana,GUY,2005,824880550.343965
Guyana,GUY,2004,787814379.183843
Guyana,GUY,2003,743063950.317749
Guyana,GUY,2002,726131434.715338
Guyana,GUY,2001,712167450.162898
Guyana,GUY,2000,712667896.727512
Guyana,GUY,1999,694754988.258295
Guyana,GUY,1998,717530683.169567
Guyana,GUY,1997,749138009.56454
Guyana,GUY,1996,705406001.424501
Guyana,GUY,1995,621626785.915493
Guyana,GUY,1994,540874934.201012
Guyana,GUY,1993,454101382.488479
Guyana,GUY,1992,373573141.486811
Guyana,GUY,1991,348533094.812165
Guyana,GUY,1990,396582263.291139
Guyana,GUY,1989,379779389.705882
Guyana,GUY,1988,413799990.0
Guyana,GUY,1987,354591846.938775
Guyana,GUY,1986,504651139.534884
Guyana,GUY,1985,453488372.093023
Guyana,GUY,1984,437631605.263158
Guyana,GUY,1983,489333333.333333
Guyana,GUY,1982,482000000.0
Guyana,GUY,1981,570357107.142857
Guyana,GUY,1980,603200000.0
Guyana,GUY,1979,530440000.0
Guyana,GUY,1978,507080000.0
Guyana,GUY,1977,449880000.0
Guyana,GUY,1976,454440000.0
Guyana,GUY,1975,494791666.666667
Guyana,GUY,1974,433954545.454545
Guyana,GUY,1973,307047619.047619
Guyana,GUY,1972,285380952.380952
Guyana,GUY,1971,282050000.0
Guyana,GUY,1970,267800000.0
Guyana,GUY,1969,249300000.0
Guyana,GUY,1968,229750000.0
Guyana,GUY,1967,250176470.588235
Guyana,GUY,1966,228705882.352941
Guyana,GUY,1965,213235294.117647
Guyana,GUY,1964,194774513.063717
Guyana,GUY,1963,175757893.938598
Guyana,GUY,1962,194949512.626218
Guyana,GUY,1961,185849535.376162
Guyana,GUY,1960,170216241.126064
Haiti,HTI,2024,25224154990.7946
Haiti,HTI,2023,19850585722.3241
Haiti,HTI,2022,20253551920.5516
Haiti,HTI,2021,20944387975.7051
Haiti,HTI,2020,14508222518.3018
Haiti,HTI,2019,15016090929.5125
Haiti,HTI,2018,16403864617.8458
Haiti,HTI,2017,15093357161.1498
Haiti,HTI,2016,14069277526.2278
Haiti,HTI,2015,14849629308.6025
Haiti,HTI,2014,15146883497.6331
Haiti,HTI,2013,14902488604.2421
Haiti,HTI,2012,13708925477.1304
Haiti,HTI,2011,13008746038.8867
Haiti,HTI,2010,11859312725.1448
Haiti,HTI,2009,11597002834.7786
Haiti,HTI,2008,10432962634.8748
Haiti,HTI,2007,9228637767.69009
Haiti,HTI,2006,7638739122.67242
Haiti,HTI,2005,7030149730.33692
Haiti,HTI,2004,6087360684.2969
Haiti,HTI,2003,5071947798.27263
Haiti,HTI,2002,6205847213.6351
Haiti,HTI,2001,6331970324.31022
Haiti,HTI,2000,6813566098.8675
Haiti,HTI,1999,4153725883.84082
Haiti,HTI,1998,3723903723.63772
Haiti,HTI,1997,3338949151.59927
Haiti,HTI,1996,2907517603.76719
Haiti,HTI,1995,2813313278.81082
Haiti,HTI,1994,2167569046.11837
Haiti,HTI,1993,1878253767.31305
Haiti,HTI,1992,2257129791.61575
Haiti,HTI,1991,3473562627.79423
Haiti,HTI,1990,3096289800.0
Haiti,HTI,1989,2736243800.0
Haiti,HTI,1988,2613926800.0
Haiti,HTI,1987,2047200000.0
Haiti,HTI,1986,2318000000.0
Haiti,HTI,1985,2009400000.0
Haiti,HTI,1984,1816200000.0
Haiti,HTI,1983,1623600000.0
Haiti,HTI,1982,1474200000.0
Haiti,HTI,1981,1479400000.0
Haiti,HTI,1980,1383800000.0
Haiti,HTI,1979,1080600000.0
Haiti,HTI,1978,974200000.0
Haiti,HTI,1977,947000000.0
Haiti,HTI,1976,879000000.0
Haiti,HTI,1975,681400000.0
Haiti,HTI,1974,565399321.520814
Haiti,HTI,1973,466798973.042259
Haiti,HTI,1972,371998958.402916
Haiti,HTI,1971,362800000.0
Haiti,HTI,1970,331200000.0
Haiti,HTI,1969,391820400.0
Haiti,HTI,1968,367968800.0
Haiti,HTI,1967,369124200.0
Haiti,HTI,1966,368948600.0
Haiti,HTI,1965,353251800.0
Haiti,HTI,1964,325281200.0
Haiti,HTI,1963,294883400.0
Haiti,HTI,1962,281896800.0
Haiti,HTI,1961,271066000.0
Haiti,HTI,1960,273187200.0
Honduras,HND,2024,37093565854.0437
Honduras,HND,2023,34355805527.9795
Honduras,HND,2022,31426041806.7985
Honduras,HND,2021,28144331506.6149
Honduras,HND,2020,23352232483.755
Honduras,HND,2019,24882225741.8119
Honduras,HND,2018,24067750760.499
Honduras,HND,2017,23136247990.5977
Honduras,HND,2016,21717604952.1835
Honduras,HND,2015,20979791685.416
Honduras,HND,2014,19756533971.8698
Honduras,HND,2013,18499729214.904
Honduras,HND,2012,18528554397.5695
Honduras,HND,2011,17710275685.4074
Honduras,HND,2010,15839344591.9842
Honduras,HND,2009,14587496229.1811
Honduras,HND,2008,13881731875.7466
Honduras,HND,2007,12361257680.5627
Honduras,HND,2006,10917477066.1429
Honduras,HND,2005,9757012696.56212
Honduras,HND,2004,8869299234.3377
Honduras,HND,2003,8230391346.67228
Honduras,HND,2002,7858255412.86038
Honduras,HND,2001,7651162302.3456
Honduras,HND,2000,7186638029.05875
Honduras,HND,1999,6394090592.33449
Honduras,HND,1998,6163707533.23486
Honduras,HND,1997,5569178707.22433
Honduras,HND,1996,4798834459.45946
Honduras,HND,1995,4672346193.95203
Honduras,HND,1994,4105686899.43868
Honduras,HND,1993,4190773622.25871
Honduras,HND,1992,4122846905.18198
Honduras,HND,1991,3699381195.10223
Honduras,HND,1990,3734460116.73152
Honduras,HND,1989,4375896551.72414
Honduras,HND,1988,4892660944.20601
Honduras,HND,1987,5024800000.0
Honduras,HND,1986,4706100000.0
Honduras,HND,1985,4328300000.0
Honduras,HND,1984,4029900000.0
Honduras,HND,1983,3840550000.0
Honduras,HND,1982,3619500000.0
Honduras,HND,1981,3501800000.0
Honduras,HND,1980,3184400000.0
Honduras,HND,1979,2778900000.0
Honduras,HND,1978,2393650000.0
Honduras,HND,1977,1900700000.0
Honduras,HND,1976,1589300000.0
Honduras,HND,1975,1330050000.0
Honduras,HND,1974,1243000000.0
Honduras,HND,1973,1128299435.85028
Honduras,HND,1972,1030645362.09587
Honduras,HND,1971,958450000.0
Honduras,HND,1970,904400000.0
Honduras,HND,1969,844400000.0
Honduras,HND,1968,815450000.0
Honduras,HND,1967,750950000.0
Honduras,HND,1966,692150000.0
Honduras,HND,1965,651050000.0
Honduras,HND,1964,591100000.0
Honduras,HND,1963,553500000.0
Honduras,HND,1962,532450000.0
Honduras,HND,1961,503300000.0
Honduras,HND,1960,475650000.0
"Hong Kong SAR, China",HKG,2024,406863396487.342
"Hong Kong SAR, China",HKG,2023,381043026173.935
"Hong Kong SAR, China",HKG,2022,358679533984.718
"Hong Kong SAR, China",HKG,2021,368954169748.818
"Hong Kong SAR, China",HKG,2020,344943149590.058
"Hong Kong SAR, China",HKG,2019,363074545072.389
"Hong Kong SAR, China",HKG,2018,361731070995.726
"Hong Kong SAR, China",HKG,2017,341273289534.466
"Hong Kong SAR, China",HKG,2016,320860317562.562
"Hong Kong SAR, China",HKG,2015,309385622601.348
"Hong Kong SAR, China",HKG,2014,291459995978.893
"Hong Kong SAR, China",HKG,2013,275696879834.966
"Hong Kong SAR, China",HKG,2012,262628865879.697
"Hong Kong SAR, China",HKG,2011,248513617677.287
"Hong Kong SAR, China",HKG,2010,228638668727.291
"Hong Kong SAR, China",HKG,2009,214047795659.045
"Hong Kong SAR, China",HKG,2008,219278749139.734
"Hong Kong SAR, China",HKG,2007,211596944503.8
"Hong Kong SAR, China",HKG,2006,193535442896.365
"Hong Kong SAR, China",HKG,2005,181569311742.213
"Hong Kong SAR, China",HKG,2004,169099768875.193
"Hong Kong SAR, China",HKG,2003,161385558801.811
"Hong Kong SAR, China",HKG,2002,166348866131.028
"Hong Kong SAR, China",HKG,2001,169404327616.605
"Hong Kong SAR, China",HKG,2000,171668891194.349
"Hong Kong SAR, China",HKG,1999,165768095391.557
"Hong Kong SAR, China",HKG,1998,168885443660.072
"Hong Kong SAR, China",HKG,1997,177353174849.714
"Hong Kong SAR, China",HKG,1996,159718183550.734
"Hong Kong SAR, China",HKG,1995,144652295363.667
"Hong Kong SAR, China",HKG,1994,135811771026.33
"Hong Kong SAR, China",HKG,1993,120354212475.0
"Hong Kong SAR, China",HKG,1992,104272507639.282
"Hong Kong SAR, China",HKG,1991,88959997899.9293
"Hong Kong SAR, China",HKG,1990,76928784620.8158
"Hong Kong SAR, China",HKG,1989,68790219177.9733
"Hong Kong SAR, China",HKG,1988,59707404560.5944
"Hong Kong SAR, China",HKG,1987,50622896162.6006
"Hong Kong SAR, China",HKG,1986,41075396884.8952
"Hong Kong SAR, China",HKG,1985,35699772165.7093
"Hong Kong SAR, China",HKG,1984,33511383985.6741
"Hong Kong SAR, China",HKG,1983,29907227184.179
"Hong Kong SAR, China",HKG,1982,32291215843.6433
"Hong Kong SAR, China",HKG,1981,31055226088.6943
"Hong Kong SAR, China",HKG,1980,28861857810.6515
"Hong Kong SAR, China",HKG,1979,22526184533.17
"Hong Kong SAR, China",HKG,1978,18315136409.1427
"Hong Kong SAR, China",HKG,1977,15719433719.4337
"Hong Kong SAR, China",HKG,1976,12876366008.8077
"Hong Kong SAR, China",HKG,1975,10048089558.0636
"Hong Kong SAR, China",HKG,1974,9388695366.84578
"Hong Kong SAR, China",HKG,1973,8030117555.62033
"Hong Kong SAR, China",HKG,1972,5710090213.15035
"Hong Kong SAR, China",HKG,1971,4476001946.01486
"Hong Kong SAR, China",HKG,1970,3800766535.62088
"Hong Kong SAR, China",HKG,1969,3189740055.13982
"Hong Kong SAR, China",HKG,1968,2716964388.42418
"Hong Kong SAR, China",HKG,1967,2692474989.12571
"Hong Kong SAR, China",HKG,1966,2489845016.64894
"Hong Kong SAR, China",HKG,1965,2435078534.03141
"Hong Kong SAR, China",HKG,1964,2206466461.26434
"Hong Kong SAR, China",HKG,1963,1935298266.45384
"Hong Kong SAR, China",HKG,1962,1612346412.26475
"Hong Kong SAR, China",HKG,1961,1383681651.13776
"Hong Kong SAR, China",HKG,1960,1320796651.69457
Hungary,HUN,2024,222722738925.641
Hungary,HUN,2023,213240316634.648
Hungary,HUN,2022,177002580544.155
Hungary,HUN,2021,183282685440.486
Hungary,HUN,2020,158468487754.196
Hungary,HUN,2019,164936682033.992
Hungary,HUN,2018,161184691013.835
Hungary,HUN,2017,143335098991.862
Hungary,HUN,2016,128983560865.293
Hungary,HUN,2015,125244126623.289
Hungary,HUN,2014,141128696412.321
Hungary,HUN,2013,135646053778.582
Hungary,HUN,2012,128470269689.958
Hungary,HUN,2011,141712804953.868
Hungary,HUN,2010,131898737241.166
Hungary,HUN,2009,130807441076.16
Hungary,HUN,2008,158228265915.534
Hungary,HUN,2007,140123326896.329
Hungary,HUN,2006,115604111412.139
Hungary,HUN,2005,113098237570.929
Hungary,HUN,2004,104015363080.271
Hungary,HUN,2003,85190469121.074
Hungary,HUN,2002,67636468625.0428
Hungary,HUN,2001,53800068065.7969
Hungary,HUN,2000,47275954428.9586
Hungary,HUN,1999,49160204397.4635
Hungary,HUN,1998,48784412623.5939
Hungary,HUN,1997,47398564799.2496
Hungary,HUN,1996,46833767123.6915
Hungary,HUN,1995,46577614588.9926
Hungary,HUN,1994,43307949890.4603
Hungary,HUN,1993,40256233360.3817
Hungary,HUN,1992,38857339124.9084
Hungary,HUN,1991,34867307352.646
Hungary,HUN,1990,34478360678.756
Hungary,HUN,1989,30422508937.567
Hungary,HUN,1988,29799838597.4079
Hungary,HUN,1987,27232016527.4237
Hungary,HUN,1986,24778163812.0131
Hungary,HUN,1985,21510643750.177
Hungary,HUN,1984,21242726264.4854
Hungary,HUN,1983,21910365258.2514
Hungary,HUN,1982,24141667188.0517
Hungary,HUN,1981,23705883891.9445
Hungary,HUN,1980,23116977148.0216
Hungary,HUN,1979,19959731324.801
Hungary,HUN,1978,17286744153.707
Hungary,HUN,1977,14783674054.829
Hungary,HUN,1976,13235612078.8396
Hungary,HUN,1975,11420392514.6172
Hungary,HUN,1974,10016338178.9993
Hungary,HUN,1973,9138292402.1882
Hungary,HUN,1972,7379313742.13684
Hungary,HUN,1971,6291568220.79393
Hungary,HUN,1970,5780929202.60333
Hungary,HUN,1969,5429812386.53195
Hungary,HUN,1968,4886222554.66355
Iceland,ISL,2024,33255181468.9382
Iceland,ISL,2023,31677891896.7861
Iceland,ISL,2022,29166102877.2755
Iceland,ISL,2021,26234872402.457
Iceland,ISL,2020,22034665040.7901
Iceland,ISL,2019,24985687022.0452
Iceland,ISL,2018,26677652544.3499
Iceland,ISL,2017,25060086487.8901
Iceland,ISL,2016,21083713310.457
Iceland,ISL,2015,17700486957.1907
Iceland,ISL,2014,18052183514.8695
Iceland,ISL,2013,16244319958.6808
Iceland,ISL,2012,14943757823.3226
Iceland,ISL,2011,15394005872.149
Iceland,ISL,2010,13922711576.5124
Iceland,ISL,2009,13212543837.5133
Iceland,ISL,2008,18247921360.2599
Iceland,ISL,2007,21960110030.4426
Iceland,ISL,2006,17671649843.2602
Iceland,ISL,2005,17146410560.5279
Iceland,ISL,2004,13963943244.0018
Iceland,ISL,2003,11564687741.9859
Iceland,ISL,2002,9416199699.54736
Iceland,ISL,2001,8323401820.48477
Iceland,ISL,2000,9140168922.35677
Iceland,ISL,1999,9107644690.76647
Iceland,ISL,1998,8637732541.50677
Iceland,ISL,1997,7716781803.07823
Iceland,ISL,1996,7686566105.26316
Iceland,ISL,1995,7372640168.67697
Iceland,ISL,1994,6612804055.79289
Iceland,ISL,1993,6435952173.86159
Iceland,ISL,1992,7328497599.30768
Iceland,ISL,1991,7151260062.07169
Iceland,ISL,1990,6694851159.32729
Iceland,ISL,1989,5870854233.21143
Iceland,ISL,1988,6320093411.44744
Iceland,ISL,1987,5713281235.45655
Iceland,ISL,1986,4129080094.00499
Iceland,ISL,1985,3088359966.94589
Iceland,ISL,1984,2964568005.62888
Iceland,ISL,1983,2862634163.62085
Iceland,ISL,1982,3318714326.1952
Iceland,ISL,1981,3615094820.1877
Iceland,ISL,1980,3499616683.34167
Iceland,ISL,1979,2953176971.07204
Iceland,ISL,1978,2599627088.63561
Iceland,ISL,1977,2285707748.78061
Iceland,ISL,1976,1727845419.11401
Iceland,ISL,1975,1456052700.06506
Iceland,ISL,1974,1568154077.03852
Iceland,ISL,1973,1194794186.17552
Iceland,ISL,1972,869002945.841831
Iceland,ISL,1971,693679545.454545
Iceland,ISL,1970,545115909.090909
Iceland,ISL,1969,435659609.943615
Iceland,ISL,1968,498365199.686946
Iceland,ISL,1967,652609075.682946
Iceland,ISL,1966,660663763.278256
Iceland,ISL,1965,550150987.996732
Iceland,ISL,1964,456206298.792753
Iceland,ISL,1963,357240895.712432
Iceland,ISL,1962,299309938.066264
Iceland,ISL,1961,266711460.241466
Iceland,ISL,1960,260984498.826389
India,IND,2024,3909891533858.08
India,IND,2023,3638489096033.86
India,IND,2022,3346107287730.93
India,IND,2021,3167270623260.47
India,IND,2020,2674851578587.27
India,IND,2019,2835606256558.19
India,IND,2018,2702929641648.74
India,IND,2017,2651474262755.45
India,IND,2016,2294796885663.16
India,IND,2015,2103588360044.94
India,IND,2014,2039126479154.52
India,IND,2013,1856721507621.58
India,IND,2012,1827637590410.41
India,IND,2011,1823051829894.55
India,IND,2010,1675615519484.96
India,IND,2009,1341888016994.9
India,IND,2008,1198895139005.92
India,IND,2007,1216736438834.96
India,IND,2006,940259888787.721
India,IND,2005,820383763511.445
India,IND,2004,709152728830.775
India,IND,2003,607700687237.318
India,IND,2002,514939140318.756
India,IND,2001,485440139204.171
India,IND,2000,468395521654.458
India,IND,1999,458821052615.79
India,IND,1998,421351317224.941
India,IND,1997,415867563592.829
India,IND,1996,392896866204.516
India,IND,1995,360281909643.489
India,IND,1994,327274843459.429
India,IND,1993,279295648982.529
India,IND,1992,288208070278.013
India,IND,1991,270105341879.226
India,IND,1990,320979026420.035
India,IND,1989,296042052944.66
India,IND,1988,296589670895.932
India,IND,1987,279033584092.223
India,IND,1986,248985994040.59
India,IND,1985,232511554840.372
India,IND,1984,212157645177.652
India,IND,1983,218262146413.158
India,IND,1982,200715624830.902
India,IND,1981,193491368445.573
India,IND,1980,186328579302.068
India,IND,1979,152995442497.709
India,IND,1978,137302319828.995
India,IND,1977,121486641441.309
India,IND,1976,102716451979.68
India,IND,1975,98473832017.3242
India,IND,1974,99526597933.6331
India,IND,1973,85517673172.5513
India,IND,1972,71464700666.9869
India,IND,1971,67351404351.833
India,IND,1970,62422483054.6667
India,IND,1969,58447995017.3333
India,IND,1968,53085455870.6667
India,IND,1967,50134942204.0
India,IND,1966,45581230504.071
India,IND,1965,59556105229.0052
India,IND,1964,56480289940.9899
India,IND,1963,48421923459.1235
India,IND,1962,42161481858.0819
India,IND,1961,39232435784.0358
India,IND,1960,37029883876.1839
Indonesia,IDN,2024,1396300098190.97
Indonesia,IDN,2023,1371169301563.62
Indonesia,IDN,2022,1319101183380.15
Indonesia,IDN,2021,1186509691086.73
Indonesia,IDN,2020,1059054842698.48
Indonesia,IDN,2019,1119099871350.2
Indonesia,IDN,2018,1042271532988.63
Indonesia,IDN,2017,1015618744159.73
Indonesia,IDN,2016,931877364037.698
Indonesia,IDN,2015,860854232686.214
Indonesia,IDN,2014,890814755533.537
Indonesia,IDN,2013,912524136718.018
Indonesia,IDN,2012,917869913332.649
Indonesia,IDN,2011,892969104563.171
Indonesia,IDN,2010,755094157621.936
Indonesia,IDN,2009,539580085612.401
Indonesia,IDN,2008,510228634992.258
Indonesia,IDN,2007,432216737774.861
Indonesia,IDN,2006,364570515618.357
Indonesia,IDN,2005,285868619196.085
Indonesia,IDN,2004,256836875295.452
Indonesia,IDN,2003,234772463823.808
Indonesia,IDN,2002,195660611165.183
Indonesia,IDN,2001,160446947784.909
Indonesia,IDN,2000,165021012077.81
Indonesia,IDN,1999,140001351215.462
Indonesia,IDN,1998,95445547872.715
Indonesia,IDN,1997,215748998609.635
Indonesia,IDN,1996,227369679374.973
Indonesia,IDN,1995,202132028723.115
Indonesia,IDN,1994,176892143931.505
Indonesia,IDN,1993,158006700301.533
Indonesia,IDN,1992,128026966579.964
Indonesia,IDN,1991,116621996217.133
Indonesia,IDN,1990,106140727333.636
Indonesia,IDN,1989,94451427876.6628
Indonesia,IDN,1988,84300174485.7973
Indonesia,IDN,1987,75929617557.7521
Indonesia,IDN,1986,79954072544.5279
Indonesia,IDN,1985,85289488375.4435
Indonesia,IDN,1984,84853700027.651
Indonesia,IDN,1983,81052283383.7155
Indonesia,IDN,1982,90158449294.9921
Indonesia,IDN,1981,85518233419.0479
Indonesia,IDN,1980,72482337397.4439
Indonesia,IDN,1979,51400186342.8889
Indonesia,IDN,1978,51455719075.8254
Indonesia,IDN,1977,45808915662.6506
Indonesia,IDN,1976,37269156626.506
Indonesia,IDN,1975,30463855421.6867
Indonesia,IDN,1974,25802409638.5542
Indonesia,IDN,1973,16273253012.0482
Indonesia,IDN,1972,10997590361.4458
Indonesia,IDN,1971,9333536369.94567
Indonesia,IDN,1970,9150684931.50685
Indonesia,IDN,1969,8337423312.88344
Indonesia,IDN,1968,7076465299.81141
Indonesia,IDN,1967,5667756627.92093
"Iran, Islamic Rep.",IRN,2024,475252089215.416
"Iran, Islamic Rep.",IRN,2023,457510482317.483
"Iran, Islamic Rep.",IRN,2022,422662261525.665
"Iran, Islamic Rep.",IRN,2021,407350685583.335
"Iran, Islamic Rep.",IRN,2020,280934329279.723
"Iran, Islamic Rep.",IRN,2019,347988400957.999
"Iran, Islamic Rep.",IRN,2018,411903303606.044
"Iran, Islamic Rep.",IRN,2017,510239893417.645
"Iran, Islamic Rep.",IRN,2016,478618064870.999
"Iran, Islamic Rep.",IRN,2015,409191686496.677
"Iran, Islamic Rep.",IRN,2014,462284793280.825
"Iran, Islamic Rep.",IRN,2013,500399839839.877
"Iran, Islamic Rep.",IRN,2012,644019315003.54
"Iran, Islamic Rep.",IRN,2011,629082257472.368
"Iran, Islamic Rep.",IRN,2010,487069570463.768
"Iran, Islamic Rep.",IRN,2009,414059094949.063
"Iran, Islamic Rep.",IRN,2008,406070949553.875
"Iran, Islamic Rep.",IRN,2007,349736591832.418
"Iran, Islamic Rep.",IRN,2006,265602187403.643
"Iran, Islamic Rep.",IRN,2005,224970371324.67
"Iran, Islamic Rep.",IRN,2004,187754571247.666
"Iran, Islamic Rep.",IRN,2003,151911222119.488
"Iran, Islamic Rep.",IRN,2002,128626917503.72
"Iran, Islamic Rep.",IRN,2001,126878750295.944
"Iran, Islamic Rep.",IRN,2000,109591707802.216
"Iran, Islamic Rep.",IRN,1999,113848450088.351
"Iran, Islamic Rep.",IRN,1998,110276913362.508
"Iran, Islamic Rep.",IRN,1997,113919163421.155
"Iran, Islamic Rep.",IRN,1996,120403931885.441
"Iran, Islamic Rep.",IRN,1995,96419225743.6737
"Iran, Islamic Rep.",IRN,1994,71841461172.5964
"Iran, Islamic Rep.",IRN,1993,63743623232.012
"Iran, Islamic Rep.",IRN,1992,119768691216.667
"Iran, Islamic Rep.",IRN,1991,131637664958.014
"Iran, Islamic Rep.",IRN,1990,124813263926.225
"Iran, Islamic Rep.",IRN,1989,120496362916.271
"Iran, Islamic Rep.",IRN,1988,123057861333.908
"Iran, Islamic Rep.",IRN,1987,134009995923.169
"Iran, Islamic Rep.",IRN,1986,209094561833.48
"Iran, Islamic Rep.",IRN,1985,180183629599.684
"Iran, Islamic Rep.",IRN,1984,162276728619.519
"Iran, Islamic Rep.",IRN,1983,156365156618.241
"Iran, Islamic Rep.",IRN,1982,125948756439.485
"Iran, Islamic Rep.",IRN,1981,100499312749.923
"Iran, Islamic Rep.",IRN,1980,94362275580.0229
"Iran, Islamic Rep.",IRN,1979,90391877325.9285
"Iran, Islamic Rep.",IRN,1978,77994316621.4814
"Iran, Islamic Rep.",IRN,1977,80600122701.9632
"Iran, Islamic Rep.",IRN,1976,68055295080.7538
"Iran, Islamic Rep.",IRN,1975,51776222349.8869
"Iran, Islamic Rep.",IRN,1974,46209092072.1383
"Iran, Islamic Rep.",IRN,1973,27081698249.5083
"Iran, Islamic Rep.",IRN,1972,17153463263.1086
"Iran, Islamic Rep.",IRN,1971,13731802833.0363
"Iran, Islamic Rep.",IRN,1970,10976245153.5894
"Iran, Islamic Rep.",IRN,1969,9743089607.49587
"Iran, Islamic Rep.",IRN,1968,8623172959.89803
"Iran, Islamic Rep.",IRN,1967,7555383690.16
"Iran, Islamic Rep.",IRN,1966,6789938671.75094
"Iran, Islamic Rep.",IRN,1965,6197319929.04038
"Iran, Islamic Rep.",IRN,1964,5379845647.70139
"Iran, Islamic Rep.",IRN,1963,4928628018.38759
"Iran, Islamic Rep.",IRN,1962,4693566416.48346
"Iran, Islamic Rep.",IRN,1961,4426949094.8403
"Iran, Islamic Rep.",IRN,1960,4199134389.9037
Iraq,IRQ,2024,279641257615.385
Iraq,IRQ,2023,268881051643.549
Iraq,IRQ,2022,287372232137.931
Iraq,IRQ,2021,209691945713.103
Iraq,IRQ,2020,180898797516.874
Iraq,IRQ,2019,233636097800.338
Iraq,IRQ,2018,227367469034.031
Iraq,IRQ,2017,187217660050.676
Iraq,IRQ,2016,166743557747.671
Iraq,IRQ,2015,166774104959.102
Iraq,IRQ,2014,228415656174.957
Iraq,IRQ,2013,234637675128.645
Iraq,IRQ,2012,218002476129.472
Iraq,IRQ,2011,185749664444.444
Iraq,IRQ,2010,138516722649.573
Iraq,IRQ,2009,111657580326.315
Iraq,IRQ,2008,131614434153.505
Iraq,IRQ,2007,88837057319.5179
Iraq,IRQ,2006,65147051918.0219
Iraq,IRQ,2005,50065104667.8159
Iraq,IRQ,2004,36633669269.3981
Iraq,IRQ,2003,21921569478.8163
Iraq,IRQ,2002,32928454672.4246
Iraq,IRQ,2001,36176430128.8057
Iraq,IRQ,2000,48364250943.9051
Iraq,IRQ,1999,36881601583.8194
Iraq,IRQ,1998,20617405044.2425
Iraq,IRQ,1997,20764857056.3795
Iraq,IRQ,1996,10433698621.3427
Iraq,IRQ,1995,12894029888.1122
Iraq,IRQ,1994,3991349282.75729
Iraq,IRQ,1993,1031944881.13189
Iraq,IRQ,1992,553671957.671958
Iraq,IRQ,1991,407796349.663785
Iraq,IRQ,1990,180408064516.129
Iraq,IRQ,1989,65831935483.871
Iraq,IRQ,1988,62684516129.0323
Iraq,IRQ,1987,56774193548.3871
Iraq,IRQ,1986,47264516129.0323
Iraq,IRQ,1985,48425161290.3226
Iraq,IRQ,1984,46938387096.7742
Iraq,IRQ,1983,40712903225.8064
Iraq,IRQ,1982,42382333333.3333
Iraq,IRQ,1981,37823000000.0
Iraq,IRQ,1980,52569000000.0
Iraq,IRQ,1979,37816457839.4853
Iraq,IRQ,1978,23762275651.8794
Iraq,IRQ,1977,19838130714.5276
Iraq,IRQ,1976,17754825601.0836
Iraq,IRQ,1975,13458516762.6143
Iraq,IRQ,1974,11516762614.2906
Iraq,IRQ,1973,5134367778.1446
Iraq,IRQ,1972,4113848002.40312
Iraq,IRQ,1971,3865346534.65347
Iraq,IRQ,1970,3281318687.47253
Iraq,IRQ,1969,3007758796.89648
Iraq,IRQ,1968,2896598841.36046
Iraq,IRQ,1967,2551522656.19094
Iraq,IRQ,1966,2530306095.87756
Iraq,IRQ,1965,2335785506.0858
Iraq,IRQ,1964,2136408197.83672
Iraq,IRQ,1963,1805901510.0394
Iraq,IRQ,1962,1784174540.73018
Iraq,IRQ,1961,1671960965.21561
Iraq,IRQ,1960,1537252193.09912
Ireland,IRL,2024,609157459747.205
Ireland,IRL,2023,567372737459.116
Ireland,IRL,2022,548341794599.09
Ireland,IRL,2021,530394123829.763
Ireland,IRL,2020,436009027818.948
Ireland,IRL,2019,407211793800.713
Ireland,IRL,2018,395780319816.603
Ireland,IRL,2017,348355212568.515
Ireland,IRL,2016,305431252708.748
Ireland,IRL,2015,302101388556.271
Ireland,IRL,2014,266490442124.309
Ireland,IRL,2013,242924245718.756
Ireland,IRL,2012,226921827888.137
Ireland,IRL,2011,240975871046.644
Ireland,IRL,2010,221732824603.484
Ireland,IRL,2009,236443115853.695
Ireland,IRL,2008,275447471451.063
Ireland,IRL,2007,270079279419.5
Ireland,IRL,2006,232180617162.279
Ireland,IRL,2005,211876989655.907
Ireland,IRL,2004,194372115041.065
Ireland,IRL,2003,164670771259.602
Ireland,IRL,2002,128596035288.401
Ireland,IRL,2001,109346669229.695
Ireland,IRL,2000,100207610429.909
Ireland,IRL,1999,98893958262.6438
Ireland,IRL,1998,90199410115.5097
Ireland,IRL,1997,82856648758.3572
Ireland,IRL,1996,75790786290.3226
Ireland,IRL,1995,69139823232.3232
Ireland,IRL,1994,57097656065.96
Ireland,IRL,1993,52417477613.676
Ireland,IRL,1992,55918538121.3989
Ireland,IRL,1991,49787501584.4847
Ireland,IRL,1990,49305632408.4929
Ireland,IRL,1989,39238392677.7542
Ireland,IRL,1988,37772896220.7559
Ireland,IRL,1987,33920518492.5094
Ireland,IRL,1986,28714571852.4799
Ireland,IRL,1985,21270013325.5601
Ireland,IRL,1984,20106648454.8404
Ireland,IRL,1983,20766047763.5314
Ireland,IRL,1982,21474752962.2178
Ireland,IRL,1981,20670190138.1671
Ireland,IRL,1980,21747855640.0712
Ireland,IRL,1979,18319334300.4513
Ireland,IRL,1978,14647996073.6937
Ireland,IRL,1977,11248340431.3779
Ireland,IRL,1976,9453756014.71837
Ireland,IRL,1975,9483808362.36934
Ireland,IRL,1974,7896860614.98803
Ireland,IRL,1973,7481173065.79201
Ireland,IRL,1972,6318060582.21873
Ireland,IRL,1971,5098250287.46646
Ireland,IRL,1970,4395995085.99509
Ireland,IRL,1969,3902721631.54663
Ireland,IRL,1968,3378701146.84197
Ireland,IRL,1967,3445739914.73101
Ireland,IRL,1966,3198820903.82796
Ireland,IRL,1965,3035655793.5247
Ireland,IRL,1964,2851091646.43165
Ireland,IRL,1963,2505073357.88508
Ireland,IRL,1962,2329372971.89171
Ireland,IRL,1961,2151772979.96956
Ireland,IRL,1960,1998550221.80554
Isle of Man,IMN,2022,7431257410.92713
Isle of Man,IMN,2021,7931193222.06405
Isle of Man,IMN,2020,6684225641.02564
Isle of Man,IMN,2019,7314967866.28289
Isle of Man,IMN,2018,7491649455.92717
Isle of Man,IMN,2017,6979788333.50279
Isle of Man,IMN,2016,6846377563.00683
Isle of Man,IMN,2015,7084800892.22284
Isle of Man,IMN,2014,7708454412.32126
Isle of Man,IMN,2013,7001175622.71266
Isle of Man,IMN,2012,6690228371.66909
Isle of Man,IMN,2011,6565667052.79737
Isle of Man,IMN,2010,5920369789.50182
Isle of Man,IMN,2009,5486921247.07323
Isle of Man,IMN,2008,5928791505.35144
Isle of Man,IMN,2007,4466350655.89909
Isle of Man,IMN,2006,3422733202.4501
Isle of Man,IMN,2005,3032411026.94919
Isle of Man,IMN,2004,2802206151.59282
Isle of Man,IMN,2003,2252620408.16327
Isle of Man,IMN,2002,1891002697.84173
Isle of Man,IMN,2001,1668684324.16871
Isle of Man,IMN,2000,1601050083.21985
Isle of Man,IMN,1999,1573742112.92671
Isle of Man,IMN,1998,1385124213.31567
Isle of Man,IMN,1997,1178261296.66012
Isle of Man,IMN,1996,1007205928.23713
Isle of Man,IMN,1995,922269212.561149
Isle of Man,IMN,1994,833255280.073462
Isle of Man,IMN,1993,765647870.425915
Isle of Man,IMN,1992,854849069.84907
Isle of Man,IMN,1991,821507936.507937
Isle of Man,IMN,1990,761514559.659091
Isle of Man,IMN,1989,617619437.172775
Isle of Man,IMN,1988,584702952.685877
Isle of Man,IMN,1987,459975486.190554
Isle of Man,IMN,1986,356287012.606274
Isle of Man,IMN,1985,256330852.156058
Isle of Man,IMN,1984,251195796.754456
Israel,ISR,2024,540379921261.681
Israel,ISR,2023,512184638998.974
Israel,ISR,2022,525181008025.57
Israel,ISR,2021,489851549972.347
Israel,ISR,2020,410768352657.612
Israel,ISR,2019,400645216358.857
Israel,ISR,2018,376299083108.497
Israel,ISR,2017,358451839052.991
Israel,ISR,2016,321940971558.016
Israel,ISR,2015,303469434072.296
Israel,ISR,2014,315017088116.716
Israel,ISR,2013,298478070673.058
Israel,ISR,2012,263589172712.391
Israel,ISR,2011,268094998225.028
Israel,ISR,2010,239679036634.372
Israel,ISR,2009,213403181852.86
Israel,ISR,2008,221231658862.876
Israel,ISR,2007,184681214673.45
Israel,ISR,2006,158900547825.306
Israel,ISR,2005,147519922009.047
Israel,ISR,2004,140047984605.087
Israel,ISR,2003,131408914824.005
Israel,ISR,2002,125332331883.997
Israel,ISR,2001,135002039612.906
Israel,ISR,2000,136512300542.025
Israel,ISR,1999,121417185061.719
Israel,ISR,1998,120547409278.703
Israel,ISR,1997,119459826346.611
Israel,ISR,1996,115116595544.694
Israel,ISR,1995,105497418058.646
Israel,ISR,1994,90740103828.6058
Israel,ISR,1993,79855877174.4429
Israel,ISR,1992,79457685757.166
Israel,ISR,1991,70998755006.9019
Israel,ISR,1990,62016729540.7093
Israel,ISR,1989,52443479454.114
Israel,ISR,1988,52650948910.3748
Israel,ISR,1987,43049543634.9607
Israel,ISR,1986,35834154873.5622
Israel,ISR,1985,28905736366.7079
Israel,ISR,1984,30645607293.0048
Israel,ISR,1983,32675755462.0865
Israel,ISR,1982,29255285401.3621
Israel,ISR,1981,26882009819.3456
Israel,ISR,1980,25395256477.5976
Israel,ISR,1979,22609741059.839
Israel,ISR,1978,17701286907.0888
Israel,ISR,1977,18257113904.2478
Israel,ISR,1976,15956349550.0166
Israel,ISR,1975,16141767373.4859
Israel,ISR,1974,17172607138.122
Israel,ISR,1973,11902574258.9313
Israel,ISR,1972,9222557538.58382
Israel,ISR,1971,7052544000.09352
Israel,ISR,1970,7406712876.3832
Israel,ISR,1969,6297852761.13463
Israel,ISR,1968,5458427927.8861
Israel,ISR,1967,4762386782.7194
Israel,ISR,1966,4703300098.0703
Israel,ISR,1965,4329084428.62583
Israel,ISR,1964,4024344852.54797
Israel,ISR,1963,3535949088.90947
Israel,ISR,1962,2966154031.33123
Israel,ISR,1961,3708586471.46387
Israel,ISR,1960,3070585807.33625
Italy,ITA,2024,2380825077243.59
Italy,ITA,2023,2316727999333.18
Italy,ITA,2022,2104067630319.46
Italy,ITA,2021,2179207773596.09
Italy,ITA,2020,1907481094079.23
Italy,ITA,2019,2019606796583.53
Italy,ITA,2018,2099435266458.67
Italy,ITA,2017,1970720904584.71
Italy,ITA,2016,1887111188176.93
Italy,ITA,2015,1845428048839.1
Italy,ITA,2014,2173255507985.84
Italy,ITA,2013,2153225581941.46
Italy,ITA,2012,2097929495121.68
Italy,ITA,2011,2306974020278.21
Italy,ITA,2010,2144936254535.0
Italy,ITA,2009,2209484319012.65
Italy,ITA,2008,2417508414187.19
Italy,ITA,2007,2222524108127.65
Italy,ITA,2006,1958563654385.64
Italy,ITA,2005,1864982261286.85
Italy,ITA,2004,1812808753294.75
Italy,ITA,2003,1582930016538.82
Italy,ITA,2002,1281746271196.04
Italy,ITA,2001,1172041488805.87
Italy,ITA,2000,1149661363439.38
Italy,ITA,1999,1255004736463.98
Italy,ITA,1998,1272729786996.77
Italy,ITA,1997,1244988176443.84
Italy,ITA,1996,1314776508972.27
Italy,ITA,1995,1177369428265.78
Italy,ITA,1994,1101750159702.21
Italy,ITA,1993,1067412587670.73
Italy,ITA,1992,1323204350353.5
Italy,ITA,1991,1249092439519.28
Italy,ITA,1990,1183945130898.51
Italy,ITA,1989,930801709003.669
Italy,ITA,1988,893663934840.821
Italy,ITA,1987,807570134448.76
Italy,ITA,1986,641862313287.44
Italy,ITA,1985,453259761687.456
Italy,ITA,1984,438896930791.272
Italy,ITA,1983,444063496940.337
Italy,ITA,1982,428257421617.752
Italy,ITA,1981,431695533980.583
Italy,ITA,1980,478356755595.749
Italy,ITA,1979,394584507107.9
Italy,ITA,1978,315784469541.41
Italy,ITA,1977,258190019749.835
Italy,ITA,1976,225235205861.828
Italy,ITA,1975,228220643534.994
Italy,ITA,1974,200024444775.231
Italy,ITA,1973,175896529392.229
Italy,ITA,1972,145594833997.344
Italy,ITA,1971,124959712858.926
Italy,ITA,1970,113656669764.56
Italy,ITA,1969,100996667239.335
Italy,ITA,1968,91485448147.84
Italy,ITA,1967,84401995573.2456
Italy,ITA,1966,76622444787.3696
Italy,ITA,1965,70717012186.1774
Italy,ITA,1964,65720771779.4768
Italy,ITA,1963,60035924617.9277
Italy,ITA,1962,52413872628.0045
Italy,ITA,1961,46649487320.4225
Italy,ITA,1960,42012422612.3955
Jamaica,JAM,2024,22014397089.7689
Jamaica,JAM,2023,21418804319.6395
Jamaica,JAM,2022,18813516805.214
Jamaica,JAM,2021,15963885376.3537
Jamaica,JAM,2020,15000214216.2439
Jamaica,JAM,2019,17026269262.5307
Jamaica,JAM,2018,16855447986.2221
Jamaica,JAM,2017,15783583236.675
Jamaica,JAM,2016,14898999754.1229
Jamaica,JAM,2015,14963589915.5912
Jamaica,JAM,2014,13899217679.9219
Jamaica,JAM,2013,14264205152.6126
Jamaica,JAM,2012,14807086555.5283
Jamaica,JAM,2011,14444661522.1463
Jamaica,JAM,2010,13220549908.2494
Jamaica,JAM,2009,12120458114.8318
Jamaica,JAM,2008,13709401520.0326
Jamaica,JAM,2007,12799600047.1845
Jamaica,JAM,2006,11930179089.8855
Jamaica,JAM,2005,11243865777.7131
Jamaica,JAM,2004,10174664853.9476
Jamaica,JAM,2003,9430234810.78586
Jamaica,JAM,2002,9719009494.84779
Jamaica,JAM,2001,9194727831.07318
Jamaica,JAM,2000,9005064474.93003
Jamaica,JAM,1999,8887057997.36228
Jamaica,JAM,1998,8787195622.43502
Jamaica,JAM,1997,8400041723.54861
Jamaica,JAM,1996,7393891920.80358
Jamaica,JAM,1995,6577520642.82297
Jamaica,JAM,1994,5452558947.03045
Jamaica,JAM,1993,5440075675.74067
Jamaica,JAM,1992,3535460089.80719
Jamaica,JAM,1991,4106207649.05547
Jamaica,JAM,1990,4592208086.69235
Jamaica,JAM,1989,4404937853.39452
Jamaica,JAM,1988,3828342820.3494
Jamaica,JAM,1987,3287007321.56699
Jamaica,JAM,1986,2754549581.92409
Jamaica,JAM,1985,2100239018.82467
Jamaica,JAM,1984,2373564549.4932
Jamaica,JAM,1983,3619262277.47712
Jamaica,JAM,1982,3293496311.93093
Jamaica,JAM,1981,2979027966.45373
Jamaica,JAM,1980,2679379371.51261
Jamaica,JAM,1979,2425064229.04184
Jamaica,JAM,1978,2644527821.53011
Jamaica,JAM,1977,3249733139.73314
Jamaica,JAM,1976,2966042856.04286
Jamaica,JAM,1975,2860442750.44275
Jamaica,JAM,1974,2375122375.12238
Jamaica,JAM,1973,1905917553.19149
Jamaica,JAM,1972,1875146587.4443
Jamaica,JAM,1971,1539861815.89381
Jamaica,JAM,1970,1404720441.88818
Jamaica,JAM,1969,1191239047.00876
Jamaica,JAM,1968,1083839132.92869
Jamaica,JAM,1967,1148014310.8255
Jamaica,JAM,1966,1096759561.29618
Jamaica,JAM,1965,972159611.136156
Jamaica,JAM,1964,897949000.8204
Jamaica,JAM,1963,826706669.317332
Jamaica,JAM,1962,777727688.908924
Jamaica,JAM,1961,748043500.7826
Jamaica,JAM,1960,699064380.374248
Japan,JPN,2024,4027597523550.58
Japan,JPN,2023,4213167237905.83
Japan,JPN,2022,4262463317796.53
Japan,JPN,2021,5039148168861.22
Japan,JPN,2020,5054068005376.28
Japan,JPN,2019,5117993853016.51
Japan,JPN,2018,5040880939324.86
Japan,JPN,2017,4930837369151.42
Japan,JPN,2016,5003677627544.24
Japan,JPN,2015,4444930651964.18
Japan,JPN,2014,4896994405353.29
Japan,JPN,2013,5212328181166.18
Japan,JPN,2012,6272362996105.03
Japan,JPN,2011,6233147172341.35
Japan,JPN,2010,5759071769013.11
Japan,JPN,2009,5289493117993.89
Japan,JPN,2008,5106679115127.3
Japan,JPN,2007,4579750920354.81
Japan,JPN,2006,4601663122649.92
Japan,JPN,2005,4831467035389.8
Japan,JPN,2004,4893116005656.56
Japan,JPN,2003,4519561645253.53
Japan,JPN,2002,4182846045873.61
Japan,JPN,2001,4374711694090.87
Japan,JPN,2000,4968359075956.59
Japan,JPN,1999,4635982224063.88
Japan,JPN,1998,4098362709531.24
Japan,JPN,1997,4492448605638.94
Japan,JPN,1996,4923391533851.63
Japan,JPN,1995,5545563663889.7
Japan,JPN,1994,4998797547740.97
Japan,JPN,1993,4536940479038.25
Japan,JPN,1992,3980702922117.66
Japan,JPN,1991,3648065760648.88
Japan,JPN,1990,3185904656663.85
Japan,JPN,1989,3109455047823.93
Japan,JPN,1988,3125724434400.79
Japan,JPN,1987,2580748422781.09
Japan,JPN,1986,2120083812109.91
Japan,JPN,1985,1427019759717.41
Japan,JPN,1984,1345824500836.76
Japan,JPN,1983,1270859919742.9
Japan,JPN,1982,1158731426905.85
Japan,JPN,1981,1245221410764.15
Japan,JPN,1980,1129377244854.04
Japan,JPN,1979,1077910077676.37
Japan,JPN,1978,1035611588216.59
Japan,JPN,1977,737069290927.712
Japan,JPN,1976,598883902155.605
Japan,JPN,1975,532861438884.724
Japan,JPN,1974,490035789970.299
Japan,JPN,1973,441460582535.921
Japan,JPN,1972,324933841268.585
Japan,JPN,1971,245364056622.363
Japan,JPN,1970,217223652719.444
Japan,JPN,1969,184298841304.667
Japan,JPN,1968,156897496759.128
Japan,JPN,1967,132475614226.519
Japan,JPN,1966,113046784179.289
Japan,JPN,1965,97338107605.8236
Japan,JPN,1964,87490590817.9803
Japan,JPN,1963,74379284603.3875
Japan,JPN,1962,64987857541.6256
Japan,JPN,1961,57266758179.5883
Japan,JPN,1960,47419238274.4619
Jordan,JOR,2024,53352289577.4648
Jordan,JOR,2023,51088476338.0282
Jordan,JOR,2022,48764963380.2817
Jordan,JOR,2021,46296100140.8451
Jordan,JOR,2020,43700383098.5916
Jordan,JOR,2019,44503006338.0282
Jordan,JOR,2018,43370860704.2254
Jordan,JOR,2017,41608435915.493
Jordan,JOR,2016,39892551126.7606
Jordan,JOR,2015,38587017887.3239
Jordan,JOR,2014,36847643521.1268
Jordan,JOR,2013,34454440140.8451
Jordan,JOR,2012,31634561690.1408
Jordan,JOR,2011,29524149154.9296
Jordan,JOR,2010,27133804225.3521
Jordan,JOR,2009,24537876056.338
Jordan,JOR,2008,22658715989.3302
Jordan,JOR,2007,17110437235.543
Jordan,JOR,2006,15056981664.3159
Jordan,JOR,2005,12588998589.5628
Jordan,JOR,2004,11411706629.055
Jordan,JOR,2003,10195627644.5698
Jordan,JOR,2002,9582510578.27927
Jordan,JOR,2001,8975814652.8196
Jordan,JOR,2000,8460789844.8519
Jordan,JOR,1999,8149929478.13822
Jordan,JOR,1998,7912270803.94922
Jordan,JOR,1997,7245839210.15515
Jordan,JOR,1996,6927503526.09309
Jordan,JOR,1995,6727597031.96347
Jordan,JOR,1994,6236295978.24531
Jordan,JOR,1993,5606400221.69269
Jordan,JOR,1992,5310833193.59005
Jordan,JOR,1991,4344467193.25095
Jordan,JOR,1990,4160087507.83472
Jordan,JOR,1989,4221373673.80468
Jordan,JOR,1988,6277451829.05325
Jordan,JOR,1987,6756209762.48231
Jordan,JOR,1986,6402050484.90425
Jordan,JOR,1985,4993601520.43079
Jordan,JOR,1984,4967162160.40472
Jordan,JOR,1983,4920692190.95569
Jordan,JOR,1982,4681240992.70338
Jordan,JOR,1981,4383944702.85958
Jordan,JOR,1980,3910044474.28044
Jordan,JOR,1979,3271368780.65347
Jordan,JOR,1978,2602208588.95706
Jordan,JOR,1977,2096778602.16785
Jordan,JOR,1976,1708521219.46003
Jordan,JOR,1975,1363073497.77355
Jordan,JOR,1974,1197483948.68547
Jordan,JOR,1973,943783839.718052
Jordan,JOR,1972,788479684.608126
Jordan,JOR,1971,678159728.736109
Jordan,JOR,1970,639519744.192102
Jordan,JOR,1969,698879720.448112
Jordan,JOR,1968,561119775.55209
Jordan,JOR,1967,631679747.328101
Jordan,JOR,1966,657999736.800105
Jordan,JOR,1965,599759760.096096
Kazakhstan,KAZ,2024,291480274648.826
Kazakhstan,KAZ,2023,261840101059.923
Kazakhstan,KAZ,2022,225496328925.494
Kazakhstan,KAZ,2021,197112255360.612
Kazakhstan,KAZ,2020,171082365861.423
Kazakhstan,KAZ,2019,181667184854.501
Kazakhstan,KAZ,2018,179339977690.485
Kazakhstan,KAZ,2017,166805788827.233
Kazakhstan,KAZ,2016,137278320084.171
Kazakhstan,KAZ,2015,184388404706.042
Kazakhstan,KAZ,2014,221415613595.469
Kazakhstan,KAZ,2013,236634603409.089
Kazakhstan,KAZ,2012,207998568865.789
Kazakhstan,KAZ,2011,192626464617.071
Kazakhstan,KAZ,2010,148047348240.643
Kazakhstan,KAZ,2009,115308686941.38
Kazakhstan,KAZ,2008,133441648851.982
Kazakhstan,KAZ,2007,104849915058.376
Kazakhstan,KAZ,2006,81003864630.018
Kazakhstan,KAZ,2005,57123671733.8952
Kazakhstan,KAZ,2004,43151647002.6096
Kazakhstan,KAZ,2003,30833692900.1091
Kazakhstan,KAZ,2002,24636598527.4437
Kazakhstan,KAZ,2001,22152689179.8815
Kazakhstan,KAZ,2000,18291990662.0356
Kazakhstan,KAZ,1999,16870817181.7799
Kazakhstan,KAZ,1998,22135245507.3656
Kazakhstan,KAZ,1997,22165932062.966
Kazakhstan,KAZ,1996,21035357936.8796
Kazakhstan,KAZ,1995,20374302652.3819
Kazakhstan,KAZ,1994,21250792886.1054
Kazakhstan,KAZ,1993,23409260879.9427
Kazakhstan,KAZ,1992,24917355371.9008
Kazakhstan,KAZ,1991,24923076923.0769
Kazakhstan,KAZ,1990,26932016269.6107
Kenya,KEN,2024,120339557905.932
Kenya,KEN,2023,107500884685.013
Kenya,KEN,2022,114448978152.637
Kenya,KEN,2021,109703658904.994
Kenya,KEN,2020,100657505750.545
Kenya,KEN,2019,100378436207.371
Kenya,KEN,2018,92202979985.2863
Kenya,KEN,2017,82036510877.2599
Kenya,KEN,2016,74815144163.8931
Kenya,KEN,2015,70120446896.8359
Kenya,KEN,2014,68285796514.2896
Kenya,KEN,2013,61671440407.8387
Kenya,KEN,2012,56396704671.5777
Kenya,KEN,2011,46869473150.61
Kenya,KEN,2010,45405615063.7551
Kenya,KEN,2009,42347217912.9176
Kenya,KEN,2008,35895153327.8497
Kenya,KEN,2007,31958195182.2406
Kenya,KEN,2006,25825512284.2891
Kenya,KEN,2005,18737895512.7378
Kenya,KEN,2004,16095337093.8366
Kenya,KEN,2003,14904517649.8476
Kenya,KEN,2002,13147736898.5176
Kenya,KEN,2001,12986007425.8781
Kenya,KEN,2000,12705350097.8044
Kenya,KEN,1999,12896010459.3711
Kenya,KEN,1998,14093998843.7334
Kenya,KEN,1997,13115764358.2846
Kenya,KEN,1996,12045865396.1323
Kenya,KEN,1995,9046320255.40507
Kenya,KEN,1994,7148148564.04239
Kenya,KEN,1993,5751786642.55871
Kenya,KEN,1992,8209120763.04955
Kenya,KEN,1991,8151488783.19064
Kenya,KEN,1990,8572359038.16958
Kenya,KEN,1989,8283114514.17081
Kenya,KEN,1988,8355380879.12955
Kenya,KEN,1987,7970820369.2949
Kenya,KEN,1986,7239126568.14092
Kenya,KEN,1985,6135034213.78998
Kenya,KEN,1984,6191437070.18411
Kenya,KEN,1983,5979198313.76093
Kenya,KEN,1982,6431579356.95926
Kenya,KEN,1981,6854491705.88377
Kenya,KEN,1980,7265315820.20777
Kenya,KEN,1979,6234391113.46434
Kenya,KEN,1978,5303735110.55151
Kenya,KEN,1977,4494378764.32011
Kenya,KEN,1976,3474542391.69992
Kenya,KEN,1975,3259345083.26283
Kenya,KEN,1974,2969958812.01648
Kenya,KEN,1973,2509001324.34591
Kenya,KEN,1972,2107279157.08834
Kenya,KEN,1971,1778391288.64348
Kenya,KEN,1970,1603447358.62106
Kenya,KEN,1969,1458379416.64823
Kenya,KEN,1968,1353295458.68182
Kenya,KEN,1967,1232559506.9762
Kenya,KEN,1966,1164519674.19213
Kenya,KEN,1965,997919320.832272
Kenya,KEN,1964,998759334.496266
Kenya,KEN,1963,926589349.36426
Kenya,KEN,1962,868111400.75544
Kenya,KEN,1961,792959472.816211
Kenya,KEN,1960,791265459.493816
Kiribati,KIR,2024,307862564.489711
Kiribati,KIR,2023,288610747.738991
Kiribati,KIR,2022,270040453.254018
Kiribati,KIR,2021,285259881.131951
Kiribati,KIR,2020,220898020.418627
Kiribati,KIR,2019,216985388.322754
Kiribati,KIR,2018,233514717.441266
Kiribati,KIR,2017,222875736.343445
Kiribati,KIR,2016,206467818.503227
Kiribati,KIR,2015,191559398.688293
Kiribati,KIR,2014,200287281.98074
Kiribati,KIR,2013,201730860.757856
Kiribati,KIR,2012,207001545.867109
Kiribati,KIR,2011,195970140.170383
Kiribati,KIR,2010,165458433.127645
Kiribati,KIR,2009,140177384.145395
Kiribati,KIR,2008,147017894.97877
Kiribati,KIR,2007,138054945.643442
Kiribati,KIR,2006,112338353.264712
Kiribati,KIR,2005,113895437.324786
Kiribati,KIR,2004,104085892.133271
Kiribati,KIR,2003,96105619.3795504
Kiribati,KIR,2002,74743869.1313473
Kiribati,KIR,2001,64935850.1573877
Kiribati,KIR,2000,74910527.2586758
Kiribati,KIR,1999,77323978.1928449
Kiribati,KIR,1998,74905705.8928477
Kiribati,KIR,1997,80205806.8250976
Kiribati,KIR,1996,81456854.1385109
Kiribati,KIR,1995,68596394.6026524
Kiribati,KIR,1994,67055333.9021503
Kiribati,KIR,1993,58953595.9090414
Kiribati,KIR,1992,61491369.281929
Kiribati,KIR,1991,41247791.6364169
Kiribati,KIR,1990,36534294.7991591
Kiribati,KIR,1989,37645319.1994276
Kiribati,KIR,1988,38278810.3176488
Kiribati,KIR,1987,29554412.5328693
Kiribati,KIR,1986,25993008.7943576
Kiribati,KIR,1985,26126615.2284866
Kiribati,KIR,1984,34394167.0416706
Kiribati,KIR,1983,31000545.7710517
Kiribati,KIR,1982,32742712.6527597
Kiribati,KIR,1981,35267489.2425442
Kiribati,KIR,1980,33157723.1094117
Kiribati,KIR,1979,34466197.0333233
Kiribati,KIR,1978,36563964.5510014
Kiribati,KIR,1977,31335458.7039851
Kiribati,KIR,1976,33246816.5018414
Kiribati,KIR,1975,44547453.6024265
Kiribati,KIR,1974,69256488.5160763
Kiribati,KIR,1973,25645040.4712955
Kiribati,KIR,1972,15314346.4925323
Kiribati,KIR,1971,12356134.3838676
Kiribati,KIR,1970,11560877.2811451
"Korea, Rep.",KOR,2024,1875388209406.8
"Korea, Rep.",KOR,2023,1844800934391.54
"Korea, Rep.",KOR,2022,1799363116866.52
"Korea, Rep.",KOR,2021,1942313560965.9
"Korea, Rep.",KOR,2020,1744070276373.34
"Korea, Rep.",KOR,2019,1751045752054.63
"Korea, Rep.",KOR,2018,1824251454306.83
"Korea, Rep.",KOR,2017,1710196756713.17
"Korea, Rep.",KOR,2016,1579150518945.44
"Korea, Rep.",KOR,2015,1539212301135.55
"Korea, Rep.",KOR,2014,1556252422020.44
"Korea, Rep.",KOR,2013,1434669686501.84
"Korea, Rep.",KOR,2012,1335343586437.67
"Korea, Rep.",KOR,2011,1307103477219.1
"Korea, Rep.",KOR,2010,1192830015737.68
"Korea, Rep.",KOR,2009,983065242417.36
"Korea, Rep.",KOR,2008,1091580692542.34
"Korea, Rep.",KOR,2007,1220911904593.06
"Korea, Rep.",KOR,2006,1095175538508.19
"Korea, Rep.",KOR,2005,971740329983.878
"Korea, Rep.",KOR,2004,823251107638.814
"Korea, Rep.",KOR,2003,728516494684.269
"Korea, Rep.",KOR,2002,650014391470.21
"Korea, Rep.",KOR,2001,567564806235.441
"Korea, Rep.",KOR,2000,597487173479.109
"Korea, Rep.",KOR,1999,515697079289.011
"Korea, Rep.",KOR,1998,397297216492.19
"Korea, Rep.",KOR,1997,589202526424.141
"Korea, Rep.",KOR,1996,631196863758.281
"Korea, Rep.",KOR,1995,586286469400.665
"Korea, Rep.",KOR,1994,479181794216.859
"Korea, Rep.",KOR,1993,405705302846.447
"Korea, Rep.",KOR,1992,366921291824.719
"Korea, Rep.",KOR,1991,340851946803.812
"Korea, Rep.",KOR,1990,292064221388.988
"Korea, Rep.",KOR,1989,254236243100.439
"Korea, Rep.",KOR,1988,205477530605.222
"Korea, Rep.",KOR,1987,152240393645.506
"Korea, Rep.",KOR,1986,119965960795.24
"Korea, Rep.",KOR,1985,103764281280.89
"Korea, Rep.",KOR,1984,99749645088.5994
"Korea, Rep.",KOR,1983,89621208322.3386
"Korea, Rep.",KOR,1982,79921300446.6517
"Korea, Rep.",KOR,1981,74287368087.3467
"Korea, Rep.",KOR,1980,66547970350.6151
"Korea, Rep.",KOR,1979,68083884297.5207
"Korea, Rep.",KOR,1978,52824793388.4297
"Korea, Rep.",KOR,1977,39064462809.9174
"Korea, Rep.",KOR,1976,30371074380.1653
"Korea, Rep.",KOR,1975,22126033057.8512
"Korea, Rep.",KOR,1974,19860929976.698
"Korea, Rep.",KOR,1973,14067523813.0386
"Korea, Rep.",KOR,1972,10990490569.7259
"Korea, Rep.",KOR,1971,10005257131.3347
"Korea, Rep.",KOR,1970,9085001793.55852
"Korea, Rep.",KOR,1969,7743940188.95006
"Korea, Rep.",KOR,1968,6167109472.42856
"Korea, Rep.",KOR,1967,4895076717.9993
"Korea, Rep.",KOR,1966,3957064541.39218
"Korea, Rep.",KOR,1965,3141131708.31319
"Korea, Rep.",KOR,1964,3476789681.58031
"Korea, Rep.",KOR,1963,4007692307.69231
"Korea, Rep.",KOR,1962,2826923076.92308
"Korea, Rep.",KOR,1961,2427244760.66918
"Korea, Rep.",KOR,1960,3973069306.93069
Kosovo,XKX,2024,11197246322.588
Kosovo,XKX,2023,10468224574.7539
Kosovo,XKX,2022,9354907646.29785
Kosovo,XKX,2021,9413408574.4949
Kosovo,XKX,2020,7717143395.54732
Kosovo,XKX,2019,7899741278.75198
Kosovo,XKX,2018,7878762812.27689
Kosovo,XKX,2017,7180768692.01515
Kosovo,XKX,2016,6682677289.98994
Kosovo,XKX,2015,6295848422.71573
Kosovo,XKX,2014,7074394734.88431
Kosovo,XKX,2013,6735328609.6594
Kosovo,XKX,2012,6163484244.63408
Kosovo,XKX,2011,6341613609.97976
Kosovo,XKX,2010,5343950556.07185
Kosovo,XKX,2009,5015894692.97027
Kosovo,XKX,2008,5181776768.71247
Kuwait,KWT,2024,160227273053.334
Kuwait,KWT,2023,165384407116.233
Kuwait,KWT,2022,183502046693.878
Kuwait,KWT,2021,148350671489.144
Kuwait,KWT,2020,111045470605.715
Kuwait,KWT,2019,140856394860.529
Kuwait,KWT,2018,138646316350.727
Kuwait,KWT,2017,120687539805.505
Kuwait,KWT,2016,109406674124.652
Kuwait,KWT,2015,114585555688.511
Kuwait,KWT,2014,162650450684.725
Kuwait,KWT,2013,174168116534.844
Kuwait,KWT,2012,174047662680.041
Kuwait,KWT,2011,154039231245.856
Kuwait,KWT,2010,115416245241.742
Kuwait,KWT,2009,105968691905.415
Kuwait,KWT,2008,147379737229.753
Kuwait,KWT,2007,114634043361.692
Kuwait,KWT,2006,101557330723.423
Kuwait,KWT,2005,80798630136.9863
Kuwait,KWT,2004,59439090600.6108
Kuwait,KWT,2003,47874582231.588
Kuwait,KWT,2002,38135788413.8276
Kuwait,KWT,2001,34889559869.8326
Kuwait,KWT,2000,37718743480.0751
Kuwait,KWT,1999,30122365849.2518
Kuwait,KWT,1998,25943705784.2996
Kuwait,KWT,1997,30350190704.4361
Kuwait,KWT,1996,31492373308.7516
Kuwait,KWT,1995,27186980646.5448
Kuwait,KWT,1994,24848483838.3838
Kuwait,KWT,1993,23941391390.7285
Kuwait,KWT,1992,19858555214.7239
Kuwait,KWT,1991,11009993703.1474
Kuwait,KWT,1990,18427777777.7778
Kuwait,KWT,1989,24313855653.3993
Kuwait,KWT,1988,20690322152.8945
Kuwait,KWT,1987,22368704133.6668
Kuwait,KWT,1986,17903989745.178
Kuwait,KWT,1985,21445970613.7595
Kuwait,KWT,1984,21700082752.9369
Kuwait,KWT,1983,20871081080.1538
Kuwait,KWT,1982,21577153356.4192
Kuwait,KWT,1981,25058020338.2535
Kuwait,KWT,1980,28638868355.9196
Kuwait,KWT,1979,24749063922.4796
Kuwait,KWT,1978,15503557496.1916
Kuwait,KWT,1977,14137406740.5065
Kuwait,KWT,1976,13132252801.9372
Kuwait,KWT,1975,12022811620.7867
Kuwait,KWT,1974,13006948296.2705
Kuwait,KWT,1973,5408804607.3129
Kuwait,KWT,1972,4450537925.33189
Kuwait,KWT,1971,3880392195.40688
Kuwait,KWT,1970,2873638850.54446
Kuwait,KWT,1969,2769198892.32044
Kuwait,KWT,1968,2662798934.88043
Kuwait,KWT,1967,2441599023.36039
Kuwait,KWT,1966,2391199043.52038
Kuwait,KWT,1965,2097199161.12034
Kuwait,KWT,1964,2071668533.03471
Kuwait,KWT,1963,1900895856.66293
Kuwait,KWT,1962,1828107502.79955
Kyrgyz Republic,KGZ,2024,17478259659.2625
Kyrgyz Republic,KGZ,2023,15180842369.4894
Kyrgyz Republic,KGZ,2022,12134931017.9465
Kyrgyz Republic,KGZ,2021,9249133946.26531
Kyrgyz Republic,KGZ,2020,8270468614.24051
Kyrgyz Republic,KGZ,2019,9371275264.36735
Kyrgyz Republic,KGZ,2018,8271106235.41552
Kyrgyz Republic,KGZ,2017,7702938379.42036
Kyrgyz Republic,KGZ,2016,6813095379.1187
Kyrgyz Republic,KGZ,2015,6678177511.66313
Kyrgyz Republic,KGZ,2014,7468102412.68237
Kyrgyz Republic,KGZ,2013,7335033800.59056
Kyrgyz Republic,KGZ,2012,6605142884.36215
Kyrgyz Republic,KGZ,2011,6197765984.28468
Kyrgyz Republic,KGZ,2010,4794361863.01353
Kyrgyz Republic,KGZ,2009,4690061380.60253
Kyrgyz Republic,KGZ,2008,5139958909.17936
Kyrgyz Republic,KGZ,2007,3802570552.56105
Kyrgyz Republic,KGZ,2006,2834168889.42019
Kyrgyz Republic,KGZ,2005,2460246766.41401
Kyrgyz Republic,KGZ,2004,2211534585.0034
Kyrgyz Republic,KGZ,2003,1919008090.49641
Kyrgyz Republic,KGZ,2002,1605643104.73021
Kyrgyz Republic,KGZ,2001,1525116370.27939
Kyrgyz Republic,KGZ,2000,1369688498.06778
Kyrgyz Republic,KGZ,1999,1249061487.01457
Kyrgyz Republic,KGZ,1998,1645963749.83146
Kyrgyz Republic,KGZ,1997,1767864035.71943
Kyrgyz Republic,KGZ,1996,1827570586.16784
Kyrgyz Republic,KGZ,1995,1661147035.24388
Kyrgyz Republic,KGZ,1994,1681780847.41091
Kyrgyz Republic,KGZ,1993,2026019252.61241
Kyrgyz Republic,KGZ,1992,2315346942.855
Kyrgyz Republic,KGZ,1991,2542256424.35069
Kyrgyz Republic,KGZ,1990,2660202622.91006
Lao PDR,LAO,2024,16502933121.3379
Lao PDR,LAO,2023,15843155731.2552
Lao PDR,LAO,2022,15468785203.7532
Lao PDR,LAO,2021,18827148530.9347
Lao PDR,LAO,2020,18981805250.2424
Lao PDR,LAO,2019,18740561512.5555
Lao PDR,LAO,2018,18141641089.7963
Lao PDR,LAO,2017,17071155481.4994
Lao PDR,LAO,2016,15912501722.6143
Lao PDR,LAO,2015,14426380125.6488
Lao PDR,LAO,2014,13279245886.3854
Lao PDR,LAO,2013,11983252626.5452
Lao PDR,LAO,2012,10192846339.4029
Lao PDR,LAO,2011,8750104617.17303
Lao PDR,LAO,2010,7131771014.70456
Lao PDR,LAO,2009,5836137329.63305
Lao PDR,LAO,2008,5446433157.40114
Lao PDR,LAO,2007,4223152739.04052
Lao PDR,LAO,2006,3455030060.9785
Lao PDR,LAO,2005,2735558734.7379
Lao PDR,LAO,2004,2366398119.86321
Lao PDR,LAO,2003,2023324407.28414
Lao PDR,LAO,2002,1758176653.07746
Lao PDR,LAO,2001,1768619058.34647
Lao PDR,LAO,2000,1731198022.46763
Lao PDR,LAO,1999,1454430642.44959
Lao PDR,LAO,1998,1280177838.71905
Lao PDR,LAO,1997,1747011857.33107
Lao PDR,LAO,1996,1873671550.34636
Lao PDR,LAO,1995,1763536304.53964
Lao PDR,LAO,1994,1543606345.11684
Lao PDR,LAO,1993,1327748689.88094
Lao PDR,LAO,1992,1127806944.61513
Lao PDR,LAO,1991,1028087972.31085
Lao PDR,LAO,1990,865559879.400406
Lao PDR,LAO,1989,714046821.093797
Lao PDR,LAO,1988,598961269.297879
Lao PDR,LAO,1987,1087273103.69639
Lao PDR,LAO,1986,1776842097.16343
Lao PDR,LAO,1985,2366666615.55556
Lao PDR,LAO,1984,1757142855.91837
Latvia,LVA,2024,43684254432.3609
Latvia,LVA,2023,42779550936.838
Latvia,LVA,2022,38003198508.9107
Latvia,LVA,2021,38183326784.9335
Latvia,LVA,2020,33379927434.6149
Latvia,LVA,2019,33099503950.847
Latvia,LVA,2018,33247935477.3576
Latvia,LVA,2017,29391059767.4259
Latvia,LVA,2016,27117105059.5075
Latvia,LVA,2015,26344565876.8902
Latvia,LVA,2014,30277203767.4058
Latvia,LVA,2013,29152128167.8438
Latvia,LVA,2012,27116149948.6683
Latvia,LVA,2011,26575547900.8247
Latvia,LVA,2010,23468324572.3343
Latvia,LVA,2009,25691530442.035
Latvia,LVA,2008,34135200994.0067
Latvia,LVA,2007,29420499247.7089
Latvia,LVA,2006,20434922247.3037
Latvia,LVA,2005,16306935905.4138
Latvia,LVA,2004,13827070378.5612
Latvia,LVA,2003,11244337719.8377
Latvia,LVA,2002,9249030241.01864
Latvia,LVA,2001,8190888739.6463
Latvia,LVA,2000,7761252607.18424
Latvia,LVA,1999,7324192889.74297
Latvia,LVA,1998,6974112951.26891
Latvia,LVA,1997,6349481006.53278
Latvia,LVA,1996,5799465288.41246
Latvia,LVA,1995,5608208784.9401
Lebanon,LBN,2023,20078620356.9931
Lebanon,LBN,2022,20992421948.8081
Lebanon,LBN,2021,23131941556.7843
Lebanon,LBN,2020,31712128253.7961
Lebanon,LBN,2019,51605959131.2741
Lebanon,LBN,2018,54901519155.5556
Lebanon,LBN,2017,53027680685.9038
Lebanon,LBN,2016,51147308774.1294
Lebanon,LBN,2015,49929337836.8159
Lebanon,LBN,2014,48095213746.6003
Lebanon,LBN,2013,46880103080.597
Lebanon,LBN,2012,44016799515.7546
Lebanon,LBN,2011,39927125961.5257
Lebanon,LBN,2010,38443907042.1227
Lebanon,LBN,2009,35399582928.6899
Lebanon,LBN,2008,29118916105.4726
Lebanon,LBN,2007,24827355014.9254
Lebanon,LBN,2006,22022709851.4096
Lebanon,LBN,2005,21497336498.8391
Lebanon,LBN,2004,21159827992.0398
Lebanon,LBN,2003,20082918739.6352
Lebanon,LBN,2002,19152238805.9701
Lebanon,LBN,2001,17649751243.7811
Lebanon,LBN,2000,17260364842.4544
Lebanon,LBN,1999,17391056369.2265
Lebanon,LBN,1998,17247179005.5219
Lebanon,LBN,1997,15751867489.4446
Lebanon,LBN,1996,13690217333.5879
Lebanon,LBN,1995,11718795528.5556
Lebanon,LBN,1994,9599127050.17558
Lebanon,LBN,1993,7941744492.23595
Lebanon,LBN,1992,5843579160.90122
Lebanon,LBN,1991,4690415092.53663
Lebanon,LBN,1990,2838485353.96187
Lebanon,LBN,1989,2717998687.71002
Lebanon,LBN,1988,3313540067.93246
Lesotho,LSO,2024,2271759454.51107
Lesotho,LSO,2023,2117962445.37471
Lesotho,LSO,2022,2354980960.02697
Lesotho,LSO,2021,2412130056.55851
Lesotho,LSO,2020,2053699863.99625
Lesotho,LSO,2019,2390702295.82777
Lesotho,LSO,2018,2556247291.99785
Lesotho,LSO,2017,2306741672.29006
Lesotho,LSO,2016,2114426452.2019
Lesotho,LSO,2015,2359686724.53829
Lesotho,LSO,2014,2441063054.05792
Lesotho,LSO,2013,2367112931.642
Lesotho,LSO,2012,2477702216.26888
Lesotho,LSO,2011,2579409619.96722
Lesotho,LSO,2010,2234754241.91918
Lesotho,LSO,2009,1740894964.80511
Lesotho,LSO,2008,1766902709.19935
Lesotho,LSO,2007,1682131784.51365
Lesotho,LSO,2006,1800092563.75462
Lesotho,LSO,2005,1682343527.49221
Lesotho,LSO,2004,1511236655.52047
Lesotho,LSO,2003,1157825434.78971
Lesotho,LSO,2002,775777238.55814
Lesotho,LSO,2001,825706961.238689
Lesotho,LSO,2000,887291687.920796
Lesotho,LSO,1999,912773681.050642
Lesotho,LSO,1998,928460893.108965
Lesotho,LSO,1997,998004258.715675
Lesotho,LSO,1996,946112492.844847
Lesotho,LSO,1995,1001894000.27846
Lesotho,LSO,1994,878250945.280469
Lesotho,LSO,1993,835582062.476169
Lesotho,LSO,1992,831029861.704746
Lesotho,LSO,1991,704325366.718393
Lesotho,LSO,1990,596410263.743849
Lesotho,LSO,1989,495409232.627579
Lesotho,LSO,1988,470395800.600668
Lesotho,LSO,1987,402768324.481971
Lesotho,LSO,1986,318858422.989262
Lesotho,LSO,1985,268629925.852805
Lesotho,LSO,1984,333163670.280225
Lesotho,LSO,1983,386699308.859169
Lesotho,LSO,1982,348741683.673845
Lesotho,LSO,1981,434188034.188034
Lesotho,LSO,1980,431542536.663782
Lesotho,LSO,1979,290134592.523007
Lesotho,LSO,1978,266570066.642517
Lesotho,LSO,1977,193315048.328762
Lesotho,LSO,1976,147660036.915009
Lesotho,LSO,1975,149558895.914581
Lesotho,LSO,1974,150851316.52727
Lesotho,LSO,1973,121188715.759865
Lesotho,LSO,1972,80913200.4292822
Lesotho,LSO,1971,76480285.0044113
Lesotho,LSO,1970,68739972.504011
Lesotho,LSO,1969,65967973.6128106
Lesotho,LSO,1968,61445975.4216098
Lesotho,LSO,1967,59261976.2952095
Lesotho,LSO,1966,56699977.3200091
Lesotho,LSO,1965,54879978.0480088
Lesotho,LSO,1964,51939979.2240083
Lesotho,LSO,1963,47039981.1840075
Lesotho,LSO,1962,41859983.2560067
Lesotho,LSO,1961,35699985.7200057
Lesotho,LSO,1960,34579986.1680055
Liberia,LBR,2024,4779300900.0
Liberia,LBR,2023,4390000000.0
Liberia,LBR,2022,4001047000.0
Liberia,LBR,2021,3513049500.0
Liberia,LBR,2020,3176126300.0
Liberia,LBR,2019,3319596500.0
Liberia,LBR,2018,3422754800.0
Liberia,LBR,2017,3390703400.0
Liberia,LBR,2016,3398419600.0
Liberia,LBR,2015,3227075700.0
Liberia,LBR,2014,3225652000.0
Liberia,LBR,2013,3177198100.0
Liberia,LBR,2012,2791614000.0
Liberia,LBR,2011,2398000000.0
Liberia,LBR,2010,1998000000.0
Liberia,LBR,2009,1768000000.0
Liberia,LBR,2008,1726000000.0
Liberia,LBR,2007,1373000000.0
Liberia,LBR,2006,1119000000.0
Liberia,LBR,2005,949000000.0
Liberia,LBR,2004,897000000.0
Liberia,LBR,2003,748000000.0
Liberia,LBR,2002,927000000.0
Liberia,LBR,2001,906000000.0
Liberia,LBR,2000,874000000.0
Liberia,LBR,1999,441800000.0
Liberia,LBR,1998,359600000.0
Liberia,LBR,1997,295900000.0
Liberia,LBR,1996,159400000.0
Liberia,LBR,1995,134800000.0
Liberia,LBR,1994,132200000.0
Liberia,LBR,1993,160400000.0
Liberia,LBR,1992,223500000.0
Liberia,LBR,1991,348000000.0
Liberia,LBR,1990,384400000.0
Liberia,LBR,1989,786300000.0
Liberia,LBR,1988,1038300000.0
Liberia,LBR,1987,972800000.0
Liberia,LBR,1986,840964400.0
Liberia,LBR,1985,851296100.0
Liberia,LBR,1984,848478300.0
Liberia,LBR,1983,823374900.0
Liberia,LBR,1982,863933200.0
Liberia,LBR,1981,846514500.0
Liberia,LBR,1980,854711500.0
Liberia,LBR,1979,814067900.0
Liberia,LBR,1978,717240400.0
Liberia,LBR,1977,673010600.0
Liberia,LBR,1976,596675700.0
Liberia,LBR,1975,577549300.0
Liberia,LBR,1974,486955000.0
Liberia,LBR,1973,386968300.0
Liberia,LBR,1972,368098000.0
Liberia,LBR,1971,341543100.0
Liberia,LBR,1970,323099700.0
Liberia,LBR,1969,306961800.0
Liberia,LBR,1968,276820700.0
Liberia,LBR,1967,261024300.0
Liberia,LBR,1966,244459500.0
Liberia,LBR,1965,229260800.0
Liberia,LBR,1964,218929100.0
Liberia,LBR,1963,200229600.0
Liberia,LBR,1962,191861800.0
Liberia,LBR,1961,183920900.0
Liberia,LBR,1960,190495600.0
Libya,LBY,2024,48487151215.345
Libya,LBY,2023,44027664915.187
Libya,LBY,2022,43246297921.8499
Libya,LBY,2021,35217995647.2862
Libya,LBY,2020,46854285440.642
Libya,LBY,2019,69254496471.6938
Libya,LBY,2018,76686029772.1483
Libya,LBY,2017,67157452181.7738
Libya,LBY,2016,49912073701.298
Libya,LBY,2015,48717501321.3052
Libya,LBY,2014,57372355592.022
Libya,LBY,2013,75351107029.0605
Libya,LBY,2012,92540938129.1315
Libya,LBY,2011,48169263294.1007
Libya,LBY,2010,75380825062.4216
Libya,LBY,2009,60808562033.4191
Libya,LBY,2008,86710767415.1371
Libya,LBY,2007,68032978390.6007
Libya,LBY,2006,60094231606.642
Libya,LBY,2005,47334691241.4924
Libya,LBY,2004,33122307692.3077
Libya,LBY,2003,26265625000.0
Libya,LBY,2002,20481889763.7795
Libya,LBY,2001,34112093927.254
Libya,LBY,2000,38270954138.1128
Libya,LBY,1999,35975860857.1164
Libya,LBY,1998,27251301398.2813
Libya,LBY,1997,30700897874.8704
Libya,LBY,1996,27884615384.6154
Libya,LBY,1995,25541379186.6458
Libya,LBY,1994,28610549763.4685
Libya,LBY,1993,30660051910.5037
Libya,LBY,1992,33887047909.2746
Libya,LBY,1991,31991821264.7118
Libya,LBY,1990,28904183602.4818
Libya,LBY,1989,25156707899.1462
Libya,LBY,1988,24308959591.195
Libya,LBY,1987,26697659334.6911
Libya,LBY,1986,24180400959.4288
Libya,LBY,1985,31530566324.273
Libya,LBY,1984,29476109152.7531
Libya,LBY,1983,33200520139.9749
Libya,LBY,1982,33760146990.5726
Libya,LBY,1981,36374353880.3994
Libya,LBY,1980,40953924948.7419
Libya,LBY,1979,30536429496.9448
Libya,LBY,1978,22136422643.3959
Libya,LBY,1977,22428297107.5929
Libya,LBY,1976,19096943016.5748
Libya,LBY,1975,14710912457.6509
Libya,LBY,1974,15112543717.1298
Libya,LBY,1973,8625889429.58277
Libya,LBY,1972,6299395543.96301
Libya,LBY,1971,5260185125.41886
Libya,LBY,1970,4601649451.34022
Libya,LBY,1969,4380987481.20501
Libya,LBY,1968,3850623094.95076
Libya,LBY,1967,2726986912.80523
Libya,LBY,1966,2312438535.82459
Libya,LBY,1965,1804979680.40813
Libya,LBY,1964,1341395421.44183
Libya,LBY,1963,892327910.668836
Libya,LBY,1962,619725784.909686
Libya,LBY,1961,443905612.037755
Libya,LBY,1960,401644248.9423
Liechtenstein,LIE,2023,8239379403.22096
Liechtenstein,LIE,2022,7426856242.7736
Liechtenstein,LIE,2021,7912602342.18895
Liechtenstein,LIE,2020,6405870210.32293
Liechtenstein,LIE,2019,6436467007.11932
Liechtenstein,LIE,2018,6692620691.84146
Liechtenstein,LIE,2017,6474308717.85289
Liechtenstein,LIE,2016,6237302033.50132
Liechtenstein,LIE,2015,6268515276.17441
Liechtenstein,LIE,2014,6657526979.72277
Liechtenstein,LIE,2013,6391708310.67727
Liechtenstein,LIE,2012,5456102482.28614
Liechtenstein,LIE,2011,5739706004.89616
Liechtenstein,LIE,2010,5082337238.44718
Liechtenstein,LIE,2009,4504375348.07038
Liechtenstein,LIE,2008,5081479840.08716
Liechtenstein,LIE,2007,4601429897.21468
Liechtenstein,LIE,2006,4000102086.14635
Liechtenstein,LIE,2005,3659319116.88057
Liechtenstein,LIE,2004,3454373797.74442
Liechtenstein,LIE,2003,3070803051.42164
Liechtenstein,LIE,2002,2688618747.38148
Liechtenstein,LIE,2001,2491800558.77674
Liechtenstein,LIE,2000,2483889858.32312
Liechtenstein,LIE,1999,2664105901.18863
Liechtenstein,LIE,1998,2479699106.02264
Liechtenstein,LIE,1997,2298389802.88883
Liechtenstein,LIE,1996,2504012993.42238
Liechtenstein,LIE,1995,2428525060.69927
Liechtenstein,LIE,1994,1948129622.75132
Liechtenstein,LIE,1993,1673085244.6879
Liechtenstein,LIE,1992,1631177029.45063
Liechtenstein,LIE,1991,1484160302.14952
Liechtenstein,LIE,1990,1421509216.37424
Liechtenstein,LIE,1989,1119983801.21338
Liechtenstein,LIE,1988,1161757671.01756
Liechtenstein,LIE,1987,1052848995.97101
Liechtenstein,LIE,1986,779357802.50006
Liechtenstein,LIE,1985,529073612.453579
Liechtenstein,LIE,1984,502620991.852944
Liechtenstein,LIE,1983,524023624.89055
Liechtenstein,LIE,1982,522096760.291094
Liechtenstein,LIE,1981,511647750.124475
Liechtenstein,LIE,1980,534699362.896161
Liechtenstein,LIE,1979,503173104.391887
Liechtenstein,LIE,1978,436912067.784287
Liechtenstein,LIE,1977,303493119.480763
Liechtenstein,LIE,1976,272489300.467827
Liechtenstein,LIE,1975,246389101.853613
Liechtenstein,LIE,1974,193980464.882101
Liechtenstein,LIE,1973,165928881.55552
Liechtenstein,LIE,1972,124940289.32382
Liechtenstein,LIE,1971,104889795.333846
Liechtenstein,LIE,1970,90099360.8433666
Lithuania,LTU,2024,84869215513.3648
Lithuania,LTU,2023,79789877416.1681
Lithuania,LTU,2022,71033884499.7824
Lithuania,LTU,2021,67037321008.9679
Lithuania,LTU,2020,57412038533.2718
Lithuania,LTU,2019,55122066225.796
Lithuania,LTU,2018,54261795148.5372
Lithuania,LTU,2017,47756764508.446
Lithuania,LTU,2016,42970749245.0336
Lithuania,LTU,2015,41540954817.2039
Lithuania,LTU,2014,48306546656.9281
Lithuania,LTU,2013,46303660422.0434
Lithuania,LTU,2012,42709372066.8627
Lithuania,LTU,2011,43186501862.7907
Lithuania,LTU,2010,36638128534.0643
Lithuania,LTU,2009,37494380038.9213
Lithuania,LTU,2008,47831254207.5223
Lithuania,LTU,2007,39729151614.6689
Lithuania,LTU,2006,30116192746.8942
Lithuania,LTU,2005,26105207115.3129
Lithuania,LTU,2004,22743164431.1972
Lithuania,LTU,2003,18809197969.5431
Lithuania,LTU,2002,14282292664.6004
Lithuania,LTU,2001,12260761329.3051
Lithuania,LTU,2000,11550695727.2335
Lithuania,LTU,1999,11022095813.552
Lithuania,LTU,1998,11289161847.2162
Lithuania,LTU,1997,10168271903.3233
Lithuania,LTU,1996,8430207164.43677
Lithuania,LTU,1995,7921210339.58439
Luxembourg,LUX,2024,93279851863.4062
Luxembourg,LUX,2023,88788881539.3937
Luxembourg,LUX,2022,80801680397.0139
Luxembourg,LUX,2021,86386759695.1653
Luxembourg,LUX,2020,73670782100.3909
Luxembourg,LUX,2019,69872035113.6469
Luxembourg,LUX,2018,71085623495.1145
Luxembourg,LUX,2017,65712180342.9836
Luxembourg,LUX,2016,62216885435.9488
Luxembourg,LUX,2015,60071584216.1375
Luxembourg,LUX,2014,68804811897.6445
Luxembourg,LUX,2013,65203276466.9763
Luxembourg,LUX,2012,59776383527.3602
Luxembourg,LUX,2011,61696281326.2453
Luxembourg,LUX,2010,56213985987.4168
Luxembourg,LUX,2009,54467289897.5582
Luxembourg,LUX,2008,58844277701.5258
Luxembourg,LUX,2007,51587401415.7872
Luxembourg,LUX,2006,42910146296.0646
Luxembourg,LUX,2005,37672280120.4794
Luxembourg,LUX,2004,35064843792.8993
Luxembourg,LUX,2003,29667268248.1305
Luxembourg,LUX,2002,23649833332.1655
Luxembourg,LUX,2001,21387533703.2327
Luxembourg,LUX,2000,21230182989.3036
Luxembourg,LUX,1999,21899317598.8414
Luxembourg,LUX,1998,20150053345.1878
Luxembourg,LUX,1997,19563836265.2233
Luxembourg,LUX,1996,20895314657.9805
Luxembourg,LUX,1995,20853093869.7318
Luxembourg,LUX,1994,17701798890.7644
Luxembourg,LUX,1993,15925521222.0149
Luxembourg,LUX,1992,15518702634.8808
Luxembourg,LUX,1991,13834219728.293
Luxembourg,LUX,1990,12778792853.6939
Luxembourg,LUX,1989,10037674037.674
Luxembourg,LUX,1988,9418167855.18376
Luxembourg,LUX,1987,8320902215.01891
Luxembourg,LUX,1986,6685595087.59256
Luxembourg,LUX,1985,4577211767.10374
Luxembourg,LUX,1984,4438435492.87908
Luxembourg,LUX,1983,4524217751.47929
Luxembourg,LUX,1982,4602316793.21914
Luxembourg,LUX,1981,5053665797.47936
Luxembourg,LUX,1980,6019805490.41247
Luxembourg,LUX,1979,5516982663.73143
Luxembourg,LUX,1978,4718539771.99949
Luxembourg,LUX,1977,3789321328.08104
Luxembourg,LUX,1976,3423586206.89655
Luxembourg,LUX,1975,3123333333.33333
Luxembourg,LUX,1974,3183637116.81856
Luxembourg,LUX,1973,2609875802.11136
Luxembourg,LUX,1972,1901697369.62698
Luxembourg,LUX,1971,1518773421.37846
Luxembourg,LUX,1970,1457768455.02219
Luxembourg,LUX,1969,1245432991.34271
Luxembourg,LUX,1968,1075561622.81321
Luxembourg,LUX,1967,983052314.930267
Luxembourg,LUX,1966,976717015.461454
Luxembourg,LUX,1965,929477284.788002
Luxembourg,LUX,1964,910877686.268584
Luxembourg,LUX,1963,797902154.238122
Luxembourg,LUX,1962,747846862.209673
Luxembourg,LUX,1961,710163719.406917
Luxembourg,LUX,1960,709941874.044355
"Macao SAR, China",MAC,2024,49467258923.3244
"Macao SAR, China",MAC,2023,45626467279.891
"Macao SAR, China",MAC,2022,24929307447.3237
"Macao SAR, China",MAC,2021,30633941629.3633
"Macao SAR, China",MAC,2020,25280064167.7333
"Macao SAR, China",MAC,2019,55025172016.004
"Macao SAR, China",MAC,2018,55076322634.344
"Macao SAR, China",MAC,2017,50297028370.6668
"Macao SAR, China",MAC,2016,44964868323.7558
"Macao SAR, China",MAC,2015,44940613353.1038
"Macao SAR, China",MAC,2014,54930501310.2956
"Macao SAR, China",MAC,2013,51559125350.236
"Macao SAR, China",MAC,2012,43193350975.6862
"Macao SAR, China",MAC,2011,36848881944.6939
"Macao SAR, China",MAC,2010,28244172833.6035
"Macao SAR, China",MAC,2009,21589540350.7115
"Macao SAR, China",MAC,2008,21027018332.6663
"Macao SAR, China",MAC,2007,18439981612.4086
"Macao SAR, China",MAC,2006,14874098691.9082
"Macao SAR, China",MAC,2005,12160056122.3757
"Macao SAR, China",MAC,2004,10643253553.184
"Macao SAR, China",MAC,2003,8246479565.94248
"Macao SAR, China",MAC,2002,7371692774.43404
"Macao SAR, China",MAC,2001,6860272608.45211
"Macao SAR, China",MAC,2000,6773944355.1502
"Macao SAR, China",MAC,1999,6547169929.36554
"Macao SAR, China",MAC,1998,6796914861.6572
"Macao SAR, China",MAC,1997,7267570892.70211
"Macao SAR, China",MAC,1996,7176892950.39164
"Macao SAR, China",MAC,1995,7046147736.91671
"Macao SAR, China",MAC,1994,6311207779.92441
"Macao SAR, China",MAC,1993,5665606114.80317
"Macao SAR, China",MAC,1992,4914365189.04984
"Macao SAR, China",MAC,1991,3765249711.09098
"Macao SAR, China",MAC,1990,3246481233.24397
"Macao SAR, China",MAC,1989,2705665492.01675
"Macao SAR, China",MAC,1988,2288761822.51257
"Macao SAR, China",MAC,1987,1957724829.35921
"Macao SAR, China",MAC,1986,1532105070.18581
"Macao SAR, China",MAC,1985,1362072159.94515
"Macao SAR, China",MAC,1984,1304361353.27024
"Macao SAR, China",MAC,1983,1133013235.10045
"Macao SAR, China",MAC,1982,1142497718.77916
Madagascar,MDG,2024,17420501490.1231
Madagascar,MDG,2023,15869945477.8505
Madagascar,MDG,2022,15325603272.6097
Madagascar,MDG,2021,14354731964.3258
Madagascar,MDG,2020,13051441203.9474
Madagascar,MDG,2019,14104664678.5063
Madagascar,MDG,2018,13760033282.2925
Madagascar,MDG,2017,13176313593.5509
Madagascar,MDG,2016,11848613858.442
Madagascar,MDG,2015,11323020701.3017
Madagascar,MDG,2014,12522957399.2281
Madagascar,MDG,2013,12423555455.3853
Madagascar,MDG,2012,11578975061.9479
Madagascar,MDG,2011,11551819617.874
Madagascar,MDG,2010,9982711338.07029
Madagascar,MDG,2009,9616879409.43789
Madagascar,MDG,2008,10725137723.6549
Madagascar,MDG,2007,8524620889.57747
Madagascar,MDG,2006,6395712490.94304
Madagascar,MDG,2005,5859269752.61332
Madagascar,MDG,2004,5064732626.29389
Madagascar,MDG,2003,6372498889.66585
Madagascar,MDG,2002,5351701663.40807
Madagascar,MDG,2001,5438332601.90798
Madagascar,MDG,2000,4629247203.84524
Madagascar,MDG,1999,4277903780.29131
Madagascar,MDG,1998,4401967632.73718
Madagascar,MDG,1997,4262965419.74998
Madagascar,MDG,1996,4931861038.70763
Madagascar,MDG,1995,3838100903.74974
Madagascar,MDG,1994,3522227092.22839
Madagascar,MDG,1993,4063298919.2868
Madagascar,MDG,1992,3714966678.33381
Madagascar,MDG,1991,3254713056.02171
Madagascar,MDG,1990,3931334875.01376
Madagascar,MDG,1989,3175638332.64471
Madagascar,MDG,1988,3189456965.0482
Madagascar,MDG,1987,3212900555.8091
Madagascar,MDG,1986,4347989788.09257
Madagascar,MDG,1985,3802557894.8719
Madagascar,MDG,1984,3905938480.86119
Madagascar,MDG,1983,4686457031.2269
Madagascar,MDG,1982,4784977325.95803
Madagascar,MDG,1981,4759333998.36746
Madagascar,MDG,1980,5201818347.79882
Madagascar,MDG,1979,3463565853.81023
Madagascar,MDG,1978,2669755115.10935
Madagascar,MDG,1977,2358930406.0689
Madagascar,MDG,1976,2181844178.5534
Madagascar,MDG,1975,2283049215.35339
Madagascar,MDG,1974,1917508190.04689
Madagascar,MDG,1973,1653062335.00286
Madagascar,MDG,1972,1341590690.41365
Madagascar,MDG,1971,1199507631.07603
Madagascar,MDG,1970,1111859570.88252
Madagascar,MDG,1969,1056391055.59617
Madagascar,MDG,1968,1031669637.39553
Madagascar,MDG,1967,956436932.101291
Madagascar,MDG,1966,900264584.590829
Madagascar,MDG,1965,833563472.9981
Madagascar,MDG,1964,802482183.728778
Madagascar,MDG,1963,759345863.732667
Madagascar,MDG,1962,739286907.592778
Madagascar,MDG,1961,699161944.558097
Madagascar,MDG,1960,673081724.751168
Malawi,MWI,2024,11316411329.4619
Malawi,MWI,2023,13363669672.9405
Malawi,MWI,2022,12429059928.102
Malawi,MWI,2021,12378119199.0839
Malawi,MWI,2020,11769313597.8545
Malawi,MWI,2019,11051852712.6142
Malawi,MWI,2018,9879220354.29186
Malawi,MWI,2017,8943543793.5839
Malawi,MWI,2016,7909868618.46366
Malawi,MWI,2015,9219474379.31534
Malawi,MWI,2014,8801326169.14547
Malawi,MWI,2013,8031571927.62055
Malawi,MWI,2012,8773203178.16512
Malawi,MWI,2011,11648142958.3651
Malawi,MWI,2010,10128323010.6049
Malawi,MWI,2009,9009887946.82039
Malawi,MWI,2008,7743617352.21427
Malawi,MWI,2007,6451210219.11683
Malawi,MWI,2006,5818279739.14354
Malawi,MWI,2005,5320409651.47544
Malawi,MWI,2004,5058726350.48896
Malawi,MWI,2003,4669789300.35662
Malawi,MWI,2002,5087328437.8737
Malawi,MWI,2001,2498008664.6691
Malawi,MWI,2000,2537307580.32808
Malawi,MWI,1999,2584478924.06081
Malawi,MWI,1998,2547609590.06984
Malawi,MWI,1997,3875785863.38323
Malawi,MWI,1996,3319573749.6119
Malawi,MWI,1995,2033701497.97085
Malawi,MWI,1994,1719864761.30628
Malawi,MWI,1993,3013392657.99911
Malawi,MWI,1992,2618837835.02508
Malawi,MWI,1991,3206783830.41779
Malawi,MWI,1990,2737087861.62245
Malawi,MWI,1989,2314205129.58032
Malawi,MWI,1988,2008189508.37875
Malawi,MWI,1987,1721711808.48111
Malawi,MWI,1986,1722586299.409
Malawi,MWI,1985,1646442272.89094
Malawi,MWI,1984,1758028656.12928
Malawi,MWI,1983,1780148049.43635
Malawi,MWI,1982,1717379494.63245
Malawi,MWI,1981,1801193909.52073
Malawi,MWI,1980,1801156774.56852
Malaysia,MYS,2024,422227005428.688
Malaysia,MYS,2023,399949418752.657
Malaysia,MYS,2022,407830525989.553
Malaysia,MYS,2021,373784553029.978
Malaysia,MYS,2020,337456163961.211
Malaysia,MYS,2019,365177721021.516
Malaysia,MYS,2018,358788845712.53
Malaysia,MYS,2017,319109094160.343
Malaysia,MYS,2016,301256033870.334
Malaysia,MYS,2015,301355266964.947
Malaysia,MYS,2014,338066095097.254
Malaysia,MYS,2013,323276235524.415
Malaysia,MYS,2012,314443047642.111
Malaysia,MYS,2011,297951668674.835
Malaysia,MYS,2010,255017638455.59
Malaysia,MYS,2009,202257453036.641
Malaysia,MYS,2008,230811614370.384
Malaysia,MYS,2007,193549569477.733
Malaysia,MYS,2006,162692258307.056
Malaysia,MYS,2005,143534405818.501
Malaysia,MYS,2004,124749473684.211
Malaysia,MYS,2003,110202368421.053
Malaysia,MYS,2002,100845526315.789
Malaysia,MYS,2001,92783947368.4211
Malaysia,MYS,2000,93789736842.1053
Malaysia,MYS,1999,79148421052.6316
Malaysia,MYS,1998,72167498980.8398
Malaysia,MYS,1997,100005323301.867
Malaysia,MYS,1996,100855393910.486
Malaysia,MYS,1995,88705342902.7113
Malaysia,MYS,1994,74478356957.7808
Malaysia,MYS,1993,66894966968.9736
Malaysia,MYS,1992,59167550162.956
Malaysia,MYS,1991,49143148094.2683
Malaysia,MYS,1990,44024585239.6137
Malaysia,MYS,1989,38847965292.9185
Malaysia,MYS,1988,35272109220.1988
Malaysia,MYS,1987,32181210157.9671
Malaysia,MYS,1986,27734111399.7525
Malaysia,MYS,1985,31199633352.9598
Malaysia,MYS,1984,33942897422.0465
Malaysia,MYS,1983,30347442110.9316
Malaysia,MYS,1982,26804493635.3297
Malaysia,MYS,1981,25004285791.7865
Malaysia,MYS,1980,24488224677.2105
Malaysia,MYS,1979,21213264962.0141
Malaysia,MYS,1978,16358079862.1096
Malaysia,MYS,1977,13139488632.5546
Malaysia,MYS,1976,11050234598.6249
Malaysia,MYS,1975,9298800799.46702
Malaysia,MYS,1974,9496204301.74981
Malaysia,MYS,1973,7662902677.9027
Malaysia,MYS,1972,5043347250.41815
Malaysia,MYS,1971,4244395955.78358
Malaysia,MYS,1970,3864145667.41365
Malaysia,MYS,1969,3664552041.34299
Malaysia,MYS,1968,3330371551.21161
Malaysia,MYS,1967,3188924677.08953
Malaysia,MYS,1966,3143517943.82632
Malaysia,MYS,1965,2956337669.29525
Malaysia,MYS,1964,2674423922.48842
Malaysia,MYS,1963,2510110348.16184
Malaysia,MYS,1962,2001489602.18475
Malaysia,MYS,1961,1901856122.72231
Malaysia,MYS,1960,1916229477.13657
Maldives,MDV,2024,7061608267.25451
Maldives,MDV,2023,6621008703.95743
Maldives,MDV,2022,6177123352.26211
Maldives,MDV,2021,5252457369.55218
Maldives,MDV,2020,3712604583.36665
Maldives,MDV,2019,5726094799.37709
Maldives,MDV,2018,5404344162.69888
Maldives,MDV,2017,4816426256.52914
Maldives,MDV,2016,4409942623.85538
Maldives,MDV,2015,4129505319.12921
Maldives,MDV,2014,3697353039.20043
Maldives,MDV,2013,3295009237.50107
Maldives,MDV,2012,2886163997.20531
Maldives,MDV,2011,2774350240.04918
Maldives,MDV,2010,2588176054.6875
Maldives,MDV,2009,2345294875.0
Maldives,MDV,2008,2271646187.5
Maldives,MDV,2007,1868383460.9375
Maldives,MDV,2006,1575200390.625
Maldives,MDV,2005,1163362437.5
Maldives,MDV,2004,1226829562.5
Maldives,MDV,2003,1052121054.6875
Maldives,MDV,2002,897031250.0
Maldives,MDV,2001,870031676.798793
Maldives,MDV,2000,624337145.284622
Maldives,MDV,1999,589239753.610875
Maldives,MDV,1998,540096397.621071
Maldives,MDV,1997,508223602.378929
Maldives,MDV,1996,450382327.952421
Maldives,MDV,1995,398988954.970263
Maldives,MDV,1994,356014932.136461
Maldives,MDV,1993,322417837.161971
Maldives,MDV,1992,284875809.039634
Maldives,MDV,1991,244396761.92334
Maldives,MDV,1990,215043969.849246
Maldives,MDV,1989,189514434.244
Maldives,MDV,1988,168514513.375071
Maldives,MDV,1987,141223029.383064
Maldives,MDV,1986,141882254.230178
Maldives,MDV,1985,127190757.959989
Maldives,MDV,1984,109503546.099291
Maldives,MDV,1983,57829787.2340426
Maldives,MDV,1982,47911340.1834794
Maldives,MDV,1981,44781456.9536424
Maldives,MDV,1980,42463576.1589404
Maldives,MDV,1979,38523364.4859813
Maldives,MDV,1978,24369109.1415831
Maldives,MDV,1977,20853788.7115165
Maldives,MDV,1976,22399467.1052632
Maldives,MDV,1975,24540877.6041667
Maldives,MDV,1974,39120171.2468193
Maldives,MDV,1973,30862041.60401
Maldives,MDV,1972,25177137.5286041
Maldives,MDV,1971,21566404.0169133
Maldives,MDV,1970,19328038.3157895
Mali,MLI,2024,26794747239.8805
Mali,MLI,2023,24813860598.5307
Mali,MLI,2022,22539987718.7642
Mali,MLI,2021,22999245262.6719
Mali,MLI,2020,20698560938.7775
Mali,MLI,2019,20477421884.5414
Mali,MLI,2018,20368015381.2413
Mali,MLI,2017,18308362040.0521
Mali,MLI,2016,16743796799.8329
Mali,MLI,2015,15583181170.4105
Mali,MLI,2014,17081681993.1695
Mali,MLI,2013,15747192680.9101
Mali,MLI,2012,14795114602.6396
Mali,MLI,2011,15452791789.0031
Mali,MLI,2010,12710739159.4045
Mali,MLI,2009,12155217832.8781
Mali,MLI,2008,11462490840.2784
Mali,MLI,2007,9699047442.51269
Mali,MLI,2006,8212007554.03129
Mali,MLI,2005,7429066951.48251
Mali,MLI,2004,6485774930.48034
Mali,MLI,2003,5605613011.29045
Mali,MLI,2002,4647238256.5683
Mali,MLI,2001,4124281593.71774
Mali,MLI,2000,3521570875.90793
Mali,MLI,1999,4091446054.21272
Mali,MLI,1998,3894433432.46871
Mali,MLI,1997,3414879485.63064
Mali,MLI,1996,3743103419.63057
Mali,MLI,1995,3373322735.39126
Mali,MLI,1994,2655768635.56694
Mali,MLI,1993,3632801877.20684
Mali,MLI,1992,3680775036.80972
Mali,MLI,1991,3576562681.84236
Mali,MLI,1990,3248417790.51435
Mali,MLI,1989,2824822489.24628
Mali,MLI,1988,2712207900.69838
Mali,MLI,1987,2437004679.62818
Mali,MLI,1986,2132938007.1056
Mali,MLI,1985,1594347021.37347
Mali,MLI,1984,1387809614.74905
Mali,MLI,1983,1496616126.58634
Mali,MLI,1982,1680304773.44143
Mali,MLI,1981,2234583940.38676
Mali,MLI,1980,2704362788.89611
Mali,MLI,1979,1595422955.64433
Mali,MLI,1978,1222702572.84699
Mali,MLI,1977,1049838548.10919
Mali,MLI,1976,939228017.24779
Mali,MLI,1975,830710615.179954
Mali,MLI,1974,538747339.956033
Mali,MLI,1973,563683703.304705
Mali,MLI,1972,486617280.255549
Mali,MLI,1971,395218628.920694
Mali,MLI,1970,359772315.102198
Mali,MLI,1969,339913867.092785
Mali,MLI,1968,343771972.993855
Mali,MLI,1967,275494477.586098
Malta,MLT,2024,24971574502.4475
Malta,MLT,2023,22610561526.1461
Malta,MLT,2022,18928276162.4131
Malta,MLT,2021,19739875611.4902
Malta,MLT,2020,16404663226.4598
Malta,MLT,2019,16337793530.7322
Malta,MLT,2018,16153779510.9928
Malta,MLT,2017,14161366724.1955
Malta,MLT,2016,12025782834.1534
Malta,MLT,2015,11340795042.0881
Malta,MLT,2014,11888032873.8295
Malta,MLT,2013,10796782636.1081
Malta,MLT,2012,9609532089.16031
Malta,MLT,2011,9789361703.07204
Malta,MLT,2010,9097044159.26912
Malta,MLT,2009,8734745697.93323
Malta,MLT,2008,9135419464.96088
Malta,MLT,2007,7908412305.62808
Malta,MLT,2006,6749838805.58979
Malta,MLT,2005,6393234992.55141
Malta,MLT,2004,6104141520.0839
Malta,MLT,2003,5418315224.40862
Malta,MLT,2002,4455127414.45967
Malta,MLT,2001,4070867133.21751
Malta,MLT,2000,4036809815.46617
Malta,MLT,1999,4111857809.11026
Malta,MLT,1998,4010111688.35255
Malta,MLT,1997,3787023706.66607
Malta,MLT,1996,3822547197.24532
Malta,MLT,1995,3709396044.85885
Malta,MLT,1994,2998505428.14593
Malta,MLT,1993,2709193538.42526
Malta,MLT,1992,3021942758.83978
Malta,MLT,1991,2750216746.88426
Malta,MLT,1990,2547328747.50761
Malta,MLT,1989,2118655676.67649
Malta,MLT,1988,2019503068.03393
Malta,MLT,1987,1751293460.68921
Malta,MLT,1986,1435038441.11922
Malta,MLT,1985,1117797439.14234
Malta,MLT,1984,1101807023.04918
Malta,MLT,1983,1165729706.8704
Malta,MLT,1982,1234474404.03152
Malta,MLT,1981,1243509393.61947
Malta,MLT,1980,1250198601.09268
Malta,MLT,1979,1001288846.84016
Malta,MLT,1978,793673401.641079
Malta,MLT,1977,625563170.67121
Malta,MLT,1976,527936988.791275
Malta,MLT,1975,474618321.462361
Malta,MLT,1974,376081124.273469
Malta,MLT,1973,345616105.882558
Malta,MLT,1972,295106628.339343
Malta,MLT,1971,264578484.770195
Malta,MLT,1970,250728796.288378
Marshall Islands,MHL,2024,290108489.990234
Marshall Islands,MHL,2023,263761322.021484
Marshall Islands,MHL,2022,258723510.742188
Marshall Islands,MHL,2021,261245544.433594
Marshall Islands,MHL,2020,241800000.0
Marshall Islands,MHL,2019,232900000.0
Marshall Islands,MHL,2018,220000000.0
Marshall Islands,MHL,2017,213700000.0
Marshall Islands,MHL,2016,201800000.0
Marshall Islands,MHL,2015,183700000.0
Marshall Islands,MHL,2014,186000000.0
Marshall Islands,MHL,2013,186400000.0
Marshall Islands,MHL,2012,180700000.0
Marshall Islands,MHL,2011,172300000.0
Marshall Islands,MHL,2010,161100000.0
Marshall Islands,MHL,2009,151200000.0
Marshall Islands,MHL,2008,146600000.0
Marshall Islands,MHL,2007,150500000.0
Marshall Islands,MHL,2006,143200000.0
Marshall Islands,MHL,2005,138000000.0
Marshall Islands,MHL,2004,132900000.0
Marshall Islands,MHL,2003,131128500.0
Marshall Islands,MHL,2002,131960000.0
Marshall Islands,MHL,2001,122406100.0
Marshall Islands,MHL,2000,114838500.0
Marshall Islands,MHL,1999,113352100.0
Marshall Islands,MHL,1998,112070100.0
Marshall Islands,MHL,1997,109884700.0
Marshall Islands,MHL,1996,110858000.0
Marshall Islands,MHL,1995,120230000.0
Marshall Islands,MHL,1994,108071000.0
Marshall Islands,MHL,1993,99461000.0
Marshall Islands,MHL,1992,91063000.0
Marshall Islands,MHL,1991,82507000.0
Marshall Islands,MHL,1990,78476000.0
Marshall Islands,MHL,1989,72798000.0
Marshall Islands,MHL,1988,70688000.0
Marshall Islands,MHL,1987,62983000.0
Marshall Islands,MHL,1986,55989000.0
Marshall Islands,MHL,1985,43879000.0
Marshall Islands,MHL,1984,45144000.0
Marshall Islands,MHL,1983,41749000.0
Marshall Islands,MHL,1982,34918000.0
Marshall Islands,MHL,1981,31020000.0
Marshall Islands,MHL,1980,26710653.0
Marshall Islands,MHL,1979,25545346.0
Marshall Islands,MHL,1978,22209370.0
Marshall Islands,MHL,1977,20210069.0
Marshall Islands,MHL,1976,18153647.0
Marshall Islands,MHL,1975,16691301.0
Marshall Islands,MHL,1974,15217532.0
Marshall Islands,MHL,1973,11607366.0
Marshall Islands,MHL,1972,9973652.0
Marshall Islands,MHL,1971,9116810.0
Marshall Islands,MHL,1970,8408486.0
Mauritania,MRT,2024,10908045686.8808
Mauritania,MRT,2023,10726838461.3987
Mauritania,MRT,2022,9557966698.25369
Mauritania,MRT,2021,9222536364.01272
Mauritania,MRT,2020,8260752385.23089
Mauritania,MRT,2019,7894764885.82312
Mauritania,MRT,2018,7473550557.07378
Mauritania,MRT,2017,6800135898.28827
Mauritania,MRT,2016,6398747592.13185
Mauritania,MRT,2015,6166863896.68677
Mauritania,MRT,2014,6592537781.81518
Mauritania,MRT,2013,7223071097.08417
Mauritania,MRT,2012,6728208836.22143
Mauritania,MRT,2011,6764627745.9033
Mauritania,MRT,2010,5628878797.98257
Mauritania,MRT,2009,4714595547.75102
Mauritania,MRT,2008,5206437193.80413
Mauritania,MRT,2007,4346212355.02975
Mauritania,MRT,2006,3919577285.92703
Mauritania,MRT,2005,2936019525.60241
Mauritania,MRT,2004,2362501023.24249
Mauritania,MRT,2003,2051147606.73687
Mauritania,MRT,2002,1777057481.26043
Mauritania,MRT,2001,1746063557.61355
Mauritania,MRT,2000,1779520886.47015
Mauritania,MRT,1999,1985922775.53351
Mauritania,MRT,1998,2032347664.94993
Mauritania,MRT,1997,2071996564.05296
Mauritania,MRT,1996,2132087009.28942
Mauritania,MRT,1995,2091726101.43014
Mauritania,MRT,1994,1944876755.00708
Mauritania,MRT,1993,1847353211.3475
Mauritania,MRT,1992,2164298425.48412
Mauritania,MRT,1991,2133692696.74857
Mauritania,MRT,1990,1506914407.82047
Mauritania,MRT,1989,1450647019.18099
Mauritania,MRT,1988,1414951290.06682
Mauritania,MRT,1987,1344664724.68991
Mauritania,MRT,1986,1186628778.4874
Mauritania,MRT,1985,1009723326.32808
Mauritania,MRT,1984,1074373230.36274
Mauritania,MRT,1983,1165171263.34593
Mauritania,MRT,1982,1108776652.78389
Mauritania,MRT,1981,1105494681.63193
Mauritania,MRT,1980,1047925105.54497
Mauritania,MRT,1979,951900945.252492
Mauritania,MRT,1978,804629876.848091
Mauritania,MRT,1977,799030017.057464
Mauritania,MRT,1976,775045516.827791
Mauritania,MRT,1975,703377837.452223
Mauritania,MRT,1974,613010552.500776
Mauritania,MRT,1973,493237876.273031
Mauritania,MRT,1972,391669449.290746
Mauritania,MRT,1971,335568907.051937
Mauritania,MRT,1970,309405315.98667
Mauritania,MRT,1969,295062308.474696
Mauritania,MRT,1968,311395937.322956
Mauritania,MRT,1967,282615310.216284
Mauritania,MRT,1966,266533605.185831
Mauritania,MRT,1965,255340474.997828
Mauritania,MRT,1964,224495743.865038
Mauritania,MRT,1963,168186297.281077
Mauritania,MRT,1962,164271557.513473
Mauritania,MRT,1961,159213430.204754
Mauritius,MUS,2024,14937861786.17
Mauritius,MUS,2023,14072212290.4596
Mauritius,MUS,2022,12936444123.3037
Mauritius,MUS,2021,11622048696.8129
Mauritius,MUS,2020,11566111137.5568
Mauritius,MUS,2019,14645235204.6176
Mauritius,MUS,2018,14957535715.9696
Mauritius,MUS,2017,13896938315.2799
Mauritius,MUS,2016,12757680846.5663
Mauritius,MUS,2015,12162211503.0793
Mauritius,MUS,2014,13230490081.5656
Mauritius,MUS,2013,12434596541.2996
Mauritius,MUS,2012,11832323837.1071
Mauritius,MUS,2011,11677718382.4259
Mauritius,MUS,2010,10144716154.9356
Mauritius,MUS,2009,9264513545.14108
Mauritius,MUS,2008,10127777060.4113
Mauritius,MUS,2007,8277442915.00168
Mauritius,MUS,2006,7137710412.93687
Mauritius,MUS,2005,6576108447.47531
Mauritius,MUS,2004,6667418752.07307
Mauritius,MUS,2003,5894873919.74797
Mauritius,MUS,2002,4906494249.38255
Mauritius,MUS,2001,4675755867.17657
Mauritius,MUS,2000,4726108622.47661
Mauritius,MUS,1999,4402193195.46945
Mauritius,MUS,1998,4225813976.36359
Mauritius,MUS,1997,4243755307.55239
Mauritius,MUS,1996,4481489761.54368
Mauritius,MUS,1995,4094741652.30048
Mauritius,MUS,1994,3606050873.0139
Mauritius,MUS,1993,3307302125.87528
Mauritius,MUS,1992,3267677814.23984
Mauritius,MUS,1991,2895354736.18332
Mauritius,MUS,1990,2689212760.18576
Mauritius,MUS,1989,2211312823.20576
Mauritius,MUS,1988,2163252449.13108
Mauritius,MUS,1987,1906174437.96762
Mauritius,MUS,1986,1482601552.40192
Mauritius,MUS,1985,1090611324.6814
Mauritius,MUS,1984,1054564759.05328
Mauritius,MUS,1983,1104956573.09802
Mauritius,MUS,1982,1092923635.57767
Mauritius,MUS,1981,1157769443.59463
Mauritius,MUS,1980,1147027924.10804
Mauritius,MUS,1979,1227446632.17561
Mauritius,MUS,1978,1029040323.36704
Mauritius,MUS,1977,834722972.199873
Mauritius,MUS,1976,713510051.522669
Mauritius,MUS,1975,673311287.073382
Mauritius,MUS,1974,669894029.624369
Mauritius,MUS,1973,404285775.079719
Mauritius,MUS,1972,318664899.637091
Mauritius,MUS,1971,251437337.841491
Mauritius,MUS,1970,224125805.005805
Mauritius,MUS,1969,221553612.873613
Mauritius,MUS,1968,206576630.576631
Mauritius,MUS,1967,238439290.867222
Mauritius,MUS,1966,227534083.454083
Mauritius,MUS,1965,230024160.524161
Mauritius,MUS,1964,218914569.184569
Mauritius,MUS,1963,253839557.949558
Mauritius,MUS,1962,197738207.858208
Mauritius,MUS,1961,191757729.477729
Mauritius,MUS,1960,162089563.829564
Mexico,MEX,2024,1856365616165.94
Mexico,MEX,2023,1798317581486.88
Mexico,MEX,2022,1466934724293.06
Mexico,MEX,2021,1316569466685.95
Mexico,MEX,2020,1121064767308.42
Mexico,MEX,2019,1304106203902.45
Mexico,MEX,2018,1256300182879.73
Mexico,MEX,2017,1190721475906.0
Mexico,MEX,2016,1112233497452.7
Mexico,MEX,2015,1213294467716.88
Mexico,MEX,2014,1364507717614.13
Mexico,MEX,2013,1327436290282.67
Mexico,MEX,2012,1255110424817.79
Mexico,MEX,2011,1229013703416.76
Mexico,MEX,2010,1105424238731.09
Mexico,MEX,2009,943437415024.633
Mexico,MEX,2008,1161553459715.1
Mexico,MEX,2007,1102355554971.95
Mexico,MEX,2006,1020265057882.01
Mexico,MEX,2005,917571853529.104
Mexico,MEX,2004,819459227375.022
Mexico,MEX,2003,765549967703.273
Mexico,MEX,2002,810666116401.915
Mexico,MEX,2001,796064590549.136
Mexico,MEX,2000,742061329749.127
Mexico,MEX,1999,631249359702.389
Mexico,MEX,1998,557461102630.658
Mexico,MEX,1997,523449530464.257
Mexico,MEX,1996,432157945024.428
Mexico,MEX,1995,380157469866.849
Mexico,MEX,1994,553618247900.74
Mexico,MEX,1993,530160763662.543
Mexico,MEX,1992,363157832923.734
Mexico,MEX,1991,313139656145.745
Mexico,MEX,1990,261253675692.838
Mexico,MEX,1989,221403098266.77
Mexico,MEX,1988,181611150496.787
Mexico,MEX,1987,147542558208.888
Mexico,MEX,1986,134556034672.991
Mexico,MEX,1985,195241069482.077
Mexico,MEX,1984,184230754105.394
Mexico,MEX,1983,156167000432.994
Mexico,MEX,1982,184602611609.517
Mexico,MEX,1981,263797827860.494
Mexico,MEX,1980,205577055465.993
Mexico,MEX,1979,134531900898.926
Mexico,MEX,1978,102648570299.117
Mexico,MEX,1977,81912018783.5024
Mexico,MEX,1976,88875923765.072
Mexico,MEX,1975,88000000000.0
Mexico,MEX,1974,72000000000.0
Mexico,MEX,1973,55280000000.0
Mexico,MEX,1972,45200000000.0
Mexico,MEX,1971,39200000000.0
Mexico,MEX,1970,35520000000.0
Mexico,MEX,1969,32480000000.0
Mexico,MEX,1968,29360000000.0
Mexico,MEX,1967,26560000000.0
Mexico,MEX,1966,24320000000.0
Mexico,MEX,1965,21840000000.0
Mexico,MEX,1964,20080000000.0
Mexico,MEX,1963,16960000000.0
Mexico,MEX,1962,15200000000.0
Mexico,MEX,1961,14160000000.0
Mexico,MEX,1960,13040000000.0
"Micronesia, Fed. Sts.",FSM,2024,471425099.488675
"Micronesia, Fed. Sts.",FSM,2023,441469400.0
"Micronesia, Fed. Sts.",FSM,2022,415956900.0
"Micronesia, Fed. Sts.",FSM,2021,391601900.0
"Micronesia, Fed. Sts.",FSM,2020,372902700.0
"Micronesia, Fed. Sts.",FSM,2019,394000000.0
"Micronesia, Fed. Sts.",FSM,2018,392000000.0
"Micronesia, Fed. Sts.",FSM,2017,359000000.0
"Micronesia, Fed. Sts.",FSM,2016,325000000.0
"Micronesia, Fed. Sts.",FSM,2015,310175057.802073
"Micronesia, Fed. Sts.",FSM,2014,313994033.967662
"Micronesia, Fed. Sts.",FSM,2013,312808581.662958
"Micronesia, Fed. Sts.",FSM,2012,322838077.579294
"Micronesia, Fed. Sts.",FSM,2011,306799375.530804
"Micronesia, Fed. Sts.",FSM,2010,290638857.061212
"Micronesia, Fed. Sts.",FSM,2009,274654606.935781
"Micronesia, Fed. Sts.",FSM,2008,258124736.278522
"Micronesia, Fed. Sts.",FSM,2007,252011254.242462
"Micronesia, Fed. Sts.",FSM,2006,248583534.788766
"Micronesia, Fed. Sts.",FSM,2005,245905050.832081
"Micronesia, Fed. Sts.",FSM,2004,235538109.216531
"Micronesia, Fed. Sts.",FSM,2003,240949861.080731
"Micronesia, Fed. Sts.",FSM,2002,237654335.835633
"Micronesia, Fed. Sts.",FSM,2001,236387710.833256
"Micronesia, Fed. Sts.",FSM,2000,229616847.556821
"Micronesia, Fed. Sts.",FSM,1999,217198869.130571
"Micronesia, Fed. Sts.",FSM,1998,216520601.071838
"Micronesia, Fed. Sts.",FSM,1997,204397167.480929
"Micronesia, Fed. Sts.",FSM,1996,216545996.897124
"Micronesia, Fed. Sts.",FSM,1995,219930003.350969
"Micronesia, Fed. Sts.",FSM,1994,202500000.0
"Micronesia, Fed. Sts.",FSM,1993,198400000.0
"Micronesia, Fed. Sts.",FSM,1992,178100000.0
"Micronesia, Fed. Sts.",FSM,1991,166200000.0
"Micronesia, Fed. Sts.",FSM,1990,147200000.0
"Micronesia, Fed. Sts.",FSM,1989,135200000.0
"Micronesia, Fed. Sts.",FSM,1988,124700000.0
"Micronesia, Fed. Sts.",FSM,1987,116700000.0
"Micronesia, Fed. Sts.",FSM,1986,112210000.0
"Micronesia, Fed. Sts.",FSM,1985,101931941.0
"Micronesia, Fed. Sts.",FSM,1984,84676118.0
"Micronesia, Fed. Sts.",FSM,1983,84110353.0
"Micronesia, Fed. Sts.",FSM,1982,80055706.0
"Micronesia, Fed. Sts.",FSM,1981,76472529.0
"Micronesia, Fed. Sts.",FSM,1980,64186644.0
"Micronesia, Fed. Sts.",FSM,1979,60270778.0
"Micronesia, Fed. Sts.",FSM,1978,53656834.0
"Micronesia, Fed. Sts.",FSM,1977,47305560.0
"Micronesia, Fed. Sts.",FSM,1976,46813193.0
"Micronesia, Fed. Sts.",FSM,1975,46119184.0
"Micronesia, Fed. Sts.",FSM,1974,46095175.0
"Micronesia, Fed. Sts.",FSM,1973,34821467.0
"Micronesia, Fed. Sts.",FSM,1972,25100928.0
"Micronesia, Fed. Sts.",FSM,1971,21783158.0
"Micronesia, Fed. Sts.",FSM,1970,19885926.0
Moldova,MDA,2024,18200340853.6517
Moldova,MDA,2023,16711906746.2133
Moldova,MDA,2022,14525337523.7271
Moldova,MDA,2021,13691869264.0794
Moldova,MDA,2020,11530746234.4492
Moldova,MDA,2019,11736797054.6965
Moldova,MDA,2018,11252353420.8798
Moldova,MDA,2017,9514404016.20949
Moldova,MDA,2016,7980917075.7748
Moldova,MDA,2015,7797667196.73087
Moldova,MDA,2014,9402090137.7423
Moldova,MDA,2013,9496717875.51932
Moldova,MDA,2012,8709138634.82921
Moldova,MDA,2011,8414352020.49442
Moldova,MDA,2010,6974982369.60155
Moldova,MDA,2009,5439434271.78807
Moldova,MDA,2008,6054824248.24221
Moldova,MDA,2007,4401173151.93767
Moldova,MDA,2006,3408255450.5509
Moldova,MDA,2005,2988342907.03096
Moldova,MDA,2004,2598249555.89984
Moldova,MDA,2003,1980907434.76826
Moldova,MDA,2002,1661818168.4226
Moldova,MDA,2001,1480673594.05602
Moldova,MDA,2000,1288429391.79951
Moldova,MDA,1999,1170782957.37443
Moldova,MDA,1998,1698717504.65549
Moldova,MDA,1997,1930081168.83117
Moldova,MDA,1996,1695122173.91304
Moldova,MDA,1995,1752999370.46158
Moldova,MDA,1994,1702314267.59123
Moldova,MDA,1993,2371813323.57343
Moldova,MDA,1992,2319243435.96096
Moldova,MDA,1991,3094565870.64237
Moldova,MDA,1990,3592857043.05057
Monaco,MCO,2024,11125783372.4794
Monaco,MCO,2023,10003892565.2005
Monaco,MCO,2022,8800430486.17137
Monaco,MCO,2021,8623242743.29564
Monaco,MCO,2020,6730736282.78961
Monaco,MCO,2019,7383496254.23721
Monaco,MCO,2018,7184333936.01355
Monaco,MCO,2017,6430254652.58934
Monaco,MCO,2016,6471290793.55029
Monaco,MCO,2015,6264756528.37691
Monaco,MCO,2014,7070017323.65476
Monaco,MCO,2013,6555591709.88585
Monaco,MCO,2012,5742749294.00852
Monaco,MCO,2011,6088689808.38347
Monaco,MCO,2010,5367561569.59548
Monaco,MCO,2009,5474379252.34114
Monaco,MCO,2008,6502942244.93068
Monaco,MCO,2007,5875790766.2621
Monaco,MCO,2006,4586826512.71356
Monaco,MCO,2005,4204652898.73103
Monaco,MCO,2004,4043551488.82603
Monaco,MCO,2003,3597089750.78276
Monaco,MCO,2002,2919647981.81473
Monaco,MCO,2001,2673723033.71239
Monaco,MCO,2000,2654462665.26893
Monaco,MCO,1999,2907118641.17756
Monaco,MCO,1998,2934593467.68589
Monaco,MCO,1997,2840195190.36905
Monaco,MCO,1996,3137886994.52207
Monaco,MCO,1995,3130309995.30848
Monaco,MCO,1994,2720332134.53623
Monaco,MCO,1993,2574494355.73357
Monaco,MCO,1992,2737049230.70442
Monaco,MCO,1991,2480540845.33242
Monaco,MCO,1990,2481307077.10989
Monaco,MCO,1989,2010083833.1726
Monaco,MCO,1988,2000704744.91538
Monaco,MCO,1987,1839081463.27676
Monaco,MCO,1986,1515234743.47367
Monaco,MCO,1985,1082867507.33142
Monaco,MCO,1984,1037329604.35108
Monaco,MCO,1983,1092560364.51959
Monaco,MCO,1982,1143216456.56796
Monaco,MCO,1981,1205188647.93163
Monaco,MCO,1980,1378175524.11186
Monaco,MCO,1979,1209870147.49099
Monaco,MCO,1978,1000555218.03209
Monaco,MCO,1977,811191392.224277
Monaco,MCO,1976,735324244.667397
Monaco,MCO,1975,711978961.893674
Monaco,MCO,1974,563949254.114034
Monaco,MCO,1973,523554039.203208
Monaco,MCO,1972,402451900.821288
Monaco,MCO,1971,327706210.435217
Monaco,MCO,1970,293127333.238065
Mongolia,MNG,2024,23794540024.5132
Mongolia,MNG,2023,20325121393.9074
Mongolia,MNG,2022,17146471713.748
Mongolia,MNG,2021,15286441737.6686
Mongolia,MNG,2020,13312981429.0891
Mongolia,MNG,2019,14206359017.5143
Mongolia,MNG,2018,13178094720.4986
Mongolia,MNG,2017,11480847740.736
Mongolia,MNG,2016,11181350649.3573
Mongolia,MNG,2015,11619892590.6941
Mongolia,MNG,2014,12226514668.0622
Mongolia,MNG,2013,12582122604.2577
Mongolia,MNG,2012,12292770631.565
Mongolia,MNG,2011,10409797377.8571
Mongolia,MNG,2010,7189481998.90094
Mongolia,MNG,2009,4583850367.88972
Mongolia,MNG,2008,5623216608.04288
Mongolia,MNG,2007,4234999703.90059
Mongolia,MNG,2006,3414055661.61598
Mongolia,MNG,2005,2523471601.10421
Mongolia,MNG,2004,1992066808.09598
Mongolia,MNG,2003,1595297355.78349
Mongolia,MNG,2002,1396555719.97409
Mongolia,MNG,2001,1267997934.3125
Mongolia,MNG,2000,1136896123.61298
Mongolia,MNG,1999,1057408588.68269
Mongolia,MNG,1998,1124440204.84738
Mongolia,MNG,1997,1180934202.83801
Mongolia,MNG,1996,1345719472.35883
Mongolia,MNG,1995,1452165005.2384
Mongolia,MNG,1994,925817092.217484
Mongolia,MNG,1993,768401634.154573
Mongolia,MNG,1992,1317611863.84977
Mongolia,MNG,1991,2379018326.31579
Mongolia,MNG,1990,2560785660.0
Mongolia,MNG,1989,3576966800.0
Mongolia,MNG,1988,3204461566.66667
Mongolia,MNG,1987,3020611600.0
Mongolia,MNG,1986,2896178866.66667
Mongolia,MNG,1985,2186505475.0
Mongolia,MNG,1984,2098734600.0
Mongolia,MNG,1983,2725736633.33333
Mongolia,MNG,1982,2552401933.33333
Mongolia,MNG,1981,2310099100.0
Mongolia,MNG,1980,2101394100.0
Montenegro,MNE,2024,8270016670.86774
Montenegro,MNE,2023,7644389159.84471
Montenegro,MNE,2022,6251215144.13471
Montenegro,MNE,2021,5823715809.63286
Montenegro,MNE,2020,4723571497.76347
Montenegro,MNE,2019,5483476883.4658
Montenegro,MNE,2018,5433467174.79183
Montenegro,MNE,2017,4803962015.62122
Montenegro,MNE,2016,4357469330.46719
Montenegro,MNE,2015,4010885990.83986
Montenegro,MNE,2014,4579636601.80039
Montenegro,MNE,2013,4422097762.7848
Montenegro,MNE,2012,4071829462.26447
Montenegro,MNE,2011,4507126949.08507
Montenegro,MNE,2010,4136936189.28052
Montenegro,MNE,2009,4142640316.75465
Montenegro,MNE,2008,4540861725.50168
Montenegro,MNE,2007,3677910895.15467
Montenegro,MNE,2006,2717702923.09622
Montenegro,MNE,2005,2257174480.78597
Montenegro,MNE,2004,2073234417.68066
Montenegro,MNE,2003,1707710053.14938
Montenegro,MNE,2002,1284685050.52413
Montenegro,MNE,2001,1159869245.92513
Montenegro,MNE,2000,984293043.811565
Montenegro,MNE,1999,828950327.353261
Montenegro,MNE,1998,854261160.714286
Montenegro,MNE,1997,838288806.001293
Morocco,MAR,2024,160610994054.734
Morocco,MAR,2023,146036093666.762
Morocco,MAR,2022,131245312804.483
Morocco,MAR,2021,142022058447.231
Morocco,MAR,2020,121353645057.144
Morocco,MAR,2019,128920266409.458
Morocco,MAR,2018,127341147581.818
Morocco,MAR,2017,118540573367.844
Morocco,MAR,2016,111572947004.917
Morocco,MAR,2015,110413823841.592
Morocco,MAR,2014,119130841411.664
Morocco,MAR,2013,115739287305.08
Morocco,MAR,2012,106937392311.129
Morocco,MAR,2011,110080631332.375
Morocco,MAR,2010,100865329473.44
Morocco,MAR,2009,101154952240.881
Morocco,MAR,2008,101822906949.063
Morocco,MAR,2007,86947913286.728
Morocco,MAR,2006,75883823300.8545
Morocco,MAR,2005,68852658068.6673
Morocco,MAR,2004,66114145451.0067
Morocco,MAR,2003,58029363354.2757
Morocco,MAR,2002,47077192187.6418
Morocco,MAR,2001,43831480207.6444
Morocco,MAR,2000,43017455401.8445
Morocco,MAR,1999,46266428648.1433
Morocco,MAR,1998,46497608724.9865
Morocco,MAR,1997,39147844526.0838
Morocco,MAR,1996,43161571527.6353
Morocco,MAR,1995,39030285468.3841
Morocco,MAR,1994,35604137422.5796
Morocco,MAR,1993,31655473663.8348
Morocco,MAR,1992,33711069430.78
Morocco,MAR,1991,32285573573.9185
Morocco,MAR,1990,30179954774.9899
Morocco,MAR,1989,26314313191.1826
Morocco,MAR,1988,25705296183.5037
Morocco,MAR,1987,21765195948.189
Morocco,MAR,1986,19462085540.2231
Morocco,MAR,1985,14991283215.7408
Morocco,MAR,1984,14824667954.3674
Morocco,MAR,1983,16251408127.5735
Morocco,MAR,1982,17692276734.171
Morocco,MAR,1981,17788185478.944
Morocco,MAR,1980,21728516153.0907
Morocco,MAR,1979,15911994817.3107
Morocco,MAR,1978,13236946233.5759
Morocco,MAR,1977,11049783871.8144
Morocco,MAR,1976,9584297284.28316
Morocco,MAR,1975,8984853005.08058
Morocco,MAR,1974,7675466449.35531
Morocco,MAR,1973,6242145880.08876
Morocco,MAR,1972,5074117544.77482
Morocco,MAR,1971,4356669034.34266
Morocco,MAR,1970,3956336244.11865
Morocco,MAR,1969,3651622668.95103
Morocco,MAR,1968,3271422332.61996
Morocco,MAR,1967,3046345314.38655
Morocco,MAR,1966,2876401297.10759
Morocco,MAR,1965,2948331090.46752
Morocco,MAR,1964,2798345298.57781
Morocco,MAR,1963,2657252578.30763
Morocco,MAR,1962,2379611124.61442
Morocco,MAR,1961,2025693539.55842
Morocco,MAR,1960,2037154741.93211
Mozambique,MOZ,2024,22745341305.0622
Mozambique,MOZ,2023,20921079532.6094
Mozambique,MOZ,2022,18883528581.3734
Mozambique,MOZ,2021,16168055475.4449
Mozambique,MOZ,2020,14235420174.1884
Mozambique,MOZ,2019,15512759046.672
Mozambique,MOZ,2018,15017358952.8452
Mozambique,MOZ,2017,13264640645.7768
Mozambique,MOZ,2016,12069051237.1711
Mozambique,MOZ,2015,16208985769.615
Mozambique,MOZ,2014,17978246586.0662
Mozambique,MOZ,2013,17198073057.1981
Mozambique,MOZ,2012,16688114144.0745
Mozambique,MOZ,2011,14619279988.716
Mozambique,MOZ,2010,11411894723.864
Mozambique,MOZ,2009,12263894790.0125
Mozambique,MOZ,2008,12920340964.6544
Mozambique,MOZ,2007,10811456005.9405
Mozambique,MOZ,2006,9509835536.93373
Mozambique,MOZ,2005,8868504899.94673
Mozambique,MOZ,2004,7937255565.35765
Mozambique,MOZ,2003,6583526860.58062
Mozambique,MOZ,2002,5950769426.60213
Mozambique,MOZ,2001,5650154067.10346
Mozambique,MOZ,2000,5930685214.61595
Mozambique,MOZ,1999,6285219691.22462
Mozambique,MOZ,1998,5551118148.73836
Mozambique,MOZ,1997,4873663774.93019
Mozambique,MOZ,1996,4030146134.5706
Mozambique,MOZ,1995,3061646173.73938
Mozambique,MOZ,1994,2958108170.32061
Mozambique,MOZ,1993,2883161897.42651
Mozambique,MOZ,1992,2798696511.18156
Mozambique,MOZ,1991,3854856434.58062
Myanmar,MMR,2024,74068349523.8095
Myanmar,MMR,2023,66757619000.0
Myanmar,MMR,2022,62253049903.28
Myanmar,MMR,2021,66345291149.4433
Myanmar,MMR,2020,79006113670.2831
Myanmar,MMR,2019,75065106243.3578
Myanmar,MMR,2018,67860515993.1186
Myanmar,MMR,2017,66053040475.0257
Myanmar,MMR,2016,63298361983.5653
Myanmar,MMR,2015,59607290408.4359
Myanmar,MMR,2014,65531374210.3224
Myanmar,MMR,2013,60269732854.827
Myanmar,MMR,2012,59937796648.2158
Myanmar,MMR,2011,59977326085.9908
Myanmar,MMR,2010,49540813342.4834
Myanmar,MMR,2009,36906181380.8127
Myanmar,MMR,2008,31862554101.9378
Myanmar,MMR,2007,20182477480.5512
Myanmar,MMR,2006,14502553709.8303
Myanmar,MMR,2005,11986972418.5103
Myanmar,MMR,2004,10567354056.4049
Myanmar,MMR,2003,10467109977.6717
Myanmar,MMR,2002,6777632512.0781
Myanmar,MMR,2001,6477790688.22844
Myanmar,MMR,2000,8905066163.58643
Myanmar,MMR,1999,8486832800.88498
Myanmar,MMR,1998,6459461639.30243
Myanmar,MMR,1997,4722288495.66085
Myanmar,MMR,1996,6123556716.81329
Myanmar,MMR,1995,5289174942.53404
Myanmar,MMR,1994,4432257173.6492
Myanmar,MMR,1993,3163020034.63637
Myanmar,MMR,1992,2411552288.76212
Myanmar,MMR,1991,2069832686.98061
Myanmar,MMR,1990,2115193513.29556
Myanmar,MMR,1989,2013448228.72975
Myanmar,MMR,1988,1541088312.25453
Myanmar,MMR,1987,1562448076.65689
Myanmar,MMR,1986,1582873750.32068
Myanmar,MMR,1985,1478908173.26796
Myanmar,MMR,1984,1304063253.04136
Myanmar,MMR,1983,1381573615.2513
Myanmar,MMR,1982,1481165467.83214
Myanmar,MMR,1981,1111000765.28987
Myanmar,MMR,1980,1038225167.05882
Myanmar,MMR,1979,952265043.438383
Myanmar,MMR,1978,935408774.951918
Myanmar,MMR,1977,873579931.929901
Myanmar,MMR,1976,1204699849.12592
Myanmar,MMR,1975,1061107353.67232
Myanmar,MMR,1974,1225589878.06809
Myanmar,MMR,1973,719754655.358964
Myanmar,MMR,1972,662213082.741535
Myanmar,MMR,1971,587448405.488773
Myanmar,MMR,1970,563555630.769545
Myanmar,MMR,1969,571854214.589142
Myanmar,MMR,1968,559956130.283622
Myanmar,MMR,1967,420359035.897436
Myanmar,MMR,1966,293103478.548483
Myanmar,MMR,1965,367053117.224523
Myanmar,MMR,1964,411419905.846621
Myanmar,MMR,1963,598998418.724583
Myanmar,MMR,1962,634528872.02036
Myanmar,MMR,1961,605581577.287066
Myanmar,MMR,1960,545098447.640862
Namibia,NAM,2024,13372354511.716
Namibia,NAM,2023,12408271449.2244
Namibia,NAM,2022,12569449123.3661
Namibia,NAM,2021,12402486183.6396
Namibia,NAM,2020,10583748541.5258
Namibia,NAM,2019,12541928303.48
Namibia,NAM,2018,13682019076.4022
Namibia,NAM,2017,12895153370.9132
Namibia,NAM,2016,10722018732.0936
Namibia,NAM,2015,11335161083.5061
Namibia,NAM,2014,12435430969.6301
Namibia,NAM,2013,12043307277.1235
Namibia,NAM,2012,13042053591.6857
Namibia,NAM,2011,12523359440.5499
Namibia,NAM,2010,11431412421.1316
Namibia,NAM,2009,8938847189.07592
Namibia,NAM,2008,8607431497.49471
Namibia,NAM,2007,8839536475.99963
Namibia,NAM,2006,8001779551.06323
Namibia,NAM,2005,7248374837.72056
Namibia,NAM,2004,6609205994.77406
Namibia,NAM,2003,4926439383.51425
Namibia,NAM,2002,3349169826.38896
Namibia,NAM,2001,3557341215.15159
Namibia,NAM,2000,3922232164.83175
Namibia,NAM,1999,3868551730.39163
Namibia,NAM,1998,3873109865.55683
Namibia,NAM,1997,4154989950.00393
Namibia,NAM,1996,3989163196.56767
Namibia,NAM,1995,3978514206.31168
Namibia,NAM,1994,3666503529.62911
Namibia,NAM,1993,3251188833.14533
Namibia,NAM,1992,3429521699.4026
Namibia,NAM,1991,2996869281.48364
Namibia,NAM,1990,2789921853.53112
Namibia,NAM,1989,2535135797.50766
Namibia,NAM,1988,2495094746.44024
Namibia,NAM,1987,2300068216.96898
Namibia,NAM,1986,1809048527.11034
Namibia,NAM,1985,1608237350.44365
Namibia,NAM,1984,1951260037.94542
Namibia,NAM,1983,2297400687.55049
Namibia,NAM,1982,2118710248.32937
Namibia,NAM,1981,2249908578.03115
Namibia,NAM,1980,2421990338.12083
Nauru,NRU,2024,162588620.632234
Nauru,NRU,2023,151435609.578807
Nauru,NRU,2022,152373433.909474
Nauru,NRU,2021,175390280.69162
Nauru,NRU,2020,124685688.161094
Nauru,NRU,2019,125160115.547819
Nauru,NRU,2018,130995566.30391
Nauru,NRU,2017,109355638.866955
Nauru,NRU,2016,97541943.0355053
Nauru,NRU,2015,84863440.5801997
Nauru,NRU,2014,99149244.4001333
Nauru,NRU,2013,94385014.9425842
Nauru,NRU,2012,101055722.95058
Nauru,NRU,2011,65071879.7787162
Nauru,NRU,2010,47562844.6104251
Nauru,NRU,2009,44176245.5492433
Nauru,NRU,2008,37602264.7306872
Nauru,NRU,2007,22766972.1889659
Nauru,NRU,2006,29200359.3890386
Nauru,NRU,2005,30070666.0652533
Nauru,NRU,2004,30587565.7988334
Nauru,NRU,2003,24778159.5806639
Nauru,NRU,2002,21017423.6082043
Nauru,NRU,2001,22613287.5389074
Nauru,NRU,2000,26930980.3429002
Nauru,NRU,1999,27328612.6080962
Nauru,NRU,1998,29664450.9258631
Nauru,NRU,1997,37331507.2781343
Nauru,NRU,1996,37458801.2139605
Nauru,NRU,1995,39969705.969706
Nauru,NRU,1994,39742511.2417848
Nauru,NRU,1993,43542088.2518269
Nauru,NRU,1992,51133123.1254326
Nauru,NRU,1991,52533788.5566282
Nauru,NRU,1990,55572375.5290496
Nauru,NRU,1989,53736786.0923378
Nauru,NRU,1988,45931133.5855646
Nauru,NRU,1987,40118409.8729486
Nauru,NRU,1986,39939390.7386682
Nauru,NRU,1985,41548740.5077855
Nauru,NRU,1984,47363231.2986778
Nauru,NRU,1983,48439093.1211979
Nauru,NRU,1982,52877742.469381
Nauru,NRU,1981,51689636.5958435
Nauru,NRU,1980,46947124.2339833
Nauru,NRU,1979,44431330.2283313
Nauru,NRU,1978,41754147.3043086
Nauru,NRU,1977,40444701.7664602
Nauru,NRU,1976,40287427.2028236
Nauru,NRU,1975,40106775.9115117
Nauru,NRU,1974,35994511.422255
Nauru,NRU,1973,26529816.7841127
Nauru,NRU,1972,21734268.6915888
Nauru,NRU,1971,19009433.3072013
Nauru,NRU,1970,17570366.2224213
Nepal,NPL,2024,42914268286.7109
Nepal,NPL,2023,41047772331.0994
Nepal,NPL,2022,41182939600.6209
Nepal,NPL,2021,36924841394.2605
Nepal,NPL,2020,33433659301.2466
Nepal,NPL,2019,34186180699.0255
Nepal,NPL,2018,33111525237.149
Nepal,NPL,2017,28971588940.364
Nepal,NPL,2016,24524109483.5293
Nepal,NPL,2015,24360801286.7638
Nepal,NPL,2014,22731612922.1906
Nepal,NPL,2013,22162204924.5726
Nepal,NPL,2012,21703100877.1309
Nepal,NPL,2011,21573872420.7008
Nepal,NPL,2010,16002656434.4746
Nepal,NPL,2009,12854985464.0764
Nepal,NPL,2008,12545438605.3959
Nepal,NPL,2007,10325618017.379
Nepal,NPL,2006,9043715355.8881
Nepal,NPL,2005,8130258377.90964
Nepal,NPL,2004,7273938314.71988
Nepal,NPL,2003,6330473096.54071
Nepal,NPL,2002,6050875806.66403
Nepal,NPL,2001,6007055042.17687
Nepal,NPL,2000,5494252207.90502
Nepal,NPL,1999,5033642384.10596
Nepal,NPL,1998,4856255044.39064
Nepal,NPL,1997,4918691916.53516
Nepal,NPL,1996,4521580381.47139
Nepal,NPL,1995,4401104417.67068
Nepal,NPL,1994,4066775510.20408
Nepal,NPL,1993,3660041666.66667
Nepal,NPL,1992,3401211581.29176
Nepal,NPL,1991,3921476084.89072
Nepal,NPL,1990,3627560239.48997
Nepal,NPL,1989,3525225786.58691
Nepal,NPL,1988,3487009748.35638
Nepal,NPL,1987,2957255379.54315
Nepal,NPL,1986,2850782044.04306
Nepal,NPL,1985,2619913955.51556
Nepal,NPL,1984,2581207387.79709
Nepal,NPL,1983,2447174803.37791
Nepal,NPL,1982,2395423741.79762
Nepal,NPL,1981,2275583316.66667
Nepal,NPL,1980,1945916583.33333
Nepal,NPL,1979,1851250008.33333
Nepal,NPL,1978,1604162497.45945
Nepal,NPL,1977,1382400000.0
Nepal,NPL,1976,1452788984.86265
Nepal,NPL,1975,1575789254.46938
Nepal,NPL,1974,1217953546.97604
Nepal,NPL,1973,972101724.995368
Nepal,NPL,1972,1024098400.35619
Nepal,NPL,1971,882765471.604938
Nepal,NPL,1970,865975308.641975
Nepal,NPL,1969,788641965.432099
Nepal,NPL,1968,772231386.914829
Nepal,NPL,1967,841974025.462659
Nepal,NPL,1966,906811943.824649
Nepal,NPL,1965,735267082.294264
Nepal,NPL,1964,496098775.308642
Nepal,NPL,1963,496947904.443033
Nepal,NPL,1962,574091101.194382
Nepal,NPL,1961,531959561.62226
Nepal,NPL,1960,508334413.965087
Netherlands,NLD,2024,1214927698572.66
Netherlands,NLD,2023,1135475867551.0
Netherlands,NLD,2022,1046540797548.64
Netherlands,NLD,2021,1054472123449.6
Netherlands,NLD,2020,932560861701.17
Netherlands,NLD,2019,928903005576.469
Netherlands,NLD,2018,929733599796.862
Netherlands,NLD,2017,848233537845.884
Netherlands,NLD,2016,797163949289.885
Netherlands,NLD,2015,775743675302.734
Netherlands,NLD,2014,901556501756.467
Netherlands,NLD,2013,883951539006.669
Netherlands,NLD,2012,845689017065.625
Netherlands,NLD,2011,913140741332.687
Netherlands,NLD,2010,852464982433.335
Netherlands,NLD,2009,878954223140.234
Netherlands,NLD,2008,957901566041.406
Netherlands,NLD,2007,853499460872.552
Netherlands,NLD,2006,737593995289.411
Netherlands,NLD,2005,688133699635.797
Netherlands,NLD,2004,661224886143.245
Netherlands,NLD,2003,582435617081.96
Netherlands,NLD,2002,475529972122.746
Netherlands,NLD,2001,432536219668.898
Netherlands,NLD,2000,417649282153.726
Netherlands,NLD,1999,447778514140.155
Netherlands,NLD,1998,438612530548.767
Netherlands,NLD,1997,417506211881.635
Netherlands,NLD,1996,451372549019.608
Netherlands,NLD,1995,452967334614.329
Netherlands,NLD,1994,379688232231.505
Netherlands,NLD,1993,354070495965.828
Netherlands,NLD,1992,363497050125.313
Netherlands,NLD,1991,327982316124.47
Netherlands,NLD,1990,318799003993.707
Netherlands,NLD,1989,258716904291.801
Netherlands,NLD,1988,262295966105.474
Netherlands,NLD,1987,245406949521.323
Netherlands,NLD,1986,201157708220.903
Netherlands,NLD,1985,144057523221.868
Netherlands,NLD,1984,144124462912.088
Netherlands,NLD,1983,153671294108.563
Netherlands,NLD,1982,158712765536.024
Netherlands,NLD,1981,164375775854.456
Netherlands,NLD,1980,195439301706.939
Netherlands,NLD,1979,179933827309.678
Netherlands,NLD,1978,156089077205.133
Netherlands,NLD,1977,127203923857.412
Netherlands,NLD,1976,109329386564.427
Netherlands,NLD,1975,100397061693.97
Netherlands,NLD,1974,87371810804.1643
Netherlands,NLD,1973,71946639602.7117
Netherlands,NLD,1972,54787070173.0294
Netherlands,NLD,1971,44644730576.4411
Netherlands,NLD,1970,38220884519.3888
Netherlands,NLD,1969,34086038090.3986
Netherlands,NLD,1968,30097635750.982
Netherlands,NLD,1967,27143828098.7481
Netherlands,NLD,1966,24741480717.0389
Netherlands,NLD,1965,22721869808.1438
Netherlands,NLD,1964,20232048552.8327
Netherlands,NLD,1963,17193744109.0367
Netherlands,NLD,1962,15847582341.1664
Netherlands,NLD,1961,14599836396.388
Netherlands,NLD,1960,13282979014.563
New Caledonia,NCL,2024,8548919387.12607
New Caledonia,NCL,2023,9769167530.35744
New Caledonia,NCL,2022,9623318718.31459
New Caledonia,NCL,2021,10071349663.8484
New Caledonia,NCL,2020,9454629467.91408
New Caledonia,NCL,2019,9475655324.59495
New Caledonia,NCL,2018,9896402283.68587
New Caledonia,NCL,2017,9174048681.98577
New Caledonia,NCL,2016,8724568954.89799
New Caledonia,NCL,2015,8738203074.3957
New Caledonia,NCL,2014,10635035594.7528
New Caledonia,NCL,2013,10151382933.1594
New Caledonia,NCL,2012,9659151917.40484
New Caledonia,NCL,2011,10351448004.7674
New Caledonia,NCL,2010,9364350076.91225
New Caledonia,NCL,2009,8704438102.20142
New Caledonia,NCL,2008,9067619760.07073
New Caledonia,NCL,2007,8819917180.34265
New Caledonia,NCL,2006,6979155387.86792
New Caledonia,NCL,2005,6238629487.01331
New Caledonia,NCL,2004,5895008977.9531
New Caledonia,NCL,2003,4915353827.10576
New Caledonia,NCL,2002,3740056747.71979
New Caledonia,NCL,2001,3297734891.14661
New Caledonia,NCL,2000,3420032041.07385
New Caledonia,NCL,1999,3647802049.80911
New Caledonia,NCL,1998,3556304832.68104
New Caledonia,NCL,1997,3291131281.04099
New Caledonia,NCL,1996,3606968435.99917
New Caledonia,NCL,1995,3628440505.14193
New Caledonia,NCL,1994,3038728384.86634
New Caledonia,NCL,1993,2822243780.97543
New Caledonia,NCL,1992,2923883281.08579
New Caledonia,NCL,1991,2653780672.09555
New Caledonia,NCL,1990,2529440424.16648
New Caledonia,NCL,1989,2185082938.93078
New Caledonia,NCL,1988,2072775508.14796
New Caledonia,NCL,1987,1488093101.50275
New Caledonia,NCL,1986,1201321513.76667
New Caledonia,NCL,1985,854820893.577136
New Caledonia,NCL,1984,796066194.738573
New Caledonia,NCL,1983,823857893.163123
New Caledonia,NCL,1982,904599869.725833
New Caledonia,NCL,1981,972564154.815131
New Caledonia,NCL,1980,1182463951.21814
New Caledonia,NCL,1979,1047225723.57386
New Caledonia,NCL,1978,846004687.758093
New Caledonia,NCL,1977,837620126.558528
New Caledonia,NCL,1976,798313521.689803
New Caledonia,NCL,1975,816652164.400241
New Caledonia,NCL,1974,637403478.492486
New Caledonia,NCL,1973,542293399.862618
New Caledonia,NCL,1972,506808996.694661
New Caledonia,NCL,1971,413985778.589656
New Caledonia,NCL,1970,358815684.071892
New Caledonia,NCL,1969,263108841.338416
New Caledonia,NCL,1968,215507162.56893
New Caledonia,NCL,1967,180036767.648861
New Caledonia,NCL,1966,164206536.445162
New Caledonia,NCL,1965,159594492.463655
New Zealand,NZL,2024,260172385097.616
New Zealand,NZL,2023,255194972673.122
New Zealand,NZL,2022,249509991440.438
New Zealand,NZL,2021,253977931814.967
New Zealand,NZL,2020,213029554653.687
New Zealand,NZL,2019,213006341101.869
New Zealand,NZL,2018,211985631173.205
New Zealand,NZL,2017,206745969246.073
New Zealand,NZL,2016,189100085275.23
New Zealand,NZL,2015,178224167087.99
New Zealand,NZL,2014,201518402787.38
New Zealand,NZL,2013,191012364176.878
New Zealand,NZL,2012,176560711239.147
New Zealand,NZL,2011,168484908960.078
New Zealand,NZL,2010,146887902524.052
New Zealand,NZL,2009,121663439315.385
New Zealand,NZL,2008,133437126590.286
New Zealand,NZL,2007,137188946865.584
New Zealand,NZL,2006,111538810712.665
New Zealand,NZL,2005,114720129550.095
New Zealand,NZL,2004,103905210084.034
New Zealand,NZL,2003,88250885550.2626
New Zealand,NZL,2002,66627729311.4495
New Zealand,NZL,2001,53872425916.6248
New Zealand,NZL,2000,52623281956.7031
New Zealand,NZL,1999,58762260625.8758
New Zealand,NZL,1998,56227169851.0448
New Zealand,NZL,1997,66075143415.4952
New Zealand,NZL,1996,70140835299.0148
New Zealand,NZL,1995,63918703506.9075
New Zealand,NZL,1994,55314732279.1379
New Zealand,NZL,1993,46775620817.4327
New Zealand,NZL,1992,41649829859.6342
New Zealand,NZL,1991,42745329732.163
New Zealand,NZL,1990,45495129385.0475
New Zealand,NZL,1989,43920222524.7085
New Zealand,NZL,1988,45176811594.2029
New Zealand,NZL,1987,40376354069.9474
New Zealand,NZL,1986,30604668356.5695
New Zealand,NZL,1985,24679795396.4194
New Zealand,NZL,1984,21665975318.8842
New Zealand,NZL,1983,24309279705.5731
New Zealand,NZL,1982,24164603058.9949
New Zealand,NZL,1981,24417617184.2478
New Zealand,NZL,1980,23244547384.6748
New Zealand,NZL,1979,20731243113.2926
New Zealand,NZL,1978,18530518394.6488
New Zealand,NZL,1977,15446825318.4556
New Zealand,NZL,1976,13604832424.0062
New Zealand,NZL,1975,12861983284.3912
New Zealand,NZL,1974,13940981798.1247
New Zealand,NZL,1973,12802281897.8712
New Zealand,NZL,1972,9567331064.65727
New Zealand,NZL,1971,7911136757.06867
New Zealand,NZL,1970,6495605330.94411
New Zealand,NZL,1969,5814357708.51005
New Zealand,NZL,1968,5228045415.27318
New Zealand,NZL,1967,6016017227.09124
New Zealand,NZL,1966,5917437693.37459
New Zealand,NZL,1965,5706251400.19577
New Zealand,NZL,1964,7340766415.01868
New Zealand,NZL,1963,6699741645.07827
New Zealand,NZL,1962,6133158532.21667
New Zealand,NZL,1961,5721994864.23066
New Zealand,NZL,1960,5536098360.49526
Nicaragua,NIC,2024,19693982967.5926
Nicaragua,NIC,2023,17805842283.8725
Nicaragua,NIC,2022,15634572502.2294
Nicaragua,NIC,2021,14209020361.8508
Nicaragua,NIC,2020,12726422432.4868
Nicaragua,NIC,2019,12699023614.245
Nicaragua,NIC,2018,13025221974.232
Nicaragua,NIC,2017,13785893007.4769
Nicaragua,NIC,2016,13286093388.4752
Nicaragua,NIC,2015,12756696261.0676
Nicaragua,NIC,2014,11880438824.4494
Nicaragua,NIC,2013,10982988249.2103
Nicaragua,NIC,2012,10532017231.8253
Nicaragua,NIC,2011,9774329332.71276
Nicaragua,NIC,2010,8758602232.98358
Nicaragua,NIC,2009,8298702489.0801
Nicaragua,NIC,2008,8496967596.77008
Nicaragua,NIC,2007,7423375014.75729
Nicaragua,NIC,2006,6763672380.61154
Nicaragua,NIC,2005,6321324279.14826
Nicaragua,NIC,2004,5792932838.40051
Nicaragua,NIC,2003,5322228350.58068
Nicaragua,NIC,2002,5223727302.54906
Nicaragua,NIC,2001,5351752034.2221
Nicaragua,NIC,2000,5109587049.97449
Nicaragua,NIC,1999,4856026259.07657
Nicaragua,NIC,1998,4635347385.5446
Nicaragua,NIC,1997,4389973489.86032
Nicaragua,NIC,1996,4308351902.78601
Nicaragua,NIC,1995,4140470000.0
Nicaragua,NIC,1994,3863185119.04762
Nicaragua,NIC,1993,1756454248.36601
Nicaragua,NIC,1992,1792800000.0
Nicaragua,NIC,1991,1488804123.71134
Nicaragua,NIC,1990,1009455483.87097
Nicaragua,NIC,1989,1013184755.57026
Nicaragua,NIC,1988,2630900095.60219
Nicaragua,NIC,1987,3851200117.77355
Nicaragua,NIC,1986,2885799993.91571
Nicaragua,NIC,1985,2683699935.36479
Nicaragua,NIC,1984,3117599872.08764
Nicaragua,NIC,1983,2753100057.78802
Nicaragua,NIC,1982,2454499872.03789
Nicaragua,NIC,1981,2474700227.04662
Nicaragua,NIC,1980,2144300006.18028
Nicaragua,NIC,1979,1567599981.69806
Nicaragua,NIC,1978,2127699978.78077
Nicaragua,NIC,1977,2226999873.71856
Nicaragua,NIC,1976,1836899998.94579
Nicaragua,NIC,1975,1581599958.5989
Nicaragua,NIC,1974,1521400011.53463
Nicaragua,NIC,1973,1092900014.79168
Nicaragua,NIC,1972,878570045.450998
Nicaragua,NIC,1971,828569953.4744
Nicaragua,NIC,1970,778569938.824225
Nicaragua,NIC,1969,750000002.894903
Nicaragua,NIC,1968,692859984.612158
Nicaragua,NIC,1967,657140010.747554
Nicaragua,NIC,1966,607140010.475682
Nicaragua,NIC,1965,564290020.384288
Nicaragua,NIC,1964,347119918.158577
Nicaragua,NIC,1963,297324163.095513
Nicaragua,NIC,1962,269283803.686825
Nicaragua,NIC,1961,244144236.65331
Nicaragua,NIC,1960,227223322.141537
Niger,NER,2024,19876128485.7857
Niger,NER,2023,16698786977.59
Niger,NER,2022,15433852712.2963
Niger,NER,2021,14915002436.069
Niger,NER,2020,13744653103.058
Niger,NER,2019,12889555561.2299
Niger,NER,2018,12837307496.8821
Niger,NER,2017,11185104251.6943
Niger,NER,2016,10398861981.7583
Niger,NER,2015,9683867926.44282
Niger,NER,2014,10862943543.5419
Niger,NER,2013,10224897437.8648
Niger,NER,2012,9426912647.59111
Niger,NER,2011,8772950777.79176
Niger,NER,2010,7851192502.30917
Niger,NER,2009,7352131309.73341
Niger,NER,2008,7297600226.00536
Niger,NER,2007,5731485051.79069
Niger,NER,2006,4756361252.37923
Niger,NER,2005,4383315964.58718
Niger,NER,2004,3760443737.53797
Niger,NER,2003,3394084732.49543
Niger,NER,2002,2782192878.67204
Niger,NER,2001,2448714703.96617
Niger,NER,2000,2241753192.81158
Niger,NER,1999,2537789820.69295
Niger,NER,1998,2643363518.99272
Niger,NER,1997,2290318910.20658
Niger,NER,1996,2405686940.0464
Niger,NER,1995,2302537562.24406
Niger,NER,1994,1938058175.21399
Niger,NER,1993,3052673849.25181
Niger,NER,1992,3386232579.22522
Niger,NER,1991,3285796874.97125
Niger,NER,1990,3512356507.88599
Niger,NER,1989,2179567114.33391
Niger,NER,1988,2280356192.76273
Niger,NER,1987,2233006104.92776
Niger,NER,1986,1904096998.30009
Niger,NER,1985,1440581652.39853
Niger,NER,1984,1461243326.12882
Niger,NER,1983,1803099561.20046
Niger,NER,1982,2017612215.97935
Niger,NER,1981,2170893414.3888
Niger,NER,1980,2508524720.71895
Niger,NER,1979,2109277665.69912
Niger,NER,1978,1774365589.70815
Niger,NER,1977,1291458041.46193
Niger,NER,1976,1064517601.29025
Niger,NER,1975,1048690933.21027
Niger,NER,1974,1026137110.89309
Niger,NER,1973,946385105.193732
Niger,NER,1972,742779660.818693
Niger,NER,1971,693573703.630273
Niger,NER,1970,649916621.242978
Niger,NER,1969,625867985.273798
Niger,NER,1968,641214226.209493
Niger,NER,1967,665586872.274446
Niger,NER,1966,702296078.593173
Niger,NER,1965,673383510.812866
Niger,NER,1964,582816396.404409
Niger,NER,1963,586294878.744643
Niger,NER,1962,531736599.250464
Niger,NER,1961,485785230.978987
Niger,NER,1960,449526873.29589
Nigeria,NGA,2024,252261880141.151
Nigeria,NGA,2023,487387801880.597
Nigeria,NGA,2022,646950257577.814
Nigeria,NGA,2021,609147716972.859
Nigeria,NGA,2020,598586817819.073
Nigeria,NGA,2019,668219992691.462
Nigeria,NGA,2018,421739251509.08
Nigeria,NGA,2017,375745731053.427
Nigeria,NGA,2016,404649125252.16
Nigeria,NGA,2015,493026682800.63
Nigeria,NGA,2014,574183763411.508
Nigeria,NGA,2013,520117180313.906
Nigeria,NGA,2012,463971018239.281
Nigeria,NGA,2011,414466676831.16
Nigeria,NGA,2010,366990417129.04
Nigeria,NGA,2009,295008835380.997
Nigeria,NGA,2008,339476276257.793
Nigeria,NGA,2007,278260846800.103
Nigeria,NGA,2006,238454997161.48
Nigeria,NGA,2005,175670569969.346
Nigeria,NGA,2004,135764731645.611
Nigeria,NGA,2003,104738954264.226
Nigeria,NGA,2002,95054059302.6995
Nigeria,NGA,2001,73557840064.489
Nigeria,NGA,2000,69171451627.2465
Nigeria,NGA,1999,59145077039.1437
Nigeria,NGA,1998,218416200672.727
Nigeria,NGA,1997,200850397618.182
Nigeria,NGA,1996,185730236700.0
Nigeria,NGA,1995,140919776986.364
Nigeria,NGA,1994,80399613063.6364
Nigeria,NGA,1993,56721051402.4732
Nigeria,NGA,1992,52058181853.8055
Nigeria,NGA,1991,59526833412.3581
Nigeria,NGA,1990,54035795387.8086
Nigeria,NGA,1989,44003061108.4005
Nigeria,NGA,1988,49648470440.4593
Nigeria,NGA,1987,52676041931.1087
Nigeria,NGA,1986,54805852580.9129
Nigeria,NGA,1985,73745821158.2254
Nigeria,NGA,1984,73484359521.4887
Nigeria,NGA,1983,97094911792.0489
Nigeria,NGA,1982,142769363314.176
Nigeria,NGA,1981,164475209515.939
Nigeria,NGA,1980,64201788122.6054
Nigeria,NGA,1979,47259911894.2731
Nigeria,NGA,1978,36527862208.7133
Nigeria,NGA,1977,36035407725.3219
Nigeria,NGA,1976,36308883248.731
Nigeria,NGA,1975,27778934624.6973
Nigeria,NGA,1974,24846641318.1242
Nigeria,NGA,1973,15162871287.1287
Nigeria,NGA,1972,12274416017.7976
Nigeria,NGA,1971,9181769911.50443
Nigeria,NGA,1970,12546094981.562
Nigeria,NGA,1969,6634317346.27306
Nigeria,NGA,1968,5200997919.60083
Nigeria,NGA,1967,5203237918.70483
Nigeria,NGA,1966,6366917453.23302
Nigeria,NGA,1965,5874537650.18494
Nigeria,NGA,1964,5552931318.82747
Nigeria,NGA,1963,5165590253.7639
Nigeria,NGA,1962,4909399176.24033
Nigeria,NGA,1961,4467287893.08484
Nigeria,NGA,1960,4196174501.5302
North Macedonia,MKD,2024,16951682245.4202
North Macedonia,MKD,2023,15855131188.9092
North Macedonia,MKD,2022,13932436550.0883
North Macedonia,MKD,2021,14000283827.0154
North Macedonia,MKD,2020,12361036913.8409
North Macedonia,MKD,2019,12606338448.547
North Macedonia,MKD,2018,12683068114.2388
North Macedonia,MKD,2017,11307067069.6658
North Macedonia,MKD,2016,10672467073.2873
North Macedonia,MKD,2015,10064519962.5655
North Macedonia,MKD,2014,11362265252.778
North Macedonia,MKD,2013,10817702346.0674
North Macedonia,MKD,2012,9745261300.57788
North Macedonia,MKD,2011,10494626767.6445
North Macedonia,MKD,2010,9407170321.37752
North Macedonia,MKD,2009,9401736825.42688
North Macedonia,MKD,2008,9909552434.51136
North Macedonia,MKD,2007,8336474973.72949
North Macedonia,MKD,2006,6861226971.55617
North Macedonia,MKD,2005,6258602872.67898
North Macedonia,MKD,2004,5682784471.69722
North Macedonia,MKD,2003,4946296599.08467
North Macedonia,MKD,2002,4018365747.00972
North Macedonia,MKD,2001,3709636030.66578
North Macedonia,MKD,2000,3772859034.20508
North Macedonia,MKD,1999,3863619284.77939
North Macedonia,MKD,1998,3765745023.2074
North Macedonia,MKD,1997,3912986090.97363
North Macedonia,MKD,1996,4642021256.30689
North Macedonia,MKD,1995,4707041315.24202
North Macedonia,MKD,1994,3559608639.98379
North Macedonia,MKD,1993,2682456896.55172
North Macedonia,MKD,1992,2436849341.97604
North Macedonia,MKD,1991,4938775510.20408
North Macedonia,MKD,1990,4699646643.10954
Northern Mariana Islands,MNP,2022,1096000000.0
Northern Mariana Islands,MNP,2021,914000000.0
Northern Mariana Islands,MNP,2020,866000000.0
Northern Mariana Islands,MNP,2019,1179000000.0
Northern Mariana Islands,MNP,2018,1301000000.0
Northern Mariana Islands,MNP,2017,1560000000.0
Northern Mariana Islands,MNP,2016,1230000000.0
Northern Mariana Islands,MNP,2015,910000000.0
Northern Mariana Islands,MNP,2014,832000000.0
Northern Mariana Islands,MNP,2013,772000000.0
Northern Mariana Islands,MNP,2012,746000000.0
Northern Mariana Islands,MNP,2011,729000000.0
Northern Mariana Islands,MNP,2010,799000000.0
Northern Mariana Islands,MNP,2009,795000000.0
Northern Mariana Islands,MNP,2008,939000000.0
Northern Mariana Islands,MNP,2007,938000000.0
Northern Mariana Islands,MNP,2006,990000000.0
Northern Mariana Islands,MNP,2005,1061000000.0
Northern Mariana Islands,MNP,2004,1210000000.0
Northern Mariana Islands,MNP,2003,1239000000.0
Northern Mariana Islands,MNP,2002,1284000000.0
Norway,NOR,2024,483592648313.301
Norway,NOR,2023,482949731776.587
Norway,NOR,2022,596297651035.798
Norway,NOR,2021,503367986030.268
Norway,NOR,2020,367633418886.627
Norway,NOR,2019,408742840909.091
Norway,NOR,2018,439788625883.8
Norway,NOR,2017,401745275035.261
Norway,NOR,2016,370956547619.048
Norway,NOR,2015,388159512245.53
Norway,NOR,2014,501736471832.848
Norway,NOR,2013,526014468085.106
Norway,NOR,2012,512777309840.997
Norway,NOR,2011,501360549669.404
Norway,NOR,2010,431052143940.438
Norway,NOR,2009,387976400617.019
Norway,NOR,2008,464917553191.489
Norway,NOR,2007,402643260487.572
Norway,NOR,2006,346915160681.708
Norway,NOR,2005,309978579743.888
Norway,NOR,2004,265268662473.297
Norway,NOR,2003,229385469337.024
Norway,NOR,2002,195914852576.467
Norway,NOR,2001,174239354070.977
Norway,NOR,2000,171457201935.968
Norway,NOR,1999,162383706021.13
Norway,NOR,1998,154230295158.447
Norway,NOR,1997,161356631888.484
Norway,NOR,1996,163520109150.671
Norway,NOR,1995,152029612324.788
Norway,NOR,1994,127131319428.701
Norway,NOR,1993,120579213712.804
Norway,NOR,1992,130838040067.584
Norway,NOR,1991,121872464483.487
Norway,NOR,1990,119791843059.572
Norway,NOR,1989,102633934390.615
Norway,NOR,1988,101900260856.222
Norway,NOR,1987,94229907235.6215
Norway,NOR,1986,78693118044.0045
Norway,NOR,1985,65416879914.3907
Norway,NOR,1984,62057955032.7758
Norway,NOR,1983,61627240831.0948
Norway,NOR,1982,62647195537.6511
Norway,NOR,1981,63596654760.8677
Norway,NOR,1980,64439382896.0156
Norway,NOR,1979,53132244623.9213
Norway,NOR,1978,46522900253.7054
Norway,NOR,1977,41508030431.1074
Norway,NOR,1976,35942270686.3374
Norway,NOR,1975,32877805200.023
Norway,NOR,1974,27145693810.1341
Norway,NOR,1973,22534253702.8686
Norway,NOR,1972,17358610849.701
Norway,NOR,1971,14583114840.0629
Norway,NOR,1970,12814123115.2613
Norway,NOR,1969,11136187439.8326
Norway,NOR,1968,10227087165.2414
Norway,NOR,1967,9577383653.18303
Norway,NOR,1966,8753940266.90184
Norway,NOR,1965,8111945661.21624
Norway,NOR,1964,7206522121.80418
Norway,NOR,1963,6553269535.51009
Norway,NOR,1962,6107076928.63372
Norway,NOR,1961,5669689210.3186
Norway,NOR,1960,5197398721.41367
Oman,OMN,2024,107137198769.386
Oman,OMN,2023,106174708036.51
Oman,OMN,2022,109852795838.752
Oman,OMN,2021,87323797139.1417
Oman,OMN,2020,75909492847.8544
Oman,OMN,2019,88060858257.4772
Oman,OMN,2018,91505851755.5267
Oman,OMN,2017,80856697009.1027
Oman,OMN,2016,75128738621.5865
Oman,OMN,2015,78710793237.9714
Oman,OMN,2014,92699089726.9181
Oman,OMN,2013,89936020806.2419
Oman,OMN,2012,87408842652.7958
Oman,OMN,2011,77497529258.7776
Oman,OMN,2010,64993498049.4148
Oman,OMN,2009,55454096228.8687
Oman,OMN,2008,69804681404.4213
Oman,OMN,2007,48300390117.0351
Oman,OMN,2006,42577633289.987
Oman,OMN,2005,35506892067.6203
Oman,OMN,2004,28378933680.104
Oman,OMN,2003,24733680104.0312
Oman,OMN,2002,23065539661.8986
Oman,OMN,2001,22205721716.515
Oman,OMN,2000,22259557867.3602
Oman,OMN,1999,17832769830.9493
Oman,OMN,1998,16044213263.9792
Oman,OMN,1997,18039791937.5813
Oman,OMN,1996,17402080624.1873
Oman,OMN,1995,15722236671.0013
Oman,OMN,1994,14715214564.3693
Oman,OMN,1993,14230429128.7386
Oman,OMN,1992,14183615084.5254
Oman,OMN,1991,12918335500.6502
Oman,OMN,1990,13310273081.9246
Oman,OMN,1989,9372171651.49545
Oman,OMN,1988,8386215864.75943
Oman,OMN,1987,7811183094.92848
Oman,OMN,1986,7324167369.14305
Oman,OMN,1985,10005645420.4606
Oman,OMN,1984,8821443150.92488
Oman,OMN,1983,7932541690.79328
Oman,OMN,1982,7554719455.70353
Oman,OMN,1981,7259120150.55009
Oman,OMN,1980,5981760277.93862
Oman,OMN,1979,3733352634.62652
Oman,OMN,1978,2740301389.69311
Oman,OMN,1977,2741169947.88651
Oman,OMN,1976,2560220034.74233
Oman,OMN,1975,2096699189.34569
Oman,OMN,1974,1645917776.49102
Oman,OMN,1973,483066990.612417
Oman,OMN,1972,366883548.347591
Oman,OMN,1971,301010587.102984
Oman,OMN,1970,256319794.944164
Oman,OMN,1969,239999808.000154
Oman,OMN,1968,188879848.896121
Oman,OMN,1967,107151832.489651
Oman,OMN,1966,67759972.8960108
Oman,OMN,1965,63279974.6880101
Oman,OMN,1964,61872525.7988835
Oman,OMN,1963,59912762.5382854
Oman,OMN,1962,56273202.1971746
Oman,OMN,1961,45634487.3539276
Oman,OMN,1960,44234656.4535004
Pakistan,PAK,2024,371570000121.266
Pakistan,PAK,2023,336686348609.266
Pakistan,PAK,2022,374890295666.694
Pakistan,PAK,2021,348516647445.148
Pakistan,PAK,2020,300425609817.981
Pakistan,PAK,2019,320909472770.669
Pakistan,PAK,2018,356128166704.921
Pakistan,PAK,2017,339205534861.1
Pakistan,PAK,2016,313630000130.435
Pakistan,PAK,2015,299963590534.773
Pakistan,PAK,2014,271390474857.632
Pakistan,PAK,2013,258657231672.412
Pakistan,PAK,2012,250106966104.704
Pakistan,PAK,2011,230586581059.665
Pakistan,PAK,2010,196709621849.586
Pakistan,PAK,2009,187337783856.466
Pakistan,PAK,2008,202203748583.854
Pakistan,PAK,2007,184140869997.46
Pakistan,PAK,2006,161871385506.36
Pakistan,PAK,2005,145208562960.767
Pakistan,PAK,2004,132216048339.413
Pakistan,PAK,2003,112371913740.823
Pakistan,PAK,2002,97923302809.3537
Pakistan,PAK,2001,97145618479.9038
Pakistan,PAK,2000,99484802344.5277
Pakistan,PAK,1999,62973857068.5113
Pakistan,PAK,1998,62191955814.3478
Pakistan,PAK,1997,62433340468.0228
Pakistan,PAK,1996,63320170084.4076
Pakistan,PAK,1995,60636071684.1918
Pakistan,PAK,1994,52293470813.1336
Pakistan,PAK,1993,51809999353.1614
Pakistan,PAK,1992,48884671947.4657
Pakistan,PAK,1991,45625336680.2047
Pakistan,PAK,1990,40010423970.4576
Pakistan,PAK,1989,40171106279.0078
Pakistan,PAK,1988,38472742808.3167
Pakistan,PAK,1987,33351529274.6869
Pakistan,PAK,1986,31899070055.7967
Pakistan,PAK,1985,31144920844.3272
Pakistan,PAK,1984,31151825467.4978
Pakistan,PAK,1983,28691889763.7795
Pakistan,PAK,1982,30725971563.981
Pakistan,PAK,1981,28100606060.6061
Pakistan,PAK,1980,23654444444.4444
Pakistan,PAK,1979,19688383838.3838
Pakistan,PAK,1978,17811515151.5152
Pakistan,PAK,1977,15126060606.0606
Pakistan,PAK,1976,13168080808.0808
Pakistan,PAK,1975,11230606060.6061
Pakistan,PAK,1974,8899191919.19192
Pakistan,PAK,1973,6383429490.21091
Pakistan,PAK,1972,9415016359.56604
Pakistan,PAK,1971,10665896682.0664
Pakistan,PAK,1970,10027509449.811
Pakistan,PAK,1969,8683116337.67325
Pakistan,PAK,1968,8041999160.0168
Pakistan,PAK,1967,7464510709.7858
Pakistan,PAK,1966,6561108777.82444
Pakistan,PAK,1965,5929231415.37169
Pakistan,PAK,1964,5204955900.88198
Pakistan,PAK,1963,4630827383.45233
Pakistan,PAK,1962,4310163796.72407
Pakistan,PAK,1961,4118647627.04746
Pakistan,PAK,1960,3749265014.69971
Palau,PLW,2023,276733062.744141
Palau,PLW,2022,243826812.744141
Palau,PLW,2021,231343460.083008
Palau,PLW,2020,261688507.080078
Palau,PLW,2019,282041290.283203
Palau,PLW,2018,287998352.050781
Palau,PLW,2017,292148590.087891
Palau,PLW,2016,305227020.263672
Palau,PLW,2015,287057525.634766
Palau,PLW,2014,245591094.970703
Palau,PLW,2013,224110610.961914
Palau,PLW,2012,215616882.324219
Palau,PLW,2011,198742370.605469
Palau,PLW,2010,188042373.657227
Palau,PLW,2009,189854705.810547
Palau,PLW,2008,201067733.764648
Palau,PLW,2007,200789764.404297
Palau,PLW,2006,193611358.642578
Palau,PLW,2005,190961685.180664
Palau,PLW,2004,166363739.013672
Palau,PLW,2003,154566787.719727
Palau,PLW,2002,162658721.923828
Palau,PLW,2001,159446228.027344
Palau,PLW,2000,149551483.154297
Palau,PLW,1999,144206500.0
Palau,PLW,1998,149079600.0
Palau,PLW,1997,143860800.0
Palau,PLW,1996,137494600.0
Palau,PLW,1995,121018500.0
Palau,PLW,1994,106138500.0
Palau,PLW,1993,96455700.0
Palau,PLW,1992,104771300.0
Palau,PLW,1991,106555300.0
Palau,PLW,1990,97702303.0
Palau,PLW,1989,85800543.0
Palau,PLW,1988,75348615.0
Palau,PLW,1987,66169905.0
Palau,PLW,1986,58109314.0
Palau,PLW,1985,51030637.0
Palau,PLW,1984,44814259.0
Palau,PLW,1983,39661530.0
Palau,PLW,1982,36027583.0
Palau,PLW,1981,32726594.0
Palau,PLW,1980,29728054.0
Palau,PLW,1979,27004251.0
Palau,PLW,1978,24530015.0
Palau,PLW,1977,22308104.0
Palau,PLW,1976,20364420.0
Palau,PLW,1975,18521112.0
Palau,PLW,1974,16848759.0
Palau,PLW,1973,15331889.0
Palau,PLW,1972,13956474.0
Palau,PLW,1971,12706874.0
Palau,PLW,1970,11563041.0
Panama,PAN,2024,86523959131.7472
Panama,PAN,2023,83812155244.3352
Panama,PAN,2022,76479304470.9375
Panama,PAN,2021,67396392506.2378
Panama,PAN,2020,57059846521.5327
Panama,PAN,2019,69778991192.5571
Panama,PAN,2018,67316471181.2488
Panama,PAN,2017,64327688826.3137
Panama,PAN,2016,59760858717.8359
Panama,PAN,2015,55767806073.1781
Panama,PAN,2014,51427104881.9655
Panama,PAN,2013,46949496479.4008
Panama,PAN,2012,41595439720.9767
Panama,PAN,2011,35687738251.8135
Panama,PAN,2010,30231009532.9507
Panama,PAN,2009,27791215547.3487
Panama,PAN,2008,25721327955.2772
Panama,PAN,2007,21717433808.2684
Panama,PAN,2006,18659721513.0123
Panama,PAN,2005,16623906739.3121
Panama,PAN,2004,15100203361.784
Panama,PAN,2003,13603456003.2851
Panama,PAN,2002,12800851270.5514
Panama,PAN,2001,12252906340.6841
Panama,PAN,2000,11966497048.6488
Panama,PAN,1999,11660704777.0881
Panama,PAN,1998,11019557689.1677
Panama,PAN,1997,10058854386.1392
Panama,PAN,1996,9197503322.69367
Panama,PAN,1995,9573813700.0
Panama,PAN,1994,9365289800.0
Panama,PAN,1993,8782585400.0
Panama,PAN,1992,8042337700.0
Panama,PAN,1991,7074675500.0
Panama,PAN,1990,6433967000.0
Panama,PAN,1989,5918469800.0
Panama,PAN,1988,5902783400.0
Panama,PAN,1987,6827665300.0
Panama,PAN,1986,6797834200.0
Panama,PAN,1985,6541517100.0
Panama,PAN,1984,6183387100.0
Panama,PAN,1983,5923755900.0
Panama,PAN,1982,5769767900.0
Panama,PAN,1981,5222421500.0
Panama,PAN,1980,4614086400.0
Panama,PAN,1979,3704551600.0
Panama,PAN,1978,3244558600.0
Panama,PAN,1977,2738261900.0
Panama,PAN,1976,2588106000.0
Panama,PAN,1975,2435304100.0
Panama,PAN,1974,2188307600.0
Panama,PAN,1973,1913793400.0
Panama,PAN,1972,1673411700.0
Panama,PAN,1971,1523917200.0
Panama,PAN,1970,1351006400.0
Panama,PAN,1969,1221305700.0
Panama,PAN,1968,1112791100.0
Panama,PAN,1967,1034376400.0
Panama,PAN,1966,928833000.0
Panama,PAN,1965,852485300.0
Panama,PAN,1964,776137500.0
Panama,PAN,1963,722784500.0
Panama,PAN,1962,652120900.0
Panama,PAN,1961,599026300.0
Panama,PAN,1960,537147100.0
Papua New Guinea,PNG,2024,31800428265.5246
Papua New Guinea,PNG,2023,30816367066.9594
Papua New Guinea,PNG,2022,31653185952.609
Papua New Guinea,PNG,2021,26109413521.3117
Papua New Guinea,PNG,2020,23848447849.6081
Papua New Guinea,PNG,2019,24750626029.8777
Papua New Guinea,PNG,2018,24109780708.0268
Papua New Guinea,PNG,2017,22742699138.356
Papua New Guinea,PNG,2016,20758876952.6232
Papua New Guinea,PNG,2015,21723437010.0982
Papua New Guinea,PNG,2014,23210823987.308
Papua New Guinea,PNG,2013,21261338064.8783
Papua New Guinea,PNG,2012,21295168665.7247
Papua New Guinea,PNG,2011,17985138065.8549
Papua New Guinea,PNG,2010,14250786674.7766
Papua New Guinea,PNG,2009,11619456449.266
Papua New Guinea,PNG,2008,11670892800.5309
Papua New Guinea,PNG,2007,9545028944.34579
Papua New Guinea,PNG,2006,8354911040.70193
Papua New Guinea,PNG,2005,4865892972.27595
Papua New Guinea,PNG,2004,3927157866.96465
Papua New Guinea,PNG,2003,3536411824.2958
Papua New Guinea,PNG,2002,2999511040.19764
Papua New Guinea,PNG,2001,3081024212.42924
Papua New Guinea,PNG,2000,3521339699.07407
Papua New Guinea,PNG,1999,3477038204.01733
Papua New Guinea,PNG,1998,3789443014.61662
Papua New Guinea,PNG,1997,4936615298.79367
Papua New Guinea,PNG,1996,5155311077.38998
Papua New Guinea,PNG,1995,4636057476.42568
Papua New Guinea,PNG,1994,5502786069.65174
Papua New Guinea,PNG,1993,4974550286.18152
Papua New Guinea,PNG,1992,4377980510.05598
Papua New Guinea,PNG,1991,3787394957.98319
Papua New Guinea,PNG,1990,3219729083.06487
Papua New Guinea,PNG,1989,3546472565.69364
Papua New Guinea,PNG,1988,3656177880.70625
Papua New Guinea,PNG,1987,3143851794.08723
Papua New Guinea,PNG,1986,2647995602.28698
Papua New Guinea,PNG,1985,2423339171.50015
Papua New Guinea,PNG,1984,2552662617.18854
Papua New Guinea,PNG,1983,2562351551.04491
Papua New Guinea,PNG,1982,2368719683.44848
Papua New Guinea,PNG,1981,2498190847.39668
Papua New Guinea,PNG,1980,2545808455.52399
Papua New Guinea,PNG,1979,2293760510.9609
Papua New Guinea,PNG,1978,1947878830.62383
Papua New Guinea,PNG,1977,1640746618.68467
Papua New Guinea,PNG,1976,1511843235.49111
Papua New Guinea,PNG,1975,1356603608.09695
Papua New Guinea,PNG,1974,1467417672.17002
Papua New Guinea,PNG,1973,1299079410.43638
Papua New Guinea,PNG,1972,858761926.08968
Papua New Guinea,PNG,1971,717750278.105664
Papua New Guinea,PNG,1970,645568215.290914
Papua New Guinea,PNG,1969,551263864.202218
Papua New Guinea,PNG,1968,485184189.62947
Papua New Guinea,PNG,1967,441728182.676509
Papua New Guinea,PNG,1966,390992062.55873
Papua New Guinea,PNG,1965,344176055.068169
Papua New Guinea,PNG,1964,305312048.849928
Papua New Guinea,PNG,1963,275968044.154887
Papua New Guinea,PNG,1962,261184041.789447
Papua New Guinea,PNG,1961,244832039.173126
Papua New Guinea,PNG,1960,230496036.879366
Paraguay,PRY,2024,44458118397.4445
Paraguay,PRY,2023,43118053174.5461
Paraguay,PRY,2022,41952910858.0846
Paraguay,PRY,2021,39950899938.7474
Paraguay,PRY,2020,35432178068.1756
Paraguay,PRY,2019,37925338329.156
Paraguay,PRY,2018,40225448340.6341
Paraguay,PRY,2017,38997129473.5613
Paraguay,PRY,2016,36089700222.9546
Paraguay,PRY,2015,36211447840.1027
Paraguay,PRY,2014,40377929295.6522
Paraguay,PRY,2013,38501122141.4135
Paraguay,PRY,2012,33271921136.3071
Paraguay,PRY,2011,33756238766.4931
Paraguay,PRY,2010,27260886405.2341
Paraguay,PRY,2009,22355151162.0031
Paraguay,PRY,2008,24615267663.5385
Paraguay,PRY,2007,17856393235.4338
Paraguay,PRY,2006,13429430050.261
Paraguay,PRY,2005,10737500188.1123
Paraguay,PRY,2004,9624440836.29309
Paraguay,PRY,2003,7691367471.17992
Paraguay,PRY,2002,7196260656.84556
Paraguay,PRY,2001,8495806432.18467
Paraguay,PRY,2000,8855705139.55857
Paraguay,PRY,1999,8837070235.51892
Paraguay,PRY,1998,9260481572.42462
Paraguay,PRY,1997,9965225678.05093
Paraguay,PRY,1996,9788391780.52421
Paraguay,PRY,1995,9062131475.02318
Paraguay,PRY,1994,7870982004.8195
Paraguay,PRY,1993,7249533620.30614
Paraguay,PRY,1992,7157424031.06045
Paraguay,PRY,1991,6984367762.90371
Paraguay,PRY,1990,5812114523.01187
Paraguay,PRY,1989,4757732199.96213
Paraguay,PRY,1988,4255683528.33333
Paraguay,PRY,1987,3971044723.8024
Paraguay,PRY,1986,3723993942.79088
Paraguay,PRY,1985,3282449235.76129
Paraguay,PRY,1984,4502462807.13993
Paraguay,PRY,1983,5673248726.16438
Paraguay,PRY,1982,5419411764.70588
Paraguay,PRY,1981,5624515873.01587
Paraguay,PRY,1980,4448087301.5873
Paraguay,PRY,1979,3416777777.77778
Paraguay,PRY,1978,2559857142.85714
Paraguay,PRY,1977,2092158730.15873
Paraguay,PRY,1976,1698960317.46032
Paraguay,PRY,1975,1511420634.92063
Paraguay,PRY,1974,1333475396.8254
Paraguay,PRY,1973,995531746.031746
Paraguay,PRY,1972,769039682.539683
Paraguay,PRY,1971,664571428.571429
Paraguay,PRY,1970,594611111.111111
Paraguay,PRY,1969,556293650.793651
Paraguay,PRY,1968,517650793.650794
Paraguay,PRY,1967,492674603.174603
Paraguay,PRY,1966,465888888.888889
Paraguay,PRY,1965,443587301.587302
Paraguay,PRY,1964,408349206.349206
Paraguay,PRY,1963,383904761.904762
Paraguay,PRY,1962,360698412.698413
Paraguay,PRY,1961,322053713.15873
Paraguay,PRY,1960,288884368.016934
Peru,PER,2024,289221969062.941
Peru,PER,2023,266958720837.988
Peru,PER,2022,246065570308.155
Peru,PER,2021,226328766459.634
Peru,PER,2020,201409694755.934
Peru,PER,2019,228346006003.648
Peru,PER,2018,222597009739.235
Peru,PER,2017,211007984080.911
Peru,PER,2016,191898104390.379
Peru,PER,2015,189802976285.619
Peru,PER,2014,200786250582.943
Peru,PER,2013,201175543571.392
Peru,PER,2012,192650021648.583
Peru,PER,2011,171761737046.585
Peru,PER,2010,147527631520.729
Peru,PER,2009,120822986521.479
Peru,PER,2008,120550599815.441
Peru,PER,2007,102170981144.136
Peru,PER,2006,88643193061.748
Peru,PER,2005,76060606060.6061
Peru,PER,2004,66768703497.5687
Peru,PER,2003,58731030121.8671
Peru,PER,2002,54777553515.0809
Peru,PER,2001,52030158775.4055
Peru,PER,2000,51744749133.213
Peru,PER,1999,50187324567.883
Peru,PER,1998,55501467877.381
Peru,PER,1997,58147522522.5225
Peru,PER,1996,55252414130.3019
Peru,PER,1995,53312793687.3836
Peru,PER,1994,44882079766.8913
Peru,PER,1993,34832077220.8537
Peru,PER,1992,35966302303.263
Peru,PER,1991,34341465998.2003
Peru,PER,1990,26410386962.8019
Peru,PER,1989,22499558526.3682
Peru,PER,1988,15439408447.2
Peru,PER,1987,36889706592.6843
Peru,PER,1986,21859448586.485
Peru,PER,1985,15078736875.387
Peru,PER,1984,17600400384.5073
Peru,PER,1983,17345260564.4824
Peru,PER,1982,21794535621.216
Peru,PER,1981,21648214892.8828
Peru,PER,1980,18136838537.725
Peru,PER,1979,15954012439.1662
Peru,PER,1978,12491876742.9708
Peru,PER,1977,14544913960.5062
Peru,PER,1976,16131958850.6444
Peru,PER,1975,16931162355.4802
Peru,PER,1974,13858441211.4692
Peru,PER,1973,10994381895.1161
Peru,PER,1972,9189413409.28138
Peru,PER,1971,8289582883.67673
Peru,PER,1970,7432223176.93623
Peru,PER,1969,6420909789.83
Peru,PER,1968,5736083835.29034
Peru,PER,1967,6194340079.8786
Peru,PER,1966,6109048736.61853
Peru,PER,1965,5163008077.37371
Peru,PER,1964,4353664866.67985
Peru,PER,1963,3598272493.3109
Peru,PER,1962,3284322201.27831
Peru,PER,1961,2897852693.27494
Peru,PER,1960,2571986572.12719
Philippines,PHL,2024,461617509782.355
Philippines,PHL,2023,437055627244.424
Philippines,PHL,2022,404353369604.631
Philippines,PHL,2021,394087359848.11
Philippines,PHL,2020,361751145451.597
Philippines,PHL,2019,376823402239.136
Philippines,PHL,2018,346841896587.313
Philippines,PHL,2017,328480736802.76
Philippines,PHL,2016,318627003016.731
Philippines,PHL,2015,306445871242.322
Philippines,PHL,2014,297483555338.044
Philippines,PHL,2013,283902828588.718
Philippines,PHL,2012,261920540962.63
Philippines,PHL,2011,234216730291.32
Philippines,PHL,2010,208368893151.144
Philippines,PHL,2009,175974755881.372
Philippines,PHL,2008,181624626327.361
Philippines,PHL,2007,155980408673.403
Philippines,PHL,2006,127652926368.069
Philippines,PHL,2005,107419977318.166
Philippines,PHL,2004,95001999685.3314
Philippines,PHL,2003,87039092974.2272
Philippines,PHL,2002,84307345887.543
Philippines,PHL,2001,78921234457.5487
Philippines,PHL,2000,83669788376.9213
Philippines,PHL,1999,85640171045.1254
Philippines,PHL,1998,74492416329.9142
Philippines,PHL,1997,94106317565.0846
Philippines,PHL,1996,94648084429.0341
Philippines,PHL,1995,84644328727.4825
Philippines,PHL,1994,73159336915.2718
Philippines,PHL,1993,62036529147.1831
Philippines,PHL,1992,60422328242.1803
Philippines,PHL,1991,51784144942.727
Philippines,PHL,1990,50508286641.5746
Philippines,PHL,1989,48513773720.673
Philippines,PHL,1988,43152128958.6116
Philippines,PHL,1987,37791488666.0743
Philippines,PHL,1986,33987207294.9432
Philippines,PHL,1985,34961486348.2382
Philippines,PHL,1984,35730185633.5233
Philippines,PHL,1983,37759179894.5298
Philippines,PHL,1982,42206011275.1757
Philippines,PHL,1981,40499388869.1271
Philippines,PHL,1980,36848080898.8112
Philippines,PHL,1979,31218296292.1295
Philippines,PHL,1978,25762224562.6316
Philippines,PHL,1977,22283109803.3521
Philippines,PHL,1976,19381055197.2794
Philippines,PHL,1975,16875240683.5083
Philippines,PHL,1974,15607882555.2916
Philippines,PHL,1973,11412449735.3056
Philippines,PHL,1972,9067815521.3262
Philippines,PHL,1971,8375075629.8327
Philippines,PHL,1970,7559115516.69532
Philippines,PHL,1969,9571800652.5641
Philippines,PHL,1968,8632749269.48718
Philippines,PHL,1967,7724873935.12821
Philippines,PHL,1966,7189017887.69231
Philippines,PHL,1965,6517349771.93386
Philippines,PHL,1964,5953756194.80988
Philippines,PHL,1963,5505023238.40669
Philippines,PHL,1962,4954593071.82796
Philippines,PHL,1961,8171194424.94498
Philippines,PHL,1960,7515894110.56487
Poland,POL,2024,917767106146.761
Poland,POL,2023,812451193396.143
Poland,POL,2022,695607470875.276
Poland,POL,2021,689170230665.35
Poland,POL,2020,605914237903.742
Poland,POL,2019,602683770144.88
Poland,POL,2018,594616687350.017
Poland,POL,2017,528356676667.211
Poland,POL,2016,473259583969.643
Poland,POL,2015,480054118583.367
Poland,POL,2014,542134167178.627
Poland,POL,2013,518179836405.36
Poland,POL,2012,498148649702.66
Poland,POL,2011,527848543023.469
Poland,POL,2010,478111630683.514
Poland,POL,2009,440891472247.096
Poland,POL,2008,535612030671.888
Poland,POL,2007,429715132137.503
Poland,POL,2006,345897630736.173
Poland,POL,2005,306999913150.525
Poland,POL,2004,256268656145.134
Poland,POL,2003,218561225998.47
Poland,POL,2002,199694463255.567
Poland,POL,2001,191823200371.284
Poland,POL,2000,172953527033.013
Poland,POL,1999,170704452714.673
Poland,POL,1998,175282269666.801
Poland,POL,1997,159893964916.817
Poland,POL,1996,160813026223.063
Poland,POL,1995,142838527115.448
Poland,POL,1994,110803635287.621
Poland,POL,1993,96043157272.862
Poland,POL,1992,94337050693.2727
Poland,POL,1991,85500935934.9901
Poland,POL,1990,65977748210.5263
Portugal,PRT,2024,313271185085.102
Portugal,PRT,2023,292323800948.839
Portugal,PRT,2022,256898677175.024
Portugal,PRT,2021,256055879091.139
Portugal,PRT,2020,229618773422.577
Portugal,PRT,2019,240115970063.019
Portugal,PRT,2018,242092894542.888
Portugal,PRT,2017,220862990767.229
Portugal,PRT,2016,206305431241.638
Portugal,PRT,2015,199038523119.639
Portugal,PRT,2014,230078616299.675
Portugal,PRT,2013,226677408291.745
Portugal,PRT,2012,216536676771.973
Portugal,PRT,2011,245426767676.002
Portugal,PRT,2010,238443864993.217
Portugal,PRT,2009,244667762835.543
Portugal,PRT,2008,263416394624.084
Portugal,PRT,2007,240496147317.381
Portugal,PRT,2006,208756449275.848
Portugal,PRT,2005,197253876704.921
Portugal,PRT,2004,189382122532.169
Portugal,PRT,2003,165226175536.793
Portugal,PRT,2002,134795565549.419
Portugal,PRT,2001,121604107164.997
Portugal,PRT,2000,118605192877.388
Portugal,PRT,1999,127470385557.184
Portugal,PRT,1998,123946327916.296
Portugal,PRT,1997,117016535162.95
Portugal,PRT,1996,122630089680.27
Portugal,PRT,1995,118122007430.012
Portugal,PRT,1994,99688641304.3478
Portugal,PRT,1993,95009751901.2592
Portugal,PRT,1992,107592098307.098
Portugal,PRT,1991,89233599278.4792
Portugal,PRT,1990,78713860216.5659
Portugal,PRT,1989,60594092182.3275
Portugal,PRT,1988,56347250696.3788
Portugal,PRT,1987,48182925857.4071
Portugal,PRT,1986,38745901353.7059
Portugal,PRT,1985,27115807742.0873
Portugal,PRT,1984,25217969049.5755
Portugal,PRT,1983,27239650741.9472
Portugal,PRT,1982,30527754793.1382
Portugal,PRT,1981,31977276872.9642
Portugal,PRT,1980,32896519823.7885
Portugal,PRT,1979,26622819672.1311
Portugal,PRT,1978,23487614051.0949
Portugal,PRT,1977,21439523310.6338
Portugal,PRT,1976,20332831564.9867
Portugal,PRT,1975,19347607843.1373
Portugal,PRT,1974,17512391475.9274
Portugal,PRT,1973,15090564186.4268
Portugal,PRT,1972,11239117865.0852
Portugal,PRT,1971,9201604240.28269
Portugal,PRT,1970,8108235704.32357
Portugal,PRT,1969,7287555035.34403
Portugal,PRT,1968,6644693214.18343
Portugal,PRT,1967,6002607029.64663
Portugal,PRT,1966,5370108031.12859
Portugal,PRT,1965,4901711247.81592
Portugal,PRT,1964,4429202656.90741
Portugal,PRT,1963,4084251592.81599
Portugal,PRT,1962,3835883663.25123
Portugal,PRT,1961,3573719084.53354
Portugal,PRT,1960,3339150157.85605
Puerto Rico (US),PRI,2024,126029527033.705
Puerto Rico (US),PRI,2023,118478754280.882
Puerto Rico (US),PRI,2022,113843700000.0
Puerto Rico (US),PRI,2021,106426600000.0
Puerto Rico (US),PRI,2020,103130900000.0
Puerto Rico (US),PRI,2019,105126400000.0
Puerto Rico (US),PRI,2018,100958100000.0
Puerto Rico (US),PRI,2017,103445500000.0
Puerto Rico (US),PRI,2016,104336700000.0
Puerto Rico (US),PRI,2015,103375500000.0
Puerto Rico (US),PRI,2014,102445800000.0
Puerto Rico (US),PRI,2013,102450000000.0
Puerto Rico (US),PRI,2012,101564800000.0
Puerto Rico (US),PRI,2011,100351700000.0
Puerto Rico (US),PRI,2010,98381300000.0
Puerto Rico (US),PRI,2009,96385600000.0
Puerto Rico (US),PRI,2008,93639300000.0
Puerto Rico (US),PRI,2007,89524131600.0
Puerto Rico (US),PRI,2006,87276164400.0
Puerto Rico (US),PRI,2005,83914521300.0
Puerto Rico (US),PRI,2004,80322313000.0
Puerto Rico (US),PRI,2003,74827400000.0
Puerto Rico (US),PRI,2002,71623500000.0
Puerto Rico (US),PRI,2001,69208400000.0
Puerto Rico (US),PRI,2000,61701800000.0
Puerto Rico (US),PRI,1999,57841000000.0
Puerto Rico (US),PRI,1998,54086400000.0
Puerto Rico (US),PRI,1997,48187039000.0
Puerto Rico (US),PRI,1996,45340835000.0
Puerto Rico (US),PRI,1995,42647331000.0
Puerto Rico (US),PRI,1994,39690630000.0
Puerto Rico (US),PRI,1993,36922456000.0
Puerto Rico (US),PRI,1992,34630430000.0
Puerto Rico (US),PRI,1991,32287031000.0
Puerto Rico (US),PRI,1990,30603919000.0
Puerto Rico (US),PRI,1989,28161200000.0
Puerto Rico (US),PRI,1988,26385800000.0
Puerto Rico (US),PRI,1987,24025800000.0
Puerto Rico (US),PRI,1986,22009300000.0
Puerto Rico (US),PRI,1985,20289200000.0
Puerto Rico (US),PRI,1984,19162600000.0
Puerto Rico (US),PRI,1983,17276600000.0
Puerto Rico (US),PRI,1982,16764200000.0
Puerto Rico (US),PRI,1981,15955700000.0
Puerto Rico (US),PRI,1980,14436100000.0
Puerto Rico (US),PRI,1979,12750000000.0
Puerto Rico (US),PRI,1978,11165000000.0
Puerto Rico (US),PRI,1977,9910900000.0
Puerto Rico (US),PRI,1976,8968600000.0
Puerto Rico (US),PRI,1975,8198300000.0
Puerto Rico (US),PRI,1974,7684800000.0
Puerto Rico (US),PRI,1973,7002400000.0
Puerto Rico (US),PRI,1972,6328900000.0
Puerto Rico (US),PRI,1971,5646800000.0
Puerto Rico (US),PRI,1970,5034700000.0
Puerto Rico (US),PRI,1969,4460700000.0
Puerto Rico (US),PRI,1968,3941700000.0
Puerto Rico (US),PRI,1967,3532700000.0
Puerto Rico (US),PRI,1966,3170500000.0
Puerto Rico (US),PRI,1965,2881500000.0
Puerto Rico (US),PRI,1964,2570500000.0
Puerto Rico (US),PRI,1963,2333600000.0
Puerto Rico (US),PRI,1962,2094400000.0
Puerto Rico (US),PRI,1961,1865100000.0
Puerto Rico (US),PRI,1960,1691900000.0
Qatar,QAT,2024,219162637362.637
Qatar,QAT,2023,217308516483.516
Qatar,QAT,2022,235709340659.341
Qatar,QAT,2021,179732142857.143
Qatar,QAT,2020,144411538461.538
Qatar,QAT,2019,176371428571.429
Qatar,QAT,2018,183335164835.165
Qatar,QAT,2017,161099175824.176
Qatar,QAT,2016,151732142857.143
Qatar,QAT,2015,161739835164.835
Qatar,QAT,2014,206224725274.725
Qatar,QAT,2013,198727747252.747
Qatar,QAT,2012,186833516483.516
Qatar,QAT,2011,167775274725.275
Qatar,QAT,2010,123627197802.198
Qatar,QAT,2009,97798351648.3516
Qatar,QAT,2008,115270054945.055
Qatar,QAT,2007,79712087912.0879
Qatar,QAT,2006,60882142857.1429
Qatar,QAT,2005,44530494505.4945
Qatar,QAT,2004,31734065934.0659
Qatar,QAT,2003,23533791208.7912
Qatar,QAT,2002,19363736263.7363
Qatar,QAT,2001,17538461538.4615
Qatar,QAT,2000,17759890109.8901
Qatar,QAT,1999,12393131868.1319
Qatar,QAT,1998,10255495027.4725
Qatar,QAT,1997,11297802115.3846
Qatar,QAT,1996,9059340384.61539
Qatar,QAT,1995,8137911978.02198
Qatar,QAT,1994,7374450769.23077
Qatar,QAT,1993,7156593653.84615
Qatar,QAT,1992,7646153983.51648
Qatar,QAT,1991,6883516483.51648
Qatar,QAT,1990,7360439423.07692
Qatar,QAT,1989,6487912087.91209
Qatar,QAT,1988,6038187032.96703
Qatar,QAT,1987,5446428681.31868
Qatar,QAT,1986,5053021950.54945
Qatar,QAT,1985,6153296456.04396
Qatar,QAT,1984,6704395824.17582
Qatar,QAT,1983,6467582307.69231
Qatar,QAT,1982,7596703214.28571
Qatar,QAT,1981,8661263763.73626
Qatar,QAT,1980,7829165261.81396
Qatar,QAT,1979,5632962996.82641
Qatar,QAT,1978,4052000412.70087
Qatar,QAT,1977,3617564637.88865
Qatar,QAT,1976,3284273986.71808
Qatar,QAT,1975,2512773165.81173
Qatar,QAT,1974,2401403227.44085
Qatar,QAT,1973,793885559.971313
Qatar,QAT,1972,510262500.1767
Qatar,QAT,1971,387703105.521252
Qatar,QAT,1970,301791301.791302
Romania,ROU,2024,382564217988.866
Romania,ROU,2023,347757995758.914
Romania,ROU,2022,295319437556.988
Romania,ROU,2021,285071280114.469
Romania,ROU,2020,250625048303.578
Romania,ROU,2019,250080428511.595
Romania,ROU,2018,241791427223.903
Romania,ROU,2017,210147385855.419
Romania,ROU,2016,185290759248.844
Romania,ROU,2015,177885131240.315
Romania,ROU,2014,199722319675.741
Romania,ROU,2013,189798603751.235
Romania,ROU,2012,179117323107.087
Romania,ROU,2011,192623977894.173
Romania,ROU,2010,170064350671.827
Romania,ROU,2009,174110532658.867
Romania,ROU,2008,214315932061.275
Romania,ROU,2007,174588782938.583
Romania,ROU,2006,122023735992.706
Romania,ROU,2005,98454380120.0761
Romania,ROU,2004,74973656851.8076
Romania,ROU,2003,57806384143.166
Romania,ROU,2002,46065502702.5817
Romania,ROU,2001,40395116581.4832
Romania,ROU,2000,37253739511.1273
Romania,ROU,1999,35953156753.739
Romania,ROU,1998,41696091973.7076
Romania,ROU,1997,35575214078.2428
Romania,ROU,1996,36937074278.3004
Romania,ROU,1995,37430162102.6125
Romania,ROU,1994,30072805104.2542
Romania,ROU,1993,26361160449.9704
Romania,ROU,1992,25121666666.6667
Romania,ROU,1991,28850634899.856
Romania,ROU,1990,38247882300.4904
Romania,ROU,1989,41450777202.0725
Romania,ROU,1988,40424528301.8868
Romania,ROU,1987,38067567567.5676
Russian Federation,RUS,2024,2173835806671.66
Russian Federation,RUS,2023,2071505725030.58
Russian Federation,RUS,2022,2291612121334.64
Russian Federation,RUS,2021,1829186719575.1
Russian Federation,RUS,2020,1493075894362.14
Russian Federation,RUS,2019,1693115002708.32
Russian Federation,RUS,2018,1657328773461.31
Russian Federation,RUS,2017,1574199360089.0
Russian Federation,RUS,2016,1276786350881.14
Russian Federation,RUS,2015,1363482182197.71
Russian Federation,RUS,2014,2059241589895.01
Russian Federation,RUS,2013,2292470078346.22
Russian Federation,RUS,2012,2208293553878.42
Russian Federation,RUS,2011,2045922753398.04
Russian Federation,RUS,2010,1524916715223.95
Russian Federation,RUS,2009,1222645900055.7
Russian Federation,RUS,2008,1660848058303.11
Russian Federation,RUS,2007,1299703478481.65
Russian Federation,RUS,2006,989932071352.543
Russian Federation,RUS,2005,764015973481.11
Russian Federation,RUS,2004,591016690732.385
Russian Federation,RUS,2003,430347420184.885
Russian Federation,RUS,2002,345470494417.863
Russian Federation,RUS,2001,306602070620.5
Russian Federation,RUS,2000,259710142196.943
Russian Federation,RUS,1999,195907128350.934
Russian Federation,RUS,1998,270955486862.442
Russian Federation,RUS,1997,404928954191.876
Russian Federation,RUS,1996,391724890744.498
Russian Federation,RUS,1995,395537185734.854
Russian Federation,RUS,1994,395077301248.464
Russian Federation,RUS,1993,435083713850.837
Russian Federation,RUS,1992,460290556900.726
Russian Federation,RUS,1991,517962962962.963
Russian Federation,RUS,1990,517014446227.929
Russian Federation,RUS,1989,506631299734.748
Russian Federation,RUS,1988,554828660436.137
Rwanda,RWA,2024,14251642235.0968
Rwanda,RWA,2023,14331722703.4134
Rwanda,RWA,2022,13316161002.3912
Rwanda,RWA,2021,11078787090.1564
Rwanda,RWA,2020,10174386856.6101
Rwanda,RWA,2019,10349300276.7623
Rwanda,RWA,2018,9637904520.86283
Rwanda,RWA,2017,9252833891.40871
Rwanda,RWA,2016,8695272057.91798
Rwanda,RWA,2015,8543760199.80208
Rwanda,RWA,2014,8238966124.23115
Rwanda,RWA,2013,7819964030.17937
Rwanda,RWA,2012,7654761050.18587
Rwanda,RWA,2011,6884913658.10632
Rwanda,RWA,2010,6124756654.12346
Rwanda,RWA,2009,5674476969.06444
Rwanda,RWA,2008,5179854064.57033
Rwanda,RWA,2007,4070507894.61656
Rwanda,RWA,2006,3319784538.73346
Rwanda,RWA,2005,2933819766.17656
Rwanda,RWA,2004,2376496067.01198
Rwanda,RWA,2003,2138237278.73822
Rwanda,RWA,2002,1966003468.49117
Rwanda,RWA,2001,1966600715.49841
Rwanda,RWA,2000,2068836754.37431
Rwanda,RWA,1999,2157108262.84452
Rwanda,RWA,1998,1989343546.17594
Rwanda,RWA,1997,1851558197.31088
Rwanda,RWA,1996,1382334879.40812
Rwanda,RWA,1995,1293535193.49248
Rwanda,RWA,1994,753636370.454545
Rwanda,RWA,1993,1971525711.83511
Rwanda,RWA,1992,2029026961.55894
Rwanda,RWA,1991,1911600236.67461
Rwanda,RWA,1990,2550185679.08109
Rwanda,RWA,1989,2405022593.05165
Rwanda,RWA,1988,2395492686.78165
Rwanda,RWA,1987,2157432667.61598
Rwanda,RWA,1986,1944710683.87148
Rwanda,RWA,1985,1715626330.59472
Rwanda,RWA,1984,1587413083.9206
Rwanda,RWA,1983,1479687586.94292
Rwanda,RWA,1982,1407243139.2545
Rwanda,RWA,1981,1407062526.91521
Rwanda,RWA,1980,1254765641.52116
Rwanda,RWA,1979,1109346130.95265
Rwanda,RWA,1978,905709076.42303
Rwanda,RWA,1977,746650613.034794
Rwanda,RWA,1976,637753853.12552
Rwanda,RWA,1975,571863500.248658
Rwanda,RWA,1974,308458423.183854
Rwanda,RWA,1973,290746157.145921
Rwanda,RWA,1972,246457838.336681
Rwanda,RWA,1971,222952504.40607
Rwanda,RWA,1970,219900006.0
Rwanda,RWA,1969,188700037.0
Rwanda,RWA,1968,172200018.0
Rwanda,RWA,1967,159560018.0
Rwanda,RWA,1966,124525702.857143
Rwanda,RWA,1965,148799980.0
Rwanda,RWA,1964,129999994.0
Rwanda,RWA,1963,128000000.0
Rwanda,RWA,1962,125000008.0
Rwanda,RWA,1961,122000016.0
Rwanda,RWA,1960,119000024.0
Samoa,WSM,2024,1175749785.65113
Samoa,WSM,2023,1044909500.02527
Samoa,WSM,2022,889554711.842341
Samoa,WSM,2021,859724936.05765
Samoa,WSM,2020,868884902.953089
Samoa,WSM,2019,912950466.064906
Samoa,WSM,2018,878448433.404342
Samoa,WSM,2017,884844384.463214
Samoa,WSM,2016,843924796.697421
Samoa,WSM,2015,824150498.653536
Samoa,WSM,2014,796683519.593842
Samoa,WSM,2013,797736334.281305
Samoa,WSM,2012,773141661.165548
Samoa,WSM,2011,744097050.169115
Samoa,WSM,2010,680260907.153983
Samoa,WSM,2009,628006115.424052
Samoa,WSM,2008,641346191.664776
Samoa,WSM,2007,573548459.833372
Samoa,WSM,2006,499923757.780736
Samoa,WSM,2005,476801793.159429
Samoa,WSM,2004,407747565.096959
Samoa,WSM,2003,333426188.41876
Samoa,WSM,2002,281790134.211972
Samoa,WSM,2001,266299591.479428
Samoa,WSM,2000,258856139.798489
Samoa,WSM,1999,255408060.259486
Samoa,WSM,1998,269485244.15511
Samoa,WSM,1997,285475591.89651
Samoa,WSM,1996,249907868.772424
Samoa,WSM,1995,224865731.381903
Samoa,WSM,1994,221098106.508876
Samoa,WSM,1993,133122897.196262
Samoa,WSM,1992,132303041.36253
Samoa,WSM,1991,125597205.422315
Samoa,WSM,1990,125766269.755358
Samoa,WSM,1989,122888609.715243
Samoa,WSM,1988,133016065.416065
Samoa,WSM,1987,111713922.141578
Samoa,WSM,1986,100947848.64478
Samoa,WSM,1985,95572172.9835657
Samoa,WSM,1984,109200934.328518
Samoa,WSM,1983,111862823.574979
Samoa,WSM,1982,121221651.619316
Samoa,WSM,1981,118190654.675563
Samoa,WSM,1980,125747037.963668
Samoa,WSM,1979,122257392.883079
Samoa,WSM,1978,108223444.248268
Samoa,WSM,1977,98295671.0342196
Samoa,WSM,1976,85003077.6967563
Samoa,WSM,1975,93489282.5537294
Samoa,WSM,1974,93549610.93343
Samoa,WSM,1973,82452985.3658537
Samoa,WSM,1972,62566116.3754812
Samoa,WSM,1971,53719568.9655172
Samoa,WSM,1970,45208337.609386
San Marino,SMR,2023,2027527227.831
San Marino,SMR,2022,1829211863.9476
San Marino,SMR,2021,1855652786.18368
San Marino,SMR,2020,1541248248.80727
San Marino,SMR,2019,1616340692.28937
San Marino,SMR,2018,1655353653.05934
San Marino,SMR,2017,1528620346.31168
San Marino,SMR,2016,1468343139.74326
San Marino,SMR,2015,1419401070.56043
San Marino,SMR,2014,1673911426.17254
San Marino,SMR,2013,1678741475.14095
San Marino,SMR,2012,1604701299.43546
San Marino,SMR,2011,1813717438.69134
San Marino,SMR,2010,1881191925.32503
San Marino,SMR,2009,2064277126.41466
San Marino,SMR,2008,2403213305.03601
San Marino,SMR,2007,2188654628.38097
San Marino,SMR,2006,1909765165.43137
San Marino,SMR,2005,1786514058.22344
San Marino,SMR,2004,1715340542.988
San Marino,SMR,2003,1462590266.59186
San Marino,SMR,2002,1148872072.38556
San Marino,SMR,2001,1059529812.37456
San Marino,SMR,2000,1007661366.66959
San Marino,SMR,1999,1109473367.84318
San Marino,SMR,1998,1048316225.70471
San Marino,SMR,1997,976606910.602381
Sao Tome and Principe,STP,2024,822154621.088897
Sao Tome and Principe,STP,2023,690456806.696406
Sao Tome and Principe,STP,2022,540809499.189348
Sao Tome and Principe,STP,2021,524402455.54816
Sao Tome and Principe,STP,2020,471229484.607144
Sao Tome and Principe,STP,2019,412976082.620705
Sao Tome and Principe,STP,2018,383717327.830508
Sao Tome and Principe,STP,2017,322002845.229335
Sao Tome and Principe,STP,2016,292267272.196925
Sao Tome and Principe,STP,2015,259999643.047388
Sao Tome and Principe,STP,2014,293119143.246825
Sao Tome and Principe,STP,2013,267041747.584354
Sao Tome and Principe,STP,2012,225815131.929273
Sao Tome and Principe,STP,2011,226455001.243083
Sao Tome and Principe,STP,2010,190021192.489536
Sao Tome and Principe,STP,2009,200668065.03175
Sao Tome and Principe,STP,2008,188021165.00338
Sao Tome and Principe,STP,2007,149146918.888611
Sao Tome and Principe,STP,2006,142775104.081626
Sao Tome and Principe,STP,2005,136450662.390592
Sao Tome and Principe,STP,2004,114582283.916382
Sao Tome and Principe,STP,2003,102085769.123419
Sao Tome and Principe,STP,2002,85171073.8777498
Sao Tome and Principe,STP,2001,75951133.3777948
Sao Tome and Principe,STP,2000,76198394.8202671
Sao Tome and Principe,STP,1999,77302211.9248351
Sao Tome and Principe,STP,1998,72285403.8423458
Sao Tome and Principe,STP,1997,91920274.2401657
Sao Tome and Principe,STP,1996,135188165.74708
Sao Tome and Principe,STP,1995,103695236.781001
Sao Tome and Principe,STP,1994,131338414.584209
Sao Tome and Principe,STP,1993,125742228.756741
Sao Tome and Principe,STP,1992,94861780.6228352
Sao Tome and Principe,STP,1991,107484142.71556
Sao Tome and Principe,STP,1990,119297932.757045
Sao Tome and Principe,STP,1989,98545367.0431211
Sao Tome and Principe,STP,1988,99000764.3902251
Sao Tome and Principe,STP,1987,115952925.468271
Sao Tome and Principe,STP,1986,115928906.745482
Sao Tome and Principe,STP,1985,82733069.4418031
Sao Tome and Principe,STP,1984,78213795.9250336
Sao Tome and Principe,STP,1983,75110289.1832665
Sao Tome and Principe,STP,1982,80307762.6236105
Sao Tome and Principe,STP,1981,83499263.5007481
Sao Tome and Principe,STP,1980,81662231.0329968
Sao Tome and Principe,STP,1979,65755928.1359723
Sao Tome and Principe,STP,1978,55044562.8014217
Sao Tome and Principe,STP,1977,49207692.3210324
Sao Tome and Principe,STP,1976,52039421.1975774
Sao Tome and Principe,STP,1975,60101709.8452627
Sao Tome and Principe,STP,1974,57817591.4570048
Sao Tome and Principe,STP,1973,56011244.7398414
Sao Tome and Principe,STP,1972,41430256.8067496
Sao Tome and Principe,STP,1971,37288845.210287
Sao Tome and Principe,STP,1970,37211826.0869565
Saudi Arabia,SAU,2024,1239804533333.33
Saudi Arabia,SAU,2023,1218584533333.33
Saudi Arabia,SAU,2022,1239075200000.0
Saudi Arabia,SAU,2021,982661066666.667
Saudi Arabia,SAU,2020,767951200000.0
Saudi Arabia,SAU,2019,888890133333.333
Saudi Arabia,SAU,2018,886564800000.0
Saudi Arabia,SAU,2017,741266133333.333
Saudi Arabia,SAU,2016,689279466666.667
Saudi Arabia,SAU,2015,693414400000.0
Saudi Arabia,SAU,2014,787153066666.667
Saudi Arabia,SAU,2013,769755733333.333
Saudi Arabia,SAU,2012,751921333333.333
Saudi Arabia,SAU,2011,680660800000.0
Saudi Arabia,SAU,2010,528207466666.667
Saudi Arabia,SAU,2009,429097866666.667
Saudi Arabia,SAU,2008,519796800000.0
Saudi Arabia,SAU,2007,415964509673.115
Saudi Arabia,SAU,2006,376900133511.348
Saudi Arabia,SAU,2005,328459608764.111
Saudi Arabia,SAU,2004,258742133333.333
Saudi Arabia,SAU,2003,215807733333.333
Saudi Arabia,SAU,2002,189605866666.667
Saudi Arabia,SAU,2001,184137600000.0
Saudi Arabia,SAU,2000,189514933333.333
Saudi Arabia,SAU,1999,161717066666.667
Saudi Arabia,SAU,1998,146775466666.667
Saudi Arabia,SAU,1997,165963684913.218
Saudi Arabia,SAU,1996,158662483311.081
Saudi Arabia,SAU,1995,143343124165.554
Saudi Arabia,SAU,1994,135174899866.489
Saudi Arabia,SAU,1993,132967957276.368
Saudi Arabia,SAU,1992,137087850467.29
Saudi Arabia,SAU,1991,132223230974.633
Saudi Arabia,SAU,1990,117630173564.753
Saudi Arabia,SAU,1989,95344459279.0387
Saudi Arabia,SAU,1988,88256074766.3551
Saudi Arabia,SAU,1987,85695861148.1976
Saudi Arabia,SAU,1986,86961922765.3254
Saudi Arabia,SAU,1985,103897846493.65
Saudi Arabia,SAU,1984,119624858115.778
Saudi Arabia,SAU,1983,129171635311.143
Saudi Arabia,SAU,1982,153240313858.323
Saudi Arabia,SAU,1981,184291360138.69
Saudi Arabia,SAU,1980,164539660725.118
Saudi Arabia,SAU,1979,111858444786.224
Saudi Arabia,SAU,1978,80266516686.5614
Saudi Arabia,SAU,1977,74188986586.0629
Saudi Arabia,SAU,1976,64005665722.3796
Saudi Arabia,SAU,1975,46773208642.6814
Saudi Arabia,SAU,1974,45412957746.4789
Saudi Arabia,SAU,1973,14947435499.323
Saudi Arabia,SAU,1972,9664267086.60323
Saudi Arabia,SAU,1971,7184806909.28939
Saudi Arabia,SAU,1970,5377333333.33333
Saudi Arabia,SAU,1969,4485777644.44444
Saudi Arabia,SAU,1968,4187777711.11111
Saudi Arabia,SAU,1967,3257022222.66667
Saudi Arabia,SAU,1966,2920555557.11111
Saudi Arabia,SAU,1965,2647955557.55556
Saudi Arabia,SAU,1964,2371808712.88889
Saudi Arabia,SAU,1963,2207393171.55556
Saudi Arabia,SAU,1962,2130606531.77778
Saudi Arabia,SAU,1961,1920811284.22222
Saudi Arabia,SAU,1960,1748124063.55556
Senegal,SEN,2024,32808056600.9436
Senegal,SEN,2023,30696331295.7826
Senegal,SEN,2022,27783332222.6759
Senegal,SEN,2021,27520784129.7508
Senegal,SEN,2020,24530513037.7518
Senegal,SEN,2019,23403995992.1354
Senegal,SEN,2018,23116701556.1381
Senegal,SEN,2017,20996562943.5979
Senegal,SEN,2016,19040312333.1864
Senegal,SEN,2015,17774766696.1759
Senegal,SEN,2014,19797253440.2679
Senegal,SEN,2013,18918667724.8817
Senegal,SEN,2012,17660870411.5235
Senegal,SEN,2011,17814283639.3119
Senegal,SEN,2010,16121315909.0758
Senegal,SEN,2009,16145867494.9405
Senegal,SEN,2008,16853989627.548
Senegal,SEN,2007,13994218412.9619
Senegal,SEN,2006,11697918243.0035
Senegal,SEN,2005,11009033437.939
Senegal,SEN,2004,10076816666.6196
Senegal,SEN,2003,8768721563.18211
Senegal,SEN,2002,7006402319.75856
Senegal,SEN,2001,6507824829.26254
Senegal,SEN,2000,6013185003.97525
Senegal,SEN,1999,6592834932.80876
Senegal,SEN,1998,6505607909.05324
Senegal,SEN,1997,6041478725.90443
Senegal,SEN,1996,6559712165.96508
Senegal,SEN,1995,6326342633.4034
Senegal,SEN,1994,5034588195.55806
Senegal,SEN,1993,7367986241.21869
Senegal,SEN,1992,7769817839.95644
Senegal,SEN,1991,7255210469.51743
Senegal,SEN,1990,7390967360.42121
Senegal,SEN,1989,6366039372.53683
Senegal,SEN,1988,6418419388.63499
Senegal,SEN,1987,6487353102.81483
Senegal,SEN,1986,5392093445.51053
Senegal,SEN,1985,3818944917.56713
Senegal,SEN,1984,3485165431.71354
Senegal,SEN,1983,3569356124.93159
Senegal,SEN,1982,4013951442.67081
Senegal,SEN,1981,4095892780.58289
Senegal,SEN,1980,4510108290.69571
Senegal,SEN,1979,4084877822.91679
Senegal,SEN,1978,3280354920.8516
Senegal,SEN,1977,2938046462.7098
Senegal,SEN,1976,2869777884.45166
Senegal,SEN,1975,2830388404.8977
Senegal,SEN,1974,2099325228.95651
Senegal,SEN,1973,1863398590.4556
Senegal,SEN,1972,1620857103.53492
Senegal,SEN,1971,1339549032.83782
Senegal,SEN,1970,1297407654.92832
Senegal,SEN,1969,1245234931.43233
Senegal,SEN,1968,1309384861.92219
Senegal,SEN,1967,1246480765.97984
Senegal,SEN,1966,1246908185.96343
Senegal,SEN,1965,1210058228.17112
Senegal,SEN,1964,1188930645.34423
Senegal,SEN,1963,1122139861.67805
Senegal,SEN,1962,1085475790.59112
Senegal,SEN,1961,1058975256.97025
Senegal,SEN,1960,1003692370.46869
Serbia,SRB,2024,90097765959.1114
Serbia,SRB,2023,81343999280.0179
Serbia,SRB,2022,66809895701.2152
Serbia,SRB,2021,66159884072.5308
Serbia,SRB,2020,55874017668.998
Serbia,SRB,2019,53864693664.5568
Serbia,SRB,2018,52787520248.9242
Serbia,SRB,2017,45972834713.8077
Serbia,SRB,2016,42225495909.5633
Serbia,SRB,2015,41297410634.9586
Serbia,SRB,2014,49114321280.3466
Serbia,SRB,2013,50455529604.0696
Serbia,SRB,2012,45103269969.4112
Serbia,SRB,2011,51251098408.0924
Serbia,SRB,2010,43536629233.1424
Serbia,SRB,2009,46955984409.7271
Serbia,SRB,2008,54220641201.6474
Serbia,SRB,2007,44888028946.0854
Serbia,SRB,2006,33298057361.7412
Serbia,SRB,2005,28334256180.8801
Serbia,SRB,2004,26845632341.8075
Serbia,SRB,2003,23593044417.5086
Serbia,SRB,2002,17930583571.3055
Serbia,SRB,2001,13599378661.9952
Serbia,SRB,2000,7326373882.11044
Serbia,SRB,1999,20878694850.5767
Serbia,SRB,1998,21004077441.4802
Serbia,SRB,1997,27153408994.8074
Serbia,SRB,1996,23277430167.5978
Serbia,SRB,1995,17921892655.3672
Seychelles,SYC,2024,2167239562.46013
Seychelles,SYC,2023,2187379754.66167
Seychelles,SYC,2022,2018346588.73752
Seychelles,SYC,2021,1487173794.80528
Seychelles,SYC,2020,1382551751.56908
Seychelles,SYC,2019,1868690096.73454
Seychelles,SYC,2018,1784313926.76807
Seychelles,SYC,2017,1675370641.01416
Seychelles,SYC,2016,1568513348.14463
Seychelles,SYC,2015,1432403352.12944
Seychelles,SYC,2014,1387577870.08161
Seychelles,SYC,2013,1333160407.38516
Seychelles,SYC,2012,1089407839.19709
Seychelles,SYC,2011,1058918707.26124
Seychelles,SYC,2010,981616542.328454
Seychelles,SYC,2009,850901620.433301
Seychelles,SYC,2008,979597394.293453
Seychelles,SYC,2007,1077308813.82945
Seychelles,SYC,2006,1081441283.31798
Seychelles,SYC,2005,977899381.818182
Seychelles,SYC,2004,893012218.181818
Seychelles,SYC,2003,750847230.099263
Seychelles,SYC,2002,742134837.50919
Seychelles,SYC,2001,662064155.920692
Seychelles,SYC,2000,654212394.27164
Seychelles,SYC,1999,662838614.880674
Seychelles,SYC,1998,647287375.762528
Seychelles,SYC,1997,598966982.350186
Seychelles,SYC,1996,535250347.089479
Seychelles,SYC,1995,540733047.733048
Seychelles,SYC,1994,517570058.151034
Seychelles,SYC,1993,504230620.551871
Seychelles,SYC,1992,461409398.855893
Seychelles,SYC,1991,398307169.860405
Seychelles,SYC,1990,392163560.868669
Seychelles,SYC,1989,324333366.514829
Seychelles,SYC,1988,301985618.085556
Seychelles,SYC,1987,265212956.838633
Seychelles,SYC,1986,221147061.290068
Seychelles,SYC,1985,179691482.72165
Seychelles,SYC,1984,160992920.960262
Seychelles,SYC,1983,156098237.022585
Seychelles,SYC,1982,157211789.714587
Seychelles,SYC,1981,163750728.155916
Seychelles,SYC,1980,156783829.504298
Seychelles,SYC,1979,127261099.223864
Seychelles,SYC,1978,85552365.8005137
Seychelles,SYC,1977,64526401.4638544
Seychelles,SYC,1976,49278981.7550701
Seychelles,SYC,1975,47803145.9480985
Seychelles,SYC,1974,43134496.1645367
Seychelles,SYC,1973,36896280.4764104
Seychelles,SYC,1972,30645122.9204727
Seychelles,SYC,1971,21965950.7711142
Seychelles,SYC,1970,18432031.7030945
Seychelles,SYC,1969,16452028.2974887
Seychelles,SYC,1968,16074027.6473276
Seychelles,SYC,1967,16632032.1339974
Seychelles,SYC,1966,16443033.7082191
Seychelles,SYC,1965,15603031.9862156
Seychelles,SYC,1964,15393031.5557147
Seychelles,SYC,1963,13923028.5422085
Seychelles,SYC,1962,12642025.9161531
Seychelles,SYC,1961,11592023.7636487
Seychelles,SYC,1960,12012024.6246505
Sierra Leone,SLE,2024,6971127235.3123
Sierra Leone,SLE,2023,6415852766.73832
Sierra Leone,SLE,2022,7121125277.52542
Sierra Leone,SLE,2021,7166931485.49433
Sierra Leone,SLE,2020,6688307703.1447
Sierra Leone,SLE,2019,6523577594.29408
Sierra Leone,SLE,2018,6390514688.52816
Sierra Leone,SLE,2017,5749846528.48046
Sierra Leone,SLE,2016,6084297211.10217
Sierra Leone,SLE,2015,6788352974.78329
Sierra Leone,SLE,2014,7686138790.90872
Sierra Leone,SLE,2013,7502762862.72657
Sierra Leone,SLE,2012,6141666509.36295
Sierra Leone,SLE,2011,4861632884.67985
Sierra Leone,SLE,2010,4262805966.78755
Sierra Leone,SLE,2009,3953403098.37107
Sierra Leone,SLE,2008,4157895298.19572
Sierra Leone,SLE,2007,3632957611.35152
Sierra Leone,SLE,2006,3263697466.73514
Sierra Leone,SLE,2005,2545275312.60512
Sierra Leone,SLE,2004,2237350687.46606
Sierra Leone,SLE,2003,2142618045.93129
Sierra Leone,SLE,2002,1933863910.73227
Sierra Leone,SLE,2001,1681473893.76655
Sierra Leone,SLE,2000,635866403.776065
Sierra Leone,SLE,1999,669386623.951402
Sierra Leone,SLE,1998,672368187.114756
Sierra Leone,SLE,1997,850232760.017239
Sierra Leone,SLE,1996,941709422.502965
Sierra Leone,SLE,1995,870740291.519248
Sierra Leone,SLE,1994,911853802.365613
Sierra Leone,SLE,1993,768867882.965994
Sierra Leone,SLE,1992,679940813.948366
Sierra Leone,SLE,1991,779981987.10656
Sierra Leone,SLE,1990,649644097.566129
Sierra Leone,SLE,1989,932974420.276529
Sierra Leone,SLE,1988,1055083933.07498
Sierra Leone,SLE,1987,660106336.104339
Sierra Leone,SLE,1986,490181456.62441
Sierra Leone,SLE,1985,856890459.363958
Sierra Leone,SLE,1984,1087471861.98928
Sierra Leone,SLE,1983,995104305.347075
Sierra Leone,SLE,1982,1295361885.92419
Sierra Leone,SLE,1981,1114830471.91787
Sierra Leone,SLE,1980,1100685844.92284
Sierra Leone,SLE,1979,1109374911.30306
Sierra Leone,SLE,1978,960728338.93643
Sierra Leone,SLE,1977,691777583.951156
Sierra Leone,SLE,1976,594895941.914381
Sierra Leone,SLE,1975,679336343.584559
Sierra Leone,SLE,1974,648590642.939889
Sierra Leone,SLE,1973,575230724.377773
Sierra Leone,SLE,1972,465381339.740404
Sierra Leone,SLE,1971,419549304.72479
Sierra Leone,SLE,1970,434410973.76439
Sierra Leone,SLE,1969,408690163.476065
Sierra Leone,SLE,1968,329859731.943893
Sierra Leone,SLE,1967,348795303.000385
Sierra Leone,SLE,1966,375479849.80806
Sierra Leone,SLE,1965,359379856.248058
Sierra Leone,SLE,1964,371847461.441278
Sierra Leone,SLE,1963,348547278.787707
Sierra Leone,SLE,1962,342721416.490967
Sierra Leone,SLE,1961,327834190.577094
Sierra Leone,SLE,1960,322009961.547048
Singapore,SGP,2024,547386645891.847
Singapore,SGP,2023,505439514078.019
Singapore,SGP,2022,509017841146.557
Singapore,SGP,2021,436591382250.464
Singapore,SGP,2020,349165858544.568
Singapore,SGP,2019,376161998830.048
Singapore,SGP,2018,377123710560.614
Singapore,SGP,2017,343673334902.33
Singapore,SGP,2016,319646468521.497
Singapore,SGP,2015,307998545269.398
Singapore,SGP,2014,314863580758.455
Singapore,SGP,2013,307576360584.992
Singapore,SGP,2012,295092888076.589
Singapore,SGP,2011,279356499090.458
Singapore,SGP,2010,239807980591.24
Singapore,SGP,2009,194150283771.566
Singapore,SGP,2008,193617323539.203
Singapore,SGP,2007,180941701357.97
Singapore,SGP,2006,148627286361.351
Singapore,SGP,2005,127807848728.398
Singapore,SGP,2004,115033593101.049
Singapore,SGP,2003,97646401095.6369
Singapore,SGP,2002,92538372869.6942
Singapore,SGP,2001,89793790669.6515
Singapore,SGP,2000,96076539925.7409
Singapore,SGP,1999,86286849754.8905
Singapore,SGP,1998,85728207781.7785
Singapore,SGP,1997,100123787215.299
Singapore,SGP,1996,96293086513.0872
Singapore,SGP,1995,87812540788.4293
Singapore,SGP,1994,73688724431.1412
Singapore,SGP,1993,60603815716.2653
Singapore,SGP,1992,52131320032.8797
Singapore,SGP,1991,45466164978.2923
Singapore,SGP,1990,36144336768.7023
Singapore,SGP,1989,30465364738.6206
Singapore,SGP,1988,25371462488.1292
Singapore,SGP,1987,20919215578.2125
Singapore,SGP,1986,18586746056.9974
Singapore,SGP,1985,19156532745.7691
Singapore,SGP,1984,19749361097.965
Singapore,SGP,1983,17784112149.5327
Singapore,SGP,1982,16084252378.473
Singapore,SGP,1981,14175228843.6391
Singapore,SGP,1980,11896256782.8566
Singapore,SGP,1979,9296921723.83465
Singapore,SGP,1978,7517176354.84135
Singapore,SGP,1977,6618585073.66035
Singapore,SGP,1976,6327077974.10703
Singapore,SGP,1975,5633673929.99302
Singapore,SGP,1974,5221534955.64418
Singapore,SGP,1973,3696213333.33333
Singapore,SGP,1972,2721440980.75851
Singapore,SGP,1971,2263785443.61688
Singapore,SGP,1970,1920574150.17542
Singapore,SGP,1969,1659893767.84419
Singapore,SGP,1968,1425706091.0356
Singapore,SGP,1967,1238035815.78586
Singapore,SGP,1966,1096425608.09089
Singapore,SGP,1965,974644096.144674
Singapore,SGP,1964,894153311.424857
Singapore,SGP,1963,917608012.491752
Singapore,SGP,1962,826239211.817511
Singapore,SGP,1961,764629788.123689
Singapore,SGP,1960,704751700.302494
Sint Maarten (Dutch part),SXM,2024,1797836665.95136
Sint Maarten (Dutch part),SXM,2023,1686525953.05006
Sint Maarten (Dutch part),SXM,2022,1592564639.32961
Sint Maarten (Dutch part),SXM,2021,1353071061.45251
Sint Maarten (Dutch part),SXM,2020,1236428100.55866
Sint Maarten (Dutch part),SXM,2019,1407880446.92737
Sint Maarten (Dutch part),SXM,2018,1259200446.92737
Sint Maarten (Dutch part),SXM,2017,1353212122.90503
Sint Maarten (Dutch part),SXM,2016,1427017206.70391
Sint Maarten (Dutch part),SXM,2015,1417888715.0838
Sint Maarten (Dutch part),SXM,2014,1361811508.37989
Sint Maarten (Dutch part),SXM,2013,1022905027.93296
Sint Maarten (Dutch part),SXM,2012,985865921.787709
Sint Maarten (Dutch part),SXM,2011,936089385.47486
Sint Maarten (Dutch part),SXM,2010,892290502.793296
Sint Maarten (Dutch part),SXM,2009,854972067.039106
Slovak Republic,SVK,2024,140934076532.375
Slovak Republic,SVK,2023,133578518423.544
Slovak Republic,SVK,2022,115792972358.209
Slovak Republic,SVK,2021,120511265913.343
Slovak Republic,SVK,2020,107732602896.441
Slovak Republic,SVK,2019,105843498304.094
Slovak Republic,SVK,2018,106611673364.837
Slovak Republic,SVK,2017,95978130734.9766
Slovak Republic,SVK,2016,90347173228.6356
Slovak Republic,SVK,2015,89178548717.3324
Slovak Republic,SVK,2014,101713075598.862
Slovak Republic,SVK,2013,99134277850.3418
Slovak Republic,SVK,2012,94724394278.052
Slovak Republic,SVK,2011,99705104723.4341
Slovak Republic,SVK,2010,91112160800.7668
Slovak Republic,SVK,2009,89342984697.5246
Slovak Republic,SVK,2008,100830060552.902
Slovak Republic,SVK,2007,86587749517.9724
Slovak Republic,SVK,2006,70751813442.9881
Slovak Republic,SVK,2005,62547753148.4638
Slovak Republic,SVK,2004,57215475076.2986
Slovak Republic,SVK,2003,46616149116.7411
Slovak Republic,SVK,2002,35243658398.7546
Slovak Republic,SVK,2001,30726659550.9717
Slovak Republic,SVK,2000,29215726004.7765
Slovak Republic,SVK,1999,30496272225.1337
Slovak Republic,SVK,1998,29976207629.4888
Slovak Republic,SVK,1997,27844628979.2682
Slovak Republic,SVK,1996,28197790874.5247
Slovak Republic,SVK,1995,26180022222.2222
Slovak Republic,SVK,1994,20428139755.6056
Slovak Republic,SVK,1993,16737973764.3476
Slovak Republic,SVK,1992,15699327209.2121
Slovak Republic,SVK,1991,14459924588.948
Slovak Republic,SVK,1990,12915046978.1615
Slovenia,SVN,2024,72972015197.3859
Slovenia,SVN,2023,69255264238.3855
Slovenia,SVN,2022,59899117741.0022
Slovenia,SVN,2021,61540813361.8556
Slovenia,SVN,2020,53384760135.1581
Slovenia,SVN,2019,53909922735.545
Slovenia,SVN,2018,53689067639.9176
Slovenia,SVN,2017,48153200134.6613
Slovenia,SVN,2016,44290685824.0682
Slovenia,SVN,2015,42709468274.8137
Slovenia,SVN,2014,49514466379.6057
Slovenia,SVN,2013,47867056858.8892
Slovenia,SVN,2012,46167053954.3367
Slovenia,SVN,2011,51199194599.3094
Slovenia,SVN,2010,47793117240.9001
Slovenia,SVN,2009,49975540954.8465
Slovenia,SVN,2008,55509332322.3578
Slovenia,SVN,2007,47880266542.577
Slovenia,SVN,2006,39260368837.0342
Slovenia,SVN,2005,35947936823.7781
Slovenia,SVN,2004,34156553313.4031
Slovenia,SVN,2003,29360575031.8177
Slovenia,SVN,2002,23214593516.2095
Slovenia,SVN,2001,20668868706.8115
Slovenia,SVN,2000,20159190701.6789
Slovenia,SVN,1999,22609669083.7179
Slovenia,SVN,1998,22058635314.4836
Slovenia,SVN,1997,20726878751.5006
Slovenia,SVN,1996,21470699362.6062
Slovenia,SVN,1995,21367422159.3207
Slovenia,SVN,1994,16400767069.6294
Slovenia,SVN,1993,14449298371.7879
Slovenia,SVN,1992,14277261540.7456
Slovenia,SVN,1991,14454495058.907
Slovenia,SVN,1990,19832029087.1272
Solomon Islands,SLB,2024,1583964703.75061
Solomon Islands,SLB,2023,1506124566.40404
Solomon Islands,SLB,2022,1466670929.62333
Solomon Islands,SLB,2021,1558312103.84225
Solomon Islands,SLB,2020,1536143427.82958
Solomon Islands,SLB,2019,1619150563.92084
Solomon Islands,SLB,2018,1615473250.25259
Solomon Islands,SLB,2017,1469790526.3972
Solomon Islands,SLB,2016,1379486290.71433
Solomon Islands,SLB,2015,1307908813.59962
Solomon Islands,SLB,2014,1335576762.84974
Solomon Islands,SLB,2013,1285905957.64116
Solomon Islands,SLB,2012,1185217634.37393
Solomon Islands,SLB,2011,1063898226.71892
Solomon Islands,SLB,2010,898128551.289162
Solomon Islands,SLB,2009,805557289.459198
Solomon Islands,SLB,2008,776335523.470373
Solomon Islands,SLB,2007,695291217.982227
Solomon Islands,SLB,2006,617257457.758489
Solomon Islands,SLB,2005,552881356.697517
Solomon Islands,SLB,2004,468000121.313434
Solomon Islands,SLB,2003,417666638.600021
Solomon Islands,SLB,2002,346406738.885237
Solomon Islands,SLB,2001,409508552.979972
Solomon Islands,SLB,2000,419842674.227652
Solomon Islands,SLB,1999,488024514.369359
Solomon Islands,SLB,1998,457579840.225066
Solomon Islands,SLB,1997,526554005.954357
Solomon Islands,SLB,1996,510586430.190127
Solomon Islands,SLB,1995,469443201.503274
Solomon Islands,SLB,1994,402837005.272596
Solomon Islands,SLB,1993,300746361.128739
Solomon Islands,SLB,1992,269034595.812985
Solomon Islands,SLB,1991,227540473.340087
Solomon Islands,SLB,1990,214877666.846068
Solomon Islands,SLB,1989,172882410.578561
Solomon Islands,SLB,1988,176494394.043362
Solomon Islands,SLB,1987,155128542.419178
Solomon Islands,SLB,1986,147620047.660063
Solomon Islands,SLB,1985,165524943.492123
Solomon Islands,SLB,1984,181570473.771605
Solomon Islands,SLB,1983,181220398.969839
Solomon Islands,SLB,1982,192902018.733318
Solomon Islands,SLB,1981,193750540.701429
Solomon Islands,SLB,1980,182852106.523408
Solomon Islands,SLB,1979,151276496.482533
Solomon Islands,SLB,1978,111027427.208358
Solomon Islands,SLB,1977,93145283.3557141
Solomon Islands,SLB,1976,83100834.307935
Solomon Islands,SLB,1975,74620320.0295339
Solomon Islands,SLB,1974,84539332.282562
Solomon Islands,SLB,1973,55272108.8435374
Solomon Islands,SLB,1972,40606712.050639
Solomon Islands,SLB,1971,50056882.8213879
Solomon Islands,SLB,1969,28606411.398041
Solomon Islands,SLB,1968,28084252.7582748
Solomon Islands,SLB,1967,25203524.0325638
"Somalia, Fed. Rep.",SOM,2024,11967000000.0
"Somalia, Fed. Rep.",SOM,2023,10958000000.0
"Somalia, Fed. Rep.",SOM,2022,10203000000.0
"Somalia, Fed. Rep.",SOM,2021,9483000000.0
"Somalia, Fed. Rep.",SOM,2020,8628000000.0
"Somalia, Fed. Rep.",SOM,2019,8656000000.0
"Somalia, Fed. Rep.",SOM,2018,7873000000.0
"Somalia, Fed. Rep.",SOM,2017,7621501710.0012
"Somalia, Fed. Rep.",SOM,2016,6613743069.99912
"Somalia, Fed. Rep.",SOM,2015,6152149099.99942
"Somalia, Fed. Rep.",SOM,2014,5728399719.99958
"Somalia, Fed. Rep.",SOM,2013,5062881600.00104
"Somalia, Fed. Rep.",SOM,2012,4364670159.99578
"Somalia, Fed. Rep.",SOM,2011,2906000096.93249
"Somalia, Fed. Rep.",SOM,2010,2687807003.73935
"Somalia, Fed. Rep.",SOM,2009,2948594552.44952
"Somalia, Fed. Rep.",SOM,2008,5913620292.90573
"Somalia, Fed. Rep.",SOM,2007,5430713728.89074
"Somalia, Fed. Rep.",SOM,2006,5026743282.04251
"Somalia, Fed. Rep.",SOM,2005,4683246454.10048
"Somalia, Fed. Rep.",SOM,2004,3859592813.10255
"Somalia, Fed. Rep.",SOM,2003,2836724351.5616
"Somalia, Fed. Rep.",SOM,2002,2192684134.59273
"Somalia, Fed. Rep.",SOM,2001,2252847464.68608
"Somalia, Fed. Rep.",SOM,2000,3412797450.20112
"Somalia, Fed. Rep.",SOM,1999,3045751527.66005
"Somalia, Fed. Rep.",SOM,1998,2962047564.41651
"Somalia, Fed. Rep.",SOM,1997,2191749013.58124
"Somalia, Fed. Rep.",SOM,1996,1792234297.39194
"Somalia, Fed. Rep.",SOM,1995,1534756134.55022
"Somalia, Fed. Rep.",SOM,1994,1481205097.98113
"Somalia, Fed. Rep.",SOM,1993,1260132955.78746
"Somalia, Fed. Rep.",SOM,1992,709297578.5
"Somalia, Fed. Rep.",SOM,1991,717974929.763158
"Somalia, Fed. Rep.",SOM,1990,1031282081.16683
"Somalia, Fed. Rep.",SOM,1989,1181360843.93549
"Somalia, Fed. Rep.",SOM,1988,1051596967.1287
"Somalia, Fed. Rep.",SOM,1987,1018972664.4638
"Somalia, Fed. Rep.",SOM,1986,916590786.326105
"Somalia, Fed. Rep.",SOM,1985,875702247.191011
"Somalia, Fed. Rep.",SOM,1984,787434541.728857
"Somalia, Fed. Rep.",SOM,1983,735408641.768548
"Somalia, Fed. Rep.",SOM,1982,774578931.96392
"Somalia, Fed. Rep.",SOM,1981,699302473.050095
"Somalia, Fed. Rep.",SOM,1980,602515548.452104
"Somalia, Fed. Rep.",SOM,1979,589566929.133858
"Somalia, Fed. Rep.",SOM,1978,564571823.20442
"Somalia, Fed. Rep.",SOM,1977,498550724.637681
"Somalia, Fed. Rep.",SOM,1976,871344245.115171
"Somalia, Fed. Rep.",SOM,1975,757015878.792693
"Somalia, Fed. Rep.",SOM,1974,572504035.901509
"Somalia, Fed. Rep.",SOM,1973,483699610.602563
"Somalia, Fed. Rep.",SOM,1972,447883941.190165
"Somalia, Fed. Rep.",SOM,1971,347039445.705569
"Somalia, Fed. Rep.",SOM,1970,347985394.285714
"Somalia, Fed. Rep.",SOM,1969,306357284.571429
"Somalia, Fed. Rep.",SOM,1968,286719885.312046
"Somalia, Fed. Rep.",SOM,1967,271781886.807245
"Somalia, Fed. Rep.",SOM,1966,257375897.049641
"Somalia, Fed. Rep.",SOM,1965,243725898.029641
"Somalia, Fed. Rep.",SOM,1964,229529912.668035
"Somalia, Fed. Rep.",SOM,1963,216145935.941626
"Somalia, Fed. Rep.",SOM,1962,203531927.547229
"Somalia, Fed. Rep.",SOM,1961,191659914.376034
"Somalia, Fed. Rep.",SOM,1960,180459936.776025
South Africa,ZAF,2024,401144998373.585
South Africa,ZAF,2023,381440724491.232
South Africa,ZAF,2022,407596043067.885
South Africa,ZAF,2021,419986284375.368
South Africa,ZAF,2020,337974655408.055
South Africa,ZAF,2019,389330032224.269
South Africa,ZAF,2018,405260723892.517
South Africa,ZAF,2017,381448814653.456
South Africa,ZAF,2016,323585509674.481
South Africa,ZAF,2015,346709790458.563
South Africa,ZAF,2014,381198869776.106
South Africa,ZAF,2013,400886013595.573
South Africa,ZAF,2012,434400545085.811
South Africa,ZAF,2011,458199494830.834
South Africa,ZAF,2010,417363822801.713
South Africa,ZAF,2009,329754060647.129
South Africa,ZAF,2008,316131258616.309
South Africa,ZAF,2007,333077117253.684
South Africa,ZAF,2006,303858675363.643
South Africa,ZAF,2005,288867217196.534
South Africa,ZAF,2004,255806908594.573
South Africa,ZAF,2003,197018965308.697
South Africa,ZAF,2002,129087556612.449
South Africa,ZAF,2001,135429905922.526
South Africa,ZAF,2000,151752757215.309
South Africa,ZAF,1999,151516957078.536
South Africa,ZAF,1998,152982984557.233
South Africa,ZAF,1997,168978057327.73
South Africa,ZAF,1996,163234925380.563
South Africa,ZAF,1995,171735933897.331
South Africa,ZAF,1994,153512712381.836
South Africa,ZAF,1993,147194747565.75
South Africa,ZAF,1992,146956150986.636
South Africa,ZAF,1991,135203698237.977
South Africa,ZAF,1990,126048140141.869
South Africa,ZAF,1989,108055624081.806
South Africa,ZAF,1988,103976831870.957
South Africa,ZAF,1987,96535763418.3729
South Africa,ZAF,1986,73354771399.2627
South Africa,ZAF,1985,64459376086.6883
South Africa,ZAF,1984,84870163365.9306
South Africa,ZAF,1983,96204110941.5672
South Africa,ZAF,1982,85904057409.3585
South Africa,ZAF,1981,93141472163.7596
South Africa,ZAF,1980,89411864402.4272
South Africa,ZAF,1979,63038658088.9121
South Africa,ZAF,1978,51607412901.8532
South Africa,ZAF,1977,45328411332.1028
South Africa,ZAF,1976,41150460287.6151
South Africa,ZAF,1975,42906905672.42
South Africa,ZAF,1974,41389186094.5992
South Africa,ZAF,1973,33262772008.1446
South Africa,ZAF,1972,24515919216.8851
South Africa,ZAF,1971,23411076638.279
South Africa,ZAF,1970,21218391512.6434
South Africa,ZAF,1969,19256992297.2031
South Africa,ZAF,1968,17124793150.0827
South Africa,ZAF,1967,15821393671.4425
South Africa,ZAF,1966,14211394315.4423
South Africa,ZAF,1965,13068994772.4021
South Africa,ZAF,1964,11955995217.6019
South Africa,ZAF,1963,10854195658.3217
South Africa,ZAF,1962,9813996074.40157
South Africa,ZAF,1961,9225996309.60148
South Africa,ZAF,1960,8748596500.5614
South Sudan,SSD,2015,11997800760.2242
South Sudan,SSD,2014,13962212847.4576
South Sudan,SSD,2013,18426469016.9492
South Sudan,SSD,2012,11931472169.4915
South Sudan,SSD,2011,14907308932.7534
South Sudan,SSD,2010,14602072410.9506
South Sudan,SSD,2009,12231264525.0671
South Sudan,SSD,2008,14586253383.0632
Spain,ESP,2024,1725671652742.19
Spain,ESP,2023,1619481980719.64
Spain,ESP,2022,1448850658406.62
Spain,ESP,2021,1461244901852.69
Spain,ESP,2020,1289783836971.21
Spain,ESP,2019,1403496387686.27
Spain,ESP,2018,1431642809327.06
Spain,ESP,2017,1321754088818.83
Spain,ESP,2016,1243015667917.12
Spain,ESP,2015,1206164777553.12
Spain,ESP,2014,1380244561361.96
Spain,ESP,2013,1362186923157.65
Spain,ESP,2012,1330994811670.31
Spain,ESP,2011,1487568659241.25
Spain,ESP,2010,1427989078916.67
Spain,ESP,2009,1496587590847.66
Spain,ESP,2008,1636115447612.5
Spain,ESP,2007,1476746276854.51
Spain,ESP,2006,1261846683275.29
Spain,ESP,2005,1154667551775.88
Spain,ESP,2004,1069829382514.67
Spain,ESP,2003,907963217057.645
Spain,ESP,2002,708938227243.923
Spain,ESP,2001,627798682378.741
Spain,ESP,2000,598102854756.08
Spain,ESP,1999,634394904386.874
Spain,ESP,1998,618731484575.12
Spain,ESP,1997,589739772727.273
Spain,ESP,1996,642251412058.321
Spain,ESP,1995,614170002668.802
Spain,ESP,1994,530183651720.283
Spain,ESP,1993,524700572623.872
Spain,ESP,1992,630465353486.104
Spain,ESP,1991,576753902321.857
Spain,ESP,1990,536175326477.31
Spain,ESP,1989,414460794096.978
Spain,ESP,1988,375891716897.586
Spain,ESP,1987,318520253335.13
Spain,ESP,1986,251141555185.933
Spain,ESP,1985,180664322896.282
Spain,ESP,1984,171979977230.387
Spain,ESP,1983,170829074245.94
Spain,ESP,1982,195856752991.065
Spain,ESP,1981,202663023968.283
Spain,ESP,1980,232600556973.776
Spain,ESP,1979,214448666336.143
Spain,ESP,1978,160484969618.056
Spain,ESP,1977,132354665936.473
Spain,ESP,1976,118422534195.474
Spain,ESP,1975,114695060869.565
Spain,ESP,1974,97204522642.0536
Spain,ESP,1973,78583355225.5854
Spain,ESP,1972,59090176028.993
Spain,ESP,1971,46586119760.479
Spain,ESP,1970,40963715236.5106
Spain,ESP,1969,37090689287.8552
Spain,ESP,1968,32394326463.759
Spain,ESP,1967,32570905397.2885
Spain,ESP,1966,29559436182.9186
Spain,ESP,1965,25479619606.5284
Spain,ESP,1964,21966876027.2517
Spain,ESP,1963,19631714759.6491
Spain,ESP,1962,16609632790.5843
Spain,ESP,1961,14238126759.7335
Spain,ESP,1960,12424514013.7604
Sri Lanka,LKA,2024,98963185509.6499
Sri Lanka,LKA,2023,83716142582.1945
Sri Lanka,LKA,2022,74143020262.8076
Sri Lanka,LKA,2021,88556698937.7033
Sri Lanka,LKA,2020,84335574581.5072
Sri Lanka,LKA,2019,88998706296.5783
Sri Lanka,LKA,2018,94450015982.8405
Sri Lanka,LKA,2017,94369350285.5814
Sri Lanka,LKA,2016,88000211171.5956
Sri Lanka,LKA,2015,85090301052.0465
Sri Lanka,LKA,2014,82531125190.5224
Sri Lanka,LKA,2013,76976203829.4765
Sri Lanka,LKA,2012,70447217163.7784
Sri Lanka,LKA,2011,67753285896.6254
Sri Lanka,LKA,2010,58636049434.1871
Sri Lanka,LKA,2009,42066224093.0065
Sri Lanka,LKA,2008,40713826215.0093
Sri Lanka,LKA,2007,32350238760.4239
Sri Lanka,LKA,2006,28267410542.5164
Sri Lanka,LKA,2005,24405791044.7761
Sri Lanka,LKA,2004,20662525941.2985
Sri Lanka,LKA,2003,18881765437.2151
Sri Lanka,LKA,2002,16536535647.0834
Sri Lanka,LKA,2001,15749753804.8344
Sri Lanka,LKA,2000,16595882818.6857
Sri Lanka,LKA,1999,15711933513.2831
Sri Lanka,LKA,1998,15760736956.1852
Sri Lanka,LKA,1997,15091913883.7091
Sri Lanka,LKA,1996,13897738375.2488
Sri Lanka,LKA,1995,13029697560.9756
Sri Lanka,LKA,1994,11717604208.8223
Sri Lanka,LKA,1993,10338679635.7616
Sri Lanka,LKA,1992,9703011635.86585
Sri Lanka,LKA,1991,9000362581.58086
Sri Lanka,LKA,1990,8032551173.24014
Sri Lanka,LKA,1989,6987267683.77254
Sri Lanka,LKA,1988,6978371581.26375
Sri Lanka,LKA,1987,6682167119.56522
Sri Lanka,LKA,1986,6405210563.88294
Sri Lanka,LKA,1985,5978460972.01767
Sri Lanka,LKA,1984,6043474842.76729
Sri Lanka,LKA,1983,5167913302.16745
Sri Lanka,LKA,1982,4768765016.81884
Sri Lanka,LKA,1981,4415844155.84416
Sri Lanka,LKA,1980,4024621899.57653
Sri Lanka,LKA,1979,3364611432.24149
Sri Lanka,LKA,1978,2733183856.50224
Sri Lanka,LKA,1977,4104509582.86359
Sri Lanka,LKA,1976,3591319857.31272
Sri Lanka,LKA,1975,3791298145.50642
Sri Lanka,LKA,1974,3574586466.16541
Sri Lanka,LKA,1973,2875625000.0
Sri Lanka,LKA,1972,2553936348.40871
Sri Lanka,LKA,1971,2369308600.33727
Sri Lanka,LKA,1970,2296470588.23529
Sri Lanka,LKA,1969,1965546218.48739
Sri Lanka,LKA,1968,1801344537.81513
Sri Lanka,LKA,1967,1859465020.57613
Sri Lanka,LKA,1966,1751470588.23529
Sri Lanka,LKA,1965,1698319327.73109
Sri Lanka,LKA,1964,1309747899.15966
Sri Lanka,LKA,1963,1240672268.90756
Sri Lanka,LKA,1962,1434156378.60082
Sri Lanka,LKA,1961,1444327731.09244
Sri Lanka,LKA,1960,1409873949.57983
St. Kitts and Nevis,KNA,2024,1122388888.88889
St. Kitts and Nevis,KNA,2023,1055651851.85185
St. Kitts and Nevis,KNA,2022,981429629.62963
St. Kitts and Nevis,KNA,2021,858622222.222222
St. Kitts and Nevis,KNA,2020,883922222.222222
St. Kitts and Nevis,KNA,2019,1107855555.55556
St. Kitts and Nevis,KNA,2018,1076548148.14815
St. Kitts and Nevis,KNA,2017,1056977777.77778
St. Kitts and Nevis,KNA,2016,1006818518.51852
St. Kitts and Nevis,KNA,2015,957222222.222222
St. Kitts and Nevis,KNA,2014,952111111.111111
St. Kitts and Nevis,KNA,2013,874548148.148148
St. Kitts and Nevis,KNA,2012,824585185.185185
St. Kitts and Nevis,KNA,2011,836092592.592593
St. Kitts and Nevis,KNA,2010,778718518.518518
St. Kitts and Nevis,KNA,2009,774274074.074074
St. Kitts and Nevis,KNA,2008,777692592.592593
St. Kitts and Nevis,KNA,2007,689285185.185185
St. Kitts and Nevis,KNA,2006,644414814.814815
St. Kitts and Nevis,KNA,2005,547203703.703704
St. Kitts and Nevis,KNA,2004,506900000.0
St. Kitts and Nevis,KNA,2003,469869869.86987
St. Kitts and Nevis,KNA,2002,481077373.669966
St. Kitts and Nevis,KNA,2001,458643829.014199
St. Kitts and Nevis,KNA,2000,421695769.843918
St. Kitts and Nevis,KNA,1999,406595484.373262
St. Kitts and Nevis,KNA,1998,383257331.40548
St. Kitts and Nevis,KNA,1997,374641307.974641
St. Kitts and Nevis,KNA,1996,333944444.444444
St. Kitts and Nevis,KNA,1995,313485185.185185
St. Kitts and Nevis,KNA,1994,295159259.259259
St. Kitts and Nevis,KNA,1993,263755555.555556
St. Kitts and Nevis,KNA,1992,242137037.037037
St. Kitts and Nevis,KNA,1991,220540740.740741
St. Kitts and Nevis,KNA,1990,217259259.259259
St. Kitts and Nevis,KNA,1989,192518518.518518
St. Kitts and Nevis,KNA,1988,172692592.592593
St. Kitts and Nevis,KNA,1987,147748148.148148
St. Kitts and Nevis,KNA,1986,130685185.185185
St. Kitts and Nevis,KNA,1985,111007407.407407
St. Kitts and Nevis,KNA,1984,98603703.7037037
St. Kitts and Nevis,KNA,1983,86874074.0740741
St. Kitts and Nevis,KNA,1982,86022222.2222222
St. Kitts and Nevis,KNA,1981,80888888.8888889
St. Kitts and Nevis,KNA,1980,68459259.2592593
St. Kitts and Nevis,KNA,1979,58840740.7407407
St. Kitts and Nevis,KNA,1978,49433333.3333333
St. Kitts and Nevis,KNA,1977,44496296.2962963
St. Kitts and Nevis,KNA,1976,30095602.2944551
St. Kitts and Nevis,KNA,1975,33364055.2995392
St. Kitts and Nevis,KNA,1974,31514856.3078422
St. Kitts and Nevis,KNA,1973,24196018.3767228
St. Kitts and Nevis,KNA,1972,22944849.1155047
St. Kitts and Nevis,KNA,1971,19624746.4503043
St. Kitts and Nevis,KNA,1970,16300000.0
St. Kitts and Nevis,KNA,1969,15850000.0
St. Kitts and Nevis,KNA,1968,14600000.0
St. Kitts and Nevis,KNA,1967,16742338.2519864
St. Kitts and Nevis,KNA,1966,14469078.1796966
St. Kitts and Nevis,KNA,1965,13593932.3220537
St. Kitts and Nevis,KNA,1964,13416633.1250839
St. Kitts and Nevis,KNA,1963,12833301.2500802
St. Kitts and Nevis,KNA,1962,12541635.3125784
St. Kitts and Nevis,KNA,1961,12483302.125078
St. Kitts and Nevis,KNA,1960,12366635.7500773
St. Lucia,LCA,2024,2549062962.96296
St. Lucia,LCA,2023,2430166666.66667
St. Lucia,LCA,2022,2342714814.81481
St. Lucia,LCA,2021,1867185185.18518
St. Lucia,LCA,2020,1499274074.07407
St. Lucia,LCA,2019,2095344444.44444
St. Lucia,LCA,2018,2060955555.55556
St. Lucia,LCA,2017,1998503703.7037
St. Lucia,LCA,2016,1868544444.44444
St. Lucia,LCA,2015,1807640740.74074
St. Lucia,LCA,2014,1749185185.18518
St. Lucia,LCA,2013,1660392592.59259
St. Lucia,LCA,2012,1598207407.40741
St. Lucia,LCA,2011,1568370370.37037
St. Lucia,LCA,2010,1482385185.18519
St. Lucia,LCA,2009,1401507888.88889
St. Lucia,LCA,2008,1437731111.11111
St. Lucia,LCA,2007,1336088814.81481
St. Lucia,LCA,2006,1268319185.18519
St. Lucia,LCA,2005,1135555555.55556
St. Lucia,LCA,2004,1066666666.66667
St. Lucia,LCA,2003,987407407.407407
St. Lucia,LCA,2002,900000000.0
St. Lucia,LCA,2001,892592592.592592
St. Lucia,LCA,2000,932592592.592592
St. Lucia,LCA,1999,921851851.851852
St. Lucia,LCA,1998,877407407.407407
St. Lucia,LCA,1997,805925925.925926
St. Lucia,LCA,1996,788888888.888889
St. Lucia,LCA,1995,762962962.962963
St. Lucia,LCA,1994,713703703.703704
St. Lucia,LCA,1993,684814814.814815
St. Lucia,LCA,1992,674074074.074074
St. Lucia,LCA,1991,613703703.703704
St. Lucia,LCA,1990,579629629.62963
St. Lucia,LCA,1989,486666666.666667
St. Lucia,LCA,1988,429629629.62963
St. Lucia,LCA,1987,375555555.555556
St. Lucia,LCA,1986,340000000.0
St. Lucia,LCA,1985,284444444.444444
St. Lucia,LCA,1984,251481481.481481
St. Lucia,LCA,1983,197037037.037037
St. Lucia,LCA,1982,183333333.333333
St. Lucia,LCA,1981,194444444.444444
St. Lucia,LCA,1980,170370370.37037
St. Martin (French part),MAF,2021,649206262.847519
St. Martin (French part),MAF,2019,652206037.103874
St. Martin (French part),MAF,2014,772921958.529509
St. Martin (French part),MAF,2011,775875748.523832
St. Vincent and the Grenadines,VCT,2024,1157207407.40741
St. Vincent and the Grenadines,VCT,2023,1072237037.03704
St. Vincent and the Grenadines,VCT,2022,989188888.888889
St. Vincent and the Grenadines,VCT,2021,888677777.777778
St. Vincent and the Grenadines,VCT,2020,864566666.666667
St. Vincent and the Grenadines,VCT,2019,910481481.481481
St. Vincent and the Grenadines,VCT,2018,884329629.62963
St. Vincent and the Grenadines,VCT,2017,844040740.740741
St. Vincent and the Grenadines,VCT,2016,814303703.703704
St. Vincent and the Grenadines,VCT,2015,786555555.555555
St. Vincent and the Grenadines,VCT,2014,770900000.0
St. Vincent and the Grenadines,VCT,2013,764781259.259259
St. Vincent and the Grenadines,VCT,2012,730032592.592593
St. Vincent and the Grenadines,VCT,2011,713796370.37037
St. Vincent and the Grenadines,VCT,2010,720447888.888889
St. Vincent and the Grenadines,VCT,2009,714300259.259259
St. Vincent and the Grenadines,VCT,2008,732663259.259259
St. Vincent and the Grenadines,VCT,2007,713596666.666667
St. Vincent and the Grenadines,VCT,2006,643501148.148148
St. Vincent and the Grenadines,VCT,2005,579948925.925926
St. Vincent and the Grenadines,VCT,2004,549900185.185185
St. Vincent and the Grenadines,VCT,2003,509090888.888889
St. Vincent and the Grenadines,VCT,2002,487763851.851852
St. Vincent and the Grenadines,VCT,2001,462072333.333333
St. Vincent and the Grenadines,VCT,2000,427946037.037037
St. Vincent and the Grenadines,VCT,1999,390718518.518519
St. Vincent and the Grenadines,VCT,1998,373618518.518519
St. Vincent and the Grenadines,VCT,1997,347770370.37037
St. Vincent and the Grenadines,VCT,1996,331488888.888889
St. Vincent and the Grenadines,VCT,1995,316007407.407407
St. Vincent and the Grenadines,VCT,1994,289437037.037037
St. Vincent and the Grenadines,VCT,1993,286307407.407407
St. Vincent and the Grenadines,VCT,1992,277955555.555556
St. Vincent and the Grenadines,VCT,1991,254829629.62963
St. Vincent and the Grenadines,VCT,1990,240366666.666667
St. Vincent and the Grenadines,VCT,1989,214745002.222222
St. Vincent and the Grenadines,VCT,1988,200726712.592593
St. Vincent and the Grenadines,VCT,1987,175580647.407407
St. Vincent and the Grenadines,VCT,1986,160846656.666667
St. Vincent and the Grenadines,VCT,1985,145641705.185185
St. Vincent and the Grenadines,VCT,1984,135024987.777778
St. Vincent and the Grenadines,VCT,1983,122255349.62963
St. Vincent and the Grenadines,VCT,1982,113759203.333333
St. Vincent and the Grenadines,VCT,1981,102086539.259259
St. Vincent and the Grenadines,VCT,1980,82340339.6296296
St. Vincent and the Grenadines,VCT,1979,71096359.6296296
St. Vincent and the Grenadines,VCT,1978,60844771.4814815
St. Vincent and the Grenadines,VCT,1977,49353161.8518519
St. Vincent and the Grenadines,VCT,1976,32792844.6829448
St. Vincent and the Grenadines,VCT,1975,33237225.9880652
St. Vincent and the Grenadines,VCT,1974,32923702.7281866
St. Vincent and the Grenadines,VCT,1973,30165081.0858817
St. Vincent and the Grenadines,VCT,1972,27585804.8653032
St. Vincent and the Grenadines,VCT,1971,20051922.3261445
St. Vincent and the Grenadines,VCT,1970,18450000.0
St. Vincent and the Grenadines,VCT,1969,16650000.0
St. Vincent and the Grenadines,VCT,1968,15350000.0
St. Vincent and the Grenadines,VCT,1967,15835106.0327781
St. Vincent and the Grenadines,VCT,1966,16099959.7501006
St. Vincent and the Grenadines,VCT,1965,15108295.5625944
St. Vincent and the Grenadines,VCT,1964,14758296.4375922
St. Vincent and the Grenadines,VCT,1963,13708299.0625857
St. Vincent and the Grenadines,VCT,1962,14524963.6875908
St. Vincent and the Grenadines,VCT,1961,13999965.0000875
St. Vincent and the Grenadines,VCT,1960,13066634.0000817
Sudan,SDN,2024,49672435513.1126
Sudan,SDN,2023,39898289820.7951
Sudan,SDN,2022,51666875363.0963
Sudan,SDN,2021,34229513774.9936
Sudan,SDN,2020,27034593750.0
Sudan,SDN,2019,32338079165.2893
Sudan,SDN,2018,32333780383.2924
Sudan,SDN,2017,41283617976.1905
Sudan,SDN,2016,42630376000.0
Sudan,SDN,2015,51726758676.7677
Sudan,SDN,2014,49516748617.9775
Sudan,SDN,2013,43024018082.1918
Sudan,SDN,2012,37632919966.6667
Sudan,SDN,2011,55018567210.5263
Sudan,SDN,2010,58962978034.4828
Sudan,SDN,2009,51621044076.9231
Sudan,SDN,2008,64833083257.1431
Sudan,SDN,2007,59440139774.8128
Sudan,SDN,2006,45263831634.1497
Sudan,SDN,2005,35182711987.974
Sudan,SDN,2004,26646007250.7319
Sudan,SDN,2003,21355298459.5955
Sudan,SDN,2002,18137128388.3606
Sudan,SDN,2001,15716361792.1926
Sudan,SDN,2000,12257299147.2936
Sudan,SDN,1999,10682028339.6898
Sudan,SDN,1998,11250221536.7484
Sudan,SDN,1997,11681175864.3383
Sudan,SDN,1996,9018300724.66086
Sudan,SDN,1995,13830363899.9163
Sudan,SDN,1994,12793794737.042
Sudan,SDN,1993,8881005435.80602
Sudan,SDN,1992,7031933491.84899
Sudan,SDN,1991,44171194366.2039
Sudan,SDN,1990,33641222222.2222
Sudan,SDN,1989,21408111111.1111
Sudan,SDN,1988,14372555555.5556
Sudan,SDN,1987,12093333333.3333
Sudan,SDN,1986,10092200000.0
Sudan,SDN,1985,8075259600.3398
Sudan,SDN,1984,10447615384.6154
Sudan,SDN,1983,8230153846.15385
Sudan,SDN,1982,8732542273.73424
Sudan,SDN,1981,10753888154.2798
Sudan,SDN,1980,8951800000.0
Sudan,SDN,1979,8418407786.60599
Sudan,SDN,1978,8128719315.0792
Sudan,SDN,1977,7499005639.37649
Sudan,SDN,1976,6013210815.66115
Sudan,SDN,1975,4823090191.91008
Sudan,SDN,1974,3958931659.84759
Sudan,SDN,1973,3077254460.30228
Sudan,SDN,1972,2483055722.23738
Sudan,SDN,1971,2288340041.03486
Sudan,SDN,1970,2100229759.04718
Sudan,SDN,1969,1847501441.26221
Sudan,SDN,1968,1677771400.56798
Sudan,SDN,1967,1607409539.36648
Sudan,SDN,1966,1484491675.71652
Sudan,SDN,1965,1446869619.31898
Sudan,SDN,1964,1388282600.1961
Sudan,SDN,1963,1351234926.33899
Sudan,SDN,1962,1328259624.72217
Sudan,SDN,1961,1222860428.55503
Sudan,SDN,1960,1126364161.7644
Suriname,SUR,2024,4416775112.09627
Suriname,SUR,2023,3472693412.08497
Suriname,SUR,2022,3791603200.0259
Suriname,SUR,2021,3107923197.96954
Suriname,SUR,2020,2911807496.20227
Suriname,SUR,2019,4016040575.08796
Suriname,SUR,2018,3996198866.57453
Suriname,SUR,2017,3591679430.99988
Suriname,SUR,2016,3317421648.09918
Suriname,SUR,2015,5126237646.22072
Suriname,SUR,2014,5240606060.60606
Suriname,SUR,2013,5145757575.75758
Suriname,SUR,2012,4980000000.0
Suriname,SUR,2011,4422276621.78703
Suriname,SUR,2010,4368370997.92126
Suriname,SUR,2009,3875409836.06557
Suriname,SUR,2008,3532969034.60838
Suriname,SUR,2007,2936612021.85792
Suriname,SUR,2006,2626380435.17877
Suriname,SUR,2005,1793410397.38738
Suriname,SUR,2004,1484092538.40527
Suriname,SUR,2003,1274190311.41869
Suriname,SUR,2002,1093574468.08511
Suriname,SUR,2001,834279357.798165
Suriname,SUR,2000,947671969.69697
Suriname,SUR,1999,886290697.674419
Suriname,SUR,1998,1110850000.0
Suriname,SUR,1997,926422500.0
Suriname,SUR,1996,861372806.2082
Suriname,SUR,1995,691590497.737557
Suriname,SUR,1994,605492537.313433
Suriname,SUR,1993,428764705.882353
Suriname,SUR,1992,404600000.0
Suriname,SUR,1991,448100000.0
Suriname,SUR,1990,388400000.0
Suriname,SUR,1989,542600000.0
Suriname,SUR,1988,1161000000.0
Suriname,SUR,1987,980000000.0
Suriname,SUR,1986,891000000.0
Suriname,SUR,1985,873000000.0
Suriname,SUR,1984,864000000.0
Suriname,SUR,1983,883500000.0
Suriname,SUR,1982,915000000.0
Suriname,SUR,1981,889000000.0
Suriname,SUR,1980,795000000.0
Suriname,SUR,1979,782500000.0
Suriname,SUR,1978,735500000.0
Suriname,SUR,1977,641500000.0
Suriname,SUR,1976,505500000.0
Suriname,SUR,1975,465500000.0
Suriname,SUR,1974,409850000.0
Suriname,SUR,1973,339450000.0
Suriname,SUR,1972,311950000.0
Suriname,SUR,1971,301000000.0
Suriname,SUR,1970,274900000.0
Suriname,SUR,1969,259650000.0
Suriname,SUR,1968,241350000.0
Suriname,SUR,1967,220700000.0
Suriname,SUR,1966,190350000.0
Suriname,SUR,1965,154150000.0
Suriname,SUR,1964,134400000.0
Suriname,SUR,1963,125950000.0
Suriname,SUR,1962,116150000.0
Suriname,SUR,1961,107700000.0
Suriname,SUR,1960,99650000.0
Sweden,SWE,2024,603715224265.798
Sweden,SWE,2023,578990915246.07
Sweden,SWE,2022,575071237640.921
Sweden,SWE,2021,631693331300.776
Sweden,SWE,2020,544265668451.678
Sweden,SWE,2019,530894124494.418
Sweden,SWE,2018,549649344043.182
Sweden,SWE,2017,535172356784.769
Sweden,SWE,2016,513058312950.939
Sweden,SWE,2015,501602351911.6
Sweden,SWE,2014,577727767303.596
Sweden,SWE,2013,584125353119.18
Sweden,SWE,2012,549739674655.127
Sweden,SWE,2011,570538581144.45
Sweden,SWE,2010,492750897239.447
Sweden,SWE,2009,434311714442.499
Sweden,SWE,2008,514614100832.941
Sweden,SWE,2007,490047789548.441
Sweden,SWE,2006,422528394459.353
Sweden,SWE,2005,391688455928.597
Sweden,SWE,2004,384545442175.019
Sweden,SWE,2003,334072443515.576
Sweden,SWE,2002,267371907446.776
Sweden,SWE,2001,242497797484.776
Sweden,SWE,2000,262903560280.282
Sweden,SWE,1999,274318357862.122
Sweden,SWE,1998,270887306758.576
Sweden,SWE,1997,268249616890.856
Sweden,SWE,1996,291949597375.485
Sweden,SWE,1995,267050453506.792
Sweden,SWE,1994,228699066874.028
Sweden,SWE,1993,212644602615.823
Sweden,SWE,1992,283908914454.48
Sweden,SWE,1991,273831464572.137
Sweden,SWE,1990,261466577008.853
Sweden,SWE,1989,217632340194.512
Sweden,SWE,1988,206686590775.558
Sweden,SWE,1987,182744315973.756
Sweden,SWE,1986,150279869728.789
Sweden,SWE,1985,113958084357.094
Sweden,SWE,1984,109043045407.287
Sweden,SWE,1983,104862109663.367
Sweden,SWE,1982,114214731798.937
Sweden,SWE,1981,129498921475.688
Sweden,SWE,1980,141886067003.972
Sweden,SWE,1979,123207527699.377
Sweden,SWE,1978,104290933495.629
Sweden,SWE,1977,94331782622.2778
Sweden,SWE,1976,89232517045.8459
Sweden,SWE,1975,82765232647.753
Sweden,SWE,1974,65917634590.2599
Sweden,SWE,1973,59318842992.2378
Sweden,SWE,1972,48883173399.9664
Sweden,SWE,1971,41506151114.9262
Sweden,SWE,1970,38037226668.2131
Sweden,SWE,1969,33967301561.0634
Sweden,SWE,1968,31277871668.8452
Sweden,SWE,1967,29474881505.9928
Sweden,SWE,1966,27154716721.2854
Sweden,SWE,1965,24963947414.6983
Sweden,SWE,1964,22685490195.3119
Sweden,SWE,1963,20342131881.5074
Sweden,SWE,1962,18794066990.0612
Sweden,SWE,1961,17329620584.6147
Sweden,SWE,1960,15930075466.8898
Switzerland,CHE,2024,936564198048.516
Switzerland,CHE,2023,894424821645.205
Switzerland,CHE,2022,828508926958.393
Switzerland,CHE,2021,815309330986.719
Switzerland,CHE,2020,741999406005.627
Switzerland,CHE,2019,721369112726.724
Switzerland,CHE,2018,725568717468.001
Switzerland,CHE,2017,695200833086.499
Switzerland,CHE,2016,687895460902.713
Switzerland,CHE,2015,694118186379.628
Switzerland,CHE,2014,726537808338.0
Switzerland,CHE,2013,706234937370.968
Switzerland,CHE,2012,686420221557.99
Switzerland,CHE,2011,715888126682.396
Switzerland,CHE,2010,598851028906.58
Switzerland,CHE,2009,554212916092.271
Switzerland,CHE,2008,567267767519.158
Switzerland,CHE,2007,490740715594.802
Switzerland,CHE,2006,441634672196.523
Switzerland,CHE,2005,418284865884.998
Switzerland,CHE,2004,403912891033.374
Switzerland,CHE,2003,362075086507.76
Switzerland,CHE,2002,309301422430.386
Switzerland,CHE,2001,286582672434.226
Switzerland,CHE,2000,279216033870.204
Switzerland,CHE,1999,297873643323.126
Switzerland,CHE,1998,303459014346.806
Switzerland,CHE,1997,294788198856.198
Switzerland,CHE,1996,340103959546.926
Switzerland,CHE,1995,352835806342.495
Switzerland,CHE,1994,301375055202.164
Switzerland,CHE,1993,272237527070.926
Switzerland,CHE,1992,279921425828.474
Switzerland,CHE,1991,268901693863.319
Switzerland,CHE,1990,265763573999.424
Switzerland,CHE,1989,208105846934.409
Switzerland,CHE,1988,215540625298.982
Switzerland,CHE,1987,199236370037.554
Switzerland,CHE,1986,159089921062.872
Switzerland,CHE,1985,110980314191.527
Switzerland,CHE,1984,109455312167.511
Switzerland,CHE,1983,114634358534.61
Switzerland,CHE,1982,115043365512.486
Switzerland,CHE,1981,112244805518.786
Switzerland,CHE,1980,122557843886.137
Switzerland,CHE,1979,114970094424.731
Switzerland,CHE,1978,102280472035.794
Switzerland,CHE,1977,73135771167.048
Switzerland,CHE,1976,68476524643.943
Switzerland,CHE,1975,65466081819.2384
Switzerland,CHE,1974,57103011445.6416
Switzerland,CHE,1973,49550006319.5147
Switzerland,CHE,1972,36844318854.2403
Switzerland,CHE,1971,30040171750.6471
Switzerland,CHE,1970,24998066773.3821
Switzerland,CHE,1969,22442043274.074
Switzerland,CHE,1968,20712102793.8026
Switzerland,CHE,1967,19397044714.0963
Switzerland,CHE,1966,18019402373.5388
Switzerland,CHE,1965,16780226225.085
Switzerland,CHE,1964,15833133857.6281
Switzerland,CHE,1963,14283872299.0456
Switzerland,CHE,1962,12989649694.2812
Switzerland,CHE,1961,11713348834.3069
Switzerland,CHE,1960,10412232620.5258
Syrian Arab Republic,SYR,2022,23622827079.5047
Syrian Arab Republic,SYR,2021,14353205678.4991
Syrian Arab Republic,SYR,2020,12047752036.091
Syrian Arab Republic,SYR,2019,22583045060.0821
Syrian Arab Republic,SYR,2018,21497782867.6426
Syrian Arab Republic,SYR,2017,16369843352.3453
Syrian Arab Republic,SYR,2016,12597854877.4254
Syrian Arab Republic,SYR,2015,16466863117.0009
Syrian Arab Republic,SYR,2014,21502061465.9498
Syrian Arab Republic,SYR,2013,21361254635.051
Syrian Arab Republic,SYR,2012,43190318032.5627
Syrian Arab Republic,SYR,2011,67539428159.4474
Syrian Arab Republic,SYR,2010,61390830874.7007
Syrian Arab Republic,SYR,2009,54111735628.7065
Syrian Arab Republic,SYR,2008,52557913568.9549
Syrian Arab Republic,SYR,2007,40465318382.0585
Syrian Arab Republic,SYR,2006,33751788856.305
Syrian Arab Republic,SYR,2005,28858965517.2414
Syrian Arab Republic,SYR,2004,25086950495.0495
Syrian Arab Republic,SYR,2003,21828144686.0394
Syrian Arab Republic,SYR,2002,20669357462.3831
Syrian Arab Republic,SYR,2001,20237024724.7039
Syrian Arab Republic,SYR,2000,18937052543.4373
Syrian Arab Republic,SYR,1999,15873875968.9922
Syrian Arab Republic,SYR,1998,15200846153.8462
Syrian Arab Republic,SYR,1997,14505233463.035
Syrian Arab Republic,SYR,1996,13789560878.2435
Syrian Arab Republic,SYR,1995,11396706586.8263
Syrian Arab Republic,SYR,1994,10122020000.0
Syrian Arab Republic,SYR,1993,13695962055.4771
Syrian Arab Republic,SYR,1992,13253565861.1424
Syrian Arab Republic,SYR,1991,12981833333.3333
Syrian Arab Republic,SYR,1990,12308624417.8268
Syrian Arab Republic,SYR,1989,9853395761.63227
Syrian Arab Republic,SYR,1988,10577041644.9944
Syrian Arab Republic,SYR,1987,11356215543.3043
Syrian Arab Republic,SYR,1986,13293205278.2803
Syrian Arab Republic,SYR,1985,16403539892.7783
Syrian Arab Republic,SYR,1984,17503078174.0039
Syrian Arab Republic,SYR,1983,17589277143.1314
Syrian Arab Republic,SYR,1982,16298929011.4681
Syrian Arab Republic,SYR,1981,15518201335.3151
Syrian Arab Republic,SYR,1980,13062420382.1656
Syrian Arab Republic,SYR,1979,9929681528.66242
Syrian Arab Republic,SYR,1978,9275200458.19015
Syrian Arab Republic,SYR,1977,7696011396.0114
Syrian Arab Republic,SYR,1976,7633528866.93424
Syrian Arab Republic,SYR,1975,6826980444.14982
Syrian Arab Republic,SYR,1974,5159557147.50895
Syrian Arab Republic,SYR,1973,3239487516.42576
Syrian Arab Republic,SYR,1972,3059681697.61273
Syrian Arab Republic,SYR,1971,2589851325.14544
Syrian Arab Republic,SYR,1970,2140384010.0724
Syrian Arab Republic,SYR,1969,2245011514.55676
Syrian Arab Republic,SYR,1968,1753746429.62092
Syrian Arab Republic,SYR,1967,1580229799.42693
Syrian Arab Republic,SYR,1966,1342287553.19149
Syrian Arab Republic,SYR,1965,1472036540.13329
Syrian Arab Republic,SYR,1964,1339494267.01571
Syrian Arab Republic,SYR,1963,1200447408.37696
Syrian Arab Republic,SYR,1962,1110565880.75881
Syrian Arab Republic,SYR,1961,945244972.067039
Syrian Arab Republic,SYR,1960,857704413.407821
Tajikistan,TJK,2024,14204575548.5536
Tajikistan,TJK,2023,12244169292.7998
Tajikistan,TJK,2022,10713525200.3998
Tajikistan,TJK,2021,8937805347.13963
Tajikistan,TJK,2020,8133963550.65742
Tajikistan,TJK,2019,8300813599.3084
Tajikistan,TJK,2018,7764999999.45362
Tajikistan,TJK,2017,7536402852.85802
Tajikistan,TJK,2016,6992416096.89018
Tajikistan,TJK,2015,8271431485.07484
Tajikistan,TJK,2014,9112605459.32845
Tajikistan,TJK,2013,8448411318.25417
Tajikistan,TJK,2012,7633036903.07634
Tajikistan,TJK,2011,6522756255.012
Tajikistan,TJK,2010,5642221099.17704
Tajikistan,TJK,2009,4979472364.4534
Tajikistan,TJK,2008,5161299725.27673
Tajikistan,TJK,2007,3719524540.86193
Tajikistan,TJK,2006,2830213848.6203
Tajikistan,TJK,2005,2312352020.6689
Tajikistan,TJK,2004,2076176869.41089
Tajikistan,TJK,2003,1555318261.4172
Tajikistan,TJK,2002,1221106220.2868
Tajikistan,TJK,2001,1080772551.29433
Tajikistan,TJK,2000,860541842.263697
Tajikistan,TJK,1999,1086612290.27171
Tajikistan,TJK,1998,1320199581.52261
Tajikistan,TJK,1997,921518032.909326
Tajikistan,TJK,1996,1043654822.33503
Tajikistan,TJK,1995,1231561860.39946
Tajikistan,TJK,1994,1522001205.54551
Tajikistan,TJK,1993,1646623195.15603
Tajikistan,TJK,1992,1908554572.27139
Tajikistan,TJK,1991,2536585365.85366
Tajikistan,TJK,1990,2629395066.27017
Tanzania,TZA,2024,78844405385.2195
Tanzania,TZA,2023,79030935627.0781
Tanzania,TZA,2022,75749121842.9149
Tanzania,TZA,2021,70655628147.8986
Tanzania,TZA,2020,66068737786.0639
Tanzania,TZA,2019,61026731925.9213
Tanzania,TZA,2018,57003712892.0858
Tanzania,TZA,2017,53274884532.7886
Tanzania,TZA,2016,49774409374.4538
Tanzania,TZA,2015,47413919817.124
Tanzania,TZA,2014,49986726460.6805
Tanzania,TZA,2013,45648857242.315
Tanzania,TZA,2012,39650394362.9287
Tanzania,TZA,2011,34657140096.4836
Tanzania,TZA,2010,32012892919.37
Tanzania,TZA,2009,29400573553.6075
Tanzania,TZA,2008,27947821397.9272
Tanzania,TZA,2007,21860434823.4808
Tanzania,TZA,2006,18619859795.2852
Tanzania,TZA,2005,18395383647.4975
Tanzania,TZA,2004,16673062473.3981
Tanzania,TZA,2003,15211487708.7684
Tanzania,TZA,2002,14129651895.6911
Tanzania,TZA,2001,13563990022.3641
Tanzania,TZA,2000,13371767081.7428
Tanzania,TZA,1999,12704334195.8151
Tanzania,TZA,1998,12172790056.3733
Tanzania,TZA,1997,11158197941.9152
Tanzania,TZA,1996,9433528150.36609
Tanzania,TZA,1995,7631431840.49992
Tanzania,TZA,1994,6550480483.9385
Tanzania,TZA,1993,6182872707.82523
Tanzania,TZA,1992,6681997469.31292
Tanzania,TZA,1991,7197768158.58347
Tanzania,TZA,1990,6184384225.02712
Tanzania,TZA,1989,6418799006.80247
Tanzania,TZA,1988,7406614407.46127
Tanzania,TZA,1987,7824193222.11908
Tanzania,TZA,1986,10840864521.2338
Tanzania,TZA,1985,15328295175.4067
Tanzania,TZA,1984,12906635133.1557
Tanzania,TZA,1983,14049883809.0089
Tanzania,TZA,1982,13927383239.8322
Tanzania,TZA,1981,13161540377.5792
Tanzania,TZA,1980,11409228086.7463
Tanzania,TZA,1979,9804637490.81892
Tanzania,TZA,1978,9261675709.83072
Tanzania,TZA,1977,7732598995.10303
Tanzania,TZA,1976,6472511987.84735
Tanzania,TZA,1975,5729917839.54264
Tanzania,TZA,1974,4977337978.35959
Tanzania,TZA,1973,4144104535.49655
Tanzania,TZA,1972,3472787266.0964
Tanzania,TZA,1971,3050673517.33059
Tanzania,TZA,1970,2851419386.07225
Tanzania,TZA,1969,5142066811.47328
Tanzania,TZA,1968,4895251824.05927
Tanzania,TZA,1967,4565132047.52718
Tanzania,TZA,1966,4377998825.12047
Tanzania,TZA,1965,3817226546.22938
Tanzania,TZA,1964,3748840925.06363
Tanzania,TZA,1963,3456579293.44828
Tanzania,TZA,1962,3101589992.664
Tanzania,TZA,1961,2826179031.22839
Tanzania,TZA,1960,2651729807.38808
Thailand,THA,2024,526517658841.684
Thailand,THA,2023,515906283940.933
Thailand,THA,2022,495644697587.661
Thailand,THA,2021,506194668789.937
Thailand,THA,2020,500461898480.246
Thailand,THA,2019,543976691793.886
Thailand,THA,2018,506754208404.485
Thailand,THA,2017,456356813536.764
Thailand,THA,2016,413366349747.508
Thailand,THA,2015,401296238228.084
Thailand,THA,2014,407339040197.651
Thailand,THA,2013,420333654592.547
Thailand,THA,2012,397558325278.579
Thailand,THA,2011,370818739623.622
Thailand,THA,2010,341104766329.17
Thailand,THA,2009,281710630187.319
Thailand,THA,2008,291382982430.951
Thailand,THA,2007,262942621455.053
Thailand,THA,2006,221758296021.621
Thailand,THA,2005,189318408468.595
Thailand,THA,2004,172895685154.658
Thailand,THA,2003,152280615245.887
Thailand,THA,2002,134300904400.022
Thailand,THA,2001,120296476180.402
Thailand,THA,2000,126392224253.794
Thailand,THA,1999,126669211778.94
Thailand,THA,1998,113675596787.738
Thailand,THA,1997,150180456565.728
Thailand,THA,1996,183035237429.281
Thailand,THA,1995,169278916592.843
Thailand,THA,1994,146683778959.101
Thailand,THA,1993,128889262951.157
Thailand,THA,1992,111452746517.655
Thailand,THA,1991,98234714971.0612
Thailand,THA,1990,85343190719.0107
Thailand,THA,1989,72250748099.9762
Thailand,THA,1988,61667253471.3736
Thailand,THA,1987,50535446554.8769
Thailand,THA,1986,43096773980.8569
Thailand,THA,1985,38900711332.5373
Thailand,THA,1984,41797647775.6238
Thailand,THA,1983,40042798388.4951
Thailand,THA,1982,36589772403.7566
Thailand,THA,1981,34846039193.6131
Thailand,THA,1980,32353514988.7287
Thailand,THA,1979,27371650824.5092
Thailand,THA,1978,24006566636.6855
Thailand,THA,1977,19779312261.3155
Thailand,THA,1976,16985208648.2112
Thailand,THA,1975,14882770593.9796
Thailand,THA,1974,13702998512.4492
Thailand,THA,1973,10838587357.7466
Thailand,THA,1972,8177873151.04224
Thailand,THA,1971,7375000024.03846
Thailand,THA,1970,7086538437.5
Thailand,THA,1969,6695336567.30769
Thailand,THA,1968,6081009427.88461
Thailand,THA,1967,5638461442.30769
Thailand,THA,1966,5279230817.30769
Thailand,THA,1965,4388937649.03846
Thailand,THA,1964,3889129942.30769
Thailand,THA,1963,3540403456.55305
Thailand,THA,1962,3308912796.93487
Thailand,THA,1961,3034037810.96795
Thailand,THA,1960,2760750860.62197
Timor-Leste,TLS,2024,1865608515.41321
Timor-Leste,TLS,2023,2079767170.22651
Timor-Leste,TLS,2022,3208599889.00965
Timor-Leste,TLS,2021,3625024341.27346
Timor-Leste,TLS,2020,2162619240.86927
Timor-Leste,TLS,2019,2032550389.41316
Timor-Leste,TLS,2018,1555988614.43594
Timor-Leste,TLS,2017,1584878439.93596
Timor-Leste,TLS,2016,1640464612.08088
Timor-Leste,TLS,2015,1590282371.46446
Timor-Leste,TLS,2014,1447535182.8616
Timor-Leste,TLS,2013,1395727420.71268
Timor-Leste,TLS,2012,1160555039.5788
Timor-Leste,TLS,2011,1042534597.52614
Timor-Leste,TLS,2010,881909347.096515
Timor-Leste,TLS,2009,726937835.848612
Timor-Leste,TLS,2008,648523571.342018
Timor-Leste,TLS,2007,542795446.507391
Timor-Leste,TLS,2006,453792414.597114
Timor-Leste,TLS,2005,462267954.030558
Timor-Leste,TLS,2004,440771962.234046
Timor-Leste,TLS,2003,490439116.183565
Timor-Leste,TLS,2002,469455490.775238
Timor-Leste,TLS,2001,477359252.614385
Timor-Leste,TLS,2000,366924276.517996
Timor-Leste,TLS,1999,225357600.0
Timor-Leste,TLS,1998,325729800.0
Timor-Leste,TLS,1997,319972700.0
Timor-Leste,TLS,1996,306956900.0
Timor-Leste,TLS,1995,262819900.0
Timor-Leste,TLS,1994,239040500.0
Timor-Leste,TLS,1993,216914400.0
Timor-Leste,TLS,1992,187891500.0
Timor-Leste,TLS,1991,147713000.0
Timor-Leste,TLS,1990,128210142.0
Togo,TGO,2024,10651180146.531
Togo,TGO,2023,9816236302.58515
Togo,TGO,2022,8646453099.4124
Togo,TGO,2021,8541668141.26198
Togo,TGO,2020,7486031561.86885
Togo,TGO,2019,6992654019.28876
Togo,TGO,2018,7029215766.46367
Togo,TGO,2017,6387424239.8801
Togo,TGO,2016,6071167584.1951
Togo,TGO,2015,5755457836.01866
Togo,TGO,2014,6393314707.85456
Togo,TGO,2013,6021729629.82454
Togo,TGO,2012,5413541649.14901
Togo,TGO,2011,5422439152.10906
Togo,TGO,2010,4746386893.22553
Togo,TGO,2009,4721888275.26937
Togo,TGO,2008,4578847112.70688
Togo,TGO,2007,3759962853.26476
Togo,TGO,2006,3320907721.74508
Togo,TGO,2005,3221910408.46516
Togo,TGO,2004,3191561508.69088
Togo,TGO,2003,2987984050.99318
Togo,TGO,2002,2410199032.43102
Togo,TGO,2001,2093498674.49678
Togo,TGO,2000,2106848752.27753
Togo,TGO,1999,2226577203.91399
Togo,TGO,1998,2241650112.33333
Togo,TGO,1997,2116818622.95834
Togo,TGO,1996,2069506014.46659
Togo,TGO,1995,1849110468.19569
Togo,TGO,1994,1387662121.46736
Togo,TGO,1993,1741944426.20894
Togo,TGO,1992,2390796915.91958
Togo,TGO,1991,2262767860.10937
Togo,TGO,1990,2299665505.61434
Togo,TGO,1989,1910635575.38044
Togo,TGO,1988,1947208354.22555
Togo,TGO,1987,1763978065.8368
Togo,TGO,1986,1498219578.86978
Togo,TGO,1985,1076604520.42427
Togo,TGO,1984,1014170069.21689
Togo,TGO,1983,1081387264.60786
Togo,TGO,1982,1160337039.38068
Togo,TGO,1981,1359026709.45126
Togo,TGO,1980,1604836915.96662
Togo,TGO,1979,1259365711.53521
Togo,TGO,1978,1164025637.26464
Togo,TGO,1977,1097893825.98815
Togo,TGO,1976,874681611.928369
Togo,TGO,1975,871781686.907321
Togo,TGO,1974,791450308.362944
Togo,TGO,1973,574030983.980053
Togo,TGO,1972,474043921.843537
Togo,TGO,1971,404648367.76644
Togo,TGO,1970,358665753.909298
Togo,TGO,1969,378091809.602636
Togo,TGO,1968,341691567.465593
Togo,TGO,1967,327215843.636336
Togo,TGO,1966,305227594.821437
Togo,TGO,1965,264505506.022433
Togo,TGO,1964,234572186.455851
Togo,TGO,1963,202305865.235908
Togo,TGO,1962,186745757.859216
Togo,TGO,1961,178497098.264275
Togo,TGO,1960,171057069.137772
Tonga,TON,2023,591139749.44287
Tonga,TON,2022,556514555.400882
Tonga,TON,2021,519306352.78704
Tonga,TON,2020,506571467.895978
Tonga,TON,2019,506031238.979937
Tonga,TON,2018,493530783.00463
Tonga,TON,2017,459976850.268529
Tonga,TON,2016,420828262.317922
Tonga,TON,2015,437525514.240726
Tonga,TON,2014,440997738.014078
Tonga,TON,2013,451788498.263614
Tonga,TON,2012,471122971.305043
Tonga,TON,2011,414143828.494419
Tonga,TON,2010,366887374.989696
Tonga,TON,2009,312415028.446113
Tonga,TON,2008,344438844.333518
Tonga,TON,2007,298519623.342085
Tonga,TON,2006,292232703.306768
Tonga,TON,2005,261823805.433238
Tonga,TON,2004,230678011.42199
Tonga,TON,2003,202246591.215502
Tonga,TON,2002,182764280.828501
Tonga,TON,2001,181117230.406546
Tonga,TON,2000,204848487.806485
Tonga,TON,1999,199208717.501913
Tonga,TON,1998,191504892.761394
Tonga,TON,1997,214991452.314998
Tonga,TON,1996,222100576.345483
Tonga,TON,1995,208871665.748682
Tonga,TON,1994,195990986.21421
Tonga,TON,1993,138489884.393064
Tonga,TON,1992,137066290.550071
Tonga,TON,1991,132201141.446861
Tonga,TON,1990,113563821.577404
Tonga,TON,1989,106344854.986095
Tonga,TON,1988,106657267.367342
Tonga,TON,1987,81667133.4546982
Tonga,TON,1986,68195855.6149733
Tonga,TON,1985,60058663.3144773
Tonga,TON,1984,64248354.5414656
Tonga,TON,1983,60863963.963964
Tonga,TON,1982,62068161.0711025
Tonga,TON,1981,62242013.3302689
Tonga,TON,1980,53260077.4311091
Tonga,TON,1979,44667002.0120724
Tonga,TON,1978,41567471.6721987
Tonga,TON,1977,34139387.8908849
Tonga,TON,1976,30036416.9619944
Tonga,TON,1975,32506741.7201204
Trinidad and Tobago,TTO,2024,25633544529.4849
Trinidad and Tobago,TTO,2023,25036993423.3664
Trinidad and Tobago,TTO,2022,28341164301.126
Trinidad and Tobago,TTO,2021,24222963262.7213
Trinidad and Tobago,TTO,2020,20888515184.2239
Trinidad and Tobago,TTO,2019,23477745791.6977
Trinidad and Tobago,TTO,2018,23883058083.2171
Trinidad and Tobago,TTO,2017,23830750900.6899
Trinidad and Tobago,TTO,2016,23624322192.6274
Trinidad and Tobago,TTO,2015,26841141793.2143
Trinidad and Tobago,TTO,2014,29474180005.1333
Trinidad and Tobago,TTO,2013,28560537057.1548
Trinidad and Tobago,TTO,2012,27147349937.4689
Trinidad and Tobago,TTO,2011,25433007437.1605
Trinidad and Tobago,TTO,2010,22157920592.3669
Trinidad and Tobago,TTO,2009,19172165225.5015
Trinidad and Tobago,TTO,2008,27871587349.5413
Trinidad and Tobago,TTO,2007,21641620049.9352
Trinidad and Tobago,TTO,2006,18369361094.3886
Trinidad and Tobago,TTO,2005,15982389018.4041
Trinidad and Tobago,TTO,2004,13280291989.5755
Trinidad and Tobago,TTO,2003,11305459802.0683
Trinidad and Tobago,TTO,2002,9008298228.60273
Trinidad and Tobago,TTO,2001,8824849191.03571
Trinidad and Tobago,TTO,2000,8154342116.10311
Trinidad and Tobago,TTO,1999,6808982520.75759
Trinidad and Tobago,TTO,1998,6043686653.62189
Trinidad and Tobago,TTO,1997,5737771523.10148
Trinidad and Tobago,TTO,1996,5759570336.11287
Trinidad and Tobago,TTO,1995,5329217747.21258
Trinidad and Tobago,TTO,1994,4947181645.55221
Trinidad and Tobago,TTO,1993,4669491134.2478
Trinidad and Tobago,TTO,1992,5439552941.17647
Trinidad and Tobago,TTO,1991,5307905882.35294
Trinidad and Tobago,TTO,1990,5068000000.0
Trinidad and Tobago,TTO,1989,4323058823.52941
Trinidad and Tobago,TTO,1988,4496910569.10569
Trinidad and Tobago,TTO,1987,4797777777.77778
Trinidad and Tobago,TTO,1986,4794444444.44444
Trinidad and Tobago,TTO,1985,7375918367.34694
Trinidad and Tobago,TTO,1984,7757083333.33333
Trinidad and Tobago,TTO,1983,7763750000.0
Trinidad and Tobago,TTO,1982,8140416666.66667
Trinidad and Tobago,TTO,1981,6992083333.33333
Trinidad and Tobago,TTO,1980,6235833333.33333
Trinidad and Tobago,TTO,1979,4602416625.0
Trinidad and Tobago,TTO,1978,3562333458.33333
Trinidad and Tobago,TTO,1977,3138666666.66667
Trinidad and Tobago,TTO,1976,2500424955.23006
Trinidad and Tobago,TTO,1975,2442669824.56431
Trinidad and Tobago,TTO,1974,2042001070.5079
Trinidad and Tobago,TTO,1973,1308785430.53591
Trinidad and Tobago,TTO,1972,1083391757.89486
Trinidad and Tobago,TTO,1971,896765214.626133
Trinidad and Tobago,TTO,1970,821850000.0
Trinidad and Tobago,TTO,1969,779200000.0
Trinidad and Tobago,TTO,1968,758899950.0
Trinidad and Tobago,TTO,1967,761981912.42271
Trinidad and Tobago,TTO,1966,723739857.317023
Trinidad and Tobago,TTO,1965,736573158.567104
Trinidad and Tobago,TTO,1964,711897520.256199
Trinidad and Tobago,TTO,1963,678239329.401676
Trinidad and Tobago,TTO,1962,619322810.026308
Trinidad and Tobago,TTO,1961,584964620.921781
Trinidad and Tobago,TTO,1960,535673252.483535
Tunisia,TUN,2024,51332285656.5422
Tunisia,TUN,2023,48205328303.3398
Tunisia,TUN,2022,44929920092.7955
Tunisia,TUN,2021,47073234359.1819
Tunisia,TUN,2020,42491780918.361
Tunisia,TUN,2019,41905642418.825
Tunisia,TUN,2018,42686504459.801
Tunisia,TUN,2017,42163530590.9462
Tunisia,TUN,2016,44360072680.4476
Tunisia,TUN,2015,45779494041.9295
Tunisia,TUN,2014,50271812920.612
Tunisia,TUN,2013,48685446413.953
Tunisia,TUN,2012,47311401812.6733
Tunisia,TUN,2011,48123325825.0739
Tunisia,TUN,2010,46206091937.9628
Tunisia,TUN,2009,43455740497.3061
Tunisia,TUN,2008,44859439902.2191
Tunisia,TUN,2007,38915353866.757
Tunisia,TUN,2006,34376664600.5898
Tunisia,TUN,2005,32272186694.8043
Tunisia,TUN,2004,31183885241.4396
Tunisia,TUN,2003,27453902261.4629
Tunisia,TUN,2002,23141616604.5242
Tunisia,TUN,2001,22065832448.8623
Tunisia,TUN,2000,21473528160.7782
Tunisia,TUN,1999,22943202174.9668
Tunisia,TUN,1998,21802893587.126
Tunisia,TUN,1997,20746210353.845
Tunisia,TUN,1996,19587161806.7655
Tunisia,TUN,1995,18030876599.3444
Tunisia,TUN,1994,15633174304.0905
Tunisia,TUN,1993,14608335608.1543
Tunisia,TUN,1992,15496708060.4184
Tunisia,TUN,1991,13074782608.6957
Tunisia,TUN,1990,12290568181.8182
Tunisia,TUN,1989,10101851744.5627
Tunisia,TUN,1988,10096245762.4352
Tunisia,TUN,1987,9696715910.70907
Tunisia,TUN,1986,9017806654.4169
Tunisia,TUN,1985,8410226052.6114
Tunisia,TUN,1984,8254541194.82566
Tunisia,TUN,1983,8350582747.83541
Tunisia,TUN,1982,8133580051.70251
Tunisia,TUN,1981,8428445294.08429
Tunisia,TUN,1980,8744134354.16152
Tunisia,TUN,1979,7188863903.63675
Tunisia,TUN,1978,5968460080.1113
Tunisia,TUN,1977,5109324009.32401
Tunisia,TUN,1976,4508191942.16081
Tunisia,TUN,1975,4328965587.53266
Tunisia,TUN,1974,3545868575.14639
Tunisia,TUN,1973,2730813385.32624
Tunisia,TUN,1972,2237556148.51085
Tunisia,TUN,1971,1685162272.40652
Tunisia,TUN,1970,1439238095.2381
Tunisia,TUN,1969,1289904761.90476
Tunisia,TUN,1968,1214666666.66667
Tunisia,TUN,1967,1085714285.71429
Tunisia,TUN,1966,1040952380.95238
Tunisia,TUN,1965,991047619.047619
Tunisia,TUN,1964,1025866792.15686
Tunisia,TUN,1963,1026737600.0
Tunisia,TUN,1962,880027733.333333
Tunisia,TUN,1961,866155428.571429
Turkiye,TUR,2024,1359123768774.12
Turkiye,TUR,2023,1141242864657.45
Turkiye,TUR,2022,926097476913.818
Turkiye,TUR,2021,839938668172.134
Turkiye,TUR,2020,733628247119.077
Turkiye,TUR,2019,775853144222.613
Turkiye,TUR,2018,788356985773.667
Turkiye,TUR,2017,863874522365.276
Turkiye,TUR,2016,870818016909.84
Turkiye,TUR,2015,865460050683.656
Turkiye,TUR,2014,942343431928.654
Turkiye,TUR,2013,962167643588.925
Turkiye,TUR,2012,885327622479.052
Turkiye,TUR,2011,844192507380.795
Turkiye,TUR,2010,782545664268.333
Turkiye,TUR,2009,653894449921.288
Turkiye,TUR,2008,775415944332.866
Turkiye,TUR,2007,685228481017.03
Turkiye,TUR,2006,559668118237.002
Turkiye,TUR,2005,508314210212.544
Turkiye,TUR,2004,410156784495.948
Turkiye,TUR,2003,315392899922.379
Turkiye,TUR,2002,240778008473.845
Turkiye,TUR,2001,202195080239.036
Turkiye,TUR,2000,274748463178.502
Turkiye,TUR,1999,256673939247.773
Turkiye,TUR,1998,276035372654.608
Turkiye,TUR,1997,263817553748.395
Turkiye,TUR,1996,250366965174.129
Turkiye,TUR,1995,234699627004.035
Turkiye,TUR,1994,130650447499.071
Turkiye,TUR,1993,180415757851.616
Turkiye,TUR,1992,159104772991.851
Turkiye,TUR,1991,151034731543.624
Turkiye,TUR,1990,150655500191.644
Turkiye,TUR,1989,107127191328.935
Turkiye,TUR,1988,90875175808.7201
Turkiye,TUR,1987,87190081680.28
Turkiye,TUR,1986,75673037037.037
Turkiye,TUR,1985,67232758620.6897
Turkiye,TUR,1984,59937602179.8365
Turkiye,TUR,1983,61803555555.5556
Turkiye,TUR,1982,64369325153.3742
Turkiye,TUR,1981,71180180180.1802
Turkiye,TUR,1980,68823684210.5263
Turkiye,TUR,1979,89616129032.2581
Turkiye,TUR,1978,65912500000.0
Turkiye,TUR,1977,58683333333.3333
Turkiye,TUR,1976,51450000000.0
Turkiye,TUR,1975,46042857142.8571
Turkiye,TUR,1974,35414285714.2857
Turkiye,TUR,1973,26000000000.0
Turkiye,TUR,1972,20650000000.0
Turkiye,TUR,1971,16166666666.6667
Turkiye,TUR,1970,17863636363.6364
Turkiye,TUR,1969,19466666666.6667
Turkiye,TUR,1968,17500000000.0
Turkiye,TUR,1967,15644444444.4444
Turkiye,TUR,1966,14100000000.0
Turkiye,TUR,1965,11966666666.6667
Turkiye,TUR,1964,11177777777.7778
Turkiye,TUR,1963,10355555555.5556
Turkiye,TUR,1962,8922222222.22222
Turkiye,TUR,1961,7988888888.88889
Turkiye,TUR,1960,7566666666.66667
Turkmenistan,TKM,2024,51387209872.2994
Turkmenistan,TKM,2023,45894538665.5538
Turkmenistan,TKM,2022,42208726137.7192
Turkmenistan,TKM,2021,40589905812.0364
Turkmenistan,TKM,2020,41509903181.7231
Turkmenistan,TKM,2019,40810067974.509
Turkmenistan,TKM,2018,40765428571.4286
Turkmenistan,TKM,2017,37926285714.2857
Turkmenistan,TKM,2016,36169428571.4286
Turkmenistan,TKM,2015,35799714285.7143
Turkmenistan,TKM,2014,43524210526.3158
Turkmenistan,TKM,2013,39197543859.6491
Turkmenistan,TKM,2012,35164210526.3158
Turkmenistan,TKM,2011,29233333333.3333
Turkmenistan,TKM,2010,22583157894.7368
Turkmenistan,TKM,2009,20214385964.9123
Turkmenistan,TKM,2008,19271523178.8079
Turkmenistan,TKM,2007,12664165103.1895
Turkmenistan,TKM,2006,10276674364.8961
Turkmenistan,TKM,2005,8103901996.37024
Turkmenistan,TKM,2004,6838351088.46688
Turkmenistan,TKM,2003,5977440582.80171
Turkmenistan,TKM,2002,4462029108.72349
Turkmenistan,TKM,2001,3534772732.39746
Turkmenistan,TKM,2000,2904663310.9825
Turkmenistan,TKM,1999,2450564100.18292
Turkmenistan,TKM,1998,2605689134.49042
Turkmenistan,TKM,1997,2450350625.10407
Turkmenistan,TKM,1996,2378759975.44506
Turkmenistan,TKM,1995,2482228439.71407
Turkmenistan,TKM,1994,2561118608.35516
Turkmenistan,TKM,1993,3179225948.58114
Turkmenistan,TKM,1992,3200539816.0601
Turkmenistan,TKM,1991,3208098919.0146
Turkmenistan,TKM,1990,3189539641.3171
Turkmenistan,TKM,1989,3006988216.55045
Turkmenistan,TKM,1988,3010982414.24425
Turkmenistan,TKM,1987,2331358819.75954
Turks and Caicos Islands,TCA,2024,1745378000.0
Turks and Caicos Islands,TCA,2023,1638653000.0
Turks and Caicos Islands,TCA,2022,1434119000.0
Turks and Caicos Islands,TCA,2021,1236459000.0
Turks and Caicos Islands,TCA,2020,918387000.0
Turks and Caicos Islands,TCA,2019,1371838000.0
Turks and Caicos Islands,TCA,2018,1314329000.0
Turks and Caicos Islands,TCA,2017,1197958000.0
Turks and Caicos Islands,TCA,2016,1202078000.0
Turks and Caicos Islands,TCA,2015,1078274000.0
Turks and Caicos Islands,TCA,2014,956605000.0
Turks and Caicos Islands,TCA,2013,863328000.0
Turks and Caicos Islands,TCA,2012,832848000.0
Turks and Caicos Islands,TCA,2011,842941000.0
Turks and Caicos Islands,TCA,2010,686788000.0
Turks and Caicos Islands,TCA,2009,703176000.0
Turks and Caicos Islands,TCA,2008,862684000.0
Turks and Caicos Islands,TCA,2007,773490000.0
Turks and Caicos Islands,TCA,2006,721891500.0
Turks and Caicos Islands,TCA,2005,578645800.0
Turks and Caicos Islands,TCA,2004,485598800.0
Turks and Caicos Islands,TCA,2003,409753600.0
Turks and Caicos Islands,TCA,2002,366707900.0
Turks and Caicos Islands,TCA,2001,358744800.0
Tuvalu,TUV,2023,62280311.5852172
Tuvalu,TUV,2022,59065982.0873657
Tuvalu,TUV,2021,60196405.7138393
Tuvalu,TUV,2020,51746594.3148543
Tuvalu,TUV,2019,54123198.5662913
Tuvalu,TUV,2018,48015259.8751356
Tuvalu,TUV,2017,45276595.3533146
Tuvalu,TUV,2016,41629064.2232388
Tuvalu,TUV,2015,36811936.0824587
Tuvalu,TUV,2014,38760982.6540096
Tuvalu,TUV,2013,38615890.6320745
Tuvalu,TUV,2012,39345579.4723758
Tuvalu,TUV,2011,39196957.4908996
Tuvalu,TUV,2010,32105408.4771121
Tuvalu,TUV,2009,28076983.9703819
Tuvalu,TUV,2008,31874434.857882
Tuvalu,TUV,2007,28450168.692765
Tuvalu,TUV,2006,24096875.4635825
Tuvalu,TUV,2005,22909979.8163078
Tuvalu,TUV,2004,22798274.9795551
Tuvalu,TUV,2003,19456338.0318228
Tuvalu,TUV,2002,16842672.5952874
Tuvalu,TUV,2001,13964732.327114
Tuvalu,TUV,2000,15073975.5349377
Tuvalu,TUV,1999,14800503.2582747
Tuvalu,TUV,1998,13795146.2092638
Tuvalu,TUV,1997,13734210.096632
Tuvalu,TUV,1996,13338597.3300737
Tuvalu,TUV,1995,11922614.1984666
Tuvalu,TUV,1994,11772610.6579341
Tuvalu,TUV,1993,10414399.9564792
Tuvalu,TUV,1992,10535028.1423687
Tuvalu,TUV,1991,10127313.9132358
Tuvalu,TUV,1990,9542900.90136505
Tuvalu,TUV,1989,8454523.24729257
Tuvalu,TUV,1988,7011059.37136204
Tuvalu,TUV,1987,5020513.49920593
Tuvalu,TUV,1986,4574706.2115277
Tuvalu,TUV,1985,3862851.88310194
Tuvalu,TUV,1984,4481977.90255389
Tuvalu,TUV,1983,4152550.30416472
Tuvalu,TUV,1982,4118945.16164625
Tuvalu,TUV,1981,4773017.53163822
Tuvalu,TUV,1980,4206128.13370474
Tuvalu,TUV,1979,4065659.43428377
Tuvalu,TUV,1978,3798781.86329799
Tuvalu,TUV,1977,3669419.59164946
Tuvalu,TUV,1976,3919072.22992563
Tuvalu,TUV,1975,4014748.0540762
Tuvalu,TUV,1974,4122328.66617539
Tuvalu,TUV,1973,3411915.43882127
Tuvalu,TUV,1972,2968457.94392523
Tuvalu,TUV,1971,2716989.58449994
Tuvalu,TUV,1970,2585955.87411804
Uganda,UGA,2024,53911907086.1525
Uganda,UGA,2023,48768955863.3175
Uganda,UGA,2022,45565333210.9108
Uganda,UGA,2021,40529788748.6737
Uganda,UGA,2020,37600368241.6657
Uganda,UGA,2019,35353061003.4359
Uganda,UGA,2018,32927025619.6795
Uganda,UGA,2017,30744473841.424
Uganda,UGA,2016,29203988696.2626
Uganda,UGA,2015,32387183730.1002
Uganda,UGA,2014,32612397257.4458
Uganda,UGA,2013,28915786516.6123
Uganda,UGA,2012,27305915910.7877
Uganda,UGA,2011,27871725241.4723
Uganda,UGA,2010,26673441430.7857
Uganda,UGA,2009,25127805566.6584
Uganda,UGA,2008,14440404132.2047
Uganda,UGA,2007,11902564494.8833
Uganda,UGA,2006,9977647682.96954
Uganda,UGA,2005,9239221763.05793
Uganda,UGA,2004,7939487547.77384
Uganda,UGA,2003,6606884275.23087
Uganda,UGA,2002,6178563591.12051
Uganda,UGA,2001,5840503868.51573
Uganda,UGA,2000,6193246837.09687
Uganda,UGA,1999,5998563257.94659
Uganda,UGA,1998,6584815846.52754
Uganda,UGA,1997,6269333313.17108
Uganda,UGA,1996,6044585326.938
Uganda,UGA,1995,5755818842.49246
Uganda,UGA,1994,3990430446.71216
Uganda,UGA,1993,3220439044.18949
Uganda,UGA,1992,2857457761.90922
Uganda,UGA,1991,3321729159.62277
Uganda,UGA,1990,4304399310.30967
Uganda,UGA,1989,5276480799.33868
Uganda,UGA,1988,6508931651.66667
Uganda,UGA,1987,6269522042.11556
Uganda,UGA,1986,3923244049.95796
Uganda,UGA,1985,3519695443.52516
Uganda,UGA,1984,3615647477.05434
Uganda,UGA,1983,2240333333.33333
Uganda,UGA,1982,2177500000.0
Uganda,UGA,1981,1337300000.0
Uganda,UGA,1980,1244610000.0
Uganda,UGA,1979,2139025000.0
Uganda,UGA,1978,2420260869.56522
Uganda,UGA,1977,2936470588.23529
Uganda,UGA,1976,2447300000.0
Uganda,UGA,1975,2359555555.55556
Uganda,UGA,1974,2098944967.20844
Uganda,UGA,1973,1701829789.02127
Uganda,UGA,1972,1490970180.59639
Uganda,UGA,1971,1417191656.16688
Uganda,UGA,1970,1259554808.90382
Uganda,UGA,1969,1168556628.86742
Uganda,UGA,1968,1037379252.41495
Uganda,UGA,1967,967240655.186896
Uganda,UGA,1966,925381492.370153
Uganda,UGA,1965,884502309.953801
Uganda,UGA,1964,589247687.30035
Uganda,UGA,1963,516315231.449087
Uganda,UGA,1962,449158233.391351
Uganda,UGA,1961,441667334.611947
Uganda,UGA,1960,423145605.043164
Ukraine,UKR,2024,190741262414.705
Ukraine,UKR,2023,181221517868.744
Ukraine,UKR,2022,161989520721.19
Ukraine,UKR,2021,199765859570.935
Ukraine,UKR,2020,156617722013.342
Ukraine,UKR,2019,153883047509.577
Ukraine,UKR,2018,130891088293.55
Ukraine,UKR,2017,112090505081.739
Ukraine,UKR,2016,93355869403.9223
Ukraine,UKR,2015,91030967789.0717
Ukraine,UKR,2014,133503871861.723
Ukraine,UKR,2013,190498811460.028
Ukraine,UKR,2012,182591753827.949
Ukraine,UKR,2011,169333835201.554
Ukraine,UKR,2010,141209170427.233
Ukraine,UKR,2009,121552153444.124
Ukraine,UKR,2008,188110390659.515
Ukraine,UKR,2007,148733861386.139
Ukraine,UKR,2006,111884752475.248
Ukraine,UKR,2005,89238865118.5263
Ukraine,UKR,2004,67220154164.3166
Ukraine,UKR,2003,52010355753.0461
Ukraine,UKR,2002,43956163612.0433
Ukraine,UKR,2001,39309580983.2282
Ukraine,UKR,2000,32375083934.8241
Ukraine,UKR,1999,31580639553.8298
Ukraine,UKR,1998,41882523345.1804
Ukraine,UKR,1997,50151531591.7317
Ukraine,UKR,1996,44558831005.0621
Ukraine,UKR,1995,48213856468.5718
Ukraine,UKR,1994,52549580264.8064
Ukraine,UKR,1993,65648559903.0571
Ukraine,UKR,1992,73945908383.7046
Ukraine,UKR,1991,77350733982.4458
Ukraine,UKR,1990,81393558423.4406
Ukraine,UKR,1989,82709161099.1244
Ukraine,UKR,1988,74703517902.6642
Ukraine,UKR,1987,64087694038.2333
United Arab Emirates,ARE,2024,552324846834.581
United Arab Emirates,ARE,2023,522622191967.325
United Arab Emirates,ARE,2022,511403403675.97
United Arab Emirates,ARE,2021,422441388699.796
United Arab Emirates,ARE,2020,357161878829.135
United Arab Emirates,ARE,2019,433926208304.969
United Arab Emirates,ARE,2018,440560108917.631
United Arab Emirates,ARE,2017,403365010211.028
United Arab Emirates,ARE,2016,381717086453.37
United Arab Emirates,ARE,2015,381973042886.317
United Arab Emirates,ARE,2014,424935874744.724
United Arab Emirates,ARE,2013,409632675289.313
United Arab Emirates,ARE,2012,392793464942.138
United Arab Emirates,ARE,2011,368881143635.126
United Arab Emirates,ARE,2010,307736419332.88
United Arab Emirates,ARE,2009,253547358747.447
United Arab Emirates,ARE,2008,315474615738.598
United Arab Emirates,ARE,2007,257916133424.098
United Arab Emirates,ARE,2006,222116541865.214
United Arab Emirates,ARE,2005,180617467964.602
United Arab Emirates,ARE,2004,147824370319.946
United Arab Emirates,ARE,2003,124346358066.712
United Arab Emirates,ARE,2002,109816201497.617
United Arab Emirates,ARE,2001,103311640571.818
United Arab Emirates,ARE,2000,104337372362.151
United Arab Emirates,ARE,1999,84445473110.9598
United Arab Emirates,ARE,1998,75674336283.1858
United Arab Emirates,ARE,1997,78839008444.5655
United Arab Emirates,ARE,1996,73571233996.1863
United Arab Emirates,ARE,1995,65743666575.8649
United Arab Emirates,ARE,1994,59305093979.842
United Arab Emirates,ARE,1993,55625170253.337
United Arab Emirates,ARE,1992,54239171887.769
United Arab Emirates,ARE,1991,51552165622.4462
United Arab Emirates,ARE,1990,50701443748.2975
United Arab Emirates,ARE,1989,41464995913.9199
United Arab Emirates,ARE,1988,36275674203.2144
United Arab Emirates,ARE,1987,36384908744.2114
United Arab Emirates,ARE,1986,33943612094.7971
United Arab Emirates,ARE,1985,40603650231.5445
United Arab Emirates,ARE,1984,41807954235.903
United Arab Emirates,ARE,1983,42803323345.1376
United Arab Emirates,ARE,1982,46622718605.2847
United Arab Emirates,ARE,1981,49333424135.1131
United Arab Emirates,ARE,1980,43599160050.3322
United Arab Emirates,ARE,1979,31225659620.9951
United Arab Emirates,ARE,1978,23775764224.6832
United Arab Emirates,ARE,1977,24871775164.6043
United Arab Emirates,ARE,1976,19213158778.7928
United Arab Emirates,ARE,1975,14720728248.5355
United Arab Emirates,ARE,1974,11651505689.4244
United Arab Emirates,ARE,1973,4231243615.86089
United Arab Emirates,ARE,1972,1415086929.3006
United Arab Emirates,ARE,1971,939893599.634201
United Arab Emirates,ARE,1970,685986701.316701
United Kingdom,GBR,2024,3686033044482.13
United Kingdom,GBR,2023,3420796653789.08
United Kingdom,GBR,2022,3181244350465.41
United Kingdom,GBR,2021,3194559188925.93
United Kingdom,GBR,2020,2724001478304.59
United Kingdom,GBR,2019,2875710080015.3
United Kingdom,GBR,2018,2897028009916.05
United Kingdom,GBR,2017,2699118387873.1
United Kingdom,GBR,2016,2706807606538.73
United Kingdom,GBR,2015,2945579890258.46
United Kingdom,GBR,2014,3085362169410.29
United Kingdom,GBR,2013,2796908333283.39
United Kingdom,GBR,2012,2719715961539.83
United Kingdom,GBR,2011,2675590034128.66
United Kingdom,GBR,2010,2496740681057.14
United Kingdom,GBR,2009,2429358155475.93
United Kingdom,GBR,2008,2945251838235.29
United Kingdom,GBR,2007,3104699879951.98
United Kingdom,GBR,2006,2719558417663.29
United Kingdom,GBR,2005,2551361818181.82
United Kingdom,GBR,2004,2429774807762.72
United Kingdom,GBR,2003,2061227755102.04
United Kingdom,GBR,2002,1790536570743.41
United Kingdom,GBR,2001,1656171009068.66
United Kingdom,GBR,2000,1671597821152.97
United Kingdom,GBR,1999,1693458987218.9
United Kingdom,GBR,1998,1660821464060.95
United Kingdom,GBR,1997,1569317288801.57
United Kingdom,GBR,1996,1425287051482.06
United Kingdom,GBR,1995,1349094208616.06
United Kingdom,GBR,1994,1140489745944.29
United Kingdom,GBR,1993,1061388722255.55
United Kingdom,GBR,1992,1179659529659.53
United Kingdom,GBR,1991,1142797178130.51
United Kingdom,GBR,1990,1093169389204.55
United Kingdom,GBR,1989,926884816753.927
United Kingdom,GBR,1988,910122732123.799
United Kingdom,GBR,1987,745162608269.325
United Kingdom,GBR,1986,601452653180.885
United Kingdom,GBR,1985,489285164271.047
United Kingdom,GBR,1984,461487097632.349
United Kingdom,GBR,1983,489618008185.539
United Kingdom,GBR,1982,515048916841.37
United Kingdom,GBR,1981,540765675241.158
United Kingdom,GBR,1980,564947710899.373
United Kingdom,GBR,1979,438994070309.191
United Kingdom,GBR,1978,335883029721.956
United Kingdom,GBR,1977,263066457352.172
United Kingdom,GBR,1976,232614555256.065
United Kingdom,GBR,1975,241756637168.142
United Kingdom,GBR,1974,206131369798.971
United Kingdom,GBR,1973,192537971582.558
United Kingdom,GBR,1972,169965034965.035
United Kingdom,GBR,1971,148113896325.14
United Kingdom,GBR,1970,130671946244.3
United Kingdom,GBR,1969,116464702803.218
United Kingdom,GBR,1968,107759910067.889
United Kingdom,GBR,1967,113116888210.787
United Kingdom,GBR,1966,108572752102.045
United Kingdom,GBR,1965,101824755078.991
United Kingdom,GBR,1964,94407558351.1616
United Kingdom,GBR,1963,86561961812.3249
United Kingdom,GBR,1962,81247564156.8246
United Kingdom,GBR,1961,77741965703.3544
United Kingdom,GBR,1960,73233967692.1028
United States,USA,2024,28750956130731.2
United States,USA,2023,27292170793214.4
United States,USA,2022,25604848907611.0
United States,USA,2021,23315080560000.0
United States,USA,2020,21060473613000.0
United States,USA,2019,21380976119000.0
United States,USA,2018,20533057312000.0
United States,USA,2017,19477336549000.0
United States,USA,2016,18695110842000.0
United States,USA,2015,18206020741000.0
United States,USA,2014,17550680174000.0
United States,USA,2013,16843190993000.0
United States,USA,2012,16253972230000.0
United States,USA,2011,15599728123000.0
United States,USA,2010,15048964444000.0
United States,USA,2009,14478064934000.0
United States,USA,2008,14769857911000.0
United States,USA,2007,14474226905000.0
United States,USA,2006,13815586948000.0
United States,USA,2005,13039199193000.0
United States,USA,2004,12217193198000.0
United States,USA,2003,11456442041000.0
United States,USA,2002,10929112955000.0
United States,USA,2001,10581929774000.0
United States,USA,2000,10250947997000.0
United States,USA,1999,9631174489000.0
United States,USA,1998,9062818202000.0
United States,USA,1997,8577554457000.0
United States,USA,1996,8073122000000.0
United States,USA,1995,7639749000000.0
United States,USA,1994,7287236000000.0
United States,USA,1993,6858559000000.0
United States,USA,1992,6520327000000.0
United States,USA,1991,6158129000000.0
United States,USA,1990,5963144000000.0
United States,USA,1989,5641580000000.0
United States,USA,1988,5236438000000.0
United States,USA,1987,4855215000000.0
United States,USA,1986,4579631000000.0
United States,USA,1985,4338979000000.0
United States,USA,1984,4037613000000.0
United States,USA,1983,3634038000000.0
United States,USA,1982,3343789000000.0
United States,USA,1981,3207041000000.0
United States,USA,1980,2857307000000.0
United States,USA,1979,2627333000000.0
United States,USA,1978,2351599000000.0
United States,USA,1977,2081826000000.0
United States,USA,1976,1873412000000.0
United States,USA,1975,1684904000000.0
United States,USA,1974,1545243000000.0
United States,USA,1973,1425376000000.0
United States,USA,1972,1279110000000.0
United States,USA,1971,1164850000000.0
United States,USA,1970,1073303000000.0
United States,USA,1969,1017438172413.79
United States,USA,1968,940225000000.0
United States,USA,1967,859620034482.759
United States,USA,1966,813032758620.69
United States,USA,1965,741904862068.965
United States,USA,1964,684144620689.655
United States,USA,1963,637058551724.138
United States,USA,1962,603639413793.103
United States,USA,1961,561940310344.828
United States,USA,1960,541988586206.897
Uruguay,URY,2024,80961511073.5797
Uruguay,URY,2023,77991666837.7382
Uruguay,URY,2022,70594110920.0358
Uruguay,URY,2021,60739084240.8633
Uruguay,URY,2020,53559359261.826
Uruguay,URY,2019,62222313618.8454
Uruguay,URY,2018,65344577415.7535
Uruguay,URY,2017,65005997963.4822
Uruguay,URY,2016,57480787465.2716
Uruguay,URY,2015,57680327998.6689
Uruguay,URY,2014,61496186973.902
Uruguay,URY,2013,61337621933.7857
Uruguay,URY,2012,54232266358.7811
Uruguay,URY,2011,50342406067.0777
Uruguay,URY,2010,41950361211.9581
Uruguay,URY,2009,32708319077.5179
Uruguay,URY,2008,31119602538.8322
Uruguay,URY,2007,23797773024.3992
Uruguay,URY,2006,19741420739.8901
Uruguay,URY,2005,17362857683.8545
Uruguay,URY,2004,13686329890.1191
Uruguay,URY,2003,12045638351.8507
Uruguay,URY,2002,13606515722.5864
Uruguay,URY,2001,20898761742.2386
Uruguay,URY,2000,22823270892.1094
Uruguay,URY,1999,23983945190.6202
Uruguay,URY,1998,25385886977.5228
Uruguay,URY,1997,23969739233.8966
Uruguay,URY,1996,20515458113.5857
Uruguay,URY,1995,19297663096.5506
Uruguay,URY,1994,17474588895.8918
Uruguay,URY,1993,15002136971.1745
Uruguay,URY,1992,12878148790.7348
Uruguay,URY,1991,11206176650.9075
Uruguay,URY,1990,9298807850.29979
Uruguay,URY,1989,8438951476.06644
Uruguay,URY,1988,8213538368.84635
Uruguay,URY,1987,7367494080.40014
Uruguay,URY,1986,5880112788.40947
Uruguay,URY,1985,4732017873.38369
Uruguay,URY,1984,4850238549.61832
Uruguay,URY,1983,5102276308.45313
Uruguay,URY,1982,9178780076.99713
Uruguay,URY,1981,11048301420.6301
Uruguay,URY,1980,10163020115.7344
Uruguay,URY,1979,7181182224.11227
Uruguay,URY,1978,4910254565.57831
Uruguay,URY,1977,4114670014.3472
Uruguay,URY,1976,3667161241.48372
Uruguay,URY,1975,3538278046.96236
Uruguay,URY,1974,4090209681.97172
Uruguay,URY,1973,3964296443.35254
Uruguay,URY,1972,2189418688.80408
Uruguay,URY,1971,2807258064.51613
Uruguay,URY,1970,2137096774.19355
Uruguay,URY,1969,2004435483.87097
Uruguay,URY,1968,1593674184.56285
Uruguay,URY,1967,1597713469.09611
Uruguay,URY,1966,1809185093.55188
Uruguay,URY,1965,1890767155.52622
Uruguay,URY,1964,1975701816.46615
Uruguay,URY,1963,1539681490.78174
Uruguay,URY,1962,1710004407.22785
Uruguay,URY,1961,1547388781.43133
Uruguay,URY,1960,1242289239.20493
Uzbekistan,UZB,2024,114965293466.611
Uzbekistan,UZB,2023,102641879248.764
Uzbekistan,UZB,2022,90095926567.4359
Uzbekistan,UZB,2021,77340060003.0347
Uzbekistan,UZB,2020,66443265418.3086
Uzbekistan,UZB,2019,67293639798.3996
Uzbekistan,UZB,2018,58695899092.1083
Uzbekistan,UZB,2017,69703222282.7278
Uzbekistan,UZB,2016,86138288644.171
Uzbekistan,UZB,2015,86196264755.3105
Uzbekistan,UZB,2014,80845385809.4529
Uzbekistan,UZB,2013,73180037914.9104
Uzbekistan,UZB,2012,67517349212.0609
Uzbekistan,UZB,2011,60178909297.208
Uzbekistan,UZB,2010,49765676402.4495
Uzbekistan,UZB,2009,33689223673.2577
Uzbekistan,UZB,2008,29549438883.8338
Uzbekistan,UZB,2007,22311393927.8817
Uzbekistan,UZB,2006,17330833852.919
Uzbekistan,UZB,2005,14307509838.8053
Uzbekistan,UZB,2004,12030023547.8807
Uzbekistan,UZB,2003,10134453435.4603
Uzbekistan,UZB,2002,9687788512.80184
Uzbekistan,UZB,2001,11401421329.1974
Uzbekistan,UZB,2000,13760513969.314
Uzbekistan,UZB,1999,17078465982.0282
Uzbekistan,UZB,1998,14988971210.8383
Uzbekistan,UZB,1997,14744603773.5849
Uzbekistan,UZB,1996,13948892215.5689
Uzbekistan,UZB,1995,13350461264.9969
Uzbekistan,UZB,1994,12899074922.38
Uzbekistan,UZB,1993,13099920055.9608
Uzbekistan,UZB,1992,12953801760.2414
Uzbekistan,UZB,1991,13800167711.5003
Uzbekistan,UZB,1990,13362340337.8657
Uzbekistan,UZB,1989,11948815258.1132
Uzbekistan,UZB,1988,10722799639.3121
Uzbekistan,UZB,1987,8523160592.61112
Vanuatu,VUT,2024,1117972034.22642
Vanuatu,VUT,2023,1115861055.72463
Vanuatu,VUT,2022,1055031360.57356
Vanuatu,VUT,2021,950394006.532514
Vanuatu,VUT,2020,909421043.508407
Vanuatu,VUT,2019,936526267.622513
Vanuatu,VUT,2018,914727908.137793
Vanuatu,VUT,2017,880043284.399407
Vanuatu,VUT,2016,804323576.861028
Vanuatu,VUT,2015,759690180.951654
Vanuatu,VUT,2014,773717010.546445
Vanuatu,VUT,2013,758304466.245339
Vanuatu,VUT,2012,747839697.746593
Vanuatu,VUT,2011,770153588.218833
Vanuatu,VUT,2010,670712979.682038
Vanuatu,VUT,2009,592622319.145664
Vanuatu,VUT,2008,590748429.401902
Vanuatu,VUT,2007,516392922.513728
Vanuatu,VUT,2006,439358586.535588
Vanuatu,VUT,2005,394962433.029368
Vanuatu,VUT,2004,364996869.129618
Vanuatu,VUT,2003,314471413.001776
Vanuatu,VUT,2002,262596535.549028
Vanuatu,VUT,2001,257926881.72043
Vanuatu,VUT,2000,272014627.835262
Vanuatu,VUT,1999,268006972.690296
Vanuatu,VUT,1998,262293410.708334
Vanuatu,VUT,1997,272771209.113662
Vanuatu,VUT,1996,261370044.486614
Vanuatu,VUT,1995,249333250.082507
Vanuatu,VUT,1994,233701301.490486
Vanuatu,VUT,1993,200491853.167847
Vanuatu,VUT,1992,209088824.608438
Vanuatu,VUT,1991,201334169.054441
Vanuatu,VUT,1990,168879207.244148
Vanuatu,VUT,1989,154013202.116475
Vanuatu,VUT,1988,158351368.433149
Vanuatu,VUT,1987,139464173.547324
Vanuatu,VUT,1986,126498935.335649
Vanuatu,VUT,1985,131856420.703184
Vanuatu,VUT,1984,144482515.368336
Vanuatu,VUT,1983,117389554.191406
Vanuatu,VUT,1982,114501912.522867
Vanuatu,VUT,1981,113781795.82356
Vanuatu,VUT,1980,121185497.569261
Vanuatu,VUT,1979,119258835.335525
"Venezuela, RB",VEN,2024,119802963257.783
"Venezuela, RB",VEN,2023,102376526555.948
"Venezuela, RB",VEN,2022,89013255584.7499
"Venezuela, RB",VEN,2021,56614976854.5499
"Venezuela, RB",VEN,2020,42838020721.1995
"Venezuela, RB",VEN,2019,73014084091.3
"Venezuela, RB",VEN,2018,102021093964.682
"Venezuela, RB",VEN,2017,115883275162.586
"Venezuela, RB",VEN,2016,112915034262.314
"Venezuela, RB",VEN,2015,125449241571.391
"Venezuela, RB",VEN,2014,214689614732.719
"Venezuela, RB",VEN,2013,258930655486.37
"Venezuela, RB",VEN,2012,372592062768.06
"Venezuela, RB",VEN,2011,316482190800.364
"Venezuela, RB",VEN,2010,393192354510.653
"Venezuela, RB",VEN,2009,329787628928.472
"Venezuela, RB",VEN,2008,315953388510.678
"Venezuela, RB",VEN,2007,230364012575.687
"Venezuela, RB",VEN,2006,183477522123.894
"Venezuela, RB",VEN,2005,145513489651.872
"Venezuela, RB",VEN,2004,112451400424.964
"Venezuela, RB",VEN,2003,83620628582.1082
"Venezuela, RB",VEN,2002,92893587733.6549
"Venezuela, RB",VEN,2001,122911036746.729
"Venezuela, RB",VEN,2000,117146466002.661
"Venezuela, RB",VEN,1999,97972842461.5131
"Venezuela, RB",VEN,1998,91336763255.0597
"Venezuela, RB",VEN,1997,85837678559.8324
"Venezuela, RB",VEN,1996,70543211119.099
"Venezuela, RB",VEN,1995,77389487770.0883
"Venezuela, RB",VEN,1994,58418666666.6667
"Venezuela, RB",VEN,1993,60037460783.1941
"Venezuela, RB",VEN,1992,60416519620.0849
"Venezuela, RB",VEN,1991,53453444786.6256
"Venezuela, RB",VEN,1990,48606952194.7752
"Venezuela, RB",VEN,1989,43536709104.0115
"Venezuela, RB",VEN,1988,60226413793.1035
"Venezuela, RB",VEN,1987,48029034482.7586
"Venezuela, RB",VEN,1986,60516123711.3402
"Venezuela, RB",VEN,1985,61965466666.6667
"Venezuela, RB",VEN,1984,59867743467.9335
"Venezuela, RB",VEN,1983,67556279069.7674
"Venezuela, RB",VEN,1982,67736744186.0465
"Venezuela, RB",VEN,1981,66327441860.4651
"Venezuela, RB",VEN,1980,59116511627.907
"Venezuela, RB",VEN,1979,48310930232.5581
"Venezuela, RB",VEN,1978,39316279069.7674
"Venezuela, RB",VEN,1977,36210697674.4186
"Venezuela, RB",VEN,1976,31419534883.7209
"Venezuela, RB",VEN,1975,27464651162.7907
"Venezuela, RB",VEN,1974,26100930232.5581
"Venezuela, RB",VEN,1973,17035581395.3488
"Venezuela, RB",VEN,1972,13977727272.7273
"Venezuela, RB",VEN,1971,12986590909.0909
"Venezuela, RB",VEN,1970,11561111111.1111
"Venezuela, RB",VEN,1969,10285111111.1111
"Venezuela, RB",VEN,1968,10034444444.4444
"Venezuela, RB",VEN,1967,9250000000.0
"Venezuela, RB",VEN,1966,8781333333.33333
"Venezuela, RB",VEN,1965,8427777777.77778
"Venezuela, RB",VEN,1964,8192413793.10345
"Venezuela, RB",VEN,1963,9608717288.17057
"Venezuela, RB",VEN,1962,8814309884.21165
"Venezuela, RB",VEN,1961,8067267030.61862
"Venezuela, RB",VEN,1960,7663938303.07171
Viet Nam,VNM,2024,476388230307.175
Viet Nam,VNM,2023,433857681378.291
Viet Nam,VNM,2022,413445230668.578
Viet Nam,VNM,2021,366474752771.009
Viet Nam,VNM,2020,346615738537.796
Viet Nam,VNM,2019,334365270496.667
Viet Nam,VNM,2018,310106478394.659
Viet Nam,VNM,2017,281353605986.903
Viet Nam,VNM,2016,257096001177.982
Viet Nam,VNM,2015,239258328381.741
Viet Nam,VNM,2014,233451469642.519
Viet Nam,VNM,2013,213708811665.34
Viet Nam,VNM,2012,195590661129.249
Viet Nam,VNM,2011,172595049183.925
Viet Nam,VNM,2010,147201173196.979
Viet Nam,VNM,2009,106014659565.214
Viet Nam,VNM,2008,99130304099.1274
Viet Nam,VNM,2007,77414425532.2452
Viet Nam,VNM,2006,66371664817.0436
Viet Nam,VNM,2005,57633255738.1992
Viet Nam,VNM,2004,45427854693.2554
Viet Nam,VNM,2003,39552513231.9169
Viet Nam,VNM,2002,35064105500.8344
Viet Nam,VNM,2001,32685198808.5549
Viet Nam,VNM,2000,31172518403.3162
Viet Nam,VNM,1999,28683659006.7752
Viet Nam,VNM,1998,27209602050.0452
Viet Nam,VNM,1997,26843700441.5482
Viet Nam,VNM,1996,24657470574.7501
Viet Nam,VNM,1995,20736164458.9505
Viet Nam,VNM,1994,16286433533.3228
Viet Nam,VNM,1993,13180953598.1716
Viet Nam,VNM,1992,9866990236.43587
Viet Nam,VNM,1991,9613369520.41885
Viet Nam,VNM,1990,6471740805.56984
Viet Nam,VNM,1989,6293304974.59403
Viet Nam,VNM,1988,25423812648.5941
Viet Nam,VNM,1987,36658108850.3148
Viet Nam,VNM,1986,26336616250.4397
Viet Nam,VNM,1985,14094687820.7445
Virgin Islands (U.S.),VIR,2022,4672000000.0
Virgin Islands (U.S.),VIR,2021,4507000000.0
Virgin Islands (U.S.),VIR,2020,4229000000.0
Virgin Islands (U.S.),VIR,2019,4121000000.0
Virgin Islands (U.S.),VIR,2018,3923000000.0
Virgin Islands (U.S.),VIR,2017,3794000000.0
Virgin Islands (U.S.),VIR,2016,3798000000.0
Virgin Islands (U.S.),VIR,2015,3663000000.0
Virgin Islands (U.S.),VIR,2014,3565000000.0
Virgin Islands (U.S.),VIR,2013,3738000000.0
Virgin Islands (U.S.),VIR,2012,4089000000.0
Virgin Islands (U.S.),VIR,2011,4223000000.0
Virgin Islands (U.S.),VIR,2010,4324000000.0
Virgin Islands (U.S.),VIR,2009,4201000000.0
Virgin Islands (U.S.),VIR,2008,4244000000.0
Virgin Islands (U.S.),VIR,2007,4784000000.0
Virgin Islands (U.S.),VIR,2006,4484000000.0
Virgin Islands (U.S.),VIR,2005,4428000000.0
Virgin Islands (U.S.),VIR,2004,3797000000.0
Virgin Islands (U.S.),VIR,2003,3443000000.0
Virgin Islands (U.S.),VIR,2002,3262000000.0
West Bank and Gaza,PSE,2024,13711100000.0
West Bank and Gaza,PSE,2023,17847900000.0
West Bank and Gaza,PSE,2022,19165500000.0
West Bank and Gaza,PSE,2021,18109000000.0
West Bank and Gaza,PSE,2020,15531700000.0
West Bank and Gaza,PSE,2019,17133500000.0
West Bank and Gaza,PSE,2018,16276600000.0
West Bank and Gaza,PSE,2017,16128000000.0
West Bank and Gaza,PSE,2016,15405400000.0
West Bank and Gaza,PSE,2015,13972400000.0
West Bank and Gaza,PSE,2014,13989700000.0
West Bank and Gaza,PSE,2013,13515500000.0
West Bank and Gaza,PSE,2012,12208400000.0
West Bank and Gaza,PSE,2011,11186100000.0
West Bank and Gaza,PSE,2010,9681500000.0
West Bank and Gaza,PSE,2009,8085700000.0
West Bank and Gaza,PSE,2008,7310400000.0
West Bank and Gaza,PSE,2007,5815700000.0
West Bank and Gaza,PSE,2006,5348300000.0
West Bank and Gaza,PSE,2005,5125700000.0
West Bank and Gaza,PSE,2004,4603100000.0
West Bank and Gaza,PSE,2003,3968000000.0
West Bank and Gaza,PSE,2002,3555800000.0
West Bank and Gaza,PSE,2001,4003700000.0
West Bank and Gaza,PSE,2000,4313600000.0
West Bank and Gaza,PSE,1999,4271200000.0
West Bank and Gaza,PSE,1998,4067800000.0
West Bank and Gaza,PSE,1997,3759800000.0
West Bank and Gaza,PSE,1996,3409600000.0
West Bank and Gaza,PSE,1995,3282800000.0
West Bank and Gaza,PSE,1994,2843300000.0
"Yemen, Rep.",YEM,2018,21606160663.0318
"Yemen, Rep.",YEM,2017,26842229044.5848
"Yemen, Rep.",YEM,2016,31317825274.1507
"Yemen, Rep.",YEM,2015,42444490073.8555
"Yemen, Rep.",YEM,2014,43228585321.3272
"Yemen, Rep.",YEM,2013,40415233436.1767
"Yemen, Rep.",YEM,2012,35401331609.5916
"Yemen, Rep.",YEM,2011,32726417878.391
"Yemen, Rep.",YEM,2010,30906749533.221
"Yemen, Rep.",YEM,2009,25130278212.5575
"Yemen, Rep.",YEM,2008,26910855807.288
"Yemen, Rep.",YEM,2007,21650528674.0933
"Yemen, Rep.",YEM,2006,19063143369.858
"Yemen, Rep.",YEM,2005,16731566717.1888
"Yemen, Rep.",YEM,2004,13867634371.4773
"Yemen, Rep.",YEM,2003,11777532662.0499
"Yemen, Rep.",YEM,2002,10693430511.4664
"Yemen, Rep.",YEM,2001,9852990692.98714
"Yemen, Rep.",YEM,2000,9679316770.18633
"Yemen, Rep.",YEM,1999,7639325295.88287
"Yemen, Rep.",YEM,1998,6322175565.94651
"Yemen, Rep.",YEM,1997,6838298530.54911
"Yemen, Rep.",YEM,1996,6496163615.66086
"Yemen, Rep.",YEM,1995,12796345679.0123
"Yemen, Rep.",YEM,1994,28019483763.5304
"Yemen, Rep.",YEM,1993,21736802664.4463
"Yemen, Rep.",YEM,1992,17959367194.005
"Yemen, Rep.",YEM,1991,14665445462.1149
"Yemen, Rep.",YEM,1990,12643821568.9626
Zambia,ZMB,2024,25303185342.2511
Zambia,ZMB,2023,27577956471.244
Zambia,ZMB,2022,29163782140.4858
Zambia,ZMB,2021,22096416932.0089
Zambia,ZMB,2020,18137764930.651
Zambia,ZMB,2019,23308667781.2258
Zambia,ZMB,2018,26311507273.6735
Zambia,ZMB,2017,25873601260.8353
Zambia,ZMB,2016,20958412538.3093
Zambia,ZMB,2015,21251216798.7762
Zambia,ZMB,2014,27141023558.0829
Zambia,ZMB,2013,28037239462.7142
Zambia,ZMB,2012,25503060420.026
Zambia,ZMB,2011,23459515275.5776
Zambia,ZMB,2010,20265559483.8548
Zambia,ZMB,2009,15328342303.9575
Zambia,ZMB,2008,17910858637.9048
Zambia,ZMB,2007,14056957976.2648
Zambia,ZMB,2006,12756858899.2812
Zambia,ZMB,2005,8331870169.14977
Zambia,ZMB,2004,6221110219.45542
Zambia,ZMB,2003,4901869764.05957
Zambia,ZMB,2002,4193850445.42632
Zambia,ZMB,2001,4094441301.21423
Zambia,ZMB,2000,3600632111.41414
Zambia,ZMB,1999,3404284890.5306
Zambia,ZMB,1998,3537741941.89367
Zambia,ZMB,1997,4303288479.7086
Zambia,ZMB,1996,3597220962.00017
Zambia,ZMB,1995,3806983413.16416
Zambia,ZMB,1994,3656806165.78848
Zambia,ZMB,1993,3273505343.85539
Zambia,ZMB,1992,3182810841.01704
Zambia,ZMB,1991,3376806697.1218
Zambia,ZMB,1990,3288381797.32415
Zambia,ZMB,1989,3994673161.02649
Zambia,ZMB,1988,3728878148.80792
Zambia,ZMB,1987,2265250972.34879
Zambia,ZMB,1986,1664413508.09853
Zambia,ZMB,1985,2252454500.14896
Zambia,ZMB,1984,2719518932.99541
Zambia,ZMB,1983,3321048451.15171
Zambia,ZMB,1982,3871117092.86676
Zambia,ZMB,1981,4008126497.36464
Zambia,ZMB,1980,3884530853.76162
Zambia,ZMB,1979,3353445378.15126
Zambia,ZMB,1978,2811032472.93922
Zambia,ZMB,1977,2515296939.60686
Zambia,ZMB,1976,2742859262.9794
Zambia,ZMB,1975,2442672140.947
Zambia,ZMB,1974,2910981262.10018
Zambia,ZMB,1973,2434255236.99935
Zambia,ZMB,1972,1872416680.07912
Zambia,ZMB,1971,1653259341.29113
Zambia,ZMB,1970,1788779285.2038
Zambia,ZMB,1969,1926399230.21087
Zambia,ZMB,1968,1573739371.13375
Zambia,ZMB,1967,1340639464.28047
Zambia,ZMB,1966,1238999504.8958
Zambia,ZMB,1965,1061199575.94465
Zambia,ZMB,1964,822639671.273187
Zambia,ZMB,1963,704339718.545848
Zambia,ZMB,1962,679279728.55982
Zambia,ZMB,1961,682359727.329053
Zambia,ZMB,1960,698739720.783607
Zimbabwe,ZWE,2024,41539411516.4448
Zimbabwe,ZWE,2023,35871779680.6335
Zimbabwe,ZWE,2022,40757561708.7741
Zimbabwe,ZWE,2021,41287673690.0771
Zimbabwe,ZWE,2020,31980334561.3123
Zimbabwe,ZWE,2019,33357695635.1284
Zimbabwe,ZWE,2018,34141666666.6667
Zimbabwe,ZWE,2017,51035657370.5179
Zimbabwe,ZWE,2016,20559250000.0
Zimbabwe,ZWE,2015,19973250000.0
Zimbabwe,ZWE,2014,19505500000.0
Zimbabwe,ZWE,2013,19100750000.0
Zimbabwe,ZWE,2012,17123500000.0
Zimbabwe,ZWE,2011,14109000000.0
Zimbabwe,ZWE,2010,12047750000.0
Zimbabwe,ZWE,2009,9670750000.0
Zimbabwe,ZWE,2008,4418000000.0
Zimbabwe,ZWE,2007,5294750000.0
Zimbabwe,ZWE,2006,5446750000.0
Zimbabwe,ZWE,2005,5758250000.0
Zimbabwe,ZWE,2004,5808500000.0
Zimbabwe,ZWE,2003,5730500000.0
Zimbabwe,ZWE,2002,6345250000.0
Zimbabwe,ZWE,2001,6780750000.0
Zimbabwe,ZWE,2000,6693250000.0
Zimbabwe,ZWE,1999,6861500000.0
Zimbabwe,ZWE,1998,6405250000.0
Zimbabwe,ZWE,1997,8534000000.0
Zimbabwe,ZWE,1996,8557500000.0
Zimbabwe,ZWE,1995,7115000000.0
Zimbabwe,ZWE,1994,6894250000.0
Zimbabwe,ZWE,1993,6567250000.0
Zimbabwe,ZWE,1992,6755000000.0
Zimbabwe,ZWE,1991,8646000000.0
Zimbabwe,ZWE,1990,8788301546.04498
Zimbabwe,ZWE,1989,8290553535.28012
Zimbabwe,ZWE,1988,7818774176.83792
Zimbabwe,ZWE,1987,6744657033.37727
Zimbabwe,ZWE,1986,6220698246.72927
Zimbabwe,ZWE,1985,5640137575.00727
Zimbabwe,ZWE,1984,6355369171.99585
Zimbabwe,ZWE,1983,7768031181.67262
Zimbabwe,ZWE,1982,8544060905.16113
Zimbabwe,ZWE,1981,8015464251.71692
Zimbabwe,ZWE,1980,6682278300.2622
Zimbabwe,ZWE,1979,5180102910.1171
Zimbabwe,ZWE,1978,4353822342.61788
Zimbabwe,ZWE,1977,4366610468.65438
Zimbabwe,ZWE,1976,4320576876.79177
Zimbabwe,ZWE,1975,4373532601.15703
Zimbabwe,ZWE,1974,3984194614.19552
Zimbabwe,ZWE,1973,3311043291.61257
Zimbabwe,ZWE,1972,2679096596.57517
Zimbabwe,ZWE,1971,2179828710.18738
Zimbabwe,ZWE,1970,1885168339.10681
Zimbabwe,ZWE,1969,1748891294.20526
Zimbabwe,ZWE,1968,1480355354.94474
Zimbabwe,ZWE,1967,1397715282.06274
Zimbabwe,ZWE,1966,1282403936.37681
Zimbabwe,ZWE,1965,1312105393.62448
Zimbabwe,ZWE,1964,1217759447.00099
Zimbabwe,ZWE,1963,1160103724.1325
Zimbabwe,ZWE,1962,1118172225.65019
Zimbabwe,ZWE,1961,1097206526.43457
Zimbabwe,ZWE,1960,1053528036.42755
